:0400000300002211C6
:020000040000FA
:10000000B855002011220000674F0000FD210000BC
:10001000FD210000FD210000FD2100000000000086
:10002000000000000000000000000000C5220000E9
:10003000FD21000000000000FD210000FD21000066
:100040001124000011240000C12F00001124000021
:1000500011240000112400001124000011240000CC
:1000600011240000112400001124000011240000BC
:1000700011240000112400001124000011240000AC
:10008000112400001124000011240000112400009C
:10009000112400001124000011240000112400008C
:1000A000112400001124000011240000112400007C
:1000B000112400001124000011240000112400006C
:1000C000112400001124000011240000112400005C
:1000D000112400001124000011240000112400004C
:1000E000112400001124000011240000112400003C
:1000F000112400001124000011240000112400002C
:1001000053B94AB9002908BF00281CBF4FF0FF317E
:100110004FF0FF3000F00CB8ADF1080C6DE904CEE3
:1001200000F010F8DDF804E0DDE9022304B07047C8
:10013000704700BF034613F8012B002AFBD1181AA1
:10014000013870472DE9F04786468C460846089EE0
:10015000154674461946002B40F0C2808542B2FA1B
:1001600082F245D94AB1C2F1200300FA02FC2EFA0C
:1001700003F3954043EA0C0C94404FEA154EA8B2A5
:10018000BCFBFEF8230C0EFB18CC08FB00F943EA7D
:100190000C43994528D9EB1808F1FF3704D299454B
:1001A00002D9A8F102072B44A3EB0903A4B2B3FBC5
:1001B000FEFC0EFB1C330CFB00F044EA0344A0429F
:1001C00014D92C190CF1FF3304D2A04202D9ACF19E
:1001D00002032C44241A43EA07401EB1D4400023F2
:1001E00034607360BDE8F0874746DDE76346F1E7BA
:1001F00092BB431B01214FEA154EAFB2B3FBFEFC8D
:10020000200C0EFB1C330CFB07F840EA0343984517
:1002100062D9EB180CF1FF3004D2984502D9ACF149
:1002200002002B44A3EB0803A4B2B3FBFEFC0EFBBD
:100230001C330CFB07F744EA0344A7424ED92C19A0
:100240000CF1FF3304D2A74202D9ACF102032C44D3
:10025000E41B43EA0040C0E7C2F1200320FA03F1A7
:10026000954090402EFA03F303434FEA154EAFB288
:10027000B1FBFEFC0EFB1C10190C0CFB07F841EA4D
:100280000041884504FA02F422D969180CF1FF30C4
:1002900004D2884502D9ACF102002944A1EB08013F
:1002A0009BB2B1FBFEFC0EFB1C110CFB07F743EAF3
:1002B00001439F420ED9EB180CF1FF3104D29F424B
:1002C00002D9ACF102012B44DB1B41EA004192E769
:1002D0006046E3E76146F7E76046A3E76346B7E7B2
:1002E000834206D916B9002108467BE7C6E900E03B
:1002F000F9E7B3FA83F78FB9834201D3724508D87F
:10030000BEEB020460EB030301209C461EB90021F2
:1003100068E73846FAE7C6E9004CF8E7C7F1200C71
:10032000BB4022FA0CF41C432EFA0CF120FA0CF319
:10033000B84001434FEA14490EFA07F5B3FBF9F848
:100340001FFA84FE09FB18300B0C08FB0EFA43EA77
:1003500000439A4502FA07F240D9E31808F1FF304A
:1003600004D29A4502D9A8F102002344A3EB0A0360
:1003700089B2B3FBF9F809FB183308FB0EFE41EA1A
:1003800003418E452CD9611808F1FF3304D28E4504
:1003900002D9A8F10203214443EA0040A0FB0298DD
:1003A000A1EB0E014145CE46434602D306D14D4551
:1003B00004D2B9EB020E68EB04030138002EA6D07C
:1003C000B5EB0E0261EB030101FA0CFC22FA07F314
:1003D0004CEA0303F940C6E9003198E74046C5E717
:1003E0004346D9E7000000002DE9F04F0029D0F87E
:1003F0001090446889B005DD6FF01507384609B0E4
:10040000BDE8F08FD9F80030D4E90068002B4BD15B
:10041000A389A5680593B36806AA5B684146304680
:100420009847071EEADBDDE9067BA5FB072305FBF2
:100430000B3303920293DDE9021029A3D3E90023D1
:10044000FFF75EFE039B029A04904FF0FF3A9A4535
:10045000254B934102D26FF08507CFE76B08A3FBD2
:10046000075703FB0B7728461DA3D3E90023394622
:10047000FFF746FE1C4AAA45BA410346EBD304994E
:10048000B2689942B8D3059900911568049A41461B
:100490003046A84707460028B0D1208A06F08FFAD8
:1004A000012389F80430A9E7B36806AA5B684146CE
:1004B0003046984707460028A0D1D9F800200346C7
:1004C000DDE90601FFF71CFEA5890246D4E900011B
:1004D000836800951D685308DBE700BFAFF3008019
:1004E00000CA9A3B00000000FFC99A3B036803F072
:1004F0001F025B09026004D0012B034818BF0020D3
:1005000070474FF0A04070470003005007B5292105
:1005100001A80191FFF7EAFF019B019100EB830025
:10052000094BD0F80027134043F00303C0F800370D
:1005300001A8FFF7DBFF019A01239340C0F80835BB
:10054000002003B05DF804FBF0F8FCFF13B53A4956
:100550000A78062392B901A80193FFF7C7FF019B10
:1005600000EB8300354BD0F80027134043F00C0319
:10057000C0F8003701230B7002B010BD684600932D
:10058000FFF7B4FF009AD0F81035D34013F0010FF5
:100590002B4B07D02B4A00200021C2E90001012289
:1005A0001A70E9E71B78002BE6D0264CD4E900321C
:1005B00013430ED106F061FA4FF47A72A0FB0203E6
:1005C00002FB0131C00B40EA4140C90BC4E9000104
:1005D000D2E706F052FA4FF47A72A0FB020302FB54
:1005E0000131C30BD4E9002043EA41439B1A4FEA8F
:1005F000D13161EB0001B3F57A7F71F10001BBDB12
:10060000292101A80191FFF771FF019B019100EBE6
:1006100083000A4BD0F80027134043F00303C0F8CF
:10062000003701A8FFF762FF019A01239340C0F849
:100630000C3504F0B3FCFCE70B1C0020F0F8FCFFC9
:100640000A1C0020680100201FB5284B284AC3F867
:100650000026C3F80426C3F80826C3F80C26C3F8FE
:100660001026C3F81426C3F81826C3F81C26FFF773
:100670004DFF00F059F803F0B3FF01A800F038FB7C
:10068000044603F0BEFF38B1012000F069F801F024
:100690006BF8184801F0ECFB174B1B68A34208D01D
:1006A000012000F05DF801F05FF8124801F0E0FB76
:1006B000FEE79DF80800694603F06FFF08B104F0FB
:1006C00089FC009A039B0D4C1344019A1289134430
:1006D000236002F039FF00F067FC00F029FC00F015
:1006E00051FC2068064B9847FEE700BF0000014020
:1006F0003546526E686F00000C1200200802002080
:100700000100002021B1012906D06FF015007047CB
:10071000044B53F830007047024B03EBC00358689A
:10072000704700BF706F000010B50C4C204606F0FB
:1007300062F990B12269A168136823F48073136091
:100740000B684FF4003208212046984720460022CB
:10075000BDE81040082103F044BF10BD0C6C000040
:1007600002460821014803F03CBF00BF0C6C0000AA
:100770002DE9F04F9DB0DFF8C880289FD8F80040E1
:100780000397279F02970DF1500B269FCDF804B0D9
:100790000097299D81468A46164603F03FFF28B1FF
:1007A000D8F8004020461DB0BDE8F08F55B15A463C
:1007B0001CAF134603CBBB42286069601A4605F1A3
:1007C0000805F6D10023009332464FF6FF735146D9
:1007D00006A803F05AFF05460028E1D131464846F5
:1007E0000B9F03F0FBFFB842DAD30DF1120304AA0A
:1007F00005A906A803F097FF0028D1DB1CD1BDF89E
:100800001230102BF1D1BDF81040202CC8D1059921
:1008100023460CAA304604F08BFA0028C0D12246A9
:100820000CA9584603F0CBFF0446064B1B689842C0
:100830004FF00105D9D0B3E7002DB3D1B0E700BF29
:10084000400000200C12002038B50E4B002918BFC4
:100850000B46436203F5006303650121044604F07F
:1008600005F858B90221204604F000F8054638B9C9
:10087000206A04F09CFAE065284638BD0125FBE7B4
:100880000925F9E70C0200202DE9F3471E4683688D
:100890008B4205460C46174643D95B1A934240D318
:1008A00086B36A4603F081FE00283CDB013FDDF899
:1008B00000803C441D4FDFF878906A462146284668
:1008C00003F073FE00282EDBDDE9004A284652467D
:1008D000214604F057FA002825DBC7F80096C7F830
:1008E0000496C7F80896C7F80C96C7F81096C7F88C
:1008F0001496C7F81896C7F81C966EB1444512D9DD
:10090000013CDAE7511E21446A4603F04EFE0028FE
:1009100009DBDDF80080CDE75444A04503D3013462
:10092000CBE74FF0FF3002B0BDE8F0870000014098
:100930003546526E10B52C2359434218146A0CB92F
:1009400004F048FB41580B4B994206D1D1681389FA
:100950005B1802D25189C91801D3002009E0A368AD
:100960009942FAD2136940F60C621A420CBF012078
:10097000002010BD3DB8F3961FB52C2303FB0201E8
:100980000A6A0AB904F026FB0023CDE90233019379
:100990004FF480730093034BFFF7EAFE05B05DF858
:1009A00004FB00BF0C1C00202DE9F0412C2606FBA7
:1009B00001060546D6F820800C461746B8F1000F10
:1009C00001D104F007FB03F089FF10B93369DB069E
:1009D00003D50E4B1868BDE8F08121462846FFF785
:1009E000A9FF60B90A4B18680A4B1B688342F2D012
:1009F000002CEED00121404603F06BFFE9E72246D0
:100A000039462846FFF7B8FFEEE700BF3C0000205C
:100A1000400000200C1200200048704710160020F3
:100A20002DE9F84FDFF870B01C4C1D4D88469146FB
:100A30009A4600260B9B9E4201D300200FE00B9BA1
:100A4000154A9F1BB7F5806F28BF4FF480673B4660
:100A500006EB0A01404604F06BF910B10120BDE835
:100A6000F88F0A993B465A467118484604F075F9C2
:100A70000028F3D1C4F800563E44C4F80456C4F824
:100A80000856C4F80C56C4F81056C4F81456C4F8E6
:100A90001856C4F81C56CDE7101200200000014083
:100AA0003546526E2DE9F04F89B00E46044603F0EC
:100AB0003AFF014600B1FEE72046FFF7C5FE90B9B8
:100AC00000221146204603F016FF0546F0B92046E5
:100AD00003F064FFD0B104A803F04AFF03F051FF14
:100AE000C0B904F077FA0123984284F85830E7D16E
:100AF00094F858308DF81730042B35D8012B35D8A1
:100B000000F0A980FF2384F85830A4E0012384F882
:100B10005830EDE79DF81770012F18D1284602F0E4
:100B2000A3FD831E022B05460ED804AA3946204693
:100B3000FFF73AFF6B4B1B68984205D06A4B1D6864
:100B4000A84214BF0525012584F85850D0E701219B
:100B500004AA2046FFF728FF624B1B6898420CBF8F
:100B60009DF817300523D2E7052BC9E7002303AA18
:100B700001212046039303F034FE05460028B0D13E
:100B8000276A002FADD0D4F84C80B8F1000FA8D060
:100B9000D4F828A08146CA4515D0636A03EBC9037F
:100BA0002946D3F804B0384600235A46FFF76CFEB6
:100BB000002896D1039B5D449D4269D3E56DB3FB4C
:100BC000F5F305FB0355E06D03F076FEA26A636A58
:100BD000013A196803EBC2030022D3F804E072441F
:100BE00090429C46A3F10803F7D8DCF800000023EC
:100BF000411A3846FFF748FE034600287FF471AFDC
:100C0000CDE900053A4641462046FFF709FF002896
:100C10007FF467AF384602F0AFFC034600287FF44C
:100C200060AF226D01465268404603F04AFE03461B
:100C300000287FF456AFD4E91402013A016850F855
:100C4000325000EBC207691A7A68404603F039FE59
:100C500000287FF446AF94F85830FF2B3FF441AFA3
:100C60000022012B214D039215D01146204603F09E
:100C700042FE80B12D68102200210DEB020005F02C
:100C800027FF204603F067FE284609B0BDE8F08F35
:100C900009F101097FE7002211462046FFF784FE93
:100CA000104F3B689842E5D12B689842E2D00E4B3A
:100CB0001B689842DED00021204603F032FE002857
:100CC000D8D1039B01330393039B012B00D0FEE794
:100CD000206A03F068FC3071236A5B6834603D6809
:100CE000B360C8E70C1200203C0000204000002048
:100CF00010B50446002003F0D4FD02482146FFF75A
:100D0000D1FE10BD101600202DE9F04F9DB00368F4
:100D100002934368039383680493C368059303694C
:100D200006934369079383690893C3690993DDE9CF
:100D3000062CDDE904BEDDE902469846DFF890A105
:100D4000089B00930027CD595AF8049B0CAB2DBA91
:100D5000DD514FEAF223A94483EAB213009D83EAEE
:100D600072634B4425EA020502EA0C0985EA09058B
:100D70002B44434486EA0B054FEA743888EAB408EA
:100D8000254006EA0B0985EA090588EAB4580437C4
:100D9000A844402F03EB0E054344DE46DDF80080F7
:100DA00040F087804B490A914FF0100A51460AF1F2
:100DB000010A0DF1700E0AF00F070EEB870701F024
:100DC0000F0957F8407C01974FEAB74888EAF718AF
:100DD00001F10E0707F00F070EEB8707093157F8EF
:100DE000407C4FEAF74E8EEA774ECDF82CE001F0CA
:100DF0000F010DF1700E0EEB81010EEB890951F818
:100E0000401C59F840EC7144DDF804E088EADE0843
:100E1000DDF82CE041448EEA972E714405EA020881
:100E20004FEAF52E2CEA050787EA08078EEAB51E79
:100E3000DDF8288049F8401C8EEA756E774458F832
:100E400004EFCDF8288077440F440099CDF800C016
:100E500039444FEA733E84EA06078EEAB30E1F4018
:100E600004EA06088EEAB35E87EA08077744BAF117
:100E7000400F01EB0B0E0F44B34622D102993944C7
:100E8000016003991944049B416023448360059BDE
:100E90003344C360069B73440361079B2B44436147
:100EA000089B13448361099B6344C3611DB0BDE883
:100EB000F08FCDF800C0B346944626462A461C461D
:100EC00041E7944626462A461C4675463B466DE752
:100ED000786F0000B46F000010B50446C8B17022EE
:100EE000002103F02EFE0B4B0B4A0C490C48C4E9C1
:100EF00000230C4BC4E902130B4BC4E904030B4B56
:100F0000A36103F17453A3F52303A3F69243E361B2
:100F1000012010BD85AE67BB67E6096A72F36E3CBF
:100F20007F520E513AF54FA58C68059BABD9831FB4
:100F3000BFF36F8F72B6124B4FF0FF32C3F88020B1
:100F4000C3F88420C3F88820C3F88C20C3F890200D
:100F5000C3F89420C3F89820C3F89C20C3F88021DC
:100F6000C3F88421C3F88821C3F88C21C3F89021E9
:100F7000C3F89421C3F89821C3F89C21704700BF9F
:100F800000E100E00749D1F890200023C2F30722D6
:100F90001846934200DB7047C1F89830C1F8A000B2
:100FA0000133F6E700ED00E03E4A2DE9F0434FF053
:100FB000FF3301215160C2F84833C2F8083302F50B
:100FC000C042394E5160C2F84833C2F8083302F5C6
:100FD0009832364FDFF8D880516085B0C2F8483378
:100FE0000025C2F8083356F8044B4FF0FF3944F39C
:100FF0000730C4F8089301F085F9012363600023EA
:10100000C4F84C31D4F84C21C4F81031D4F8102174
:10101000C4F84431D4F84421C4F80035D4F80C2580
:101020000092D4F814250192D4F808250292D4F83D
:1010300010250392C4F80C956846C4F81495C4F8BA
:101040000895C4F8109550F8042B511C0FD002F0ED
:101050001F0152091DD0012A1ED1424602EB810216
:10106000D2F80017394041F00201C2F800170133ED
:10107000042BE8D15DB10F4A4FF0FF33C2F80835B9
:101080004FF08042C2F8083305B0BDE8F083012577
:10109000A9E74FF0A042E1E701F5E071002353F822
:1010A0002130FFDE00B0004078700000F0F8FCFF57
:1010B0000003005000F00140014B1B68184700BFBF
:1010C0004400002030B585B004460D4610220021B2
:1010D000684605F0FDFC02238DF802302A46044BD9
:1010E00001932146684603F00DF905B030BD00BFFD
:1010F000B910000008B50446EFF31183202383F3F1
:101100001288BFF36F8F02F01FFA204601F0D4F966
:10111000024803F01AFD03F041FFFCE7787200007B
:101120002DE9F043079D15B91560002012E0032456
:10113000B5FBF4F404EB4407BD4218BF0134B4F12D
:10114000804F09D2A40001348C4200D838B9146011
:101150006FF00B00BDE8F0834FF0FF34F7E7DFF8E6
:10116000BCE004460021B94203F1030C04F104067B
:101170002CD3A942274624D21F7801F1010CAC459B
:10118000264938BF5B784FEAA70E28BF002311F825
:101190000EE084F800E0AC4501EB131E3CBF9B0061
:1011A00003F03C034FEA071707F0300738BFCB5C6A
:1011B0001EF80770677028BF3D23A3703D23E370BE
:1011C0003746381A002310603B70AEE71CF8034C1A
:1011D0001CF8023C1CF8018C4FEAA40924011EF8FB
:1011E000099006F8049C04F030040EEB13199B00E0
:1011F00019F8044006F8034C03F03C030EEB981476
:1012000008F03F08E35C06F8023C1EF8083006F8D8
:10121000013C033134466346A5E700BF217300005B
:101220002DE9F043DDF81CE0DFF82C8100273C4677
:101230003D4675451FD3E4BB14600020BDE8F08334
:101240000136764533D013F806C0BCF1200FF7D035
:10125000AEEB0609B9F1010FA6EB05050DD0BCF107
:101260000D0F0AD103EB060999F80190B9F10A0FA5
:101270006ED1751CDDE72E46E3E7BCF10A0FF8D00E
:101280002DB9BCF13D0F05D10137022F0DD96FF0FB
:101290001500D3E71CF0800FF9D118F80C507F2D02
:1012A000F5D03F2D01D8002FF1D10134E1E73546CB
:1012B000C1E704F007064FF0060CE4080CFB06F645
:1012C0000CFB04F40736E41B04EBD60470B18C422B
:1012D0000CD80027DFF880E0DFF880801D4401464D
:1012E00003263C469D4205D10C1AA5E714606FF019
:1012F0000B00A3E713F8019BA9F10A0C5FFA8CFC21
:10130000BCF1160F04D848FA0CFC1CF0010FE9D010
:101310001EF809C00134BCF1400F08BF013E0CF0BB
:101320003F0C042C4CEA8717DCD17EB13C0C012E1B
:101330000C7002D101310024D4E7022E4FEA1724A9
:101340004C7016BF8F7002310331F4E73446C9E7A1
:10135000002DA2D09BE700BFA1720000F6FFBFFFE7
:101360002DE9F047058B04462807904611D4022941
:1013700005F0070540F0CC80204603F0F3FB78B180
:101380000138218B042811D8DFE800F0C2106D85E8
:10139000950001290CBF45F0100545F02005258377
:1013A00088F31188BFF36F8FBDE8F08701F0070A5B
:1013B000AA4500F0A5800027B9463E46A368002B49
:1013C00000F0BC8041F00801218388F31188BFF34D
:1013D0006F8FA168002900F0BA800D68002900F025
:1013E000B680D1F80480334652462046C047002DCF
:1013F00076D02B6829461D46F0E701F007035A1FF7
:10140000012A1BD8002221F00701062B276889B288
:10141000C4E9002209D13B4603E0628B01326283BA
:101420001B68002BF9D141F002012183204603F013
:1014300099FB00287AD041F0200176E0042B0AD1F4
:1014400021F0070189B22183204603F08BFB10B104
:1014500041F020012183218B01F0070AAA454FD0DA
:101460000027B946AAE7236921F0070141F00601E8
:10147000062DD3F8009021832DD1B9F1000F3FD074
:1014800041F00801218388F31188BFF36F8F3A4937
:101490002046C84729E021F00701236941F00401F3
:1014A00089B2042DD3F804902183E6D000273E466C
:1014B0004FF0040A82E721F00701236941F005019A
:1014C00089B2052DD3F808902183D6D000273E4657
:1014D0004FF0050A72E700273E464FF0060A6DE717
:1014E0002B4687E7B9F1000FD1D1EFF31188202304
:1014F00083F31288BFF36F8F238B23F008032383BA
:10150000258BEA062ED525F01003238305F0070569
:101510006669218B002EBFF670AF00232768C4E9EF
:10152000003321F0070141F001012183218B01F0FB
:10153000070AAA454FF000097FF440AF002F9CD066
:1015400041F00801218388F31188BFF36F8F002FCA
:10155000C8D03D68394633465246204603F02EFB3C
:101560002F46F4E7AB067FF51BAF25F0200323835E
:1015700005F0070500E700BFE94B000070B5104B10
:101580001C680D46B4B10F4B196800238B4202DB77
:101590006FF0010070BD224612F8106B864202D037
:1015A00001331446F2E7E06805F025FA28B12C6013
:1015B0000020EFE76FF00C00ECE76FF01200E9E7B6
:1015C000480000208070000010B588B04368029386
:1015D0008368C068CDE903320A680023CDE9062399
:1015E0000C4601AA0449059303F06DFE079808B95B
:1015F000059B236008B010BDCB4D000008B5054821
:1016000003F0A3FA044803F0A0FA044803F09DFA9B
:10161000002008BD6173000092730000C5730000D4
:10162000F7B5224E30688368DB6B03B198473068AA
:101630008368DB6A002B31D11D4C1E4D30688368F6
:101640001B69002B2DD001220DF1070198470128BD
:1016500027D1236843B92B681BB369681A682A60CD
:101660008B4208BF6A602360134A9DF80700118807
:101670007F2904D823680B444F1C178018720A284E
:10168000DCD123681188596000200C4918604D682E
:101690004DB9C1E9003310802060CEE7984700289B
:1016A000CAD103B0F0BD2B604B60F4E7C81A00202C
:1016B0007016002080160020F81B002078160020ED
:1016C00010B5044B044618688368E1B25B6898471C
:1016D000204610BDC81A0020F8B505461646084633
:1016E000EFF31187202383F31288BFF36F8F1B4919
:1016F0000B684BB11A4C62689A4205D000221A60FE
:10170000626862B9C4E90033164A136853B987F3B3
:101710001188BFF36F8F0B6018463360F8BD1360FC
:101720006360F1E7D2F804C01C681460634508BF29
:10173000546087F31188BFF36F8F5C680B60A04221
:10174000D8BF00F1FF3403F108012246284605F016
:1017500097F900232B55601C0123DEE77416002047
:10176000801600207816002013B52149214A002355
:10177000C1E90033C2E900331F4A1C4648681460BF
:1017800020BBC1E900220133082B02F18802F5D108
:101790001A4C1B48206005F02EF928B32068836896
:1017A00023B11B6C13B11749002298472068836846
:1017B000DB6A0BB1984760B1206883681B69002B16
:1017C000FAD001220DF107019847F4E702604A6060
:1017D000D9E70D4B206800221A8083681B6A03B189
:1017E0009847002002B010BD4FF0FF30FAE700BF6D
:1017F000801600207816002088160020C81A0020C5
:10180000286C000021160000F81B00202DE9F04F85
:10181000D9B0DFF8E490DFF8E480D9F8001041F2A5
:101820000443ADF8083040F60613ADF80C30344BE5
:101830001D680B785A1CA5EB080562F302030B70B8
:101840006BBA4B808B8800265BBA8B804E70082267
:10185000304603F0C2FBACB22A46414603F0BDFB62
:1018600004F10A03D9F800201FFA83FB5BBAADF834
:1018700014301368CDF8163007460DF1140A0C34F5
:101880005368CDF81A302A4641467FBA0DF11E0042
:10189000A4B205F0F5F82AF80B705346009404AA98
:1018A000BD2128A8FFF73CFCBDF8107007B3154D0B
:1018B000DFF854802B6802215B6803A89847344600
:1018C0003E1B7C2E2B68A8BF7C2628AA10195B68BB
:1018D000314698472B6834445B680121404698475D
:1018E000A74205DD2B6802215B6802A89847E7E75D
:1018F00059B0BDE8F08F00BF2C1B00200C1D00204C
:10190000E41A0020301B00203474000038B50B4C62
:1019100005460A21204605F03EF8022208492046E5
:1019200005F02CF82946204605F011F820460A213A
:1019300005F039F8BDE83840FFF768BFE41A002029
:10194000F37300002DE9F047D4B005AF0DF118098D
:1019500007AE4FF0FF340B463C60C9F800403460DE
:101960000AAD00240121C5E900440246009130A8D7
:101970000421CDE901440894099404F05FFF40225A
:10198000214620A805F0A4F8884B1C9305231D933D
:10199000874B8848CDE91E39874B2193874BCDE98A
:1019A0002335874B2693874B0321CDE92B01CDE9C6
:1019B0002836CDE92D370422279109AB1CA930A880
:1019C000229203F06BFA20B303240A217E4804F02C
:1019D000E2FF7E497C48022204F0D0FF7A4821468B
:1019E00004F0B5FF4CB973497748032204F0C6FFF1
:1019F000774B7548196804F0B4FF0A21724804F067
:101A0000D2FFFFF703FF089803F091F954B0BDE847
:101A1000F0873B685A1CD5E90084D5D0B8F1000F97
:101A2000D2D06C4A33B9D9F80010B1F1FF3F18BFDA
:101A30000B46136000211068FEF764FE08A9C0B2CF
:101A4000FFF79CFD0028BFD13B68614D002B47D1BB
:101A5000089F2B603846D7F8089002F0B2FE5E4A25
:101A60000146384602F0A1FD002840F09C80336812
:101A70004B45A9D8594A1060594A13602A68574EF5
:101A8000089831682244013A03F0E8F900283060F0
:101A90009ADB0898DFF8489103F089F9B4FBF0F37A
:101AA00003FB10462B680898A71B1C44D9F800308C
:101AB0009C4238BF002603F07AF9012806D908981D
:101AC00003F075F9013818EA000F4AD1296808981F
:101AD0003B46424603F041F900287FF475AF2FE002
:101AE0002A68934201D000246FE73D4A12682344DC
:101AF0009342C3D968E7BA45089828BFBA4603F0AD
:101B00005DF9402201460CA804F0E2FF524641462E
:101B10000CA804F0B5FF2968089853460CAA03F0F6
:101B20001CF9044600287FF450AF2B6853442B6007
:101B3000D044A7EB0A07089803F039F9B842DAD97C
:101B400096B92B68D9F8002033443B4493422B606C
:101B5000C9D1214B08981A68114603F07FF9C40FC8
:101B600033E74FF0400AE6E7089803F027F9082228
:101B700001460CA804F0ACFF324608EB07010CA8A4
:101B800004F07EFFDDF82080296840467C1803F0D1
:101B90000EF90CAA03462146404603F0DEF8002861
:101BA0007FF412AFCDE701240FE700BFF67300000A
:101BB0008F66000005740000FC7300009966000049
:101BC0000174000095660000E41A0020F373000021
:101BD000DC1A0020E01A0020D41A0020D01A0020BD
:101BE000CC1A0020F0B50C68164F174B85B00238A0
:101BF0000D46C4F58061009003AA38190131FFF742
:101C00000FFB0446D0B92B68039A1344022B2B60B8
:101C100011D93E8876BAB6B2023B9E420BD132460B
:101C2000B91C03F0DAF930B9022E04D92B689A1ED8
:101C30002A60FC540124204605B0F0BD4FF0FF346B
:101C4000F9E700BF8D1D00209021002007B500237B
:101C50000093044A04488023022104F0A6FE03B046
:101C60005DF804FB0C1D0020E41A00202DE9F04172
:101C700007299CB0044640F2E180037813F0050F79
:101C800040F0DC8043885BBAA1F108059BB2AB420F
:101C9000C0F0D4806B4B186083885BBA8380FFF7F9
:101CA000D5FFA688012E40F0B180E37923B1012B46
:101CB00000F0A4800820BCE02578FEF7ADFE0446C5
:101CC00002F0EFFD204602F02EFE05F0070501466A
:101CD000002840F091802046FEF7B6FD002840F035
:101CE0008880002D7ED131465748DFF8608104F0AE
:101CF00052FE57495448062204F040FE524805213E
:101D000004F045FE266AD8F80070002E52D0202339
:101D100004AA0021304603F00BF84E4B049A9A4275
:101D20000CD10023CDE902330193402300933246C6
:101D30000CAB04A92046FEF71BFD0746464B1B686B
:101D4000BB4236D11421404804F025FE0422434909
:101D50003D4804F013FE29463B4804F002FE40498A
:101D60003948072204F00AFEBDF8263001939DF899
:101D7000253000933B4A9DF8243040210CA802F006
:101D800097FA0A9B4BB1421E3E2A06D80CAEC0F110
:101D90004001354A304402F08BFA0CA8FEF7CAF92C
:101DA0000CA90246284804F0E9FD2748142104F054
:101DB000FAFD1DB9E66CD8F800708EB905212248ED
:101DC00004F0EDFD0121204804F0EDFDFFF71EFDBC
:101DD000204602F0C0FD1CB0BDE8F041FFF736BF61
:101DE000012594E7204602F0B6FD0820FFF78EFD9E
:101DF000F1E7204602F0AFFD0120F7E7294604F1A4
:101E000008001CB0BDE8F041FFF79CBD002E7FF438
:101E100051AFE379012B0BD0052B7FF44BAF30464C
:101E2000FFF774FD114804F0CAFD0120FFF762F9C5
:101E300030461CB0BDE8F041FFF768BD1CB0BDE8FE
:101E4000F08100BF2C1B0020E41A0020400000207D
:101E5000097400003DB8F3960C12002010740000C5
:101E6000157400001D7400002974000090D0030058
:101E70002DE9F341284FDFF8A480294E01233B7060
:101E8000284B00240546009418603B7813B902B033
:101E9000BDE8F081244BC3F80086C3F80486C3F87C
:101EA0000886C3F80C86C3F81086C3F81486C3F8F6
:101EB0001886C3F81C86FEF749FBC4F580612B68C1
:101EC00001AA0131301998470028019B01DC002B41
:101ED000DBD004442BB940F201439C42D5D100240D
:101EE000D3E73378062B09D17378092B0BD1002364
:101EF00000936946A01EFFF775FE04E0042B02D193
:101F00007378142BF5D00128E9D1009907480239DC
:101F1000FFF7ACFEE3E700BF8C1D00203546526E94
:101F20008E210020301B0020000001408F1D00206A
:101F300008B50348034A0021121A03F006F808BD49
:101F400068010020B42500200748084A084908B560
:101F5000121A02F0FCFF0748074A0849BDE808408A
:101F6000121A02F0F4BF00BF3C00002068010020FC
:101F700078750000000000203C0000203C75000047
:101F800030BFFFF7FDBF00BF134B9A6A12F0007F0E
:101F90009A6A14BF1E201D2012F0807F9A6A18BF13
:101FA0001F2012F4002F9A6A18BF212012F4802FEC
:101FB0009A6A18BF222012F4003F9A6A18BF2320A1
:101FC00012F4803F9A6A6FEA02426FEA12429A6202
:101FD00018BF2420704700BF00ED00E010B5194B7A
:101FE0000246986A9C6A10F4805F14BF172016207E
:101FF00014F4006F9C6A18BF1820A40509D5986BCB
:10200000986A000404D51AB19A6A22F400429A62CE
:1020100019200C4B9A6A12F4806F9A6A18BF1A2022
:10202000D2050CD49B6A13F4005F18BF1C20054A2C
:10203000936A43F47F43936200230B7010BD1B200F
:10204000F5E700BF00ED00E010B51C4B0246986AB2
:102050009C6A10F0100F14BF1120102014F0080F0C
:102060009C6A18BF1220A40709D5586B986A00060D
:1020700004D51AB19A6A22F080029A6213200F4B9B
:102080009A6A12F0010F9A6A18BF142012F0200FFA
:102090009A6A18BF1520D40658BF9B6A074B9A6AE4
:1020A000920642BF5A6A22F400525A629A6A42F079
:1020B000FF029A6200230B7010BD00BF00ED00E02C
:1020C000F0B5474B5B688BB00446C3F308030025AB
:1020D00085F31188BFF36F8F02F07F40B0F17F4F1F
:1020E00011D102F00C0008280DD010074CBF0C468F
:1020F00001250022033B8DF80720032B05D8DFE8DC
:1021000003F02462665F2C46F3E700239DF8072066
:10211000CAB902AE04F1200720686168324603C2E2
:102120000834BC421646F7D1099A002D53D0C2F3A9
:10213000080121B96FEA52226FEA4222099202A9EC
:10214000184602F006FF0BB0F0BD254BDA6A910786
:10215000DBD4DA6A002AD8DBDA6A5200D5D55A69AC
:10216000A16942F480725A61BFF34F8FBFF36F8F42
:102170005A6931F8021C22F480725A61BFF34F8F02
:10218000BFF36F8F4DF60272914209D09A6AD2B2B4
:1021900042B10DF107010120FFF756FF0346B5E7F5
:1021A0002368B3E79A6A12F47F4F05D00DF1070157
:1021B0000120FFF713FFF1E79B6AB3F5803FA4D33B
:1021C000FFF7E2FEEAE70DF107010020E4E70DF179
:1021D00007010020EDE722F4FF7222F00102ADE7D3
:1021E00000ED00E0044B5A6942F010025A615A694E
:1021F00022F008025A61704700ED00E0EFF308801A
:10220000EFF3098101B57246FFF75AFF01BD00BF28
:10221000002080F31488BFF36F8F0F4880F3088885
:1022200001F08EFA00200D490860BFF34F8F00F0D7
:1022300019F8202080F3118809484FF400614018F4
:1022400080F30988EFF314800221084380F3148897
:10225000BFF36F8F00F09EF8B855002094ED00E0BA
:10226000B825002072B6002383F31388144B4FF077
:10227000FF32C3F88020C3F88420C3F88820C3F855
:102280008C20C3F89020C3F89420C3F89820C3F89A
:102290009C20C3F88021C3F88421C3F88821C3F8A7
:1022A0008C21C3F89021C3F89421C3F89821C3F876
:1022B0009C2162B6BFF34F8FBFF36F8F704700BF93
:1022C00000E100E01EF0040F0CBFEFF30880EFF315
:1022D0000980816911F8021C0229FFD001B57246FC
:1022E00002F03DFE01BD00BF40B2002807DB044AFA
:1022F0004109012300F01F00834042F8213070475C
:1023000000E100E040B200280CDB4309064900F080
:102310001F0020330122824041F82320BFF34F8F5A
:10232000BFF36F8F704700BF00E100E0054B42092B
:1023300000F01F0053F82220012303FA00F01040A0
:10234000704700BF00E100E040B20028A8BF00F1E4
:10235000604001F10101B8BF064B4FEA4111ACBF2B
:1023600000F5614000F00F00C9B2B4BF195480F805
:102370000013704714ED00E0044B054A23F07F037F
:102380009360BFF34F8FBFF36F8F70470000000063
:1023900000ED00E008B5FFF7EFFF074AD2F88830FC
:1023A00023F47003C2F88830FFF7C2FDFFF7CCFDBD
:1023B00000F022F801F0A2FE00ED00E080B50C462E
:1023C00007461546084E86F30988002004498847C9
:1023D000204629461A46B84702488047FEE70000D3
:1023E0007F4F00008D4F0000B8550020014B102298
:1023F0001A61704700ED00E0044800232021C21854
:102400000133302B82F80013F9D1704700E100E06E
:1024100008B5EFF30583064A103B02EBC30152F8FF
:10242000330049688847BDE8084002F0A3BD00BFFB
:10243000086D000008B5054802F087FB002383F310
:102440001188BFF36F8F0423184602DF2D7400003C
:102450000E4A0123C2F840354FF080424FF08051C0
:10246000C2F87835D1F83001082808D1D1F83411F4
:10247000052904D80648415C09B1C2F838364FF046
:1024800080430122C3F880250020704700E001400E
:102490003674000048B1054B054A1B68B3FBF2F3E4
:1024A0005843044B43F00103184770474001002094
:1024B00040420F00606F0000BFF34F8F0549064B8D
:1024C000CA6802F4E0621343CB60BFF34F8F00BFD2
:1024D000FDE700BF00ED00E00400FA0508B5044880
:1024E000044A3F23C0E9002301F000FA002008BDA0
:1024F000341B0020FFFF0F00036803F01F025B097D
:10250000026004D0012B034818BF002070474FF031
:10251000A04070470003005037B51F2101A801916A
:10252000FFF7EAFF019B194C019100EB83000121A9
:10253000D0F80037234043F4A06343F00303C0F80E
:10254000003701A8FFF7D8FF019B01FA03F3C0F899
:102550000835142568460095FFF7CEFF009B0095CF
:1025600000EB8300D0F80037234043F4E06343F0EE
:102570000303C0F800376846FFF7BEFF009B994091
:10258000C0F80C15002003B030BD00BFF0F8FCFF10
:1025900013B504460B4802F06FFD012802D010F17C
:1025A000860F0CD1074801230DF10702002102F02C
:1025B0006BFD20B99DF807301B1B5842584102B0F3
:1025C00010BD00BFEC6C0000014802F08DBD00BFE3
:1025D000EC6C0000084B70B5C31A0D4607499B1000
:1025E000044659430648402202F0AAFD2B46014604
:1025F0002046BDE870401847501B0020B76DDBB681
:10260000D46B000073B50C4C0C4A4023041B0093A0
:102610000D460B460A49A41061430646094802F0DC
:10262000BAFD011E05DA30462B4602B0BDE8704007
:10263000184702B070BD00BF501B002005520000BB
:10264000B76DDBB6D46B00000022F8B5012105465A
:102650001046FFF779FE104801F070F90446B8B94A
:1026600001F08CF92F690D49384602F0CAFA031EB1
:1026700009DB01263E642D69084905F11C0002F0C2
:10268000C0FA031E02DA1C462046F8BDEE64FBE7E2
:102690006FF00404F8E700BF99270000EC70000019
:1026A00010B5EFF31184202383F31288BFF36F8FEB
:1026B000074A136823F00201DB07116002D40120EE
:1026C00003F0F0F984F31188BFF36F8F10BD00BFE2
:1026D000A01B002030B4104B0C2202FB003301463B
:1026E0000020D3E90E529863EFF31180202484F385
:1026F0001288BFF36F8F1C6C04F0C00444F0020416
:102700001C6480F31188BFF36F8F1DB12B46034803
:1027100030BC184730BC7047501B0020D46B000001
:1027200010B4EFF31182202383F31288BFF36F8F6D
:102730001748016841F002040460C80707D482F317
:102740001188BFF36F8F012010BC03F0A3B94FF0C5
:102750008041D1F80C04D1F80C14C907EFD5EFF380
:10276000118083F31288BFF36F8F0A490B6C03F05B
:10277000C00343F002030B6480F31188BFF36F8F33
:1027800082F31188BFF36F8F002010BCFFF7A2BF48
:10279000A01B0020501B002010B1012804D070475E
:1027A000034B1B6C5B0701D1FFF794BF704700BF61
:1027B000501B00202DE9F8433649BFF35B8F0746D5
:1027C000012251E8003F41E800200028F9D1BFF381
:1027D0005B8F33B9304931484B60CB608A6002F07F
:1027E00023FA7B1E012B2DD8012F07D14FF08043F8
:1027F000D3F81C3403F00303012B23D004F020F999
:10280000054608BB264B1B78F3B14FF080430222EC
:10281000C3F808230646DFF88C904FF080444FF051
:102820000108D4F81824D4F81834D20315D503F0CD
:102830000303012B01D0012F0FD125B386F311889B
:10284000BFF36F8FBDE8F883EFF31186202383F386
:102850001288BFF36F8F0125DDE7304602F0ABFB36
:10286000D4F81835002BDCD1D4F80421002AD8D0B4
:10287000C4F80431D4F80431C4F81885C9F880814B
:10288000C4F80880CDE74FF080430222C3F8042348
:10289000D8E700BF4C1B00203C1B00206C1B002015
:1028A000B325002000E100E0002903690ADC1B6871
:1028B00013B113600020704743689968034BB3FB62
:1028C000F1F3F6E76FF01500704700BF00CA9A3BBE
:1028D000024B0B6001231360704700BFAC1B00204C
:1028E000004870472471000010B503F0DDFB034C75
:1028F000206003F0D5FB6060002010BDAC1B002001
:102900004FF08042D2F81015D2F8103501F01E01B8
:1029100023F01F030B4343F00103C2F81035024BB1
:1029200000221A70704700BF902500204FF080539E
:10293000D3F83031082B20D14FF08042D2F8101557
:10294000CB071AD5D2F8103501F01E0123F01F0372
:102950000B43C2F81035D2F808315BB1D2F810350C
:1029600023F01F030B4343F00103C2F810356FF04F
:102970008B007047024B01221A700020704700BF85
:10298000902500202DE9F0410D46164603F088FB06
:1029900031460746284602F0CBFC28B3B5FBF7F3D7
:1029A00007FB135303BBB6FBF7F407FB1464DCB956
:1029B000B74213D803F074FBDFF834800746FFF703
:1029C000B5FF044668B9284601F08AFA98F8003045
:1029D0000BB1FFF795FFF61B3D44F0D12046BDE853
:1029E000F0816FF08B04F9E76FF01504F6E700BF94
:1029F000902500202DE9F8430E463046194617462B
:102A00001C4602F095FC30B344EA060515F00305B8
:102A100021D11CB3DFF848906319032BA6EB0508FE
:102A200007D8104AD2F80034DB07FBD50020BDE8F8
:102A3000F883FFF77BFF58B97B1B4046196801F00C
:102A40006BFA99F800300BB1FFF75AFF043DE3E74A
:102A50006FF08B00EBE76FF01500E8E72046E6E744
:102A60009025002000E00140F0B544681646A068BB
:102A7000227C01F01F0587B045EA421500286DD081
:102A8000B6F5001F04D1294603F002FB002056E0F2
:102A90006268607CC2F8240501AA0020B6F5800FA8
:102AA0000190506037D1B3F1007F14BF0523042398
:102AB0008DF804300023CDE904230393E36823FA5F
:102AC00001F111F001010DF103073AD1B6F1A07F38
:102AD00037D105F01F036A0903F5E07326D0012AF8
:102AE0003FD1214A52F82330DB072AD4A0683A4666
:102AF000294603F043FA16301BD00297A06803AAB8
:102B0000294603F007F9002819DBA06801222946AD
:102B100003F06BFABAE7B3F1C06F05D0B3F1007FF1
:102B200014BF01230223C3E70323C1E74FF0A042F0
:102B3000D8E7A068394601F0D3F80028DDDA07B0FD
:102B4000F0BDA0683A46294603F018FA0028D5D10E
:102B50009DF80310A06801F0BDF8CFE76FF0850085
:102B6000EDE751F82330FFDE00030050420970B555
:102B7000034602D0012A17D070BD0D4E326951684C
:102B80000029F9D003F01F0301250C689D4000299E
:102B9000F2D08A682A4002D04B68304698472CB160
:102BA000236821461C46F2E7024EE7E72346F8E792
:102BB0000C6C0000F06B000038B54568A86890B157
:102BC00003F00BFA014670B9A86803F0EAF904466D
:102BD00058B902460649A86803F0CDF922460521F6
:102BE0000620FFF7B1FB002038BD6FF00400FBE7C3
:102BF0006D2B00002DE9F043476840F20636D00601
:102C00003B7C87B002EA060654BFC2F3401C4FF07B
:102C1000030C01F01F05B6F5837F144645EA431502
:102C20008DF803C045D00DD8062E16D005D8A6B114
:102C3000022E40D06FF0150038E0B6F5807FF9D154
:102C400001260AE040F20222964236D0B6F5407FD5
:102C500035D0B6F5007FEDD102260123220303FA19
:102C600001F12ED57B68C3F80815B86890BB05F054
:102C70001F036D092BD0012D75D13D4A02EB830254
:102C800084F48033D2F80017C3F30043C4F3404404
:102C900044EA430421F4E16144EA8C0421F0070191
:102CA00044EA06230B43C2F80037002007B0BDE812
:102CB000F0830726D1E70426CFE70526CDE70326D4
:102CC000CBE7630344BF7B68C3F80C15CDE74FF037
:102CD000A042D3E70DF10202294603F04FF914F4A4
:102CE000403F80460CD1B868294603F07CF9B8F122
:102CF000000FDAD19DF80210B86800F0EBFFD4E7BE
:102D00004FF0000901ABCDE90199CDE90439CDF8C7
:102D10000C90B86803AA294602F0FCFF4845C4DBC2
:102D200014F4003314D084F480349DF803308DF80B
:102D30000E30C4F300448DF80C608DF80D40B86877
:102D40004B4603AA294603F09DF80028CFDAACE7EA
:102D5000CDE904330DF103030393B86803AA2946B0
:102D600002F0D8FFF1E703F5E07350F82330FFDEFF
:102D700000030050036803F01F025B09026004D0E7
:102D8000012B034818BF002070474FF0A040704748
:102D9000000300502DE9F04FDFF86891DFF868A1DB
:102DA00085B01546064600EB810140F2FF18B1429E
:102DB00003D1002005B0BDE8F08F33685F04C3F392
:102DC000C322C3F3080400F19780444519F8027048
:102DD0004FEA136312D0192B1CD94E2B40F08F8071
:102DE000C5F8144503A80394FFF7C4FF039B4FF0F5
:102DF000010B0BFA03F3C0F8083527E0192B07D9AC
:102E00004E2B7CD14FF0FF33C5F814350436CEE796
:102E10004FF0FF34192B72D8DFE803F00D123D5844
:102E20004047587171717171717171717171717106
:102E300071715B65686BC5F80C45621CD2D1E5E722
:102E4000C5F81445601CE1D04FF0000B5A463368BA
:102E5000019303F40040002818BF002203A8009249
:102E600018BF4FF0010B0394FFF784FF039C019BF5
:102E7000009A00EB8400C3F3412CD0F800473B02DA
:102E800043EA8C03134304EA0A04234343EA4B0353
:102E9000C0F80037BAE7C5F80845CEE7631CC5F8A7
:102EA0000845B3D04FF0000B05E0601CC5F80C4599
:102EB000ACD04FF0010B03A80394FFF75BFF039B1B
:102EC000012202FA03F3C0F80C35C0E7C5F810453B
:102ED000B8E7C5F86045621C336897D0C3F3004378
:102EE000002BE6D07EE7C5F86445F4E7C5F86845F1
:102EF000F1E7C5F86C45EEE76FF015005AE76FF0A3
:102F0000850057E7A2740000F0F8FCFF036803F0A7
:102F10001F025B09026004D0012B034818BF002088
:102F200070474FF0A04070470003005073B503692D
:102F30004168224A0446184603F029F900283BDB81
:102F4000636825691E6B01AA0021304602F06CFA05
:102F5000002805DB019B326819791868FFF71AFF12
:102F6000002631462B6801F5AC7253F82230002B55
:102F70000EDB01A80193FFF7C9FF019AD0F80435D1
:102F8000D34013F001031CBF01238B403343DEB257
:102F900001310429E6D1002301206268116A00FA98
:102FA00003F232420CBF01220022D20321F8132087
:102FB0000133042BF1D1002002B070BD4F5400004A
:102FC000684620F007018D4601B5234BD3F8042352
:102FD000D20517D5D3F82021A2B1EFF31182202119
:102FE00081F31288BFF36F8FD3F8201131B1002124
:102FF000C3F82011D3F820110121D96082F3118880
:10300000BFF36F8F154B144A1B68D2F8581163B188
:1030100089B100211961D97B19B94FF48001C2F837
:1030200008139A7B3AB100229A7301F0A3FFBDE81E
:10303000014085467047084AD2F8241121B1002189
:10304000C2F82411D2F824211A68002AEDD0596858
:1030500003489047E9E700BF002000401C01002022
:10306000286C00002DE9F041044647680D4603F046
:10307000E7FC88B14FF02008EFF31186314688F362
:103080001288BFF36F8F606802F06BFB30BB86F372
:103090001188BFF36F8FEFE71D4B1B78002BE9D032
:1030A0004FF020086426606802F05BFB50B90120F5
:1030B00002F09DFC013EF6D1F4E786F31188BFF3E0
:1030C0006F8FEFE7EFF31186314688F31288BFF375
:1030D0006F8F606802F045FB0028EED0BB691D7061
:1030E0006368BA691B680020C3F844250122C3F84D
:1030F0004825C3F82001D3F82041C3F85801D3F87C
:1031000058019A6081F31188BFF36F8FBDE8F08199
:10311000B325002070B5012383400E4ABFF35B8FB7
:10312000DC4352E8001F01EA040542E80056002E85
:10313000F7D1BFF35B8F4FF4803282400648C0F86E
:103140000823BFF35F8FBFF36F8F0B4214BF0120C3
:10315000002070BDD01B00200010014070B40E494B
:10316000D1E90034D01AC31844F1000422F07F469C
:10317000C1E90034A6F50013B3F5400F09D2074B9F
:103180001B681A0A1B069C19054B42F10005C3E98E
:10319000004570BC01F016B880010020D41B00204F
:1031A0008801002011B3BFF35B8F0123104A8340D5
:1031B00052E800CF4CEA030C42E800C10029F7D1E5
:1031C000BFF35B8F0B4A4FF480338340C2F8043364
:1031D000094BBFF35B8F1B68BFF35B8FC340DB07FB
:1031E00042BF064B4FF40032C3F80021704700BFC6
:1031F000D01B002000100140CC1B002000E100E0AB
:103200000D4B1868010A0006BFF35F8F0B4BD3F814
:103210000435181841F10001B3F5801F0AD2084B9C
:10322000D3E90023904271EB030303D210F18070C5
:1032300041F10001704700BFD41B00200010014085
:10324000880100202DE9F04F85B016461F469DF8F5
:1032500040A00446FFF75EFF0190FFF7D1FFB042A8
:1032600071EB070354D23E4B301A67EB01019842D1
:1032700071F100014FD23B4B03EB0413D3E902235E
:103280009F4208BF96425ED037494FF4803804F120
:10329000500508FA04F8AD00C1F848832046ADB2E5
:1032A00002F039FB26F07F4B05F1804504F5A87349
:1032B00005F58835DC464FF003090293029A2CF09D
:1032C0007F4341F82230C1F84483D1F80435274ABE
:1032D0006FF00200C01A604420F07F40904232D963
:1032E000286868B1D1F804350393A3EB0B0020F0F4
:1032F0007F40B0F5000F26D9204602F00CFB039B5F
:10330000BAF1000F07D109EB030C09F10109D5E768
:10331000BAF1000F09D06FF0150520460199FFF7AB
:1033200041FF284605B0BDE8F08F0123104ABFF3E6
:103330005B8FA34052E8000F184342E800010029C8
:10334000F8D1BFF35B8F07490E98230101EB0412FC
:10335000C8500F9B5360C2E902670025DDE700BF3C
:10336000010080007001002000100140FDFF7F007F
:10337000CC1B00207FB51C4C1C4BC4F80833C4F890
:1033800048331B4B00254FF0FF304FF0FF31C4F89E
:103390000855C3E902014FF48033C4F80433154BD8
:1033A00002264FF400320121C4F804631120C3F84F
:1033B00080212A46FEF7C8FF1120FEF795FF0E4A2E
:1033C0000123A360236013600C4B0D4A0093CDE9E9
:1033D000015500232846FFF735FF3046FFF7EAF98D
:1033E000284604B070BD00BF0010014003000F006C
:1033F0007001002000E100E0D01B00205D310000E2
:10340000FFFF7F002DE9F7432F4CD4F804339907D1
:103410000BD5D4F8043143B12C4A0023C4F804314D
:10342000D4F80431136801331360D4F80433DA0399
:1034300029D5BFF35B8F264B53E8002F22F0010103
:1034400043E800100028F7D1BFF35B8FD30702D405
:10345000D4F84031BBB10025C4F84051D4F8403114
:10346000FFF7CEFEEFF31182202383F31288BFF320
:103470006F8F184BD3E90267B042B94106D282F38D
:103480001188BFF36F8F03B0BDE8F0834FF0FF38B2
:103490004FF0FF39C3E90289D3E900101D604FF4F2
:1034A0008033C4F84833C4F84051D4F8403182F333
:1034B0001188BFF36F8F0029E5D0009032463B465C
:1034C00028468847DFE700BF00100140D41B0020DA
:1034D000CC1B00207001002030B5431C124C85B07D
:1034E00005D08442A8BF0446012CB8BF0124FFF7D1
:1034F00087FE0E4B0C4DD3E90013401AB0F5000FB8
:1035000010D22218AA4228BF2A4652184FF00000B3
:1035100007490091CDE9010043F10003FFF792FE56
:1035200005B030BD2A46F0E7FFFF7F008001002094
:103530005D31000008B5FFF763FE024B1B68C01A3F
:1035400008BD00BF8001002010B5084C0123636056
:103550001120FEF7D7FE064BC4F80833C4F84833F1
:10356000044B4FF40032C3F8802110BD001001401D
:1035700003000F0000E100E0F0B5816885B010396C
:10358000054621F0070401F019FC0B4B6E4603F1D0
:10359000100C324618685968374603C7083363452C
:1035A0003E46F7D110232146284601F0D6FB0038CD
:1035B00018BF012005B0F0BD6872000030B50D469F
:1035C000816887B0102302AA1039044601F0B0FBCD
:1035D000002802DA012007B030BD102202A92046DF
:1035E00002F0B9F900283AD11E49102202A803F0CE
:1035F00077FA00280CBF012302232B70204602F02B
:1036000096F9012301460DF10702204601F090FBD7
:103610000028DFDB9DF8073003F00F021B096A70FA
:103620002B7101220DF10701204602F094F910B927
:103630006B78042B03D901236B7000232B71A268D4
:10364000183A22F00702083AA91C204602F096F91F
:103650000028BFD1E91C204602F0ACF9BBE70323E8
:10366000CBE700BF687200007FB5264D4400694675
:1036700055F8240002F0A4F9002835D1013402A93C
:1036800055F8240002F09CF901282BD103238DF872
:1036900008308DF80B309DF800509DF808601A4AEC
:1036A00000241078294602F048F918B350783146C2
:1036B00002F043F9F0B19378042B03D09DF8031086
:1036C000994217D1D378042B03D09DF80B1099425F
:1036D00010D11379042B09D15079831E022B03D802
:1036E00004B070BD0028D6D0FF20F9E79DF8021085
:1036F0009942F1D00134032C02F10602D1D101200C
:10370000EEE700BF40720000F87400004FF08053F5
:10371000D3F83021082A06D1D3F83431052B02D84A
:10372000024AD05C70470020704700BF107500004F
:10373000024AD2F80034002BFBD0704700E0014071
:1037400008B54FF08053D3F83021082A4ED14FF0FE
:1037500080420021C2F80C11C2F81011C2F83815CD
:1037600002F54042D3F80414C2F82015D3F8081427
:10377000C2F82415D3F80C14C2F82815D3F8101485
:10378000C2F82C15D3F81414C2F83015D3F8181455
:10379000C2F83415D3F81C14C2F84015D3F820141D
:1037A000C2F84415D3F82414C2F84815D3F82814E5
:1037B000C2F84C15D3F82C14C2F85015D3F83014B5
:1037C000C2F85415D3F83414C2F86015D3F838147D
:1037D000C2F86415D3F83C14C2F86815D3F8401445
:1037E000C2F86C15D3F84434C2F87035FFF78EFF79
:1037F00018B1364B364AC3F88C26FFF787FF18B14D
:10380000344BFB22C3F81825FFF780FF70B14FF04F
:1038100080414FF08053D1F8E42ED3F8583222F093
:103820000F0203F00F031343C1F8E43EFFF76EFFEE
:1038300020B1294B4FF40072C3F840264FF080535B
:10384000D3F83031082B1AD14FF08043D3F800243D
:10385000D20744BF6FF00102C3F800244FF0805339
:10386000D3F83431052B02D81C4AD35C3BB14FF05E
:103870001023D3F808224FF08043C3F858254FF0A7
:103880001021D1F80C32DB071FD515480123C0F8F1
:103890000435FFF74DFFD1F80C3223F00103C1F8D6
:1038A0000C32FFF745FF0023C0F80435FFF740FF57
:1038B000BFF34F8F0B490C4BCA6802F4E06213430D
:1038C000CB60BFF34F8F00BFFDE708BD0050004045
:1038D0004881030000F00040009002400A7500009B
:1038E00000E0014000ED00E00400FA05014B186023
:1038F000704700BFD81B002010B5054B1868144650
:1039000002F077F80028A4BF2070002010BD00BF8F
:10391000D81B0020024A01238340C2F804357047B7
:1039200000F00140014B00201B681847DC1B002001
:10393000014B1B68184700BFDC1B002010B50C4C66
:10394000237993B9012323710A4B2060002818BF03
:10395000184600F05BF850B923680748002BBDE813
:10396000104008BF184600F0A1B86FF0770010BDF6
:10397000DC1B0020253900003139000008B5064B5A
:103980001B683BB10020FEF7D1FC18B9BDE8084028
:10399000FEF7AABC08BD00BFDC1B00204FF080531F
:1039A000D3F83021082A06D1D3F83431052B02D8B8
:1039B000024AD05C70470020704700BF16750000B7
:1039C00038B54FF080440123C4F808336360002306
:1039D000C4F80031D4F8003142F21075D4F80C2448
:1039E000D4F80C34D20307D5DB0705D5012001F04C
:1039F000FEFF013DF2D138BDFFF7D0FF0028FAD01D
:103A0000014B00225A71F6E7E41B002010B508496B
:103A10000C794CB9012308600B71FFF7BFFF08B99F
:103A2000002010BD4C71FBE76FF07700F9E700BF95
:103A3000E41B00204FF080430022C3F80021D3F89C
:103A40000021094901221A60096811B1C3F8042351
:103A50007047D3F80021002AFBD00022C3F80021D0
:103A6000D3F80031704700BFE41B002010B54FF0C1
:103A70008043D3F80423D20715D5D3F8002192B19F
:103A80000022C3F800210121D3F80021C3F8081354
:103A9000FFF784FF044B10B15A7922B95971BDE880
:103AA00010401B68184710BDE41B0020074A13791B
:103AB00043B90121106011714FF080421846C2F8DD
:103AC000183570476FF07700704700BFEC1B00207F
:103AD00010B54FF080431D4CD3F81814D3F81824B8
:103AE00011F4803F19D002F00302012A03D00AB179
:103AF00001F0E9FF00224FF08043C3F818250022AF
:103B0000C3F80421D3F8042101229A60226872B913
:103B1000D3F80421002AFBD011E0D3F81424D107F4
:103B2000E8D5D3F81C249207E2D422681AB1022205
:103B3000C3F8042310BDD3F80421002AFBD00022CF
:103B4000C3F80421D3F80431F4E700BFEC1B0020D4
:103B5000F8B54FF08043194FD3F80443012504F022
:103B60001A04002604B9F8BDB4FA84F0C0F11F00AD
:103B7000830003F580739BB203F1804305FA00F2E2
:103B8000196824EA02040029ECD01E601B684FF07B
:103B900080430128C3F808230CD1D3F81824D3F8A4
:103BA0001824920706D10222C3F81805C3F804238B
:103BB0009860D7E73B68C0B29847D3E7EC1B00207A
:103BC000036803F01F025B09026004D0012B034865
:103BD00018BF002070474FF0A0407047000300500E
:103BE000034A430900F01F00D35C1844C0B2704779
:103BF0001C750000034611F0010030B5CCB213D1A2
:103C0000A207C4F3400020D5124AD2F8200558601C
:103C10004FF08053C2F82005D3F83031082B15D06F
:103C2000003818BF012010E04FF0A0414FF0805540
:103C3000D1F820251A60C1F82025D5F83051082D7B
:103C400008BFD1F82015002ADAD030BDD2F82035CF
:103C5000E6E700BF00030050F7B504460846FFF74B
:103C6000BFFF06B204EB46060D46B38ADB072BD531
:103C7000204602F02CF82946204601F097FF58B163
:103C8000204601F0A9FF276800B207EB800300225D
:103C9000C3F81025C3F810252946204601F0C5FFBA
:103CA0000021B18201A80195FFF78AFF019B00EB7B
:103CB0008300074BD0F80027134043F00203C0F8FD
:103CC0000037084603B0F0BD6FF01500FAE700BFFB
:103CD000F0F8FCFF014801F0AABE00BF440100203B
:103CE00010B504480C4601F084FE0028A4BF2070E3
:103CF000002010BD440100202DE9F04F804689B01E
:103D000058F804ABDAF80413C9B28346082241F02C
:103D10000041504601F0B3FF051E2BDA00230321BA
:103D200006A8CDE90633FFF765FF644B01930DF15B
:103D300018090023019A009312F8013B604901928F
:103D4000DA0803F007038A5C22FA03F3DA071AD4CD
:103D5000009B09F10409A3B14FF000410022504635
:103D600001F08DFF032106A8FFF744FF0028DCD1F6
:103D700025F000450124002D40F08A8009B0BDE8FF
:103D8000F08F0123D6E7009B4E4A13440293D9F8E3
:103D900000100029DCD0029B91FAA1F11C78B1FA45
:103DA00081F141EA44142046FFF71AFF0BEB400073
:103DB0000594878AC808BB0819F80020039301F00E
:103DC0000701012303FA01F122EA010209F80020A8
:103DD00005A8FFF7F5FE059A039B02F5E072C7F30D
:103DE000820650F822205B073746C2F3014233D5E2
:103DF000D6B240463A46214601F0F8FE05A80594A1
:103E0000FFF7DEFE059B03F5E07350F82330C3F3A4
:103E100001439E4207D10021204601F0B8FE314601
:103E2000204601F0B4FE05A80594FFF7C9FE059BE6
:103E3000012202FA03F3C0F820354FF08053D3F883
:103E40003031082B01BFD0F82035D0F82035D0F81C
:103E50002035D0F820359AE7022A0DD103212046DB
:103E600001F095FE06F00503012BDCD13A46214610
:103E7000404601F0BBFED6E702212046039201F046
:103E800086FE032EF2D0039A032ACCD1022EECE751
:103E900095FAA5F3B3FA83F304FA03F225EA0205CF
:103EA00003F5A2720BEB43035AF82220B3F87C10FF
:103EB000C2F30142404601F099FE5CE72C75000018
:103EC0004C7200002C750000044AD2F80034DB0765
:103ED000FBD50160BFF35F8F704700BF00E001407A
:103EE0004FF080531A69B0FBF2F302FB13036BB976
:103EF000084B0222C3F80425C3F80805D3F80024B0
:103F0000D207FBD50020C3F8040570476FF00C0002
:103F1000704700BF00E0014010B5054C0123C4F814
:103F20000435FFF7D1FF0023C4F8043510BD00BFEE
:103F300000E00140036803F01F025B09026004D047
:103F4000012B034818BF002070474FF0A040704776
:103F5000000300502DE9F3470B7F04466BBBDFF8ED
:103F6000D8900D1F01F1100601F10C08012755F83A
:103F700004AFBAF1FF3F1CD03378CDF804A001A8FC
:103F8000002B50D0FFF7D6FF019B07FA03F3C0F8D0
:103F9000083501A8CDF804A0FFF7CCFF019B00EB8A
:103FA0008300D0F8003703EA090343F00303C0F8A5
:103FB0000037A84506F10106D9D191F81DC00D8B37
:103FC0004F7D8E7D8A7EC87E2368BCF1000F0BD1A9
:103FD000D1E9008ED1E902C1C3F86085C3F864E578
:103FE000C3F868C5C3F86C1542EA0022C3F80C7523
:103FF000C3F80465C3F80855C3F8102520680023EA
:10400000C0F81031D0F81021C0F80831D0F80821DC
:10401000C0F80C31D0F80C3140F3073002B0BDE8E5
:10402000F047FEF761B9FFF785FF019B07FA03F33D
:10403000C0F80C35ADE700BFF0F8FCFF70B51646D0
:104040001D465A1C03681344C2689A42044605D2AE
:10405000006A082102F0F4FB002070BD32783DB107
:10406000AB1E062B9ABF0C4AD35C00231833DAB27E
:10407000204602F0E8FB0028EED03544B54203D1DB
:10408000A3680133A360E8E723685A1C226015F88F
:10409000012D1A70F2E700BF2E75000038B50A4BEB
:1040A00053F82040013053F82050A54200D838BDC5
:1040B000606830B1037EDB0701D402F084FC083471
:1040C000F3E723689847FAE75072000008B5094BF8
:1040D000012203201A70FFF7E1FF02F0D0FC042058
:1040E000FFF7DCFFFCF7B0FA034A137B23F0010370
:1040F000137308BDB32500209001002008B50020EF
:10410000FFF7CCFF154B83F30888154C636943F424
:10411000007363610025E02384F82230E57725767B
:104120006576A57684F82050636A43F4E0236362E1
:1041300084F82350FEF756F8FEF758F94FF0FF3396
:10414000A3620120E362FFF7A9FF0220FFF7A6FFA9
:1041500004482B462A462946FEF730F9B82D0020A0
:1041600000ED00E0CD400000024B1868984208BF07
:104170000020704748010020034B1B680BB9FFF774
:10418000D9B90020704700BFF41B002030B570B1D2
:104190000B4B5B6898420AD0036843B1D3E9042112
:1041A000D0E90445121941EB0501C3E90421D0E926
:1041B000003213605A600023C0E9003330BD00BFF5
:1041C000480100202DE9F047EFF31185202383F308
:1041D0001288BFF36F8FDFF8A090DFF8A080C9F8D6
:1041E0000000FFF7C1FF00260027D9F80030D8E90A
:1041F00000ECD91750B1D0E90442A34271EB020A96
:104200001ADAE41A62EB0102C0E9044213EB0E036E
:104210004FF000044CEB01012046C8E90031C9F819
:10422000004002F013FC2146FFF756F985F3118890
:10423000BFF36F8FBDE8F08714EB0E024CEBE47315
:10424000C0E90467C8E90023FFF7A0FF85F31188E0
:10425000BFF36F8F83689847EFF31185202383F3B3
:104260001288BFF36F8FD9F800301B1BC9F80030DC
:10427000FFF77AFFB9E700BFF41B0020000200201F
:1042800010B5EFF31184202383F31288BFF36F8FEF
:10429000FFF772FF054A0346D2E90001181841EB07
:1042A000E37184F31188BFF36F8F10BD000200200B
:1042B0000CB430B58BB004460D462022002102A874
:1042C00002F006FC02238DF80A30002D0C4B0393FC
:1042D000069412DB01D06B1E1C440FAA0E990794A2
:1042E00002A8019200F00EF815B1069B00221A7088
:1042F0000BB0BDE8304002B070470024EDE700BFCE
:10430000356B00002DE9F04F8378D0F80480154616
:104310009A0785B0074640F1B580002691F800B0B5
:10432000BBF1000F00F0B080BBF1250F05D001F10B
:10433000010A01363946584660E091F801B0BBF1F8
:10434000250F01F1020AF4D0002401211F2C26D8E8
:10435000ABF12002102A10D9ABF13002092A37D86C
:104360001AF801BBBBF1000FF0D139462520C04738
:104370000028C0F283800236DCE7854B01FA02F0A8
:104380001842EDD1032A64D0ABF13002092AE7D9F3
:10439000BBF12A0F11D1043544F02004E0E77F2C53
:1043A00016D8ABF13002092ADAD9BBF12A0F0CD1A9
:1043B000630605F10405D3D4EEE7BBF12E0F0AD155
:1043C000600661D444F04004CAE7BBF12E0FF7D079
:1043D000BBF16C0F2CD0BBF16C0F13D8BBF1680F85
:1043E0002DD0BBF16A0F31D0BBF14C0F2ED0BBF1F9
:1043F000630F0DD115F8040B01363946C04700286C
:1044000036DA3BE0BBF1740FAAD0BBF17A0FA7D02C
:10441000ABF16402112A00F29080DFE802F0398EDD
:104420008E8E8E398E8E8E8E8E98888E8E1C8E728B
:10443000220648BF44F4007444F0800490E7E3058A
:1044400048BF44F4007444F4807489E744F4207451
:1044500086E7102484E72C684E4B002C08BF1C46CE
:10446000A1464B4619F8010B20B9341B1E1904351F
:10447000514653E73946C0470028F2DABB7843F08B
:104480000403BB704FF0FF36304605B0BDE8F08F37
:1044900020062DD5A10545BF073525F0070555F8A0
:1044A000040B55F8080B0028B8BF44F4806424F0CE
:1044B0001004B8BF4042A4B20DF104090A224946D3
:1044C00002F01EFBE206A0EB09094DD5394630206B
:1044D000C0470028D2DBBBF1000F57D00236394667
:1044E0005846C0470028C9DB4C460DF1040B49E093
:1044F000E20555F8040BD6D5A3054CBF40B200B277
:10450000D1E724F01004A4B20A22200623D5A10585
:1045100045BF073525F0070555F8040B55F8080B7E
:1045200010B924F01004A4B20DF10409C7E744F057
:10453000100410224FF0780BE7E74BF02002782AA6
:104540007FF413AFCBF1780242F01002DDE70822CE
:104550004FF0000BD9E7E30555F8040BE0D5A105B2
:104560004CBFC0B280B2DBE76305BDD5013639462A
:104570002D20B6E7013C39461BF80400C04700284F
:10458000FFF67CAF002CF5D14E4471E70136ABE766
:104590008128010035750000704708B90860704730
:1045A0006FF0150070470020704730B5002985B0C6
:1045B0000446154611DB83688B420ED96368C068D8
:1045C000194401AA00F07BFE28B96268019B9B1A7E
:1045D0002B60029B6B6005B030BD6FF02100FAE7E5
:1045E0007047012303FA01F103691B68194203D0E4
:1045F00022B183681B6903E0002AFAD08368DB6874
:10460000184710B50120FDF7C3FF0128044603D168
:10461000FDF7DAFF204610BD0020FCE72DE9F0434E
:104620009DB0DDE926676846249D0C469146984674
:10463000FCF752FC36B1002F04DD3A46314668469D
:1046400000F0FBF963892289E76813441F440024C2
:10465000A74207D82598694600F015FA00201DB03A
:10466000BDE8F0833E1BAE4228BF2E46334642468D
:104670002146484600F05CFB0028F0D13246414616
:10468000684600F0DAF93444E2E72DE9F7430E46D4
:1046900017469946044628B94FF0FF38404603B004
:1046A000BDE8F0830029F7D0002AF5D0CB680D894A
:1046B0001D4404230DEB03022946384600F038FB65
:1046C00080460028E8D1BDF80410738946F6081228
:1046D000914225D1BDF806109942DDD104230DEB9E
:1046E00003022944384600F023FB0028D4D1BDF84A
:1046F000042046F607139A42CED1C4E900679DF81C
:104700002830A4F80890A3727389BDF806202B44C2
:10471000E360738913442B44043563612561BDE76D
:10472000002BE4D0B8E72DE9F3410E4617461D46AD
:10473000044620B94FF0FF3002B0BDE8F0810368B5
:10474000002BF7D04368002BF4D04FF6FF78D4E964
:1047500004239A4216D223685B8923B1E36893420B
:1047600004BF043323610423216960680DEB030255
:1047700000F0DEFA0028DDD1A37A2BB1D4E90332B0
:104780009A4201D30120D7E72389BDF8061043459B
:1047900001F1040203D0BDF804C09C450BD115B152
:1047A000BDF804302B8023690433336039802369DA
:1047B00013442361C0E7236913442361C7E702F070
:1047C0008FB910B5044600F0F2FA00F075F8A3684E
:1047D000984201D900F0FEFB181A10BD084601F0FE
:1047E000A6B801292DE9F341174601D900F0F2FBE3
:1047F0002C2303FB0104D4F82080B8F1000FF5D07E
:10480000E36826891E4404230DEB0302314640462B
:1048100000F08EFA054620B10125284602B0BDE819
:10482000F081BDF80420648946F608139A421AD133
:10483000BDF806309C4201D00325EEE704230DEBC2
:104840000302A119404600F073FA0028E4D1BDF834
:10485000042046F607139A42EED1BDF80610214413
:1048600031443960D9E7002CF1D0E5E713B54FF4B6
:10487000807201290346019208460AD15A6A03F15F
:10488000280401A900F0C3FA08B9019B236002B013
:1048900010BD022903D11A6D03F15404F1E7012080
:1048A000F5E710B528B1BDE810406022002102F004
:1048B0000FB9FCF7B1F8F6E74FF4407358433030C6
:1048C000704710B412B110BCFBF7DEBF104610BC2D
:1048D0007047002382681946FFF7F3BF08B52C2301
:1048E00003FB0101086A08B900F074FBBDE8084049
:1048F000042201F030B870B513460E46154600216B
:104900000246044600F089F850B92B4604F12C0207
:104910000121204600F081F810B1002E08BF0020D0
:1049200070BD00207047002110B504460846FBF713
:10493000E9FE04F12001C0B2FCF720FE40B90121DC
:10494000FBF7E0FE04F14C01C0B2FCF717FE08B122
:1049500000F040FB10BD10B50446C06C08B100F07B
:10496000E6F9206A18B1BDE8104000F0E0B910BDCA
:104970000123036003F1012343600023C0E90233F4
:1049800070474379012B07D10368012B04D10079CB
:10499000431E58425841704700207047F0B5D0F888
:1049A00028C0BCF5807F36D8436DB3F5807F32D800
:1049B000002422462146254626468C4507D89342A8
:1049C00005D88C4527D19B1A58425841F0BDAE42BC
:1049D0000CD1476A07EBC10701317F683E44076D80
:1049E00007EBC20701327F683D44E6E709D2476A18
:1049F00007EBC107022C7F683E440CD00131012433
:104A0000DBE7076D07EBC207012C7F683D4402D04E
:104A100001320224D1E70020D8E708B52C2303FB9C
:104A20000100006A08B900F0D5FA2023002100F047
:104A30007FF9003818BF012008BDF8B50C4610B149
:104A4000F9B10AB90120F8BD8D1800F12806002738
:104A5000836E5A1C8266034414F8011B83F82810E5
:104A60003F2A0BD93146FCF74FF9D0E9083213F54C
:104A7000007342F10002C0E908328766A542E7D11F
:104A8000E0E70846DFE7F8B50C460546002855D0B4
:104A9000002954D08B6ED1E90821D800121841F1B9
:104AA0000001581C2344C4E9082138284FF0800233
:104AB000A0664FF0000783F8282004F128060AD9E1
:104AC000C0F140023946304400F03BF83146204600
:104AD000FCF71AF9A766A06E0021C0F13802304435
:104AE00000F02FF8236A1ABA636A62661A0A84F819
:104AF000633084F862201A0C1B0E84F86030314653
:104B000084F861202046FCF7FFF82B1D211F243577
:104B100051F8042F03F8012C100E03F8040C100CAC
:104B200003F8030C100A03F8020C0433AB42EFD174
:104B300020467022002100F004F80120F8BD08464C
:104B4000FCE701F0C5BF002070470FB407B504A90A
:104B500051F8040B0191FCF7B5FA03B05DF804EBD2
:104B600004B07047038B13F0070305D10368002BD3
:104B70000CBF002003207047022B05D1408BB0FAF8
:104B800080F0400980007047012B05D10368002B9D
:104B90000CBF0020052070470020704710B50C4660
:104BA00000B111B96FF0150010BD081D00F093F8A9
:104BB0000028F9D1A368032BF6D9F3E72DE9F041DA
:104BC0000D4607461946281D90461E4600F094F8EB
:104BD000044638B13346424629463846A446BDE825
:104BE000F0416047BDE8F08110B4EFF3118220245A
:104BF00084F31288BFF36F8F416110BC0121FCF771
:104C0000AFBB38B50C46054658B151B10B6843B13E
:104C10004B6833B11C22002101F05AFF2C610020A7
:104C200038BD6FF01500FBE770B505460E46FFF77F
:104C3000B5FF041E14DBEFF31182202383F31288E7
:104C4000BFF36F8F6B8B2C8B4FF6FF718B4204F091
:104C5000070407D182F31188BFF36F8F6FF00A0446
:104C6000204670BD022C0CD101336B8382F3118876
:104C7000BFF36F8F0023224631462846FFF79EFF81
:104C8000EEE7062C14D8DFE804F004131313041A1B
:104C90000400002333606B683BB9C5E90066ACB91A
:104CA00002212846FCF75CFBDAE71E606E60F6E73F
:104CB00082F31188BFF36F8F6FF00404D0E782F3A3
:104CC0001188BFF36F8F6FF08504C9E782F31188F5
:104CD000BFF36F8FC4E7034658B1426802F0030286
:104CE000012A03D0032A04D1026812B1002098607F
:104CF00070476FF0150070474268816002F0030250
:104D0000032A4FF0000203460CBF006810465A60A9
:104D100070477047002908DB8068884205D9401A2F
:104D2000904234BF00200120704700207047704738
:104D300070B516461A4605460C46FFF7EBFF48B11C
:104D40006968E8682144826814683246A446BDE870
:104D5000704060476FF0150070BD70B516461A467A
:104D600005460C46FFF7D6FF48B16968E86821445C
:104D7000826854683246A446BDE8704060476FF0D0
:104D8000150070BD10B50B460446FFF7C3FF40B1D8
:104D90006168E068194483689B682BB1BDE81040E6
:104DA00018476FF0150010BD6FF05700FBE708B50E
:104DB000C0688368DB689847006808BD08B5C068AC
:104DC0008368DB689847407908BD70B54C68036814
:104DD000A34201D2012070BD8A682244934201D3CC
:104DE0000020F8E7D1E903254E69B54203D36FF0FF
:104DF0000B038B61F4E71B1B42F8353043680869ED
:104E000002EBC00253600B6901330B61E2E737B577
:104E10000C46C0B201A91546FCF7B0FB00280CDB1C
:104E2000019850B121462A46FCF7CEFB0446019872
:104E3000FFF77DFF204603B030BD6FF01504F9E7A2
:104E400070B506460D460024AC4200DB70BD305DF7
:104E5000FCF736FC0130F9D00134F5E773B583680F
:104E60009A420C460646114604D36FF015042046BC
:104E700002B070BD9442FADC6A46FFF796FB034627
:104E80000028F2D1DDE9005215442A1B21463046A4
:104E9000FBF7FAFC0028E8D12C46E8E72DE9F04FB3
:104EA00085B005460E4690461F4601F0FBFB20B933
:104EB0006FF04C0005B0BDE8F08F00234FF01409EF
:104EC0003B6009FB086934464FF0010A02A92846F5
:104ED00001F0E5FBDDE90232009368BB284601F0F2
:104EE0000AFC0028E4D00020E4E7A14598BF34463E
:104EF00061688A4214D121680098019201F0F0FDA6
:104F0000019A68B9237CD3B9D4E90231284698477D
:104F1000C0B184F810A03B68013314343B60D5E77E
:104F200014340BF1010BD845DFD10021284601F0E4
:104F3000F9FB0028CAD1D1E74FF0000BF3E76FF07F
:104F40006F00B7E76FF02200B4E701F0C1BD01F0D8
:104F500097BD012801D1EFF3058301F062BD014641
:104F60000068FFF7F6BF08B5FDF70AF8BDE808408E
:104F700000F000B8704700210120FFF7EABF61B6DA
:104F800062B680F31188BFF36F8F7047EFF3118023
:104F9000202383F31288BFF36F8F704772B600230C
:104FA00083F31188BFF36F8FBFF34F8F30BF62B6AB
:104FB000BFF36F8F704772B6002383F31188BFF37E
:104FC0006F8FBFF34F8F20BF80F31188BFF36F8FB8
:104FD00062B6704708B5FDF72DFA0A448A4200D13F
:104FE000704711F8013B40BA80B25840C0F3031338
:104FF0004340180380B24340580100F4FF5058402A
:10500000ECE72DE9F04106460D4617461C46ABB1CC
:10501000D0F80880D8F800309847002D11DB844282
:105020000FD8031BAB420CD3D8F808E023463A460E
:1050300029463046F446BDE8F04160471846BDE8D1
:10504000F0816FF01500FAE710B54468206801F0B0
:10505000D2FC70B1206883681B689847002807DB82
:10506000D4E90132134483428CBF6FF01500002055
:1050700010BD6FF01200FBE743681B8A002B0CBFCA
:105080006FF08500012070472DE9F04100291C4692
:105090001746436803DA6FF01500BDE8F081D3E9E5
:1050A00002250819521B9042F5D8D3E900625B7CB7
:1050B000C4B1D6F808801144CD183046D8F8003075
:1050C0009847002DE7DB8442E5D8001B8542E2D8F3
:1050D000D8F804E023463A4629463046F446BDE86F
:1050E000F04160472046D8E77FB50669456800244F
:1050F00010220021684601F0EBFC34702046AB68BA
:10510000A34201D804B070BDD5E9000121441B1BA6
:10511000102B28BF10236A46FFF773FF0028F1DB2E
:10512000AB681B1B102B94BFE4181034E7E703692E
:10513000C9B20C2201FB0233186C00F00700704763
:1051400070B5C9B20369EFF31185202484F3128886
:10515000BFF36F8F0C2606FB0134246C14F0C004DF
:1051600008D0A24206D085F31188BFF36F8F4FF0AD
:10517000FF3070BD71430B4401221A6485F311881E
:10518000BFF36F8F43680B445B6898470020F0E7DC
:105190008022FFF7D5BFF8B5069F0469C9B2EFF3C7
:1051A0001186202585F31288BFF36F8F0C25694384
:1051B0000C44256C05F0070CBCF1010F0BD12764E2
:1051C00086F31188BFF36F8FC4E90E2343685B58E1
:1051D00098470020F8BD05F0C005AF4286F311885E
:1051E000BFF36F8F0CBF6FF077004FF0FF30F1E728
:1051F00013B580240094FFF7CEFF02B010BD6FF00E
:105200008500704710B40069CBB21C2403FB040076
:10521000002110BC104700F06FBCFEF759BC08B568
:105220004368186801F0E7FB00280CBF6FF012001C
:10523000002008BD10B40029036908DC1C689442F2
:1052400001D11C793CB91A6010BCFBF7CDB86FF0E6
:10525000150010BC70476FF07700FAE7F7B51C46F1
:105260001646002382682360A36053690D4601AA95
:1052700069469847019B5A1E01921BB96FF01500B1
:1052800003B0F0BD0098A26847682168676085B9DF
:10529000B31AD0F800C0634528BF63461A4403FB25
:1052A00007112160A26002689A4206D80830009077
:1052B000E0E76B1AB3FBF7F3EBE70020E0E71346F8
:1052C0000022FFF7CBBF2DE9F047836886B05B690A
:1052D0008846914601A902AA98470024A24625467D
:1052E000029BAB4202D806B0BDE8F087019F07EBF6
:1052F000C50700267B6804933A68B2420AEB0603AE
:1053000002D801359A46EBE703940593494603A872
:10531000C0470028E7D0049B01361C44ECE710B5D9
:105320000C4600F0B7FE0023C4E90003184610BD88
:1053300038B505460C4600F0ADFE002D07DBA8424F
:1053400005D9401B84428CBF0020012038BD0020BD
:10535000FCE770B50D462846194616461C46FFF771
:10536000E7FF38B124B122462946304601F088FBD8
:10537000002070BD6FF01500FBE743685B68D3F851
:1053800010350B600020704743685B6802EA01003B
:1053900021EA0201C3F80805C3F80C150020704784
:1053A00043685B680020C3F80815704743685B6872
:1053B0000020C3F80C15704743685A68D2F80435CA
:1053C00021EA03000B40C2F80805C2F80C350020A2
:1053D000704710B503695868F8B1884219D19C68C4
:1053E00008685860A14200D19860002008602AB186
:1053F0005A680A609A68596002B99960002010E002
:10540000814206D10868206098688142EDD19C6095
:10541000EBE7044600680028F2D1002AE8D16FF0DB
:10542000150010BDFEF768BC30B543681360057AFF
:10543000446804EBC504A34202D36FF0010030BD01
:105440005C798C4201D00833F0E70020F7E7704721
:1054500043685B6B0020C2E9003070472DE9F341DF
:10546000BDF820C046680469032905460CF0010C0C
:105470005ED8B07D012808BF5B084FF0010008BF6F
:1054800052088840002B56D09A4257D9A769BA4291
:1054900011D0277F87434BD19646BEF5004F42D2AD
:1054A000A2616777226896F81680C2F80C75C2F878
:1054B0000485C2F808E5627F23FA02F292B24FF047
:1054C000010E6F688CF001083F6A42EAC83227F883
:1054D0001120C7B2BEF1000F3FD1226801F5AC71B7
:1054E00052F82120002A0FDBBCF1000F4AD0B3FA9A
:1054F00083F35B093BBB01A80192FDF707FD019A0D
:1055000001239340C0F80C35217F21EA0701217760
:1055100039B3A37F73BB1023012206F1200120467B
:1055200000F047FE22E00137082F4FEA5E0EB4D1AB
:105530006FF015001BE09E461A46C2E74FF0000EC2
:1055400047F6FF72BDE701A80192FDF7DFFC019A63
:1055500001239340C0F80835D6E7237F3B432377E8
:10556000D7E7286900F05DFE0123A377002002B091
:10557000BDE8F0810023A377204600F06CFE0028F0
:10558000FAD0C8E7003B18BF0123B3E710B50022EB
:10559000044601211C20FCF7D7FE2046BDE8104040
:1055A000FDF7C4BC10B50022044601212120FCF700
:1055B000CBFE2046BDE81040FDF7B8BC0020704788
:1055C00043685868704708B5436800215A681868EE
:1055D00001F07EFA002008BD10B50C461146426865
:1055E00010681A46204401F04BFA002010BD10B597
:1055F00004461046626814681A46214401F040FAD5
:10560000002010BD43681B68D3F88004C3F88004F1
:10561000704742681368D3F8100150B1D269002076
:1056200012780A70C3F81001D3F8102101221A6011
:1056300070474FF0FF307047002A0FDD4268136853
:10564000D3F8100158B10020C3F81001D269D3F883
:10565000100112780A70012018607047002070470E
:1056600010B543681C680369EFF31180202282F3B0
:105670001288BFF36F8F1A68D17B39B991731B6899
:105680000122DA734FF48003C4F8043380F31188E5
:10569000BFF36F8F10BD03691A68D17B21B101215F
:1056A00091731B680022DA73704702691168034620
:1056B000C87B40B15B681B68D3F8580118B1002360
:1056C0000B6113689889704743681B68D3F8100111
:1056D000003818BF0120704743681B68D3F80423C3
:1056E000D2065CBF1022C3F80423704743681B68CE
:1056F000D3F80423D20644BF1022C3F8082370470E
:1057000043681B684FF40072C3F804237047436872
:105710001B684FF40072C3F80823704738B543681C
:105720001D68D5F804335B02044605D4D5F804039C
:1057300010F0100006D138BDFFF7B7FF0028F5D0F4
:105740000120F8E72046FFF7BFFF003818BF01200F
:10575000F1E7012070470369186801601B685A600F
:10576000704702680346D2F8580140B95B68DB070E
:1057700006D4D2F82001003818BF0120704701205C
:10578000704713B501AA0446FFF74EFE002805DB5B
:10579000019B226819791868FDF7FCFA02B010BD68
:1057A000F8B50022054601210220FCF7CDFD0220BC
:1057B000FCF79AFD6C680121E068FFF7E2FF6B6877
:1057C0001A682369C2F82435617D237D0B43A17DCE
:1057D0000B43C2F86C356E68D6E9004313F0010341
:1057E00036D02F6904F10C0107F10C0204F590701A
:1057F00000F03AF900282ADB387BFEF78BF8082303
:10580000C4F80035B369C4F844350023C4F84835FA
:105810000123A360D4F85831002BFBD00021C4F839
:1058200000156D682C68E868FFF7ABFF0823C4F823
:1058300000352A7A52B9EB69C4F834350123C4F82B
:105840003835C4F81021D4F8102123600020F8BDA9
:105850000822C4F80025B269C4F84425C4F84835C4
:105860000123A360D4F82031002BFBD00023C4F81F
:105870002031D4F820310123E3604FF48073C4F861
:105880000433C7E72DE9F041066933689C89BFF30B
:105890005B8F94420546A8BF14461033012753E896
:1058A000002F002A03D143E800700028F7D1BFF38E
:1058B0005B8F0CBF3B4600232BD133682246986890
:1058C00001F0DEF8EFF31188202383F31288BFF391
:1058D0006F8F69680846FFF744FF326840B910616E
:1058E000044688F31188BFF36F8F2046BDE8F0812E
:1058F0000B689268C3F844250022C3F84845C3F8F2
:105900002021D3F82011C3F85821D3F858219F60E3
:10591000E7E71C46E9E700F150039B009BB203F167
:10592000804303F5883300221A601B687047806843
:10593000183820F0070010387047042809D00528CF
:1059400003D1481E18BF01207047431A58425841DE
:1059500070470120704738B515460C4661B15AB101
:10596000FFF72CFA2544214611F8013B834203D16D
:10597000A942F9D1012038BD0020FCE738B50C461A
:105980000123114622460546FFF7D2F900280FDB16
:10599000012221462846FFF7DEFF38B92378012B84
:1059A00014BF022301232370002038BD0323FAE72C
:1059B0000120FAE78268183A22F00702FFF7DEBFFB
:1059C00013B50C46C0B201A9FBF7D8FD50B921466A
:1059D0000198FDF7F3FD04460198FFF7A8F920466A
:1059E00002B010BD0124FAE703460020184700F07A
:1059F000E6BF10B502461168B1B1BFF35B8FB1FAD3
:105A000081F3C3F11F000123834021EA030352E81D
:105A1000004F8C4204D142E8003CBCF1000FF6D1AB
:105A2000BFF35B8FE7D110BD6FF00B00FBE710B544
:105A30000368CB40DB0714D401238B400268BFF31B
:105A40005B8F43EA020150E8004F944204D140E8E2
:105A5000001CBCF1000FF6D1BFF35B8FEED100202C
:105A600010BD6FF01500FBE770B50C460021054630
:105A700008461646FDF740FF00280ADB3378DB00B6
:105A800003F1804303F5F8330020C3F81055C3F841
:105A9000144570BD10B1012802D07047FEF718B848
:105AA000FDF7C8BF18B1012803D100F00AB800F013
:105AB00023B8704708B5FDF7D9FFBDE80840FEF7E9
:105AC00047B8FDF77DBF38B54FF080440223C4F8D6
:105AD00008330123E3600023C4F80431D4F804310F
:105AE00042F21075D4F81834DB0304D50120FFF717
:105AF0007EFF013DF6D138BDFFF7E5BFF7B5019058
:105B000001A8DDE9084716461D46FEF759F8019B36
:105B1000B6F1000C18BF4FF0010C00EB83000B1E18
:105B200018BF0123002D43EA4C0314BF4FF00C0CA7
:105B30004FF0000C002C43EA0C0314BF4FF4E06C50
:105B40004FF0000C002F43EA0C03D0F8002714BFDD
:105B50004FF4403C4FF0000C43EA0C0322EA0303ED
:105B600001B109780EB13678760019430DB12D7860
:105B7000AD0031430CB12478240229430FB13F78A2
:105B80003F040C433C43C0F8004703B0F0BD1FB5D1
:105B90000DF10F03019300238DF80F1000931A46A7
:105BA0001946FFF7ABFF05B05DF804FB10B50446DE
:105BB0000846FEF715F804EB4004A08AC0F3401035
:105BC00010BD10B504460846FEF70AF804EB400481
:105BD000A08AC0F3400010BD10B504460846FDF78A
:105BE000FFFF04EB4004A08A400B10BD70B50446D3
:105BF00008461646FDF7F4FF08300D4634F810301D
:105C0000DA0509D5C3F3432304EBC302314654F844
:105C10003330526828469847A3682BB1E268314672
:105C20002846BDE87040184770BD10B504460846C8
:105C3000FDF7D6FF00B204EB4000838ADA051DD5DC
:105C4000C3F3432123F4F853838204F1120204F1D5
:105C5000720032F8023F13F4807F03D0C3F3432372
:105C600099420BD08242F4D104EBC10300225A6066
:105C700004F17800BDE81040FFF7D9BE10BDF0B5C3
:105C8000034600F5807400200546012784469542AE
:105C90000AD1D3F87C2132B10022C3F87C21D3F899
:105CA0007C3140F00040F0BD25F0404607FA06F692
:105CB000314209D0D4F800E0BEF1000F04D0C4F89E
:105CC00000C0D4F800E0304301350434DFE738B5D4
:105CD00004460D46FFF76AFFB0B12046FFF771FF9B
:105CE00090B92046FFF778FF226801238340C2F86D
:105CF0000833236800B203EB8003D3F8102522F0A9
:105D00000302C3F8102538BD28460021BDE83840FD
:105D1000FFF73DBF2DE9F043174685B0044608461E
:105D2000FDF75EFFD7F800800E460546B8F1000F7C
:105D30001FD02046FFF745FF18B12046FFF736FF7A
:105D400030BB0023CDE900338DF80E308DF80F30D5
:105D50000DF10F0243460DF10E013046FFF7CEFE66
:105D60002AB204EB4202938A23F0020343F00103B8
:105D700093827B68002B34D03146204693F8008014
:105D8000D3F80490FFF71DFF28B1B9F1000F1FD021
:105D90006FF0150028E028B204EB4000838A23F45A
:105DA000604323F020038382B9F1000F10D0B8F1D3
:105DB000030FEDD87B6821685B6893F800C001EBA6
:105DC0008C01B8F1000F12D1C1F81085C1F810850F
:105DD0002AB204EB4202938A23F01C0343EA8803AD
:105DE0009382BB684BBB002005B0BDE8F083D1F8BF
:105DF000102522F00302C1F81025226802EB8C0363
:105E0000D3F8102522F44F3222F44072C3F8102543
:105E10003202D3F8101502F47C5242EA08420A43D7
:105E2000C3F8102504EB4C03A3F87C60838A43EA93
:105E30004C3343F020038382CAE7D3E9007831462C
:105E40002046FFF7F2FE002FCDD063689F4206D0B8
:105E500004F17800FFF7CDFD002804DAC4E7A36859
:105E60009845F5D1002004EBC003C3E901782DB2B9
:105E700004EB4505C0B2AB8A43EA402343F4807388
:105E8000AB82B0E72DE9F043054685B008461746DA
:105E90001E46FDF7A5FE0C46804637B32846FFF7A1
:105EA00090FE18B92846FFF781FE28BB0FFA88F943
:105EB00005EB4909B9F8143013F01C0F02D07B78B8
:105EC000012B19D001238DF80F300023CDE9007389
:105ED0007A1CBB1C0DF10F012046FFF70FFEB9F82D
:105EE000143043F00303A9F81430002E41D02146AA
:105EF0002846FFF766FE20B96FF0150005B0BDE833
:105F0000F08337782B6803EB87030022C3F8102552
:105F1000C3F810250FFA88F205EB42024FEA870C0E
:105F2000938A23F4604323F020039382707800B3B4
:105F30002968B67861440004D1F8103523F4991328
:105F400023F4F853C1F81035230200F4403003F471
:105F50007C5303433005D1F8105500F480100343FF
:105F60002B43C1F81035938A43EA473343F02003AB
:105F700093820020C2E7C0E90312704770B504465F
:105F80001546FFF713FE48B10846FDF729FE04EB5E
:105F900040040020A38A5B0B2B7070BD6FF01500CE
:105FA000FBE738B590F88C4005469CB96022214645
:105FB000143000F08DFD2868C0F87C41D0F87C31A9
:105FC00040F30730FCF790F9012385F88C30AB677C
:105FD000204638BD6FF07700FBE790F88C00003862
:105FE00018BF01207047FDF737BE2DE9F341044685
:105FF0001746FFF7DBFD0D46266800B32046FFF786
:10600000E0FD8046D8B92046FFF7E6FD05B2AD00B9
:1060100005F5807246F802802168B2582944D1F80B
:10602000102542F00102C1F810252FB1216801228C
:1060300002FA00F3C1F8043302B0BDE8F081D6F8EB
:106040000433002BA4BF4FF00043C6F804332846A6
:10605000FDF7C6FD04EB4004A38AC3F38203042BBF
:1060600012D0052B12D001A80195FDF7A9FD019BC7
:10607000D0F81015D94001F001010231284602B0D4
:10608000BDE8F041FFF783BD0321F7E70221F5E703
:10609000FFF71DBE4FF080531A695869504370478F
:1060A0004FF08053186970474FF08053586970471C
:1060B00030B502240C72CA6004680125C4F800558A
:1060C000096879B112F0040F0CBF822192211507E3
:1060D00048BF41F02001D406046848BF21F0800188
:1060E000C4F800139B000168083312F0800006BF5B
:1060F0000122CA50C81830BD30B5A2F58075AD0870
:106100000124AC400C4207D0815829B100218150B4
:1061100082581A6822431A6030BD13B500230C461A
:1061200001934FF4887201ABFFF7E6FF21464FF46D
:106130008A72FFF7E1FF21464FF48E72FFF7DCFF12
:1061400021464FF48272FFF7D7FF21464FF4847245
:10615000FFF7D2FF21464FF48672FFF7CDFF4FF4D1
:106160008C722146FFF7C8FF019802B010BD10B530
:106170004368044633B900680221FFF7CEFF08B137
:1061800001232373207B023818BF012010BD70B596
:10619000067B044656B9C0E9012319B10B7F03758C
:1061A000FDF7D8FE01232373002070BD6FF0770048
:1061B000FBE770B40C46014615461A4651F8043BFD
:1061C0002668C3F82065A688C3F82465A668C3F8C6
:1061D0002865E668C3F82C6503682668C3F840653F
:1061E000A688C3F84465A668C3F84865E468C3F8A0
:1061F0004C45046805F0010303EB5505C4F814553C
:10620000D4070CD412F0020403D0002B14BF0824CE
:1062100004240568C5F8004270BCFFF749BF10248C
:10622000F7E710B503680022C3F8002203680122D3
:1062300004465A6051B12046FFF799FF0028FAD072
:1062400023680022C3F80025012323732046BDE8FC
:106250001040FFF78CBFFFF78ABF70B5B22104462C
:106260000068FFF75AFFC306054607D523695E0796
:1062700004D5636813B1A16801209847A80607D523
:106280002369190704D5636813B1A16802209847F0
:106290002A0607D5206910F0100003D163680BB1FE
:1062A000A1689847AB070CD523680022C3F80025E6
:1062B00001232373636823B1A1680320BDE8704004
:1062C000184770BD30B5026A0346D2E901408442E6
:1062D0004FF0000002D30123D36030BD1874506822
:1062E00001305060186A4268541E0268242505FB7C
:1062F000042218465C1950F8045B42F8045BA04283
:10630000F9D199600120E8E7F0B5064604460F464A
:1063100094460FCE8BB001AD0FC50FCE0FC5216ACD
:1063200033684A682B602068A56822B90223CB60D5
:1063300000200BB0F0BDFB0713D50B682426013AF3
:1063400006FB02337E0703D41A7C0AB10F23EEE763
:10635000224603F1240153F8046B42F8046B8B428C
:10636000F9D1B90741BF226A536803F1FF33536083
:10637000AC4505D2236A002BDAD00422DA60D7E7D5
:106380007A0748BF20603B0701D40120D1E706AB64
:1063900093E80700143484E80700F6E710B50260BC
:1063A0001A44029B836001294FF00003C26003740A
:1063B0000375836101D8036210BD24224A43243A45
:1063C000841804628350026A8C1E9460026A5360CF
:1063D000026AD360026A1374026A022953741EBFF0
:1063E000036A24301860E7E7182871F100030ED320
:1063F000B0F5807F71F100030BD3B0F5803F71F1F0
:10640000000308D3002914BF09200520704701208C
:106410007047022070470320704737B508294FF0B6
:1064200000044FF00005CDE900450A460AD80146B0
:10643000684600F025FBDDE9000103B0BDE830400F
:10644000FFF7D2BF002003B030BD00B1C16070477C
:1064500043680360836801338360006AFFF7F5BF18
:1064600008B50268C3689A4205D3006A0821FFF79D
:10647000ECFF002008BD0120FCE738B504460D46BE
:10648000FFF7EEFF40B123681B78B5EB531F04D034
:10649000206A0A21FFF7D9FF002038BD10B5044655
:1064A000FFF7DEFF38B123681A78FF2A05D0206A8B
:1064B0000A21FFF7CAFF002010BD01332360FBE76C
:1064C00010B5027D044632B1FFF7E8FF48B1002362
:1064D00023754FF0FF3220460721BDE81040FFF73B
:1064E00013BF10BD2DE9F84F04460E4691461D46D8
:1064F000FFF7B6FF804628B1A36843B90321206A9D
:10650000FFF7A3FF4FF000084046BDE8F88F226870
:10651000177807F01F0BBBF11F0F12D12DB3206AA4
:1065200018B1037C0BB11521EAE701232B7000257C
:106530002368636001352B442360A368013BA3609B
:10654000E2E7BBF1170F14D9ABF11803D9B2032955
:106550000BD801259D40A94509D3E36805F1010A3F
:106560005244934207D20821C9E70721C7E7052112
:10657000C5E70025F1E74A460021304600F0A8FAB9
:1065800015B986F800B0D2E72268711E531913F8C6
:10659000010901F8010F9A42F9D1236A002BC7D0F3
:1065A0001B7C002BC4D00737FFB2022FC0D949464D
:1065B0003046FFF732FF8245BAD015219FE738B544
:1065C0000C4611460546FFF758FF08B9002038BDB4
:1065D00004220023A1182846FFF784FF0028F5D0E5
:1065E0002B682360F3E737B5002304468DF80330AA
:1065F000FFF743FFA8B104220DF103030DEB0201E5
:106600002046FFF76FFF60B19DF8035065B901990F
:106610002046FFF757FE50B963682360A368013333
:10662000A360002003B030BD6FF00F01F0E72575C7
:10663000F8E738B504460D46FFF7C1FF48B12268B8
:10664000E3689B1A6A689A4204D908212046FFF73A
:10665000FFFE002038BD38B504460D46FFF7E9FFC0
:1066600018B123686A681344236038BD70B50D46BD
:10667000002104461646FFF700FF38B1324629468E
:1066800020460023BDE87040FFF72CBF70BD0422F8
:10669000FFF7ECBFFFF7FBBF0222FFF7DCBF0322CF
:1066A000FFF7D9BF10B505210446FFF79CFF50B195
:1066B000237D4BB9A3686FF00042934205D30521B7
:1066C0002046FFF7C5FE002010BD5B00A360FBE77E
:1066D000037D23B98068B0FA80F0400970470368F1
:1066E000C268934205D21878A0F1FF03584258417E
:1066F000704700207047FFF7E3BE38B50D4606210E
:106700000446FFF7BAFE08B9002038BD0023042272
:1067100029462046FFF7E6FE0028F5D0A36801339E
:10672000A360F2E7F0B58FB00446FFF799FE0028AA
:106730005DD023681D7800220023CDE902236D0976
:10674000234605AA04F1200718685968164603C6AF
:106750000833BB423246F7D118683060062D1CD092
:106760002A1F0023012A4FF008028DF804300DEB98
:10677000020198BF01AB05A8FFF7B4FE064600284A
:1067800035D0042D3BD019D8023D012D21D9059BD0
:106790002360A368013BA3602AE001A905A8FFF7D5
:1067A000ACFF20B3059B089A934204D30821206ACA
:1067B000FFF74BFE1BE01D786D09CFE7052DE6D1F5
:1067C000DDE90232B3F1004F72F1000113D3294623
:1067D000EDE7E3682168029A5B1A9A4203D8059BA9
:1067E00013440593D3E708212046FFF731FE002626
:1067F00030460FB0F0BDDB185241CDE902329DF8B2
:10680000045025B16FF00F020023CDE90223029B53
:1068100007938DF8285005A8FFF75AFF014638B1B5
:10682000002DB4D005A8FFF739FE0028AFD1DEE770
:1068300005A8FFF777FF0028EDD1D8E7FFF7AEBD39
:1068400000B1C160704710B50368C468A34205D3A6
:10685000006A0821FFF7F4FF002010BD02F01F02BC
:1068600042EA411119700368013303600120F4E723
:1068700070B505460E46104619461446FFF7CDFD85
:106880002246431E31462846BDE87040FDF7D6BB80
:10689000F8B51746C36802689A4204460D4606D307
:1068A000206A0821FFF7CCFF00263046F8BD9B1A6E
:1068B0004A689A42F4D80E4656F8043B53B1042174
:1068C0003046FFF7AAFD6A6823681344E268034470
:1068D0009A42E5D33246042339462046FFF7C8FFE3
:1068E00006460028E0D020682968884202D06A68FD
:1068F00000F0D4F823686A6813442360D5E7082AB7
:1069000073B513460C4606D9006A0521FFF798FFB8
:10691000002002B070BD8E1816F9012C002A0FDA83
:106920000A4669460C46B24204D101212246FFF7CD
:106930009FFFEEE712F8015BED4301F8015BF2E720
:106940000021F3E713460A460021FFF791BF07B580
:10695000042201910DEB0201FFF7D1FF03B05DF8B6
:1069600004FB07B5042201910DEB0201FFF7EAFFDA
:1069700003B05DF804FB0322FFF78ABF07B5CDE93A
:1069800000126946FFF7F7FF03B05DF804FB1F2212
:106990000421FFF758BF1F220521FFF754BF1F2214
:1069A0000721FFF750BFFFF7FABF1FB50024CDE95D
:1069B0000144069C0094FFF7F1FC04B010BD08B13F
:1069C000FBF768BD704710B5436904463BB900202A
:1069D000E268537843F001035370404210BD98477A
:1069E0000028F4D00028B8BF4042E368FF28A8BFC1
:1069F000FF201870ECE740B1C368587810F0010030
:106A00001EBF1878B0FA80F040097047EFF3118389
:106A1000202383F31288BFF36F8FFEE708B5FFF7DB
:106A2000F5FF10B5EFF31184202383F31288BFF331
:106A30006F8FFFF7F3FF84F31188BFF36F8F10BDE3
:106A4000EFF30580003818BF0120704708B50246F3
:106A5000FDF78AFB70B1D0E904319B1A61EBE27259
:106A6000B3F1004F72F1000104DA002AACBF1846FE
:106A7000002008BD6FF00040FBE7FDF701BC704748
:106A80000A44914200F1FF3300D1704710B511F86C
:106A9000014B03F8014F9142F9D110BD884210B566
:106AA00001EB020402D98442234607D8431EA142C7
:106AB00008D011F8012B03F8012FF8E70244014632
:106AC0008A4200D110BD13F8014D02F8014DF7E7DD
:106AD00002440346934200D1704703F8011BF9E7D3
:106AE00010B501390244904201D1002005E003783D
:106AF00011F8014FA34201D0181B10BD0130F2E77D
:106B0000F0B5C2F137050446EDB202F01F020846A7
:106B1000B4FBF2F602FB1641CBB2092988BF5B1920
:106B2000274688BFDBB23033BA4200F8013B344617
:106B3000EED9F0BDD1E9043293421EBF5A1C0A615E
:106B4000187070470096FF7F010000000D050000DF
:106B500000000000DD2400000000000051240000BF
:106B60000000000000000000D46B000000000000E6
:106B70000C6C000000000000F06B00001925000004
:106B80000000000000000000286C000075330000C9
:106B90000000000000000000446C00000000000045
:106BA000606C000000000000986C00000000000015
:106BB000B46C0000000000007C6C000000000000CD
:106BC000D06C000000000000EC6C0000FD1500001F
:106BD0000000000048740000F8700000DC6E000047
:106BE00052010020501B0020492600000000000038
:106BF000867400002C710000A06E00005801002077
:106C0000B41B0020B92B00000000000094740000A9
:106C100040710000A06E00005A010020C01B00203F
:106C2000B92B000000000000EA74000004720000AC
:106C3000146F0000640100201C010020A157000017
:106C400000000000C4740000F4710000CC6E00006D
:106C50006001002000000000BD55000000000000A1
:106C6000D7740000FC710000CC6E000062010020AF
:106C700000000000BD550000000000006C74000022
:106C800000000000886E0000560100200000000097
:106C9000E928000000000000AA7400005471000000
:106CA000C46E00005C010020DC000020A55500003F
:106CB00000000000B7740000A4710000C46E000062
:106CC0005E010020FC0000208D5500000000000047
:106CD0006374000010710000F86E00005401002081
:106CE000A41B00201F520000000000003C740000A4
:106CF000D470000000000000500100208F2500200B
:106D00004950000000000000B55A0000E959000099
:106D100000000000774F000000000000774F0000E7
:106D200000000000774F000000000000774F0000D7
:106D300000000000774F00004C00002025540000A8
:106D400000000000774F000000000000774F0000B7
:106D500000000000774F000000000000774F0000A7
:106D600000000000774F000000000000774F000097
:106D700000000000774F000000000000774F000087
:106D800000000000774F000000000000774F000077
:106D9000000000000534000000000000774F0000F4
:106DA00000000000774F000000000000774F000057
:106DB00000000000774F000000000000774F000047
:106DC00000000000774F000000000000774F000037
:106DD00000000000774F000000000000774F000027
:106DE00000000000774F0000FC0000205B62000004
:106DF00000000000774F000000000000774F000007
:106E000000000000774F000000000000774F0000F6
:106E1000DC0000205B62000000000000774F0000F3
:106E200000000000774F000000000000774F0000D6
:106E300000000000774F000000000000774F0000C6
:106E400000000000774F000000000000774F0000B6
:106E500000000000774F000000000000774F0000A6
:106E600000000000774F000000000000774F000096
:106E700000000000774F000000000000774F000086
:106E800000000000774F000053530000F529000078
:106E900085290000E12800001F530000D1280000D0
:106EA000F52B00007B53000089530000A153000024
:106EB000AD530000B9530000692A0000D35300000D
:106EC000000000005D54000051540000C155000056
:106ED000EF550000D9550000C7550000FF510000D4
:106EE00091510000F1510000000000002F510000FE
:106EF0000000000000000000E903000000000000A6
:106F000000000000A9280000000000003552000029
:106F10000000000013560000653000000556000018
:106F20008558000039560000615600009756000051
:106F3000AB560000D9560000ED560000AB560000DD
:106F4000C9560000015700000F5700001D570000F0
:086F50005357000057570000E1
:106F60000338FDD870470000D9160000414E0000DC
:106F70000100000002000000982F8A4291443771FE
:106F8000CFFBC0B5A5DBB5E95BC25639F111F159AC
:106F9000A4823F92D55E1CAB98AA07D8015B8312EE
:106FA000BE853124C37D0C55745DBE72FEB1DE809A
:106FB000A706DC9B74F19BC1C1699BE48647BEEFC9
:106FC000C69DC10FCCA10C246F2CE92DAA84744A54
:106FD000DCA9B05CDA88F97652513E986DC631A8CA
:106FE000C82703B0C77F59BFF30BE0C64791A7D5A9
:106FF0005163CA0667292914850AB72738211B2E31
:10700000FC6D2C4D130D385354730A65BB0A6A7618
:107010002EC9C281852C7292A1E8BFA24B661AA824
:10702000708B4BC2A3516CC719E892D1240699D634
:1070300085350EF470A06A1016C1A419086C371EAD
:107040004C774827B5BCB034B30C1C394AAAD84E8B
:107050004FCA9C5BF36F2E68EE828F746F63A578C6
:107060001478C8840802C78CFAFFBE90EB6C50A459
:10707000F7A3F9BEF27871C60020004000800240FC
:1070800005000000000000000000000000C000003B
:107090007C6C00000100000000C000000010070030
:1070A0007C6C00000200000000D007000010070008
:1070B0007C6C00000300000000E00E000060000097
:1070C0007C6C00000400000000400F0000C00000C5
:1070D0007C6C0000606C00000000000001000000FB
:1070E0000000000000000000000000000526000075
:1070F000D52500000000000021270000A126000087
:10710000577400001B520000175200005D7400000D
:10711000986C0000000000003577000000000000BF
:10712000000000000400000000FF0000FFFF00005E
:10713000000300504C00002000000000010000008F
:10714000FFFFFFFF000000504C0000200000000087
:10715000000000000000000000000000000000002F
:10716000000000000000000000040000E80302012D
:1071700001010000FA1B00200400000000000000D4
:10718000000000008C7100000024F4000010024098
:107190009871000001000000A071000001000000D3
:1071A000FF010000000000000000000000000000DF
:1071B000000000000000000000040000E8030201DD
:1071C00001010000021C002004000000000000007B
:1071D00000000000DC7100000024F40000C0014049
:1071E000E871000001000000F071000001000000E3
:1071F0000F20001620050040010000001C05004083
:10720000010000000020004001000000000000001C
:10721000247200000000D60100000000922500202A
:107220009125002000200040307200000100000085
:107230003872000002000000090000000A0000018E
:107240000100000002000000080000000300000030
:107250004C6B00005C6B00008C6B0000946B0000BA
:10726000CC6B0000D46B000077C295F360D2EF7F47
:107270003552500F2CB679804661696C6564207474
:107280006F207265626F6F743A207370696E6E69F9
:107290006E6720656E646C6573736C792E2E2E0A92
:1072A000007F7F7F7F7F7F7F7F7F7F7F7F7F7F7F6D
:1072B0007F7F7F7F7F7F7F7F7F7F7F7F7F7F7F7FDE
:1072C0007F7F7F7F7F7F7F7F7F7F7F7F3E7F7F7F0F
:1072D0003F3435363738393A3B3C3D7F7F7F407FFE
:1072E0007F7F000102030405060708090A0B0C0D45
:1072F0000E0F101112131415161718197F7F7F7FA8
:107300007F7F1A1B1C1D1E1F2021222324252627B8
:1073100028292A2B2C2D2E2F303132337F7F7F7F4F
:107320007F4142434445464748494A4B4C4D4E4FA6
:10733000505152535455565758595A6162636465B7
:10734000666768696A6B6C6D6E6F70717273747565
:10735000767778797A303132333435363738392B9D
:107360002F2A2A2A20426F6F74696E67204D435579
:10737000626F6F742076322E332E302D6465762D39
:10738000336465356234646635663966202A2A2A94
:107390000A002A2A2A205573696E67206E524620F9
:1073A000436F6E6E6563742053444B2076332E33E7
:1073B0002E342D39626532653862666664616620F6
:1073C0002A2A2A0A002A2A2A205573696E67205A17
:1073D0006570687972204F532076342E332E3939F8
:1073E0002D333765366332383537366565202A2ABE
:1073F0002A0A00726300696D6167650064617461E7
:10740000006C656E006F666600696D61676573008C
:10741000736C6F740076657273696F6E00256875A2
:107420002E2568752E256875002E25750061626F02
:10743000727428290A00000001000000626F6F7456
:107440005F6D6F6465403000636C6F636B40343018
:10745000303030303030006866636C6B006C6663CF
:107460006C6B0070776D636C6F636B00666C61733F
:10747000682D636F6E74726F6C6C6572403430305F
:107480003165303030006770696F403530303030F2
:10749000333030006770696F403530303030303015
:1074A0003000000102030405060770776D40343098
:1074B0003032313030300070776D403430303163ED
:1074C00030303000677072656772657432403430F6
:1074D00030303035323000677072656772657431F4
:1074E000403430303030353163007561727440346F
:1074F0003030303230303000040104030402040123
:10750000040104030104030401040000000000015D
:1075100001000000000001010100000000203030E7
:107520003030303030303030303030300001010217
:107530000203030303286E756C6C29002DE9F041EA
:10754000036883F30888002383F31488BFF36F8FE5
:10755000BFF36F8FDFF818C0064FD0F804E0A7EB39
:107560000C074FF0005870460047BDE8F08100BF9F
:10757000000000203C00002001000000FFFFFFFF92
:10758000474B0000847000000060004000000000D5
:1075900000000000000000000000000000000000EB
:1075A00000000000000000000000000000000000DB
:1075B00000000000000000000000000000000000CB
:1075C00000000000000000000000000000000000BB
:1075D00000000000000000000000000000000000AB
:1075E000000000000000000000000000000000009B
:1075F000000000000000000000000000000000008B
:10760000000000000000000000000000000000007A
:107610000000000000000000001002400000000018
:10762000000000000000000000000000000000005A
:10763000000000000000000000C001400000000049
:10764000000000000000000000000000000000003A
:1076500000000000000000002C01002000000000DD
:10766000000000000000000000000000000000001A
:107670009325002020000000000000000090D003AF
:10768000FF00000048010020480100200000000029
:1076900000000000000000000000000000000000EA
:0876A0000000000015E015E0F8
:10C000003DB8F396000000000002000084F0040038
:10C01000000000000100000000000000000000001F
:10C020000000000000000000000000000000000010
:10C030000000000000000000000000000000000000
:10C0400000000000000000000000000000000000F0
:10C0500000000000000000000000000000000000E0
:10C0600000000000000000000000000000000000D0
:10C0700000000000000000000000000000000000C0
:10C0800000000000000000000000000000000000B0
:10C0900000000000000000000000000000000000A0
:10C0A0000000000000000000000000000000000090
:10C0B0000000000000000000000000000000000080
:10C0C0000000000000000000000000000000000070
:10C0D0000000000000000000000000000000000060
:10C0E0000000000000000000000000000000000050
:10C0F0000000000000000000000000000000000040
:10C10000000000000000000000000000000000002F
:10C11000000000000000000000000000000000001F
:10C12000000000000000000000000000000000000F
:10C1300000000000000000000000000000000000FF
:10C1400000000000000000000000000000000000EF
:10C1500000000000000000000000000000000000DF
:10C1600000000000000000000000000000000000CF
:10C1700000000000000000000000000000000000BF
:10C1800000000000000000000000000000000000AF
:10C19000000000000000000000000000000000009F
:10C1A000000000000000000000000000000000008F
:10C1B000000000000000000000000000000000007F
:10C1C000000000000000000000000000000000006F
:10C1D000000000000000000000000000000000005F
:10C1E000000000000000000000000000000000004F
:10C1F000000000000000000000000000000000003F
:10C20000800601204D2B040035700400392B0400FA
:10C21000392B0400392B0400392B040000000000E6
:10C22000000000000000000000000000352C0400A9
:10C23000392B040000000000A12B0400392B04005E
:10C24000056C030005CB0300056C0300056C0300BF
:10C25000056C0300056C0300056C0300056C03000E
:10C26000056C0300056C0300957F0300056C03005B
:10C27000056C0300056C0300056C0300056C0300EE
:10C28000056C0300056C0300056C0300056C0300DE
:10C29000ADCB0300056C0300056C0300056C0300C7
:10C2A000056C0300056C0300056C0300056C0300BE
:10C2B000056C0300056C0300056C0300056C0300AE
:10C2C000056C0300056C0300056C0300056C03009E
:10C2D000056C0300056C0300056C0300056C03008E
:10C2E000056C0300056C0300056C0300056C03007E
:10C2F000056C0300056C0300056C0300056C03006E
:10C3000001F0FF01102A2BDB10F0070F08D010F806
:10C31000013B013A8B422DD010F0070F42B3F6D10A
:10C32000F0B441EA012141EA014122F007047FF023
:10C3300000070023F0E80256083C85EA010586EA7A
:10C34000010685FA47F5A3FA87F586FA47F6A5FAB6
:10C3500087F68EB9EED1F0BC01F0FF0102F00702C2
:10C3600032B110F8013B013A83EA010313B1F8D16D
:10C370000020704701387047002D06BF354603384E
:10C38000073815F0010F07D1013015F4807F02BF87
:10C39000013015F4C03F0130F0BC0138704700BFD8
:10C3A000014B1B685B68184700000020014B1B68AD
:10C3B0009B68184700000020014B1B681B69184749
:10C3C00000000020014B1B685B691847000000203B
:10C3D000014B1B689B69184700000020014B1B683C
:10C3E000DB69184700000020014B1B681B6A1847D7
:10C3F00000000020014B1B689B6A184700000020CA
:10C4000030B4044C9DF8085024680295E468A446B2
:10C4100030BC6047000000207FD3000085D30000BF
:10C4200087D30000ADD300008BD30000B7D300004A
:10C4300091D30000C1D3000097D30000CDD30000FA
:10C44000A3D30000A7D3000099D300009FD300001E
:10C45000BDD30000C7D3000030B50346114890F9A2
:10C460001C209A4219DD90F924209A4217DA9A1A70
:10C47000846AA05C0C4A15569D420DD00E320029EC
:10C4800018BF01309442C0B206D129B1013BDBB2E2
:10C49000012B01D80130C0B230BD0D20FCE70020D7
:10C4A000FAE700BFE00900202C92040008B5054B14
:10C4B00093F91C30984203DAFFF7CEFF024B1B566C
:10C4C000184608BDE00900202C92040008B5184B5E
:10C4D00093F82C20FAB9012283F82C20154A12680F
:10C4E000A2F10800082803D813490141C90709D55A
:10C4F000911F092910D9013212D04FF4DF71742035
:10C5000000F034F80D4A9A62D8221A6283F8242087
:10C5100008229A611A7708BD094A0A41D207ECD469
:10C52000084A9A62D8221A6283F824200422F0E78B
:10C53000E0090020900B0020DEFEFFFF6792040060
:10C54000EEFCFFFF3A920400BFF34F8F0549064B04
:10C55000CA6802F4E0621343CB60BFF34F8F00BFA1
:10C56000FDE700BF00ED00E00400FA051FB572B65C
:10C57000134B5D6895B9FFF7E7FF2346B2FBF6F270
:10C580005C1C002AF9D104AEDCB256FA83F303F83E
:10C590000C2C0A2234B901A8A847ECE70246002374
:10C5A0000A26EDE7631E04AEDCB256FA83F3B0FB55
:10C5B000F2F602FB1600303003F80C0C3046E9E7C7
:10C5C000580B00204FF08052034BD2F83011196005
:10C5D000D2F834215A607047900B002081F000415E
:10C5E00002E000BF83F0004330B54FEA41044FEA58
:10C5F000430594EA050F08BF90EA020F1FBF54EAF3
:10C60000000C55EA020C7FEA645C7FEA655C00F08E
:10C61000E2804FEA5454D4EB5555B8BF6D420CDD5F
:10C620002C4480EA020281EA030382EA000083EAE2
:10C63000010180EA020281EA0303362D88BF30BD82
:10C6400011F0004F4FEA01314FF4801C4CEA1131D8
:10C6500002D0404261EB410113F0004F4FEA033337
:10C660004CEA133302D0524263EB430394EA050FC2
:10C6700000F0A780A4F10104D5F1200E0DDB02FA31
:10C680000EFC22FA05F2801841F1000103FA0EF2C5
:10C69000801843FA05F359410EE0A5F120050EF18B
:10C6A000200E012A03FA0EFC28BF4CF0020C43FABC
:10C6B00005F3C01851EBE37101F0004507D54FF0C9
:10C6C000000EDCF1000C7EEB00006EEB0101B1F519
:10C6D000801F1BD3B1F5001F0CD349085FEA30005F
:10C6E0004FEA3C0C04F101044FEA445212F5800F6A
:10C6F00080F09A80BCF1004F08BF5FEA500C50F107
:10C70000000041EB045141EA050130BD5FEA4C0CE9
:10C71000404141EB0101013C28BFB1F5801FE9D246
:10C7200091F0000F04BF01460020B1FA81F308BF69
:10C730002033A3F10B03B3F120020CDA0C3208DD35
:10C7400002F1140CC2F10C0201FA0CF021FA02F110
:10C750000CE002F11402D8BFC2F1200C01FA02F180
:10C7600020FA0CFCDCBF41EA0C019040E41AA2BFA5
:10C7700001EB0451294330BD6FEA04041F3C1CDA6D
:10C780000C340EDC04F11404C4F1200220FA04F08D
:10C7900001FA02F340EA030021FA04F345EA030137
:10C7A00030BDC4F10C04C4F1200220FA02F001FAF9
:10C7B00004F340EA0300294630BD21FA04F029467B
:10C7C00030BD94F0000F83F4801306BF81F4801114
:10C7D0000134013D4EE77FEA645C18BF7FEA655C87
:10C7E00029D094EA050F08BF90EA020F05D054EA59
:10C7F000000C04BF1946104630BD91EA030F1EBF5E
:10C800000021002030BD5FEA545C05D14000494161
:10C8100028BF41F0004130BD14F580043CBF01F554
:10C82000801130BD01F0004545F0FE4141F470013A
:10C830004FF0000030BD7FEA645C1ABF1946104615
:10C840007FEA655C1CBF0B46024650EA013406BF16
:10C8500052EA033591EA030F41F4002130BD00BFD5
:10C8600090F0000F04BF0021704730B54FF4806492
:10C8700004F132044FF000054FF0000150E700BF13
:10C8800090F0000F04BF0021704730B54FF4806472
:10C8900004F1320410F0004548BF40424FF000015F
:10C8A0003EE700BF42004FEAE2014FEA31014FEAA2
:10C8B00002701FBF12F07F4393F07F4F81F06051F1
:10C8C000704732F07F4208BF704793F07F4F04BF3C
:10C8D00041F40021704730B54FF4607401F0004519
:10C8E00021F000411CE700BF50EA010208BF704779
:10C8F00030B54FF000050AE050EA010208BF70476A
:10C9000030B511F0004502D5404261EB41014FF4D2
:10C91000806404F132045FEA915C3FF4D8AE4FF0DA
:10C9200003025FEADC0C18BF03325FEADC0C18BFBD
:10C93000033202EBDC02C2F1200300FA03FC20FA0E
:10C9400002F001FA03FE40EA0E0021FA02F114445B
:10C95000BDE600BF70B54FF0FF0C4CF4E06C1CEA74
:10C9600011541DBF1CEA135594EA0C0F95EA0C0FE5
:10C9700000F0DEF82C4481EA030621EA4C5123EA58
:10C980004C5350EA013518BF52EA033541F4801187
:10C9900043F4801338D0A0FB02CE4FF00005E1FB3A
:10C9A00002E506F00042E0FB03E54FF00006E1FB84
:10C9B00003569CF0000F18BF4EF0010EA4F1FF04C7
:10C9C000B6F5007F64F5407404D25FEA4E0E6D4107
:10C9D00046EB060642EAC62141EA55514FEAC52018
:10C9E00040EA5E504FEACE2EB4F1FD0C88BFBCF594
:10C9F000E06F1ED8BEF1004F08BF5FEA500E50F145
:10CA0000000041EB045170BD06F0004646EA01010A
:10CA100040EA020081EA0301B4EB5C04C2BFD4EB3C
:10CA20000C0541EA045170BD41F480114FF0000E35
:10CA3000013C00F3AB8014F1360FDEBF002001F0A3
:10CA4000004170BDC4F10004203C35DA0C341BDC1D
:10CA500004F11404C4F1200500FA05F320FA04F0EF
:10CA600001FA05F240EA020001F0004221F0004123
:10CA700010EBD37021FA04F642EB06015EEA430E96
:10CA800008BF20EAD37070BDC4F10C04C4F12005C6
:10CA900000FA04F320FA05F001FA04F240EA020079
:10CAA00001F0004110EBD37041F100015EEA430E4A
:10CAB00008BF20EAD37070BDC4F1200500FA05F26A
:10CAC0004EEA020E20FA04F301FA05F243EA0203E9
:10CAD00021FA04F001F0004121FA04F220EA0200F8
:10CAE00000EBD3705EEA430E08BF20EAD37070BD3E
:10CAF00094F0000F0FD101F00046400041EB01011E
:10CB000011F4801F08BF013CF7D041EA060195F0FF
:10CB1000000F18BF704703F00046520043EB0303B9
:10CB200013F4801F08BF013DF7D043EA06037047A6
:10CB300094EA0C0F0CEA135518BF95EA0C0F0CD0B1
:10CB400050EA410618BF52EA4306D1D181EA0301F7
:10CB500001F000414FF0000070BD50EA410606BFF1
:10CB60001046194652EA430619D094EA0C0F02D136
:10CB700050EA013613D195EA0C0F05D152EA03367B
:10CB80001CBF104619460AD181EA030101F0004199
:10CB900041F0FE4141F470014FF0000070BD41F0E2
:10CBA000FE4141F4780170BD70B54FF0FF0C4CF4BC
:10CBB000E06C1CEA11541DBF1CEA135594EA0C0FDB
:10CBC00095EA0C0F00F0A7F8A4EB050481EA030E28
:10CBD00052EA03354FEA013100F088804FEA03330F
:10CBE0004FF0805545EA131343EA12634FEA0222DD
:10CBF00045EA111545EA10654FEA00260EF000419E
:10CC00009D4208BF964244F1FD0404F5407402D2EF
:10CC10005B084FEA3202B61A65EB03055B084FEA80
:10CC200032024FF480104FF4002CB6EB020E75EB7D
:10CC3000030E22BFB61A754640EA0C005B084FEAA5
:10CC40003202B6EB020E75EB030E22BFB61A754622
:10CC500040EA5C005B084FEA3202B6EB020E75EB6D
:10CC6000030E22BFB61A754640EA9C005B084FEAE5
:10CC70003202B6EB020E75EB030E22BFB61A7546F2
:10CC800040EADC0055EA060E18D04FEA051545EAE1
:10CC900016754FEA06164FEAC30343EA52734FEA8A
:10CCA000C2025FEA1C1CC0D111F4801F0BD141EA03
:10CCB00000014FF000004FF0004CB6E711F4801F68
:10CCC00004BF01430020B4F1FD0C88BFBCF5E06F48
:10CCD0003FF6AFAEB5EB030C04BFB6EB020C5FEA58
:10CCE000500C50F1000041EB045170BD0EF0004EAD
:10CCF0004EEA113114EB5C04C2BFD4EB0C0541EADF
:10CD0000045170BD41F480114FF0000E013C90E6DB
:10CD100045EA060E8DE60CEA135594EA0C0F08BF9F
:10CD200095EA0C0F3FF43BAF94EA0C0F0AD150EA9E
:10CD300001347FF434AF95EA0C0F7FF425AF104631
:10CD400019462CE795EA0C0F06D152EA03353FF459
:10CD5000FDAE1046194622E750EA410618BF52EAD6
:10CD600043067FF4C5AE50EA41047FF40DAF52EAAA
:10CD700043057FF4EBAE12E74FF0FF3C06E000BF47
:10CD80004FF0010C02E000BF4FF0010C4DF804CD54
:10CD90004FEA410C7FEA6C5C4FEA430C18BF7FEA14
:10CDA0006C5C1BD001B050EA410C0CBF52EA430C42
:10CDB00091EA030F02BF90EA020F0020704710F1C2
:10CDC000000F91EA030F58BF994208BF90422CBF51
:10CDD000D8176FEAE37040F0010070474FEA410C4A
:10CDE0007FEA6C5C02D150EA013C07D14FEA430C68
:10CDF0007FEA6C5CD6D152EA033CD3D05DF8040BD9
:10CE0000704700BF8446104662468C46194663460A
:10CE100000E000BF01B5FFF7B7FF002848BF10F1E1
:10CE2000000F01BD4DF808EDFFF7F4FF0CBF012026
:10CE300000205DF808FB00BF4DF808EDFFF7EAFFA2
:10CE400034BF012000205DF808FB00BF4DF808ED5D
:10CE5000FFF7E0FF94BF012000205DF808FB00BF52
:10CE60004DF808EDFFF7CEFF94BF012000205DF8DC
:10CE700008FB00BF4DF808EDFFF7C4FF34BF0120E9
:10CE800000205DF808FB00BF4FEA410C7FEA6C5CB4
:10CE900002D150EA013C0AD14FEA430C7FEA6C5CB4
:10CEA00002D152EA033C02D14FF0000070474FF02C
:10CEB000010070474FEA410212F5001215D211D558
:10CEC0006FF47873B3EB625212D94FEAC12343F087
:10CED000004343EA505311F0004F23FA02F018BF09
:10CEE000404270474FF00000704750EA013005D1D2
:10CEF00011F0004008BF6FF0004070474FF0000095
:10CF0000704700BF4A0011D212F5001211D20DD5A0
:10CF10006FF47873B3EB62520ED44FEAC12343F03F
:10CF2000004343EA505323FA02F070474FF00000E9
:10CF3000704750EA013002D14FF0FF3070474FF098
:10CF4000000070474FEA4102B2F1E04324BFB3F55D
:10CF5000001CDCF1FE5C0DD901F0004C4FEAC00270
:10CF60004CEA5070B2F1004F40EB830008BF20F054
:10CF70000100704711F0804F21D113F13872BCBF0E
:10CF800001F00040704741F480114FEA5252C2F163
:10CF90001802C2F1200C10FA0CF320FA02F018BFAC
:10CFA00040F001004FEAC1234FEAD32303FA0CFCFF
:10CFB00040EA0C0023FA02F34FEA4303CCE77FEA8E
:10CFC000625307D150EA01331EBF4FF0FE4040F4D8
:10CFD0004000704701F0004040F0FE4040F4000087
:10CFE000704700BF53B94AB9002908BF00281CBFC9
:10CFF0004FF0FF314FF0FF3000F02AB8ADF1080CD0
:10D000006DE904CE00F00CFADDF804E0DDE902235E
:10D0100004B07047D0B50C4B002206460F46FFF710
:10D0200099FCFFF76FFF0446FFF71AFC074B00223D
:10D03000FFF790FC02460B4630463946FFF7D2FA1E
:10D04000FFF760FF2146D0BD0000F03D0000F04139
:10D05000704700BF80F0004002E000BF81F0004157
:10D0600042001FBF5FEA410392EA030F7FEA226C8E
:10D070007FEA236C6AD04FEA1262D2EB1363C1BF1E
:10D08000D218414048404140B8BF5B42192B88BF8D
:10D09000704710F0004F40F4000020F07F4018BFB0
:10D0A000404211F0004F41F4000121F07F4118BFD0
:10D0B000494292EA030F3FD0A2F1010241FA03FC78
:10D0C00010EB0C00C3F1200301FA03F100F0004360
:10D0D00002D5494260EB4000B0F5000F13D3B0F128
:10D0E000807F06D340084FEA310102F10102FE2A97
:10D0F00051D2B1F1004F40EBC25008BF20F0010007
:10D1000040EA03007047490040EB0000013A28BFA5
:10D11000B0F5000FEDD2B0FA80FCACF1080CB2EB28
:10D120000C0200FA0CF0AABF00EBC25052421843A6
:10D13000BCBFD0401843704792F0000F81F400014B
:10D1400006BF80F400000132013BB5E74FEA41031E
:10D150007FEA226C18BF7FEA236C21D092EA030F8A
:10D1600004D092F0000F08BF0846704790EA010F04
:10D170001CBF0020704712F07F4F04D1400028BF31
:10D1800040F00040704712F100723CBF00F5000013
:10D19000704700F0004343F0FE4040F40000704749
:10D1A0007FEA226216BF08467FEA236301464202F5
:10D1B00006BF5FEA412390EA010F40F48000704708
:10D1C0004FF0000304E000BF10F0004348BF4042AE
:10D1D0005FEA000C08BF704743F0964301464FF0EA
:10D1E00000001CE050EA010208BF70474FF0000346
:10D1F0000AE000BF50EA010208BF704711F0004387
:10D2000002D5404261EB41015FEA010C02BF844656
:10D210000146002043F0B64308BFA3F18053A3F5B5
:10D220000003BCFA8CF2083AA3EBC25310DB01FAFC
:10D2300002FC634400FA02FCC2F12002BCF1004F80
:10D2400020FA02F243EB020008BF20F00100704711
:10D2500002F1200201FA02FCC2F1200250EA4C0065
:10D2600021FA02F243EB020008BF20EADC707047AB
:10D270007BB972B90029BEBF00204FF0004106E023
:10D2800008BF00281CBF6FF000414FF0FF30FFF7D0
:10D29000DFBEADF1080C6DE904CE002909DB002BDF
:10D2A0001ADB00F0BDF8DDF804E0DDE9022304B08C
:10D2B0007047404261EB4101002B1BDB00F0B0F8EE
:10D2C000DDF804E0DDE9022304B0404261EB4101F6
:10D2D000524263EB43037047524263EB430300F057
:10D2E0009FF8DDF804E0DDE9022304B0404261EB81
:10D2F00041017047524263EB430300F091F8DDF8BF
:10D3000004E0DDE9022304B0524263EB43037047BB
:10D31000D0B5FFF7C7FA0C4B002206460F46FFF7C1
:10D3200019FBFFF7EFFD0446FFF79AFA074B0022BF
:10D33000FFF710FB02460B4630463946FFF752F91D
:10D34000FFF7E0FD2146D0BD0000F03D0000F041B8
:10D3500008B5FFF737F9BDE80840FFF7B7B8801AFE
:10D3600000F3070038B540B20D4659B21446FFF736
:10D370009DF8002328706B70204440B238BD002314
:10D38000036070477047002070474FF0FF307047D0
:10D390004FF0FF30704770474FF0FF30704700206C
:10D3A0007047002070470023037070479DF80030DD
:10D3B0000022FFF7D4BF4FF0FF30704700207047C6
:10D3C0004FF0FF3070474FF0FF307047704710F854
:10D3D000012B11F8013B012A28BF9A42F7D0D01A3D
:10D3E0007047034613F8012B002AFBD1181A0138A5
:10D3F000704738B50022002304460D46FFF71CFD98
:10D4000028B920462946BDE83840FFF703BE20462C
:10D4100005F10041FFF7FEFD404261EB410138BDDF
:10D420002DE9F04786468C460846089E1546744608
:10D430001946002B40F0C2808542B2FA82F245D9EB
:10D440004AB1C2F1200300FA02FC2EFA03F3954020
:10D4500043EA0C0C94404FEA154EA8B2BCFBFEF810
:10D46000230C0EFB18CC08FB00F943EA0C4399454A
:10D4700028D9EB1808F1FF3704D2994502D9A8F151
:10D4800002072B44A3EB0903A4B2B3FBFEFC0EFB83
:10D490001C330CFB00F044EA0344A04214D92C19BD
:10D4A0000CF1FF3304D2A04202D9ACF102032C44A8
:10D4B000241A43EA07401EB1D4400023346073604D
:10D4C000BDE8F0874746DDE76346F1E792BB431BC3
:10D4D00001214FEA154EAFB2B3FBFEFC200C0EFB50
:10D4E0001C330CFB07F840EA0343984562D9EB185C
:10D4F0000CF1FF3004D2984502D9ACF102002B4464
:10D50000A3EB0803A4B2B3FBFEFC0EFB1C330CFB25
:10D5100007F744EA0344A7424ED92C190CF1FF3314
:10D5200004D2A74202D9ACF102032C44E41B43EA23
:10D530000040C0E7C2F1200320FA03F1954090407B
:10D540002EFA03F303434FEA154EAFB2B1FBFEFCD4
:10D550000EFB1C10190C0CFB07F841EA0041884532
:10D5600004FA02F422D969180CF1FF3004D288457C
:10D5700002D9ACF102002944A1EB08019BB2B1FB36
:10D58000FEFC0EFB1C110CFB07F743EA01439F4214
:10D590000ED9EB180CF1FF3104D29F4202D9ACF145
:10D5A00002012B44DB1B41EA004192E76046E3E7BE
:10D5B0006146F7E76046A3E76346B7E7834206D9CB
:10D5C00016B9002108467BE7C6E900E0F9E7B3FA9F
:10D5D00083F78FB9834201D3724508D8BEEB0204AA
:10D5E00060EB030301209C461EB9002168E7384622
:10D5F000FAE7C6E9004CF8E7C7F1200CBB4022FA75
:10D600000CF41C432EFA0CF120FA0CF3B840014341
:10D610004FEA14490EFA07F5B3FBF9F81FFA84FE36
:10D6200009FB18300B0C08FB0EFA43EA00439A453D
:10D6300002FA07F240D9E31808F1FF3004D29A4504
:10D6400002D9A8F102002344A3EB0A0389B2B3FB79
:10D65000F9F809FB183308FB0EFE41EA03418E4539
:10D660002CD9611808F1FF3304D28E4502D9A8F1F4
:10D670000203214443EA0040A0FB0298A1EB0E0103
:10D680004145CE46434602D306D14D4504D2B9EBBF
:10D69000020E68EB04030138002EA6D0B5EB0E0293
:10D6A00061EB030101FA0CFC22FA07F34CEA0303D5
:10D6B000F940C6E9003198E74046C5E74346D9E757
:10D6C0002DE9F04F2DED068B142387B02620CDE9F0
:10D6D00001300C23C44800930822162340F2EA715B
:10D6E00039F0D8FBC14AC249C24839F0D3FBC2481D
:10D6F00039F0D0FBC14839F0CDFBC14839F0CAFB45
:10D70000C04839F0C7FBC04BB3F8923403F07F0335
:10D710007F2B00F03582BD4B1B68002BC0F232829C
:10D72000BB4A52F82310B84CBA4839F0B3FB94F80E
:10D730009634FF2B08D013F0800FB74BB749B84889
:10D7400018BF194639F0A6FB94F89624B4F8921441
:10D75000B44839F09FFBB4F8943403F07F037F2B77
:10D7600000F0128218F0B4FB0146AF4BAF4A1878B4
:10D77000AF4B002818BF1A46AE4839F08BFBA24BBE
:10D7800093F89724FF2A0FD0B3F89414090640F1B8
:10D79000FD8193F99624A849A84B31EA220128BFBC
:10D7A00019469F4839F076FB974B9E4893F897248B
:10D7B000B3F8941439F06EFB1AF07CF810EE104AAE
:10D7C0001AF064F810EE106A1AF088F8B5EEC00A84
:10D7D000F1EE10FAB0EE408A204640F3DE81FFF70A
:10D7E00061F804460D4618EE100ACDE90445FFF72E
:10D7F00059F8CDE902013046FFF754F82246CDE949
:10D8000000012B468E4839F045FBDFF8FCA1DFED27
:10D810008D8ADAF8FC00FFF745F80446DAF80401CF
:10D820000D46FFF73FF8CDE90201DAF80001FFF7F6
:10D8300039F82246CDE900012B468348834C39F064
:10D8400029FB834B1D685E68D3F80880814B1A78EA
:10D85000814B002A18BF1C4616F0C0FDBAF84C399F
:10D86000024621467D4839F015FB2846FFF71AF895
:10D87000044630460D46FFF715F8064640460F466B
:10D88000FFF710F88046894619F0F0FF10EE100AF5
:10D89000FFF708F822462B46CDE90401CDE90289BD
:10D8A000CDE900676E4839F0F5FA9AED5DAADAED38
:10D8B0005F9A9AED5E9AB7EE008AC8EE0A7A78EE21
:10D8C000677A67EEA87A17EE900AFEF7EBFFC8EECC
:10D8D000297A04460D4678EE677A67EEA87A17EE45
:10D8E000900AFEF7DFFFC8EE097ACDE9020138EEB3
:10D8F000678A68EE287A17EE900AFEF7D3FF224671
:10D900002B46CDE900015748052139F0C3FA1AEE3C
:10D91000100AFEF7C7FF044619EE900A0D46FEF7FF
:10D92000C1FFCDE9020119EE100AFEF7BBFF224646
:10D930002B46CDE900014C4839F0ACFA4B494C4834
:10D9400039F0A8FA2F4839F0A5FA9AF86540494B02
:10D9500049489AF86610002C08BF184639F09AFA20
:10D960004FF080524548D2F8A830D2F8A4209BB29C
:10D9700039F090FA424BDAF865205B684149424839
:10D98000120C002C18BF084642EA03421B0C39F067
:10D9900081FA9AF89814642992BF3C483C48542173
:10D9A00039F078FA174839F075FA3A4BD3F800B0E5
:10D9B00041F29313ABF2DD529A4288BF4FF0FF3B26
:10D9C000354BB3F900001AF0C7F8344B8146D3E960
:10D9D00000A61AF055F9054688461AF037F9BBF14A
:10D9E000000F04460F465BE06FC30400C9C3040088
:10D9F000CDC304000AC4040021C4040037C40400D9
:10DA000046C404003325050000F00320180100205F
:10DA1000E893040069C40400ECC20400041E05007D
:10DA200072C4040081C40400FFB10020C4280500B2
:10DA3000CCAE040096C4040003C30400F0C204008A
:10DA4000AEC404000000E14429C5040015C304006D
:10DA5000504B0020360700209B3A050049C50400C2
:10DA60006CC50400A7C50400E9C5040016C604007F
:10DA70001AC6040029C3040019C3040027C6040001
:10DA800065F003203CC3040057C3040040C60400F3
:10DA900059C604001C010020F406002000120020DA
:10DAA00040F3988038F00BFBB0EB0A0361EB060201
:10DAB000554EA3FB060106FB0211C00B40EA414094
:10DAC0004FA3D3E90023C90BFFF78CFA194606468A
:10DAD000002310464D4AFFF785FA824648461EB994
:10DAE0005FFA8AF3002B69D0FEF7CAFE484B00228A
:10DAF000FFF75AF8CDE9006A02460B46454839F06F
:10DB0000C9F955EA08036DD03F4BA5FB030103FBA0
:10DB10000811C00B40EA414039A3D3E90023C90BE7
:10DB2000FFF760FA0546194610460023374AFFF70B
:10DB300059FA29460246384839F0ACF954EA070345
:10DB400054D0314BA4FB030103FB0711C00B40EA87
:10DB500041402BA3D3E90023C90BFFF743FA044646
:10DB6000194610460023294AFFF73CFA02462B4883
:10DB7000214607B0BDEC068BBDE8F04F39F08AB9FD
:10DB80002749D0E52749CEE52549EEE5264B27492B
:10DB900012F0800F18BF194603E6FEF783FE044615
:10DBA0000D463046CDE90245FEF77CFE2246CDE922
:10DBB00000012B461E4839F06DF926E6FEF760FE9F
:10DBC000134B0022FEF7F0FF02460B46194839F0CE
:10DBD00061F996E75AEA060A0CBF1748174839F068
:10DBE00059F98EE7164839F055F9A7E7154807B0F7
:10DBF000BDEC068BBDE8F04F39F04CB9AFF30080B7
:10DC000000A493D60000000040420F000087930359
:10DC10000000594073C60400CEC604000EC70400BD
:10DC20001EBF04002CBF0400ECC20400041E05004B
:10DC3000EDC4040099C60400AAC6040068E5040007
:10DC4000ECC6040030C7040070B5234E337813B31C
:10DC500038F037FA214AD2E9004543F69923041BEC
:10DC600061EB05059C4275F1000317DB082028F0E5
:10DC70008BF848B11A4BC561C0E90534042303741D
:10DC8000002343748374C37416494FF4025231F075
:10DC9000D1FA002333700020002170BD30F0D8FD90
:10DCA000114B1D68114B451B04461868C617A5FB90
:10DCB000000107A3D3E9002305FB0611FFF7D8FAFB
:10DCC0000B4B1B681C442044E6E700BFAFF3008009
:10DCD00000CA9A3B00000000CF7700200814002003
:10DCE00056C704006C900400C44B0020B04B0020C9
:10DCF000C04B002000000000F0B514461A4AA0FBFB
:10DD0000020302FB0131C00B85B040EA414014A37D
:10DD1000D3E90023C90BFFF765F9054619461046FC
:10DD20000023124AFFF75EF9064619461046002303
:10DD30000D4AFFF757F907461946104600234FF4DE
:10DD40007A72FFF74FF90097CDE901023346084890
:10DD50002A46214639F09EF805B0F0BDAFF30080A9
:10DD600000A493D60000000040420F0000879303F8
:10DD70001DCD0400000000002DE9F04F2DED048BB7
:10DD800087B00678012E00AF1BD0022E00F0A580D0
:10DD90008EB9B04A136801331360AF4B1E60AF4BAE
:10DDA0001B7843B10CF0E2F928B9AD4B1B78012B7D
:10DDB00001D10EF09BFF1C37BD46BDEC048BBDE8C6
:10DDC000F08FA84C0CF01EF80BF020FD23680133F7
:10DDD000236038F08CF924686422B4FBF2F302FB70
:10DDE0001343A14A2BB1136841F28831C31A8B4205
:10DDF0001ED9984B10601E68A51918BF64234FF0F8
:10DE00000A001CBF6343B3FBF5F527F0BDFF50B11B
:10DE1000964BC0E90745C0E9053605230374002386
:10DE200043748374C37492494FF4235231F002FA5D
:10DE3000904E914D3378ABB138F043F98F4AD2E927
:10DE40000042041B61EB02010AF0AAFD64380023C2
:10DE5000A04273EB010105DA894A337013602B6825
:10DE600001332B602E68002E99D00A23B6FBF3F401
:10DE700003FB1464A4B9834B1B78F02B10D108204A
:10DE800027F082FF38B1804B4474C0E90536032384
:10DE900003748474C47476494FF4C45231F0CAF9DF
:10DEA0002C68B4F5967F7FF47AAF38F00AF9774B97
:10DEB000C3E90001082027F067FF40B1744BC0E9B7
:10DEC000053403230374002343748374C3746849C3
:10DED0004FF4C45231F0AEF961E7614B1B7803F0A7
:10DEE000FF0453B9082027F04FFF002861D14FF4F9
:10DEF00001525F4931F09EF95DE7664838F0BAF8A3
:10DF000000283FF458AFDFF8B081634CD8F82450B4
:10DF100058F825104B780A78637091F90230A37095
:10DF20000B792371CB78E37001350531601D2270C8
:10DF30003AF052FB082D28BF002508F12800C8F848
:10DF4000245039F00CF8554B1D78002D3ED0237825
:10DF50000D2B00F0B580112B3FF42DAF032B40F2B9
:10DF600081836379AA2B40F07D830CF0FFF80028B1
:10DF700000F078832378A279023B03EBD373C3F3D9
:10DF80004703934228BF1346EFF3118E402282F3DA
:10DF90001288BFF36F8F4048414CDFF820C1002644
:10DFA000F2B2934200F23F838EF31188BFF36F8F7A
:10DFB00001E73C4B43613C4B83616FF00C03C36151
:10DFC0000423037444748474C47490E72278082A88
:10DFD0007FF4F1AE354E3278002A3FF4ECAE344A8D
:10DFE00061795279914201D03570E4E60020002138
:10DFF000C7E90401B4F80B20BA82D4F80700B98A43
:10E0000038614FF080527961D2F8A4E0D2F8A820AC
:10E0100092B2914208BF704504F1070C12D106205C
:10E0200027F0B2FE30B1234B4361022303744574E1
:10E030008574C5740E494FF4845231F0FBF8002307
:10E040003370B8E6D4F805201A60DCF802205A6074
:10E05000CAE700BF304C00202C4C00202B78002059
:10E060002D780020284C0020244C002021D70400CB
:10E070006C9004002A780020304D002028140020E5
:10E08000204C0020181400204AD70400101400204F
:10E0900094D60400A84B0020DD770020D57700201F
:10E0A000FAB000206AD7040017DE0400D4770020FD
:10E0B0008407002090D70400804B00207877002050
:10E0C0006379F12B7FF477AE0C22611D072029F0D4
:10E0D00083F8637C83420DD0062027F055FE30B1D3
:10E0E000BD4B43610023067443748374C3744FF4BF
:10E0F0008452FEE6B94BA6791D78DFF84C93DFF821
:10E100004C83B54218D0082027F03EFE48B1B44BEE
:10E11000C561C0E905360423037400234374837486
:10E12000C374B0494FF4025231F084F8002389F8E7
:10E130000030C8F800303EE6AB4BE57993F800B00C
:10E14000AA4BBBEB050A48BF0AF5807A0026BAF154
:10E15000050F89F80060C8F800601E6012DD0A2013
:10E1600027F012FE48B1A24B4674C0E907BAC0E9D5
:10E170000535052303748674C6749A494FF42252F8
:10E1800031F058F8A168228994F80890B4F8096031
:10E19000638998484FF0000C90F800E0AE4504D138
:10E1A000D0F80480B8F1000F08D10CF1010CBCF1DB
:10E1B0000A0F00F10800EFD14FF00008257B0C2D6D
:10E1C0007AD1D2BA07EE902A9FED8B7AF8EEE77AF1
:10E1D000DBBA87EE878A284607EE903AB4F80D300E
:10E1E000F8EEE77ADBBA87EE879A07EE903AF8EE18
:10E1F000E77AC7EE878A27F0C7FD0646C8B17F4B8E
:10E20000436118EE100AFEF74DFBC6E9060119EE50
:10E21000100AFEF747FBC6E9080118EE900AFEF760
:10E2200041FB0823C6E90A01337400237374B374F5
:10E23000F37430466B4944F2C00230F0FBFF002615
:10E24000B1466F4B1978002940F0B4811D7037F04A
:10E2500038FF6C4B0A2DC3E9000140F0B581D4F8BA
:10E260000D30694A1BBA1360684A00230C2000FB7A
:10E2700003F18C18515CA94240F0B88161680A2D05
:10E2800040F0BA81604B6C468CB01B686A46C2E9AC
:10E29000075340F2DC5353625D484FF4007313851B
:10E2A0005C4BC2E9050142F8103F4FF453514D4811
:10E2B00031F008FFA5467EE5242D2BD1BEB90820FC
:10E2C00027F062FD38B1544B4674C0E90539032389
:10E2D00003748674C6744FF4C652424930F0AAFFE4
:10E2E0009FED4E8AB0EE489AF0EE488AA9E776BADA
:10E2F0000820B6B227F048FD48B1494BC661C0E9D5
:10E30000053904230374002343748374C3744FF4E6
:10E310000352E2E7B8F1000F4BD0424BDFF830E197
:10E320001868414BDEF80060DFF82891A0EB080C7C
:10E33000ACFB0323D20B42EA4342BCF1000F3ED0B8
:10E34000B4453CD8CEF800C00023C9F80030DEF850
:10E350000030354E9B00A3FB0636DB0B43EA4643F9
:10E36000B3F57A7F38BF4FF47A739A4221D22F4B9C
:10E370000EBA1A683A60C3F80080361A37F0A1FE68
:10E380002B4B2C4AC3E900012B492C4B0878002861
:10E3900064D11E602A4BDFF8C0C018600123CCF89E
:10E3A0000060C2F800800B70264B01221A7030F01A
:10E3B0004FFA002D00F0DE800026B14690E7D9F834
:10E3C00000300133772BC9F80030C0D9132EBED8E6
:10E3D0000136CEF80060B7E7CCD70400D377002031
:10E3E000DED704006C900400D1770020204C002080
:10E3F0000CD80400D04B00200000C84238D80400DC
:10E40000C17C002000140020CC4C00203494040077
:10E4100009D904000600000161D8040000000000D2
:10E4200097D80400CC4B002040420F00C44B002082
:10E4300008140020B84B0020D0770020BC4B0020EF
:10E44000B44B0020CF7700202A780020304D0020E8
:10E4500020010020C84B0020C04B00201268DFF8CC
:10E46000E8921B68BB60A8EB020BD9F80020FA60A9
:10E470004FEAE27CA2FB0B010BFB0C1198A3D3E942
:10E480000023FEF7F5FEBB68974A034412687A60E2
:10E49000F31A83EAE372A2EBE372B2F5FA4F4FF09C
:10E4A000000A23DD0A20FB6027F06EFC70B1FB68D8
:10E4B00083617B688D4A4261C0E907360523037496
:10E4C00080F811A080F812A080F813A088494FF4BA
:10E4D000225230F0AFFE844B1E60864B1E60864B8E
:10E4E000C3F800800023C9F800305DE7BBF5004F9A
:10E4F00011D3BB688148F11A5A46534681FB00018B
:10E50000FEF7B6FEFB68C01AFB6848BF033003EB9A
:10E51000A000C9F800007A4BD9F800001A6802F18F
:10E52000010AC3F800A03B68A8EB030CC117A0FBCD
:10E530000C0E6BA3D3E900230CFB01E1FEF798FE60
:10E540007B6803449946BAF1050FA6EB030398BF15
:10E5500003EB43039A1C48BF5A1D634BBBF5F01FE6
:10E5600009EBA2021A6081BF624B1E60624BC3F8C6
:10E57000008019E7657BA17BE27B237CFF2D0AD01D
:10E5800049B142B15F4837F075FDC0B2834202D055
:10E5900028460BF0CBFB5C4B1A78002A3FF40BACFF
:10E5A0005A4900221A705A4B0A7000200021C3E910
:10E5B000000100E4544A12788A427FF4FCAB954291
:10E5C0007FF444AEFFF7F7BB0C2D07D1514B83ED21
:10E5D000008A83ED019AC3ED028A45E6242D01BF2E
:10E5E0004D4B83F800904D4B1E803DE601332A2BA6
:10E5F0007FF43DAE4A4942E64A4A4B4BA5F1300012
:10E600006C468AB0032898BF13466A464748C2E959
:10E610000753474B5362474BC2E9050142F8103F8D
:10E620004FF4435143E6C279057A45EA02250022B8
:10E6300094F80080D1B288450AD822780F2A0ED8E3
:10E640002278D1B20132D2B222702CF8115006E0F9
:10E650003CF8111089B28D4202F10102E8D1013675
:10E6600002309DE42578012D28D96379203B052BC4
:10E6700024D8DFF8D880304B98F800401B7801345C
:10E6800004F00F049C423FF496AB98F800002B4E28
:10E690002B4900EBC00300EBC3002A46304439F09D
:10E6A0009BFF98F80030492202FB036686F8485029
:10E6B000BFF35F8F88F80040FFF77DBB082027F08D
:10E6C00063FB40B11F4BC0E90535032303740023EE
:10E6D00043748374C3744FF4C4520AE4AFF30080EC
:10E6E00000CA9A3B00000000C04B0020C8D80400BC
:10E6F0006C900400BC4B0020B84B002000CA9A3B31
:10E70000B44B0020AC4B0020C27C0020C17C002018
:10E7100000140020C04C00202E78002076750020C8
:10E72000ECD60400F4D604000AD704004FD9040044
:10E730000002020405000002C07C002030780020A6
:10E74000E277002077D90400B04B00202F7800201A
:10E750002DE9F04F2DED0A8BADF22C4D0FF0B2FEEE
:10E76000002800F0A3808E4837F084FC002840F099
:10E770009D80EFF31188402686F31288BFF36F8FD8
:10E7800088482EF061FC30B988228749874838F0E4
:10E7900097FB39F00CFB864D82482EF079FC0FCDAB
:10E7A0001EAC0FC40FCD0FC495E80F0084E80F0016
:10E7B000804837F05FFC0290EFF3118486F31288F3
:10E7C000BFF36F8F7C482EF03FFC0028DCD07A48E6
:10E7D0002EF05EFC794B7848D3ED008A93ED018AE8
:10E7E00093ED04BAD3E902572EF03CFC10B94FF474
:10E7F0009A72CAE784F31188BFF36F8F69482EF0CD
:10E8000031FC0028F3D088F31188BFF36F8F10F02C
:10E8100067F8064637F06BFCBF2E044646DD6848B5
:10E8200037F028FC0646674837F024FC86423DD086
:10E83000654837F01FFC18B1231AB3F5F05F35D3E4
:10E840003146604837F01CFC21465F4837F018FC21
:10E8500000230CA91EA8CDE90C330E931DF02CFE4D
:10E86000B5EE400AF1EE10FAB0EE409A26D0632DD4
:10E8700024D9DFED567AF4EEE78AF1EE10FA1DD4D2
:10E88000B0EE480A34F0FCFC80EE288ADFED507AC6
:10E89000B4EEE78AF1EE10FA12D54E4837F0EAFBF3
:10E8A00020B1201A40F6B733984209D800252846EF
:10E8B0000DF22C4DBDEC0A8BBDE8F08FB7EE008A4F
:10E8C000444837F0D7FB28B1201A40F6B8339842B5
:10E8D00000F2A680B5EE409AF1EE10FA00F0A080AA
:10E8E000DFED3D7AB4EEE78AF1EE10FA40F1988060
:10E8F000022F40F39580DFED397AB4EEE78AF1EE2E
:10E9000010FA1AD50A2027F03FFA044670B1344BAA
:10E91000436118EE100AFDF7C5FF0523C4E906019F
:10E920002374002327626374A374E3744FF42352A7
:10E930002C49204630F07EFCB8E70FF0F9FFDFED00
:10E940002A7AB4EEE70AF1EE10FA10EE106A4FD50B
:10E950000E2027F019FA0446C0B1244B436118EE8B
:10E96000100AFDF79FFF0CA3D3E90023C4E90601B9
:10E97000C4E908233046FDF795FF0923C4E90A01DD
:10E980002374002327636374A374E37444F6C00202
:10E99000CEE700BFAFF30080000000A09999A93F27
:10E9A000344D00203866002062CE040045A40500E6
:10E9B00048660020086600202466002010660020BB
:10E9C000B45900200466002000660020BD3786355B
:10E9D0000AD7233D704D0020CDCC4C3D295C0F3D26
:10E9E0005103050004900400CDCCCC3D810305000B
:10E9F000082027F0C9F9054660B1AB4B43613046AA
:10EA0000FDF750FF0423C5E906012B7400236B7446
:10EA1000AB74EB74A5494FF40352284630F00AFC5E
:10EA200000214FF4487242A839F0FEFD4FF0000A71
:10EA30004FF0FF334FF0FF324FF0000B00259C48A2
:10EA40000B95CDE904ABCDE9095539F090FA0FA843
:10EA50000FF0ECFEDDF83C9036A948460FF09AF82E
:10EA600036A88DED000B0EF00DFECDE906AB10EED5
:10EA7000108ADFF860A29AF88131002B42D101356B
:10EA8000082D0AF5C47AF6D1894837F0FDFB9DF8C8
:10EA90004430DDF840B0002B3FF408AF029B9B45AB
:10EAA0007FF404AFDDE90001824B0022FEF7C4F9D8
:10EAB000054600287FF4FAAE07EE108AF6EE007ADB
:10EAC000B4EEE77AF1EE10FA61D50C2027F05CF98C
:10EAD0000446A0B1784B43614046FDF7E3FE774B17
:10EAE0000022C4E90601C4E90823DDE90001FEF7BC
:10EAF000E1F90723A06223746574A574E5744FF4EB
:10EB0000635215E7DAF88431A9EB0303B3F5207FEC
:10EB1000B5D856464FF0000B32E056F8040CFDF71E
:10EB2000C1FE41EC1C0B56F8080CFDF7BBFE41EC96
:10EB30001A0B56F80C0CFDF7B5FEB0EE4C2AF0EEB1
:10EB40006C2AB0EE4A1AF0EE6A1A41EC100B06AAD3
:10EB500004A942A816F074FB56F80C3C129356F820
:10EB6000083C13932AAA56F8043C149312A936A819
:10EB700037F077FB2AA909A837F0D8FA0BF1010B77
:10EB80009AF881319B4506F10C06C6DB77E79DEDCF
:10EB900004ABDDE9002351EC1A0BFEF705F8FEF794
:10EBA000D1F9B5EE409AF1EE10FA08EE900A00F0B5
:10EBB0009380002F40F39080B5EEC0BAF1EE10FACA
:10EBC00040F38A80C8EE8B9AF7EE047AF4EEE79A67
:10EBD000F1EE10FA06DCDFED3A7AF4EEE79AF1EEA8
:10EBE00010FA79D50C2027F0CFF80546C8B1354B7F
:10EBF00043611BEE100AFDF755FEC5E9060118EE4C
:10EC0000900AFDF74FFEC5E9080119EE900AFDF7DD
:10EC100049FE0823C5E90A012B7400236B74AB7409
:10EC2000EB7422494FF48142284630F003FBEFF3A6
:10EC30001186402585F31288BFF36F8F22482EF08E
:10EC400003FA00283FF4A0AD1F482EF021FA204619
:10EC500012F0A0FEEFF3118485F31288BFF36F8FDB
:10EC60001A482EF0F1F900283FF48EAD17482EF027
:10EC70000FFA174B15480022DA6000221A612EF0B5
:10EC8000F1F900283FF4B3AD84F31188BFF36F8F1F
:10EC90000D482EF0E7F900283FF4A9AD86F311885E
:10ECA000BFF36F8F02E600BFC603050004900400A7
:10ECB000E008002000006840020405000000E03F7A
:10ECC000CDCC4C3F5004050038660020246600205F
:10ECD00010660020B8590020DDE9000100224FF045
:10ECE0008043FEF7A9F8F7EE009A002876D1DDE917
:10ECF0000001FEF727F907EE900A89EEA77ADDED0D
:10ED00000A7ADDED096A9DED0B6A67EE277A67EEF8
:10ED1000266A27EEA70A06EEA60A27EE067A07EE6F
:10ED2000070A34F0ADFA10EE100AFDF7BBFDCDE98D
:10ED30000201DDE90001FEF7BDF805460C2027F0D1
:10ED400023F8064688B1B94B43614046FDF7AAFD5A
:10ED50009DED027B0723C6E9060186ED087B33742F
:10ED60000023B5627374B374F3744FF46352304686
:10ED7000AF4930F05FFAB0EE4A0AF0EE6A0A9DED54
:10ED8000001B42A936A816F00FFB38EEA80A36A8D9
:10ED90000EF04CFF064620B30DF1D80EBEE80F0072
:10EDA0000DF1480CACE80F00BEE80F00ACE80F0016
:10EDB0009EE80F008CE80F000FF084FB064620BB96
:10EDC000062026F0E1FF30B19A4B43610223037421
:10EDD00046748674C6744FF4865214E019EE900A95
:10EDE000A3E70A2026F0D0FF58B19DED027B924B9D
:10EDF000467480ED087BC0E90535062303748674EC
:10EE0000C6744FF443528A4994E5B5EE409AF1EE48
:10EE100010FA00F05A81894837F02CF928B1201AED
:10EE200041F26F7398427FF641AD12A91EA80EF011
:10EE300073FFDFED837AB4EEE70AF1EE10FA80F2A9
:10EE4000D7809FED807ADFED807AB4EEC70AF1EECD
:10EE500010FA09D930EE470A9FED7C7AC0EE076AB6
:10EE60009FED7B7A46EE877A1EAB002279EEE79A19
:10EE700012A9881836A9114403F10C0CB0EC017AE0
:10EE8000F3EC016A27EE877A09EEA67A6345A1ECD6
:10EE9000017AF3D10C32302AEAD19FED6E0A36A8FE
:10EEA0000EF0C4FE002800F0A6800DF1A80C0DF1B4
:10EEB000D80EBEE80F00ACE80F00BEE80F00ACE8CB
:10EEC0000F009EE80F008CE80F0012A91EA80EF09C
:10EED00023FFDFED5C7AB4EEE70AF1EE10FA10EEF4
:10EEE00010AA1CD55046FDF7DDFC022F804689464E
:10EEF00000F3C4800A2026F047FF58B1564B436107
:10EF00007B1C0362C0E90689052303740023437454
:10EF10008374C37446494FF4235230F08BF90E20AA
:10EF200026F032FF07F101088146E0B19DED027B3A
:10EF30004A4BC561C0E9053880ED087B18EE100A20
:10EF4000FDF7B0FCC9E90A015046FDF7ABFC0A2306
:10EF5000C9E90C0189F81030002389F8113089F8CB
:10EF6000123089F81330324945F2C00248462AAEC1
:10EF700030F060F90FCE36AD0FC50FCE0FC596E855
:10EF80000F0085E80F001CF07FFDEFF3118940278B
:10EF900087F31288BFF36F8F31482EF055F80028A1
:10EFA0003FF4F2AB2E482EF073F82E4837F062F89B
:10EFB0000646002800F0AC8029482EF053F80028BF
:10EFC0003FF415AC89F31188BFF36F8F264837F0F3
:10EFD0005BF9062026F0D8FE00283FF4FCAE234B58
:10EFE000436102230374002343748374C374F2E601
:10EFF000DFED1F7A38E79FED170A12A80EF016FE14
:10F00000064630B9062026F0BFFE38B94FF48452C8
:10F01000F9E60DF1A80C0DF1480E4AE7154B4361D6
:10F020000223037446748674C674EFE7AB040500CC
:10F030000490040028050500E8040500346600205B
:10F04000EC51783F9A99593F3333333F90C2F53DA5
:10F05000E17A14BF00000000980505009F06050036
:10F0600038660020344D00200809002034070500D0
:10F070008FC2F53D5F050500CDCC4C3D18EE100A62
:10F08000FDF710FC5FED047AB4EEE78AF1EE10FABA
:10F0900004460D464FF00A0011D526F075FE58B112
:10F0A0008A4B4361C0E906890623C0E90845037419
:10F0B000002343748374C3744FF44252A3E626F0D2
:10F0C00063FE0028F8D0824BEBE70A2026F05CFEB6
:10F0D00060B19DED027B7F4B80ED087BC0E905357B
:10F0E00006230374002343748374C3747A494FF472
:10F0F000435212AD30F09EF80FCD36AE0FC60FCD95
:10F100000FC695E80F004FF0010886E80F003AE7B8
:10F11000724836F0AFFF00283FF44EAF704836F02B
:10F12000A9FF83457FF448AF36AD0FCDDFF8D0C1DE
:10F13000ACE80F000FCDACE80F0095E80F000DF123
:10F14000D80E8CE80F00BEE80F00DFF8A4C1ACE8D1
:10F150000F00BEE80F00ACE80F0095E80F008CE848
:10F160000F00204612F016FC21465E4836F088FF5C
:10F17000EFF3118487F31288BFF36F8F5A482DF095
:10F1800063FF00283FF400AB5748DFF878A12DF06B
:10F190007FFF5548CAF80C80CAED048A2DF062FF43
:10F1A00000283FF424AB84F31188BFF36F8F4F48DE
:10F1B0002DF058FF00283FF41AAB89F31188BFF3F4
:10F1C0006F8F4B49302205201DF0F6FD36AC0FF055
:10F1D000D3FF484837F058F80FCC12AD0FC50FCC0D
:10F1E0000FC594E80F0085E80F0037F074F818F0A9
:10F1F0009FFAEFF3118487F31288BFF36F8F3A48B9
:10F200002DF022FF00283FF4BFAA37482DF040FF21
:10F2100000233548CAF80860CAF80030CAF804303C
:10F220002DF020FF054600283FF4E1AA84F3118861
:10F23000BFF36F8F16F0C2FE062026F0A5FD38B191
:10F240002D4B436102230374002343748374C374FE
:10F2500021492A4F4FF486522FF0ECFF0DF1480858
:10F26000032658F804BBD8ED087AD8F808A0D8F8D7
:10F270001490CDED007A0E2026F086FD0446D0B124
:10F2800047615846FDF70EFBC4E906015046FDF7FD
:10F2900009FBC4E908014846FDF704FBC4E90A017B
:10F2A0000098FDF7FFFA0A22C4E90C01227400223B
:10F2B0006274A274E274084945F2C00220462FF03D
:10F2C000B9FF013ECDD1FFF7F2BA00BFD40505006A
:10F2D0003B060500EF060500049004000C660020C4
:10F2E000086600203466002024660020386600206E
:10F2F00014F10320080900207607050006EE04003B
:10F3000048660020106600202DE98048D7B0002113
:10F310000CAF07201DF06CF9AE49AF48AF4DB04CB3
:10F32000B04E802239F058F9AF4AB04B07CA83E893
:10F330000700AF4AAF4B07CA83E80700AE4AAF4B9E
:10F3400007CA83E807000FCD0FC40FCD0FC495E89F
:10F350000F0084E80F0096F89C34A948022B84BF64
:10F36000002386F89C3412F033FC96F89C04023893
:10F3700018BF012012F07CFB0FF0A4F8A14AA24BA9
:10F380006C4688B0002818BF13460CAA9F49A048B5
:10F39000C2E905134FF4007393839E4B42F8103F6C
:10F3A0004FF4E65130F08EFEA5460FF08BF80028A2
:10F3B00000F08580002407F1F800C7E93244C7F85F
:10F3C000D0400FF061F907F1C80107F1F8001DF016
:10F3D00073F8B5EE400AF1EE10FA70D0EFF3118633
:10F3E000402585F31288BFF36F8F8B482DF02CFEDC
:10F3F00030B9882289498A4837F062FD38F0D7FC55
:10F4000085482DF045FE36F072FE12F0C3FA214613
:10F41000844836F035FEEFF3118885F31288BFF388
:10F420006F8F81482DF010FE0028E2D07E482DF02D
:10F430002FFE7E4B6B4A9C60C3E9004492F8A424E3
:10F44000DA607B4A784812681A612DF00BFE10B919
:10F450004FF49A72CEE788F31188BFF36F8F6E482E
:10F460002DF000FE0028F3D086F31188BFF36F8FD4
:10F4700007F178000FF0B0F8D7F88430002B16DDD4
:10F4800007F1B4000FF0A8F807F1A000D7F8C050BA
:10F490000FF0A2F80820D7F8A84026F075FC002845
:10F4A00061D15B494FF403522FF0C4FE07E007F12E
:10F4B0008C000FF091F8D7F89430002BE0D1494C34
:10F4C0005C4D94F8A8342B7014F068FF2A784D4BEB
:10F4D0004D4D002A18BF1D4614F080FFB4F84C397A
:10F4E0006C4622468CB05449544EC4E90703544B31
:10F4F0005448C4E905150421C4E90913524B42F8E4
:10F50000103F4FF4635130F0DDFDA54696F80080C2
:10F5100036F0D7FD04460D46B8F1000F0CD142F28B
:10F52000107807201CF086FF0A2036F0B5FD96F80B
:10F530000090B9F1000F21D02A4BB3F84C49032CAD
:10F5400000F28A800021012208460EF0BBFE012154
:10F5500000200EF045FF3D4B1B785BB301210020DE
:10F5600012F096FD26E03A4BC461C0E9053504234C
:10F570000374002343748374C37492E736F0A1FDCF
:10F58000001B61EB0501404571F10001C9DB06205C
:10F5900026F0FAFB48B12F4B43610223037480F835
:10F5A000119080F8129080F8139019494FF4865208
:10F5B0002FF040FE002011F02DFA431EF865052BB8
:10F5C00001F22E83DFE813F0A000DA00F400A102BC
:10F5D000E20373086DF0032030B2002044F10320F1
:10F5E000E066002000F00320F0F003201067002008
:10F5F000FCF003201C67002008F10320286600208F
:10F6000014F10320CCAE0400C42805008E070500C9
:10F610002C900400030000013866002062CE040034
:10F6200045A40500346600202466002010660020F2
:10F63000A0F4032036070020E30705002BB20020CA
:10F64000000201032490040006000002B8770020A5
:10F65000A90705001B080500462C1CD90A2026F026
:10F6600093FB60B18D4B43618D4BC0E9063446235B
:10F67000036205230374002343748374C3744FF43B
:10F68000215288492FF0D6FD874B0022A3F84C2940
:10F6900083F84E2956E718F0E9F8B4EE400AF1EE87
:10F6A00010FAB0EE408A1DD6082026F06DFB044605
:10F6B00068B17E4B436118EE100AFDF7F3F804239E
:10F6C000C4E90601237400236374A374E3747549C9
:10F6D0004FF4035220462FF0ADFDB0EE480A16F06D
:10F6E000FDFE2FE7062026F04FFB38B1704B43613B
:10F6F00002230374002343748374C37469494FF471
:10F7000084522FF097FD1DE70121202018F064FCA2
:10F7100010F09AFA4FF0FF3011F07CF90021202010
:10F7200018F05AFC634B93F87534022B39D101233E
:10F73000FB65604C5C4BD4F87024B3F84C399A42AA
:10F740004FF0000501F08782A4F874540820D4F823
:10F75000844426F019FB50B1574BC0E905344723C8
:10F76000C36104230374002343748374C3744D4939
:10F770004FF403522FF05EFD01F058BA0121202012
:10F7800018F02AFC0FF008FE4FF0FF3011F042F99C
:10F790000021202018F020FC464B93F87534022BF2
:10F7A000C7D007201CF046FE4FF4247201F001BAC6
:10F7B0002020012118F010FC062026F0E5FA38B1CF
:10F7C0003E4B436102230374002343748374C37468
:10F7D0003B494FF486522FF02DFD18F047F8B4EE58
:10F7E000400AF1EE10FAB0EE408A0DD6FBEE047A34
:10F7F000B4EEE70AF1EE10FA06D4DFED327AB4EE99
:10F80000E70AF1EE10FA13DD082026F0BDFA48B140
:10F810002D4B43612D4B83610323037400234374F9
:10F820008374C37426494FF4C2522FF003FDABE733
:10F8300030F07CFA044600284ED1062026F0A4FAC7
:10F8400030B1234B43610223037444748474C47441
:10F850004FF484521A492FF0EDFC134A92F85239B2
:10F860000133DBB2012B82F852398DD9082026F002
:10F870008BFA48B1174B436102238361032303745E
:10F88000002343748374C3744FF4C4520C492FF0A3
:10F89000D1FC054B012283F8512975E75B0805006F
:10F8A000441905002C90040000F003209108050085
:10F8B000DA080500786A0020611705000E090500C6
:10F8C000249004000000704232090500BF180500B2
:10F8D00054090500740905004FF4FA7036F0DCFB9A
:10F8E000062026F051FA38B1AB4B43610223037472
:10F8F000002343748374C374A8494FF486522FF0D5
:10F9000099FCA74BC7F8F83040F6B833009307F1DD
:10F91000F80241F2883307F16C0107F1C80007F0E3
:10F92000ABFE0646002874D0421C4ED1062026F0BD
:10F930002BFA38B19B4B43610223037400234374B9
:10F940008374C3744FF4865294492FF073FC964A23
:10F9500092F852390133DBB2012B82F852397FF62B
:10F9600013AF082026F010FA48B1904B43610223F0
:10F97000836103230374002343748374C37487492E
:10F980004FF4C4522FF056FC07F1F800B0EE480ACD
:10F9900014F074FD044600287FF47BAF062026F0A7
:10F9A000F3F930B1824B43610223037444748474CD
:10F9B000C4747A494FF486522FF03CFC7A4B0120F4
:10F9C00083F8510911F026F8DEE6831C10D10820D7
:10F9D00026F0DAF948B1774B4361774B8361032313
:10F9E0000374002343748374C3744FF4C252ABE7AF
:10F9F0000336ACD1062026F0C7F938B16F4B43610E
:10FA000002230374002343748374C3744FF4845239
:10FA10009AE797ED1B8AD7F8C8A0D7F8CC90D7F80B
:10FA2000D08018EE100AFCF73DFFD7ED3E7A044671
:10FA300010200D46C7ED167A26F0A6F9834600B3CE
:10FA40005F4A42615046FCF72DFFCBE9060148466C
:10FA5000FCF728FFCBE908014046FCF723FFCBE980
:10FA60000C45CBE90A01B86DFCF71CFFCBE90E0190
:10FA70000C228BF810208BF811608BF812608BF839
:10FA80001360464946F2C00258462FF0D3FBB0EE51
:10FA9000480A07F1C80014F091FD064680B108201D
:10FAA00026F072F948B1474B4361474B836103230A
:10FAB0000374002343748374C3744FF4C252E5E6A5
:10FAC000394B012283F85129404B83ED008A36F0EF
:10FAD000F8FA3F4B8146C3E900010A20884626F028
:10FAE00053F950B13B4B4361C0E90645C0E9089862
:10FAF0000623037446748674C6744FF44352274930
:10FB00002FF098FB30F00EFA3EE62020012118F08D
:10FB100063FA062026F038F938B12F4B43610223EF
:10FB20000374002343748374C3741C494FF48652D6
:10FB30002FF080FB17F09AFEB4EE400AF1EE10FAB7
:10FB40000DD6FBEE047AB4EEE70AF1EE10FA06D415
:10FB5000DFED227AB4EEE70AF1EE10FA46DD082076
:10FB600026F012F948B11E4B43611E4B83610323FB
:10FB70000374002343748374C3744FF4C25207495F
:10FB80002FF058FB36F09DFA174A114B801861F19F
:10FB90000001C3E90001F7E5A7090500249004006E
:10FBA0000000C07FDB09050000F00320A90A050062
:10FBB000D10A0500070A0500A61805002F0A05004E
:10FBC000600A05001A0B0500BF180500640100203B
:10FBD000402A0020450B0500810B05000000704203
:10FBE000C00B0500FB180500D08AFFFF082026F097
:10FBF000CBF840B1A44B436103238361037400231A
:10FC000043748374C374A1494FF4C6522FF012FB9E
:10FC10009F4BC7F8C8304FF4FA63009307F1C8024E
:10FC200040F6B83307F16C0107F1F80007F024FD46
:10FC30000446002846D0461C20D1062026F0A4F811
:10FC400038B1944B436102230374002343748374DB
:10FC5000C3744FF486528D492FF0ECFA082026F039
:10FC600093F840B18C4BC0E905340323037400239F
:10FC700043748374C3744FF4C45280E7851C10D15D
:10FC8000082026F081F848B1844B4361844B83619E
:10FC900003230374002343748374C3744FF4C25268
:10FCA000D9E7E01CDAD1062026F06EF838B17D4B9A
:10FCB000436102230374002343748374C3744FF4B9
:10FCC0008452C8E797ED1B8AD7F8F8B0D7F8FCA0A4
:10FCD000D7F8006118EE100AFCF7E4FDD7ED327A90
:10FCE000804610208946C7ED167A26F04DF8054665
:10FCF000E0B16D4A42615846FCF7D4FDC5E9060102
:10FD00005046FCF7CFFDC5E908013046FCF7CAFDB7
:10FD1000C5E90C89C5E90A01B86DFCF7C3FDC5E961
:10FD20000E010C222A746C74AC74EC74574946F2C0
:10FD3000C00228462FF07EFAB0EE480A07F1F8001C
:10FD400014F03CFC044648B1082026F01DF80028B9
:10FD50003FF468AD554B4361554B5CE536F0B1F966
:10FD6000544BC3E90001544B082083ED008A26F070
:10FD70000BF840B1514B4361C0E906890423037479
:10FD800044748474C4744FF40352B8E601212020F3
:10FD900018F022F94A4B1B78BB654A4B1C88BB6D97
:10FDA000022B00D8D4B9082025F0EEFF48B1464B0D
:10FDB0004361464B836103230374002343748374BC
:10FDC000C37443494FF4C2522FF034FA414837F01C
:10FDD00061F80121084618F07BFBD5E407EE904A54
:10FDE000F8EEE78ADFED3C7ABA6D3C4B68EEA78A05
:10FDF0009B5C7B6518EE900AFCF754FDC7E90E0189
:10FE00000A2025F0C1FF70B1354B436197ED0E7BA1
:10FE10007B6D80ED087BC0E9063406230374002364
:10FE200043748374C3742A494FF443522FF002FA87
:10FE30000420012118F04CFB062025F0A5FF38B165
:10FE4000284B436102230374002343748374C374F7
:10FE50001F494FF486522FF0EDF92FF067FF04464B
:10FE6000002845D1062025F08FFF30B11E4B43619D
:10FE70000223037444748474C47415494FF4845287
:10FE80002FF0D8F91948A2E7E50B050024900400EB
:10FE90000000C07F1B0C0500F50C05004A0C050096
:10FEA000DF180500750C0500A90C0500230D0500E1
:10FEB000FB180500402A002064010020510D0500B8
:10FEC000B977002054750020830D05001E19050028
:10FED00014900400B30D05000000B44310DB0400CF
:10FEE000F20D05002F0E0500530E0500880E0500CB
:10FEF00000220023C7E93E23C7E94023C7E9422384
:10FF000036F0DFF800240646884636F0DAF8801B23
:10FF100061EB0801B0F57A7F71F1000113DB002C71
:10FF200047D1062025F030FF30B1AD4B43610223AD
:10FF3000037444748474C474AA494FF484522FF037
:10FF400079F9A94843E74FF40042002307F16C0018
:10FF500010F012FC054690B1062025F015FF38B1CF
:10FF6000A24B436102230374002343748374C3745C
:10FF70009C494FF484522FF05DF99D4827E707F123
:10FF8000F80A07F16C0BDAE900235BF8040BC7E908
:10FF90001223FCF787FCD7E91223FCF725FB013578
:10FFA000032DEAE80201EED1072001341CF042FAE9
:10FFB000ABE707F1F80A07F1C80603252046FCF76E
:10FFC0005FFCFAE8028902460B4640464946FCF7C8
:10FFD000EBFDFCF7B7FF013D46F8040BEED10C201A
:10FFE000D7F8C880D7F8CC60D7F8D04025F0CCFE41
:10FFF0008146C8B17F4B43614046FCF753FCC9E9D9
:020000040001F9
:1000000006013046FCF74EFCC9E908012046FCF722
:1000100049FCC9E90A01082389F8103089F8115010
:1000200089F8125089F813506E4944F2C0024846CC
:100030002FF000F90520012118F04AFA082025F0D8
:10004000A3FE48B16C4B43617B6D83610323037452
:10005000002343748374C3744FF4C65261492FF074
:10006000E9F836F02EF8BB6D07F5947204460E469B
:100070000546884647F2305A02EB830936F021F8EC
:10008000001B61EB0601504571F1000112DB0620F7
:1000900025F07AFE38B1594B4361022303740023E3
:1000A00043748374C3744F494FF484522FF0C2F8E1
:1000B00053488CE64FF40042002307F16C0010F027
:1000C0005BFB0028DAD119ED189A19ED2F8A35F06B
:1000D000F8FF401B61EB0801B0F57A7F71F1000178
:1000E00038EE498A06DB07201CF0A4F935F0E9FF59
:1000F00005468846B0EEC88AF3EE0E7AB4EEE78A7B
:10010000F1EE10FABADD0220012118F0E1F9062023
:1001100025F03AFE38B13B4B4361022303740023C0
:1001200043748374C3744FF486522E492FF082F8BF
:1001300035F0C7FF3865796135F0C1FF9FED267B4B
:100140003B6DBB6087ED0C7B87ED107B87ED127BF1
:100150007B697B604FF0FF3480468946254635F049
:10016000B0FF3B6DC01A7B6961EB03014EF6602363
:10017000984271F1000112DB062025F005FE38B12E
:10018000214B436102230374002343748374C374BB
:1001900014494FF484522FF04DF81C4817E64FF4E1
:1001A0000042002307F16C0010F0E6FA064698B30F
:1001B000062025F0E9FD38B1154B43610223037495
:1001C000002343748374C37406494FF484522FF0A0
:1001D00031F81048FBE500BF0000000000000000FF
:1001E000540F050014900400870F0500CA0E050087
:1001F000060F0500C30F0500F40F050034100500BD
:1002000068100500A5100500491105008A110500B8
:10021000C81005000411050035F051FFBA4BB0EBD2
:10022000080861EB0909C7E90310A8FB038118F569
:10023000804803FB091141F100014FEAD83040EA40
:100240004140C90BFCF750FBA9A3D3E90023FCF7FD
:1002500081FBBB6D07F5947202EB830313ED2F8ACC
:1002600038EE498A8046894618EE100AFCF71AFBD8
:1002700042464B46FCF76EFB02460B46D7E912019D
:10028000FCF7B2F9B0EEC88AC7E9120118EE100AFD
:10029000FCF708FB42464B46FCF75CFB02460B466C
:1002A000D7E91001FCF7A0F99FED937BC7E9100196
:1002B00087ED0A7B07F16C0A07F1C80BBB6DB342EF
:1002C00015D09AED007ADBED007A77EE677A17EEBB
:1002D000900AFCF7E7FA02460B46FCF73BFB0246A6
:1002E0000B46D7E90A01FCF77FF9C7E90A01013695
:1002F000032E0AF1040A0BF1040BDFD197ED0A0B70
:1003000032F0E8FE404653EC102B4946FCF722FB46
:100310000B460246D7E90C01FCF766F9C7E90C0168
:1003200035F0CFFEBB68C01A7B6861EB0301B0F506
:100330007A7F71F1000106DB07201CF07BF835F0B5
:10034000C0FEC7E90110F2EE047AB4EEE78AF1EEDE
:1003500010FA4CD5BB6CDFED6D7A3B62FB6C68EE3E
:10036000A77A23F000437B6217EE900AFCF79AFA13
:1003700002460B46D7E90801FCF772FD002836D08B
:10038000002D06DA35F09DFE04460D46D7E90398A8
:10039000E5E635F096FE001B61EB0501B0F57A7FCE
:1003A00071F10001F2DBBB6CBB617B6AFB61D7E9D9
:1003B0000601FCF7C7FDDFED567A08EE100AB4EE31
:1003C000E78AF1EE10FA16D5062025F0DDFC38B1EB
:1003D000504B436102230374002343748374C3743A
:1003E0004D494FF484522EF025FF4C48EFE44FF076
:1003F000FF342546CAE742A3D3E90023D7E9100119
:10040000C8EE889AFCF736FD00286DD0D7E9102396
:10041000D7E90C01FCF7C8FBFCF794FD09EE100AC4
:1004200018EE100AFCF73EFA824619EE100A8B46C7
:10043000FCF738FA80460E20894625F0A5FC0446D4
:10044000B8B197ED0E7B80ED087B78EE687A344B7F
:100450004361C0E906AB17EE900AFCF723FA0A23C2
:10046000C4E90A01C4E90C89237400236374A374EA
:10047000E3742046284945F2C0022EF0DBFE19EE57
:10048000900AFCF70FFA044608200D4625F07CFC84
:1004900048B1244B4361C0E906450423037400239B
:1004A00043748374C3741C494FF403522EF0C2FE8C
:1004B0009FED1D7AF0EEE97AF4EE477AF1EE10FA4C
:1004C00038D9062025F060FC38B1184B436102236F
:1004D0000374002343748374C3740F494FF484522C
:1004E0002EF0A8FE124872E4B7EE009A98E700BF1B
:1004F0008DEDB5A0F7C6B03E000000000000000082
:10050000FCA9F1D24D62503F40420F009A99593FE9
:100510006F12833AD41105001490040010120500E4
:1005200055120500BA120500FFFF7F7FE712050094
:1005300027130500F5EE007AB4EEE79AF1EE10FA13
:100540001EDD0A2025F020FCAB4D002458B1AB4B3A
:100550004361C0E906890623C0E908450374002306
:1005600043748374C374A6494FF442522EF062FE62
:10057000CDE90045A34842464B4636F08BFC28E4C3
:10058000F7EE007A87EEA97A77EEC77A9FED9E7A2A
:1005900067EE877A17EE906ADFED9C7AF4EEE79AC1
:1005A000F1EE10FA06D4DFED9A7AF4EEE79AF1EE66
:1005B00010FA34DD0C2025F0E7FB0FF22C29D9E9E5
:1005C00000899FED8B8B68B1924B4361C0E9064572
:1005D0000823C0E9088980ED0A8B03740023437463
:1005E0008374C3744FF4814285492EF023FE304654
:1005F000FCF758F90523CDE90A0108938DED068B28
:10060000CDE90489CDE9024597ED0E7B82488DED59
:10061000007B52465B4636F03DFCFFF7DABBBB6D14
:100620009A007E4B1344C3ED019A0EF0A5FD7C4A5F
:1006300006200C2311461CF07FFC0A2025F0A4FBA9
:1006400058B1784B43617B6D8361C0E9084506234F
:100650000374002343748374C37469494FF4435291
:100660002EF0E8FDDFED707AB4EEE79AF1EE10FAC5
:10067000CDE9048930460FDDFCF714F90523CDE9F7
:1006800002010093796D694822462B4636F002FC40
:1006900001210920FFF79FBBFCF704F90523CDE9F1
:1006A00002010093796D624822462B46EEE7614ACB
:1006B000614E1378002B65D000240620147025F0BD
:1006C00063FB30B15D4B4361022303744474847453
:1006D000C4744FF486525A492EF0ACFD0121042017
:1006E00017F0F6FE07201BF0A5FE4FF4FA6035F078
:1006F000D3FC07201BF09EFE0121082017F0E8FE26
:100700004FF4487035F0C8FC07201BF093FE0DF045
:10071000B5F8EFF31184402383F31288BFF36F8F92
:1007200048482CF091FC00283EF463AE45482CF07C
:10073000AFFC35F0DCFC11F02DF94348002135F019
:100740009FFC40482CF08EFC00283EF481AE84F3E0
:100750001188BFF36F8F3378062063F07F03337007
:1007600025F012FB38B1394B436102230374002397
:1007700043748374C37432494FF486522EF05AFD89
:10078000FFF70AB896F90020002A80F2438207F1A9
:10079000C800C7E91833BB660DF076FF07F16001AA
:1007A00007F1C8001BF088FEB5EE400AF1EE10FA22
:1007B000DFF8A0A050D00DF061F8DAF8003099060B
:1007C0000DD44FF0FF3010F025F9214B93F875341C
:1007D000022B40F059824FF0FF33FEF7A9BF0021F2
:1007E000202017F0F9FBECE7000000C0CCCCEC3F78
:1007F000000000A09999F13F0000D03F721305005E
:1008000014900400B71305000000E1446666663FDB
:10081000CDCC8C3F1B1405006614050070F103203D
:1008200074F103200D150500CDCCCC3D401505001D
:10083000F41505002CB20020BA7700206E160500D2
:100840002C900400386600203466002099160500BC
:10085000786A0020D04C0020DAF800309A0603D4E1
:100860000121202017F0B8FB35F029FC012871F197
:10087000000132DB35F023FC10F5004441F10005A6
:10088000DFF88893DFF88883D9E90023C8E90023DB
:10089000D9E90013D8E90002884272EB030320D2A1
:1008A00000220023C8E9002335F009FCA042A94139
:1008B00020DB082025F068FA48B1C14B4361C14BE9
:1008C000836103230374002343748374C374BE4998
:1008D0004FF4C2522EF0AEFC73E74FF400440025F3
:1008E000CEE735F0ECFBA042A941D9DA012009F0AE
:1008F0001BFBCDE7B54A07CA07F16C0383E8070085
:1009000018460DF047FA35F0DCFBB14BD3E9004255
:10091000041B61EB0202B4F57A7F72F1000221DB65
:10092000C3E90001AB4B0820D3E9004525F02CFAC0
:10093000804688B1A84B436129462046FCF7BAFAA5
:10094000032388F810300023C8F8180088F8113005
:1009500088F8123088F81330A0494FF4C652404648
:100960002EF068FC3378FF2B7EF4DCAE062025F0F9
:100970000BFA38B19A4B436102230374002343748A
:100980008374C3744FF4865294492EF053FC16F0CE
:10099000E3FE904B934993ED001B934B07F1F80056
:1009A00093ED000B14F000FD0CF068FF062025F01D
:1009B000EBF938B18D4B4361022303740023437478
:1009C0008374C37485494FF486522EF033FC07F1CB
:1009D000F806032556F804BBD6ED087AD6F8089039
:1009E000D6F81480C7ED177A0E2025F0CDF904460D
:1009F000D8B17F4B43615846FBF754FFC4E9060169
:100A00004846FBF74FFFC4E908014046FBF74AFFA1
:100A1000C4E90A01F86DFBF745FF0A22C4E90C019D
:100A2000227400226274A274E2746C4945F2C0021E
:100A300020462EF0FFFB013DCCD1294607F1F800FE
:100A400011F026FBF865002864D00121084617F054
:100A50003FFD062025F098F930B1664B4361022333
:100A6000037445748574C5745C494FF486522EF046
:100A7000E1FB062025F088F938B15C4B4361022385
:100A80000374002343748374C37454494FF486522F
:100A90002EF0D0FB07F1C8000DF0F6FD07F1C806F7
:100AA000002556F804BBD6ED087AD6F80890D6F89B
:100AB0001480C7ED177A0E2025F066F90446D8B1E8
:100AC0004B4B43615846FBF7EDFEC4E9060148462F
:100AD000FBF7E8FEC4E908014046FBF7E3FEC4E982
:100AE0000A01F86DFBF7DEFE0A22C4E90C0122744C
:100AF00000226274A274E274384945F2C0022046B2
:100B000001352EF097FB032DCBD10121002011F0F0
:100B1000BFFA52E6062025F037F930B1364B436173
:100B20000223037445748574C5742C494FF48652AE
:100B30002EF080FB07F1F80011F04AF835F0CBFBFE
:100B400016F0F6FD05202D49302307F1F8021CF0C0
:100B5000F3F9062025F018F938B1294B4361022337
:100B60000374002343748374C3744FF486521B4987
:100B70002EF060FB0121092017F0AAFC15F01EFAE7
:100B8000DAF800309B0603D50021202017F024FA64
:100B90004FF0FF300FF03EFF1A4B93F87534022BE5
:100BA0003EF4C7ADFDF7D4FD07201BF043FC40F633
:100BB000CD420023144835F0A8FAFEF7FBBC00BF75
:100BC000DF160500341905000C9004003C66002077
:100BD000F8260020202A0020FF160500FC8F0400C4
:100BE0001D17050000270020282A00204C170500AB
:100BF00006EE04001AEE040039EE040014F103209E
:100C00004EEE0400786A002048090020D826002013
:100C1000D02600204FF0FF300FF0FCFEFEF7BCBDE9
:100C20001C4B93F87534022B3EF483ADFB6D002B07
:100C3000B8D007201BF0FEFBFB6D002B27DBFEF777
:100C4000B3BD421C14491301CB5C9BB9C4F8782492
:100C500013F07CFB0135082DD4F878040CD0002368
:100C60004628EEDD43B1C4F87804032384F87534D4
:100C7000FEF76CBD1046F3E7D4F87834462BF4DC6D
:100C80000A2035F009FAD1E707201BF0D3FBA42294
:100C90008FE700BF786A0020746A0020000000001F
:100CA0002DE9F04F8BB0CDE900014C1CE400054666
:100CB0004FF000084FF0000A4FF0000BD5E9006735
:100CC00052465B4630463946FCF7ACF8002840F007
:100CD00096803B46504932460020FBF765FF019B5A
:100CE00008F101084345C5E900012544E6D1009B10
:100CF000A4F1080903EB0907B8460125009B0793F7
:100D00000023069702932DE0DBE90023F6E80201B9
:100D1000FBF720FE02460B46DDE90401FBF764FC0D
:100D2000CDE904010AF1010ACB445545ECDCD8F8C1
:100D300008300893D8F80C3003F100430993DDE93B
:100D40000801DDE90423FBF705FE069BE3E8020149
:100D50000693029B01330293079B23440793029B54
:100D60009D4209D0DDE9063B9FED297BDDF808A017
:100D70008DED047B1E46D8E7019B0135AB424F4405
:100D8000A044BBD1009E083C002530E0069B08EB48
:100D90000301049B4344D3E90023D1E90001FBF79D
:100DA000D9FD02460B46DDE90201FBF71DFCCDE94A
:100DB00002010AF1010AA044019B5345E6DC9DEDC6
:100DC000027B0137AF42ABEC027B89ED007BA14493
:100DD00008DC9FED0F7BFB008DED027B0493B0469A
:100DE000AA46E9E7019B0135AB4226440CD0EB0053
:100DF0000693009BB34603EBC5090027E9E74FF0D4
:100E0000FF300BB0BDE8F08F0020FAE7AFF30080B1
:100E100000000000000000000000F03F00000000A3
:100E20002DE9F04F2DED028B85B09FED1D8B119EAE
:100E30000392DB0004460D46F60000934FF00009D4
:100E4000009BDDF840802B44029333192746019321
:100E5000A7EC028BAA46C346DBE90023FAE80201AD
:100E6000FBF778FD0B46024657E90201FBF7BCFB96
:100E7000029B9A4547E90201B344EDD1019B9F4291
:100E800008F10808E4D1009B1D44039B09F1010906
:100E90004B453444D4D105B0BDEC028BBDE8F08F96
:100EA00000000000000000002DE9F04F97B0CDE9F0
:100EB0000101900014462DF0FFFC0390002800F083
:100EC0005E81019B03EBC4030593A31EE500009321
:100ED000059B0D9305F108030F93029B03EB04138D
:100EE00004930E93059BCDE9063382464FF0000B29
:100EF0009FEDA57BD9460BF1010B4FEACB088DED99
:100F0000087BA8F108034AF804BF069E13935F46C6
:100F1000A742C0F29180DAF800305B4540F0A4802F
:100F20000D9BEB1812931F46019B434414930E9B99
:100F300009F10206A6420C93C0F2BD80DDE90E3233
:100F400013440E93069B13440693079B2B4407936D
:100F5000009B9B456DDB059BA5F108062B440827EC
:100F60003A461846049937F037FB049A0837034687
:100F70002A44B7422B440492F2D1029BDFF810B20C
:100F8000661E671C03F108094FF001084FF0000AC4
:100F900049E902AB2A464846002137F045FB0F9A43
:100FA000434608F1010844459144F1D1029A029860
:100FB0005F4302EBC707009A013B04FB0233029A2E
:100FC00002EBC303019AC7E900AB6FF0070EE743DA
:100FD00006FB0441FF00AEEB050EC900183AA0F174
:100FE0001009009809EB010C461C5018B44200F39C
:100FF000B080009E039850F82600B0420CD000FB51
:101000000460029E06EBC000009E84469846B442EF
:1010100000F3AB80C0E900AB009801383B44714459
:101020000090DED1039831F0CDFA009817B0BDE8FA
:10103000F08F129B0D935BE733681093736823F076
:1010400000431193DDE91001DDE90823FBF712FFEE
:1010500038B1CAF8007033680893736823F000430E
:1010600009932E44013753E70199079A634301EB33
:10107000C303A91893ED007BD2E90067A2EC027BC1
:101080008A42E3E80267F5D1019B019903EB08026C
:10109000DAF8003001EBC3030021D2E9006793EDD9
:1010A000007B01318C4282ED007BC3E900672A445A
:1010B0002B44F2D134E7139BF918069BD1E90001C8
:1010C000D3E90023FBF770FDCDE90A01EB19DDF848
:1010D00034901593B84698ED007BDDE90A23F9E8D2
:1010E00002018DED087BFBF735FC0B460246DDE97E
:1010F0000801FBF777FAE8E80201159B9845EAD169
:101100009DED0A7B0C9BDDF8508083ED007B019BFD
:1011100003EBC60308934FF00009089BDDE90A01C1
:10112000D3E90023FBF716FC0B460246D8E9000181
:10113000FBF75AFA089B09F101092B444C45C8E911
:1011400000010893A844E8D10C9B2F4401362B449E
:10115000F0E690ED007B8CED007B9FED0B7B013684
:1011600080ED007BAC44284440E79CED007BA8EC7C
:10117000027B9FED057B0136ACEC027B47E74FF02D
:10118000FF33009351E700BF0000000000000000A3
:101190000000F03F000000002DE9F04F2DED028B24
:1011A000B74BB3F84C59D5B0B0EE408A044695B968
:1011B000082024F0E9FD40B1B24B4361B24B83619A
:1011C0000323037445748574C574B0494FF4C25247
:1011D0002EF030F86EE0AE4FD7F8A030AB420BD017
:1011E00000233B7787F83C3087F85C3087F87C3009
:1011F00087F89C30C7F8A050A54A0023F6EE006A95
:10120000117F09B3D2ED007A37EEC87AB0EEC77A13
:10121000B4EEE67AF1EE10FA16D507EB431378EE4A
:10122000677A043304F10C02B3EC017AD3ED026A5D
:1012300007EEA67AA4EC017AA242F5D1002055B0BF
:10124000BDEC028BBDE8F08F0133052B02F12002CB
:10125000D6D1012D31D18A49002303F14B0210016F
:1012600001EB0212D2ED007AF5EE407AF1EE10FABF
:101270001DD0884B034493E8070084E80700B0EED4
:10128000480A10F04BFF07EB401383ED000A4501BD
:1012900094E807002E1D3E44103586E80700002222
:1012A00079197A51C1E9012201221A77C6E701337F
:1012B000462BD2D14FF0FF30C1E70025764EDFED4F
:1012C000777ADFF8BC81DFED764A2B46AC46B1EE8B
:1012D000095AF7EE005A4FF0140E0CF14B0208EBCE
:1012E0000212D2ED006AF5EE406AF1EE10FA3AD041
:1012F00036EEC87A27EE077A87EE056A36EE256A5B
:1013000085EE867AB4EEE47AF1EE10FA2BD4092D4C
:1013100065DC0EFB05F909F5A8726A4442ED326AF4
:1013200002ED2E7A09F1040922AA914496E80700F9
:1013300001350A2D89E8070015D1DDED267A22AAAC
:101340000023012592ED097AB4EEE77AF1EE10FA66
:1013500048BF2B4605F1010548BFF0EE477A0A2D3C
:1013600002F11402EED10CF1010CBCF1460F06F1B2
:101370001006B2D1002D63D19FED4A7A40494FF05B
:10138000FF3305F14B0201EB0212D2ED007AF5EECC
:10139000407AF1EE10FA0CD077EEC87AF0EEE77AE8
:1013A000F4EEC77AF1EE10FA48BF2B4648BFB0EE14
:1013B000677A0135462DE4D15A1C3CD1082024F02F
:1013C000E3FC00283FF401AF2E4B43612E4B8361B9
:1013D00003230374002343748374C374F5E6B4EEEB
:1013E000E77AF1EE10FABEDD0EFB03F303F5A87207
:1013F0006A4402ED2E7A42ED326A043322AA134483
:1014000096E8070083E80700DDED267A22A900238D
:10141000012291ED097AB4EEE77AF1EE10FA48BFB5
:10142000134602F1010248BFF0EE477A0A2A01F1A1
:101430001401EED197E7184A1B011A4407CA1CE7AA
:10144000012D23AE30D196E80700B0EE480A84E8BB
:10145000070010F063FE07EB401383ED008A46019E
:1014600094E8070006F1040CBC4410368CE8070031
:101470000022B919BA51C1E901221D77DEE600BF89
:1014800000F003200D1F05001A2F05001C9004001A
:101490009870002004F00320B4F403200000000042
:1014A0008FC2F53C0000807F0023002243EC172B05
:1014B0008DED027B8DED047BCDE91C23CDE91E2350
:1014C000CDE92023CDE91623CDE91823CDE91A2350
:1014D000CDE9002300230893F068FBF7E3F956ED0C
:1014E000017A77EEC87ACDE90A0117EE900AFBF788
:1014F000D9F9DDE90A2380468946DDE90201FBF7D7
:1015000073F8DDE90A23CDE9020140464946FBF7BD
:1015100021FA02460B46CDE90601DDE90001FBF7A1
:1015200063F84246CDE900014B46DDE90601FBF7D1
:1015300011FA0B460246DDE90401FBF755F81CAB36
:101540000E93CDE9040116ABDDF838B00D939A4641
:101550000F9600270F9B53F8040B0F93FBF7A2F98C
:10156000DBE9008902460B46CDE91023DDE90A23B9
:10157000FBF7F0F942464B46FBF736F8DAE900890B
:10158000DDE91023EBE80201DDE90601FBF7E2F9F2
:1015900042464B46FBF728F80137032FEAE80201E1
:1015A000D8D1089B0133AB42089306F1140693D1BE
:1015B000DDE90223DDE90401FBF7CCF9DDE90023D5
:1015C00006460F4610461946FBF7C4F902460B467D
:1015D00030463946FBF706F848A3D3E900238B468B
:1015E00021F000418246FBF727FC00B3DDE902232E
:1015F000DDE91C01FBF7D8FAFBF7A4FCDDE90223C7
:101600002060DDE91E01FBF7CFFAFBF79BFCDDE96B
:1016100002236060DDE92001FBF7C6FAFBF792FCCC
:10162000B0EE480AA06010F079FD334F2BE6254656
:101630000DF14C0804F10C090E9BB3EC027B0E93E8
:101640000D9BF3E8026751EC170B0D93DDE90423C2
:101650008DED067BFBF77EF9DDE90023CDE908017E
:1016600030463946FBF776F902460B46DDE90801BC
:10167000FAF7B8FF52465B46FBF796FAFBF762FCB7
:10168000DDE9022345F8040B39463046FBF762F9E1
:10169000DDE9002306460F46DDE90601FBF75AF9AE
:1016A00002460B4630463946FAF79CFF52465B46E7
:1016B000FBF77AFAFBF746FCA94548F8040BBBD1C7
:1016C000B0EE480A10F02AFD0B4E06EB401585EDF2
:1016D000008A430194E807001F1D374487E807008C
:1016E00013AA07CA1036334483E8070001232B7777
:1016F000A4E500BFAFF3008098700020BBBDD7D930
:10170000DF7CDB3D0000000010B5254C9FED257A05
:1017100000230122C4E90023234BD3ED007AF0EE2D
:10172000E76AF4EE476AF1EE10FA30D8F5EEC07AC7
:10173000F1EE10FA2BDD17EE900AFBF7B3F816A3C3
:10174000D3E90023FBF706F941EC100B06F0A0FAF1
:1017500051EC100BFBF75EFC50EA010304BF0021C3
:101760000120124B124AC90341EA5041C003C0187C
:1017700041F100010023FBF735FC01280B4671F114
:1017800000010246BCBF00230122C4E90023BDE8DA
:10179000104014F079BB00BF0000000080842E418F
:1017A00030000020FFFF7F7F3C6F00203F420F0092
:1017B00040420F00000000002DE9F04F2DED048B9A
:1017C000634E8BB096F8883000AF002B00F091800C
:1017D000D6F820A0BAF5FA6FC0F28B80B34607F1B5
:1017E000100403255046FBF74BF8FBE8028902463C
:1017F0000B4640464946FBF7D7F9FBF7A3FB013DF3
:1018000044F8040BEED1706A002810DDFBF738F8BD
:1018100002460B46D6E90601FBF7C6F9FBF792FB39
:1018200008EE100AB4EE488AF1EE10FA0FD706203F
:1018300024F0AAFA38B1474B436102230374002312
:1018400043748374C3744FF4845243494DE034F0BD
:1018500038FCD6E92423801A61EB0301FBF7CAFCAC
:10186000DFED3E7AD6ED218A07EE100A87EE279A41
:10187000DFED3B7AB4EE679AF1EE10FA48BFB0EEB6
:10188000679AD6ED207A78EEE78ADFED367AC8EEF1
:10189000899AF4EEE79AF1EE10FA30DD0E2024F08A
:1018A00073FA0446E8B1304B436119EE900AFAF737
:1018B000F9FF25A3D3E90023C4E90601C4E90823FD
:1018C00018EE900AFAF7EEFFC4E90A0119EE100AC1
:1018D000FAF7E8FFC4E90C010A2323746574A574C0
:1018E000E5741D4945F2C00220462DF0A3FC12F01C
:1018F00089FD2C37BD46BDEC048BBDE8F08FF2EEC0
:10190000047A78EE677A18EE100A77EEA77AFDEE81
:10191000E77A17EE904AFAF7C5FF452C80468946CC
:1019200026D9082024F030FA40B1104B4361C0E9B9
:1019300006890423037445748574C5744FF40252F8
:1019400083E700BFAFF3008000000040E17AA43FCE
:1019500060310020E82905002490040000007A444A
:101960006F12833A0AD7233D272A0500702A050003
:101970001020D6F820A024F007FA0646B0B1A84BF4
:10198000C0E90889C0E9053A18EE900AFAF78AFF1B
:10199000C6E90A0119EE900AFAF784FFC6E90C01BC
:1019A0000B23B46333747574B574F5749D4945F6AF
:1019B000C00230462DF03EFC9B4B83ED008A0DF0BB
:1019C000DBFB9A4BD3ED007AF4EE677AF1EE10FA76
:1019D0000CD678EE677A9FED967AF4EEC77AF1EE40
:1019E00010FA40F3B180934A0121117083ED008A0F
:1019F000914E07F1100393E8070023011E4496ED72
:101A0000009AB5EE409A07F11C05F1EE10FA85E850
:101A1000070000F0A880874B1B78012B00F09F8007
:101A2000DFED868A864A022BF6EE007A854B18BFD8
:101A3000F0EE678A18BF1346EB468CB0EA46824A3E
:101A4000CAF81C30CAE9052418EE900AFAF72AFFF2
:101A5000524640F20133AAF828307C4BCAE908010B
:101A600042F8103F6F484FF453512EF02BFBB7EE66
:101A7000007AA30037EE687A7548FB60DD46294698
:101A8000AB460022FB68D1ED007A134403F5967350
:101A900000EB8303D3ED016A67EEA87A47EE267A5E
:101AA0000132032AE1EC017AECD1D7ED077AC7EDD8
:101AB000027AD7ED087AC7ED017AD7ED097A0C20C2
:101AC000C7ED007A24F060F98246D0B1614A4261E4
:101AD000B868FAF7E7FECAE906017868FAF7E2FEA5
:101AE000CAE908013868FAF7DDFE0822CAE90A01E6
:101AF0008AF8102000228AF811208AF812208AF829
:101B000013204849DFED548A44F2C00250462DF0BC
:101B100091FB4F490022FB68FBEC017A134403F56B
:101B2000967301EB830393ED017A77EEC77A013266
:101B3000F0EEE77AF4EE687AF1EE10FAC8BFF0EE54
:101B4000678A032AE7D116E09FED447AF4EEC77A5C
:101B5000F1EE10FA7FF54AAF364A022145E7DFED94
:101B6000408A404B68E73A4ADFED3B8AB2F84C398D
:101B70000133A2F84C393C4B86ED008A2201134414
:101B800095E8070083E80700314A002682F84E698D
:101B9000D7ED097AD7F81CB0D7F820A0C7ED037AA3
:101BA000122024F0F1F80546F0B1304AC0E9088966
:101BB000C0E905245846FAF775FEC5E90A01504602
:101BC000FAF770FEC5E90C01F868FAF76BFEC5E993
:101BD0000E0118EE900AFAF765FEC5E910010E2213
:101BE0002A746E74AE74EE740E4947F2C002284631
:101BF0002DF020FBB5EE409AF1EE10FA06D0DFEDA5
:101C00001C7AF4EEE78AF1EE10FA04DB14F05AFDC8
:101C100034F057FA6BE60DF0AFFA12F07BFBF7E702
:101C2000B72A050024900400ACF4032060010020D2
:101C3000CDCC4C3EB0B20020B0F403209A99193EAE
:101C400079CA0400CEEE0400152B05000600000141
:101C500000F00320C9F2040000000000CDCC4CBE0F
:101C60003333333FC7EE0400B4F40320462B0500A2
:101C70006F12033B000000002DE9F04F2DED028BA9
:101C80009FED538B85B00025009089462C462E464B
:101C9000A846AB4601275FFA85FAB9F1000F04D0D8
:101CA00007FA05F313EA090F14D0009B02A9504666
:101CB0008DED028B984708430CD0029B18EB030371
:101CC0009846039B50464BEB030B15F093FA04190F
:101CD00046EBE0760135132DDDD154EA06036ED0D4
:101CE0003346224640465946FBF77CF9A0457BEB3C
:101CF0000606074601912FD200273D46BA463C46CC
:101D00003E469FED338BFAB2009B019202A910462A
:101D10008DED028B984701430CD00299019A61180E
:101D20000C460399104646EB010615F063FA451977
:101D30004AEBE07A0137132FE5D155EA0A0237D092
:101D400053462A4620463146FBF74CF9AC4276EB27
:101D50000A030746019136D39FED1D8B4546DA46AF
:101D6000002601245FFA86F8B9F1000F04D004FAC6
:101D700006F111EA090F18D0009B02A940468DED2B
:101D8000028B9847084310D1404615F033FA019B67
:101D90004FEAE07C00FB03F107FB0C11A0FB070CF2
:101DA00040196144054641EB0A0A0136132ED9D188
:101DB0002846514605B0BDEC028BBDE8F08F2546A4
:101DC000B24600279DE70025AA46F1E7AFF3008061
:101DD00000000000000000002DE9F04F87B005462C
:101DE000039117461E46836804AA5B68984700283B
:101DF00031DBDDE9044AA7FB04B307FB0A37584689
:101E000019A3D3E900233946FBF7ECF8DFF860802B
:101E100002904FF0FF39D94578EB07031ED3A6FB9C
:101E200004B406FB0A4410A3D3E900232146584614
:101E3000FBF7D8F8D94578EB040403460ED3029992
:101E4000AA6899420DD3BDF8401000911468284645
:101E5000DDE90221A04707B0BDE8F08F6FF08500F3
:101E6000F9E76FF01500F6E700CA9A3B00000000A2
:101E7000FFC99A3B000000002DE9F04F85B000AF8C
:101E800014F002F8224A234BD2ED017ADFF8A88041
:101E900011681960F1EE677AC3ED017AD2ED027A2A
:101EA0001D4CF1EE677AC3ED027AD2ED037AF1EEC2
:101EB000677AC3ED037A98F800309BB1174B1B7813
:101EC00083B1174B9B88190608D5164B93F9003040
:101ED000002B03DB236801201B6B9847124B1B6808
:101EE0005B689847114A2368117851B310498B42B7
:101EF00024D100250620157023F046FF002840F06D
:101F000038830C494FF486522DF094F91DE000BF40
:101F1000DC030020CC030020E4020020FFB10020FD
:101F20002C6F0020D5070020E0020020CDB2002059
:101F30003C9A04003C910400B8770020BA498B42D7
:101F4000D7D000215B681170984707F10C01012080
:101F50002DF0F6FFFA2007F0E7FF2368B3499B68EE
:101F6000B348DFEDB40AB3EE000A9847B04B08203F
:101F70001E6823F009FF054660B1AF4B4361304650
:101F8000FAF790FC0423C5E906012B7400236B7457
:101F9000AB74EB742846A9494FF403522DF04AF96B
:101FA000A24B08201E6823F0EFFE054660B1A44B4B
:101FB00043613046FAF776FC0423C5E906012B7429
:101FC00000236B74AB74EB7428469C49DFF8C0B2F5
:101FD0004FF403522DF02EF99A4B9B499FED9B1A1B
:101FE000DFED9B0A97ED030A01221A702368584619
:101FF0001B689847944B9BED007AD3ED007A954B84
:10200000B4EE677AF1EE10FA48BFF0EE477AC3ED0E
:10201000007A914B05460820D3F8049023F0B4FED3
:10202000064688B18D4B43614846FAF719FC7CA3FC
:10203000D3E90023FAF7B8FD0423C6E90601337497
:1020400000237374B374F37430467C494FF4035225
:102050002DF0F0F80820DBF8009023F095FE0646FE
:1020600090B17F4B43614846FAF71CFC0B46024691
:102070007C490020FAF798FD0423C6E90601337471
:1020800000237374B374F37430466C494FF40352F5
:102090002DF0D0F86C4B0820D3F8009023F074FE9C
:1020A000064690B1704B43614846FAF7FBFB0B467E
:1020B00002466C490020FAF777FD0423C6E90601C1
:1020C000337400237374B374F3745C494FF4035294
:1020D00030462DF0AFF8002DC0F2468298F800305F
:1020E000002B3ED0614B1B78002B3AD0604B9B8875
:1020F0001A0608D55F4B93F90030002B03DB2368E9
:1021000001201B6B98475C4B5C4E1B689FED500A8F
:102110001B683046984705460820D6F8009023F003
:1021200033FE064690B1564B43614846FAF7BAFB78
:102130000B4602464B490020FAF736FD0423C6E958
:102140000601337400237374B374F3743B494FF482
:10215000035230462DF06EF8002DC0F20582FFF7D5
:10216000D3FA062023F010FE38B1464B4361022318
:102170000374002343748374C37430494FF486524C
:102180002DF058F8062023F0FFFD38B13E4B436197
:1021900002230374002343748374C37427494FF4E8
:1021A00086522DF047F80025AB0003F1005303F5EC
:1021B0007C33D3ED547AD3F84491C7ED017AD3ED53
:1021C0005A7AD3F85CA1C7ED007A0E2023F0DCFD2B
:1021D0000646D8B12D4B43614846FAF763FBC6E982
:1021E00006017868FAF75EFBC6E908015046FAF77F
:1021F00059FBC6E90A013868FAF754FB0A22C6E916
:102200000C01327400227274B274F2740B4945F2FC
:10221000C002304601352DF00DF8032D3AE000BF25
:102220000000000080842E41D89A04000C72002027
:102230001072002000007A458A3305003C910400AA
:10224000A5330500DB070020047200200AD7233BDA
:102250000AD7233C206F0020C0020020BE330500B7
:10226000DF3305000000F03F02340500FFB100201D
:102270002C6F0020D5070020E00200203C6F0020DA
:102280002134050043340500F0ED040006EE04009F
:102290000872002088D1BB4B0C20D3F8FC90D3F8F7
:1022A0000061D3F8045123F06FFD8246D0B1B64BE4
:1022B00043614846FAF7F6FACAE906013046FAF7EA
:1022C000F1FACAE908012846FAF7ECFA0823CAE944
:1022D0000A018AF8103000238AF811308AF8123087
:1022E0008AF81330A94944F2C00250462CF0A2FFEC
:1022F00098F80030002B40F08981A24B93F8803190
:10230000002B00F0D481062023F03EFD38B1A04B15
:10231000436102230374002343748374C374994D8F
:102320009A494FF486522CF085FF95F88031012BA5
:1023300040F0BD8197480FF0FFFF002385F8803102
:102340000CF01AFF944B1A68944B1A702268944B45
:102350009A4223D1062023F017FD38B1914B4361F7
:1023600002230374002343748374C3748E4E87491D
:102370004FF486522CF05EFF3378012B0ED1802271
:102380007721002012F0FCFE03220546711C782004
:102390002BF080FC054301D01AF0D4F8834B9FED5D
:1023A000847AD3ED007A834BF8EEE77A0126C7EE04
:1023B000876A93ED007AC6EE877ABDEEE77A17EE6C
:1023C000900A17EE103A1DB2012D7B4BA846B8BFFC
:1023D0004FF00108A3F80080784B1E70FAF762FAFC
:1023E000774A784BB542D8BF13466D468CB06A46E3
:1023F000C2E9088340F202531385DFF80CC2724B26
:10240000C2F814C0C2E9060142F8103F5F484FF419
:1024100053512DF057FE2368AD465B6A304698470E
:102420000446002800F057810A2023F0ADFC58B183
:10243000664BC0E905360D23C0E907340523037454
:10244000002343748374C37450494FF423522CF017
:10245000F1FEC4F30711012900F03481CB1E59426B
:102460005941090100231943594841F4803104F0CE
:102470000F040CF031F8032C00F02781022C4FF0F0
:10248000000340F026814FF0A8611943504813F033
:10249000E3FF5049504B4B6050484FF400538B6062
:1024A0006C4633F00EFF88B06A464D4B53614D4B7E
:1024B00093614FF4007393834B4B344842F8103FC1
:1024C0004FF4E6512DF0FEFD0620A54623F05CFCFE
:1024D00038B1464B43610223037400234374837471
:1024E000C3742A494FF486522CF0A4FE404B0122BB
:1024F0001A7013F0C9FC07F039FE002833D015F02C
:1025000095FE07F03DFE3B4BD3F800903A4BD3F8D5
:1025100000803A4B0E209E685D6823F035FC04462F
:10252000D8B1374B43614846FAF7BCF9C4E9060114
:102530004046FAF7B7F9C4E908013046FAF7B2F9AC
:10254000C4E90A012846FAF7ADF90A23C4E90C01E7
:10255000237400236374A374E3740C4945F2C0022E
:1025600020462CF067FE002528461437BD46BDE8FE
:10257000F08F244B43610223037445748574C57442
:10258000BFE400BF00F00320BAF004003C91040057
:102590005734050081F10320180100202FB20020DC
:1025A000749B04006D34050030B20020BC02002092
:1025B00000007A44206F00209C770020C6B20020E3
:1025C000342505006D28050006000001853405004E
:1025D000009F0400F8710020B1710200708A0400AD
:1025E000AF34050016C6040003000001B83405002E
:1025F000C9B200200C72002010720020EC030020F1
:10260000CB3405005F3305007A280500334B1B7877
:10261000002B3FF472AE062023F0B6FB38B1304BEE
:10262000436102230374002343748374C3742D49EC
:102630004FF486522CF0FEFD0025AB0003F1005351
:1026400003F57C33D3ED457AD3F820A1D3F82C9150
:10265000D3F83881C7ED017A0E2023F095FB0646AA
:10266000D8B1214B43617868FAF71CF9C6E9060135
:102670005046FAF717F9C6E908014846FAF712F981
:10268000C6E90A014046FAF70DF90A22C6E90C012B
:10269000327400227274B274F274124945F2C002AC
:1026A000304601352CF0C6FD032DC6D125E60F4B73
:1026B000DBED000A93ED001A0D4B93ED000A0FF0CD
:1026C00097FE3FE620230021CDE64FF05073002116
:1026D000DBE61946D9E64FF0FF3545E7FFB10020AC
:1026E0004C1705003C91040006EE04003C6F0020EE
:1026F00004720020000000002DE9F04F2DED0C8B3E
:10270000C34B1B78FBB0002B02F0F78013F0D4FB17
:1027100015F032FC0021084619F06AFFFFF7ACFB08
:102720000446002800F0CB810121084615F054FC36
:102730009FEDB59B33F0C5FCB64A136801331360B7
:10274000B54B1B78CDE90F01002B00F0B18233F0BF
:10275000B6FC7822CDE91101002133A835F064FFE1
:1027600033A815F0F1FD33F0AAFC06460F4633F00E
:10277000A6FC04460D4615F0FFFB33F0A0FCA74A6B
:10278000001B61EB0504A0FB023102FB0411A44C09
:1027900013F58043D4E9000241F10001DB0B43EA69
:1027A000414398424FEAD1318A419E4A38BFC4E939
:1027B00000319D4B92F800809C4C93F800A083F868
:1027C000008033F07CFC236805461B6998488946E5
:1027D0004FF480619847ADF8CE0033F070FC401B99
:1027E0008E4D61EB0901A0FB052305FB0133914DE3
:1027F00012F58042D5E9000143F10003D20B42EA11
:10280000434290424FEAD333994138BFC5E9002390
:10281000894B1A7852B3BDF8CE203AB3874DB5F93B
:1028200000004FF0000B012883F800B01EDD236884
:1028300080B25B6A98478146B5F900500820B9F12B
:10284000000F40F04A8123F09FFA50B17C4B80F892
:102850001190C0E905350323037480F8129080F8C5
:1028600013904FF4C45277492CF0E4FC764DDFF816
:10287000189233F026FCD5E90032C01A61EB020150
:10288000B0F57A7F71F1000180F238810023C9F838
:102890000030D9ED007AF5EE407AF1EE10FA43D02F
:1028A000BBEE047AF4EEC77AF1EE10FA3CDD9FED50
:1028B000677AF4EEC77AF1EE10FA35D533F001FC01
:1028C000634B99ED007A634CC3E90001624B83EDE1
:1028D000007A624B1A78002A40F01A81012284EDB6
:1028E000007A1A705E4B94ED008AC3E900015D4BDB
:1028F0001B7873B15C4B1B785BB133F0EAFC40B1E1
:10290000DFED5A7AB4EEE78AF1EE10FA48BFB1EE85
:10291000488ADFED577A574AB4EEE78AF1EE10FAAB
:1029200040F1258101231370534B389333F0C9FBD9
:10293000474AD2E90032002A10DBC31A61EB0201D8
:1029400040F2E932934271F1000107DA434B1B7800
:10295000002B00F024813F4B1B68389300233493F5
:102960003593369300238DF8DC303E4B1B78002BDB
:1029700000F03D813C4B1B78002B00F0388133F098
:102980009EFB3E4BD3E900230D4652EA0301044669
:1029900004D0944275EB0303C0F22481384B1B68CA
:1029A00034A81B6998478DF8DC00002800F01F81CF
:1029B000324ADFF8D8C0D2E9001051EA000EDCE953
:1029C000003C00F0EE80B4EB010B65EB000E9B4584
:1029D0007EEB0C0E80F2E580CB1840EB0C00C2E9D8
:1029E000003007F0C3FB002800F0018107F0BEFBB8
:1029F000002800F0FC80234833F03CFB14AD044673
:102A0000294645E0AFF30080000000000000000010
:102A10002BB20020E8710020CCB2002040420F0011
:102A200030360020EFB20020F0B20020E402002097
:102A3000200C002028360020C6B200209C77002001
:102A4000333605003C910400700000200000704205
:102A500068000020B4030020B8030020EEB200207C
:102A600020360020B8770020FFB1002000001A4275
:102A700000001AC206B200200000C07F682C0020AF
:102A8000E0020020F04C0020E47100203000002023
:102A900034A833F024FBEFF3118B402383F3128827
:102AA000BFF36F8F42482AF0CFFA002840F090829F
:102AB00088224049404834F003FA35F078F93F4B1A
:102AC00001221A7033F0FDFA3D4B143041F1000140
:102AD000C3E900013B4B1C702AE623F055F950B1C5
:102AE000394B80F811B0C0E905350323037480F831
:102AF00012B080F813B04FF4C652B4E623681B6AD4
:102B0000984789ED000A33F0DCFAC5E90001C0E618
:102B10002E4AD2E9003242F21175C31A61EB020269
:102B2000AB4272F1000502D384ED007ADAE61A4373
:102B300008BF012307EE903A254B1B78002B0CBFF2
:102B40004FF4FA73642306EE903AF8EEE77AF8EE63
:102B5000E66A204B76EEA76A93ED006AC7EEA65AA6
:102B600037EE467A05EE876A83ED006ABAE6DFED56
:102B70001A7AB4EEE78AF1EE10FADFBFF3EE097AC3
:102B800038EE678ADFED157A38EE088ACFBFFF236B
:102B900038EE278AFCEEC87A17EE903AC3E6104B5F
:102BA000DAE6E31845EB0C05C2E9003519E700BF8A
:102BB000EC4C002062CE040045A40500CCB20020FD
:102BC00068360020F1B200205B3605002036002078
:102BD0002DB20020B40300200000B1420080004369
:102BE000B80300209DF8DC30002B7FF4FAAEC2451C
:102BF0001BD0C14B1C78012C00F00B82022C00F082
:102C00001A8294B9062013F08BFB062023F0BCF83F
:102C100030B1BA4B43610223037444748474C474A6
:102C2000B7494FF486522CF005FB33F048FAB54B08
:102C3000B54D801B61EB0701A0FB032012F580421C
:102C400003FB0103D5E9001043F10003D20B42EA74
:102C5000434289184FEAD33440EBD333AB48C5E93C
:102C60000013D0E900139142A34138BFC0E900240A
:102C7000A74CD4E90023012A73F10003C0F2FC81C0
:102C800033F01FFAD4E90032984271EB020280F26D
:102C9000F381A04B1A780AB901221A709E49BDF837
:102CA000CE00D1E900321B1842F10002C1E9003226
:102CB000002019F0BFFB13F0F5F833F002FA0F9B78
:102CC000C41A109B61EB0305012C75F1000317DB9F
:102CD00020462946FAF78EFA904B93ED007AB5EE2E
:102CE000C07AF1EE10FA07EE900A81BFDFED8C6A30
:102CF00067EEA67ADFED8B6A47EE267AC3ED007A9F
:102D0000894E3268D317A242AB4107DA8749D1E92D
:102D10000023A242AB41B8BFC1E90045844C854DB8
:102D200033F0CFF9D4E90032C01A41F2893361EBB4
:102D30000201984271F10001C0F2C18033F0C1F983
:102D4000C4E90001794CD4E90087B8F1010F77F1AB
:102D5000000326DBD6ED007A704BF8EEE77AB7EE8B
:102D6000087A67EE877A93ED007AF4EEC77AF1EE8F
:102D700010FA12D5082023F007F848B16E4BC7614E
:102D8000C0E9053804230374002343748374C374B7
:102D90005B494FF402522CF04DFA00220023C4E9A3
:102DA0000023664C2768AFB1082022F0EDFF50B138
:102DB000634BC0E905370523C36104230374002373
:102DC00043748374C3744E494FF402522CF032FAA8
:102DD000002323605B4A136823B35B4B5B480021ED
:102DE00019605B4B116000221A6000220023C0E9C9
:102DF00000234948C0E900234348C0E9002355485F
:102E0000C0E90023544801604049C1E90023534907
:102E1000C1E900235249C1E900235249C5E9002311
:102E2000C1E90023504B514C1B78002B01F03E852B
:102E30004F4B1B78002B01F039854E4F9FED4E7A9A
:102E4000D7ED007ADFED4D6AF8EE677A67EE877AA4
:102E500087EEA67A84ED007A15F07EF968B3484BC8
:102E6000D4F80090D7F800A0D3F800800C2022F00E
:102E70008BFF0446D8B1434BC0E9053A41F2883391
:102E8000C3614846F9F70EFDC4E908014046F9F769
:102E900009FD0B4602463C490020F9F785FE082350
:102EA000C4E90A01237400236374A374E37414490E
:102EB00044F2C00220462CF0BDF900233B60334BA6
:102EC0004FF00009C3E9009933F0F9F84A46074684
:102ED0004B462F48884633F018F9002841F0EA8421
:102EE0002C4B01221A702FF077FA33F0E8F8054ADC
:102EF000C01BA0FB02034FE0EFB200207A360500B2
:102F00003C91040040420F006036002058360020FB
:102F100068360020F1B20020383600204C4B0020EB
:102F2000CDCCCC3D6666663FBC020020F03500206B
:102F3000E8350020E0350020EE3A050090710020D1
:102F4000133B0500E8710020A471002048360020E2
:102F5000A8710020503600201C6F00204036002051
:102F60003036002028360020B8770020484B00205B
:102F7000FFB10020C471002000007A4400409C454D
:102F80003C6F0020383B05000000F03F482B00203C
:102F900088090020EDB2002061EB080102FB01333B
:102FA00010F5804143F10000D5E90023C90B41EA47
:102FB0004041891843EBD033C5E90013244B1B78FB
:102FC00013B1244813F0B8FE12F076FFFFF7B2BB3E
:102FD00021482AF05DF807F0C9F870B11F4833F0B6
:102FE00049F8844209D195E807001D4B83E80700A2
:102FF0001C4B1C601C4B01221A7017482AF032F837
:1030000010B94FF49A7254E58BF31188BFF36F8FA8
:10301000EDE5212013F084F9062022F0B5FE00280A
:103020003FF4FEAD114B436102230374002343744C
:103030008374C374F4E5642013F072F9062022F05F
:10304000A3FE00283FF4ECAD094B43610474EDE7A7
:10305000CAB20020502B0020EC4C0020F04C002085
:10306000D44C0020E04C0020FCB100209936050033
:10307000B83605000000000033F021F800245FEDB1
:10308000038ADFF8F8B31391CDE93D44CDE9484414
:1030900082463994CDED3A8ACDED3B8ACDED3C8A1E
:1030A000CDED3F8ACDED408ACDED418ACDED428A0E
:1030B000CDED438ACDED448ACDED458ACDED468AEE
:1030C000CDED478ACDED4A8ACDED4B8ACDED4C8AC8
:1030D000CDED4D8ACDED4E8ACDED4F8A8DF8404134
:1030E000BDF8CE30A0B2834200F2928232F0E7FF08
:1030F000139AC84CB0EB0A0361EB0201C64AA3FB6A
:10310000023013F5804302FB0101D4E9000241F1D2
:103110000001DB0B43EA41431B1842EBD132C4E907
:103120000032BE4B1B7851AC002B00F06D81BC4BC4
:103130001B78002B00F068819DF8DC30002B00F03C
:10314000638134AD95E80700B64B01261E701AABBB
:1031500083E8070018460EF055FA95E80700B24BD1
:1031600083E80700B149D1E900329B1942F100021E
:10317000C1E90032AE4BD3E90023134302D03046FD
:1031800006F0D2FE204634AD9FEDAAAAA54E0BF064
:103190007BFA2146284633F028FB0027B0EE4A0A86
:1031A0001DA92846CDE91D771F9719F0A1F9002820
:1031B00000F05F841AAB93E8070085E807003770DA
:1031C00014F0CAFF60B11AAA07CA4AAB83E8070025
:1031D00034AA07CA4DAB83E8070001238DF84031BC
:1031E000369B22933378359A349920912192002B83
:1031F00000F0DD8032F063FF8F4F904B054693ED7A
:10320000000AD7E90003012873F100020E4615DB1E
:10321000281A61EB0303012873F100020EDB7E49DB
:10322000A0FB010201FB0321C00B40EA4140C90B96
:10323000F9F7D8FF00EE100A20EE0A0A20A810F0D5
:10324000A1F97F4A1368C7E900567E4D0133136028
:103250002A783D9B002A00F0AA80002B00F0A7806E
:1032600007EE903A9DED3A7AF8EEE77AB7EE00AACB
:10327000C7EE27CA9DED3B7A87EE278A9DED3C7A03
:10328000C7EE27BA28EE080A0CEEAC0A0BEEAB0A22
:103290002FF0F6FF70EE4A7A9FED6B7AF0EEE77A48
:1032A000F4EEC77AF1EE10FAF0EE40AA7FDC9DED65
:1032B00021DA9DED20CA9DED22BA2DEE0D0A0CEE0D
:1032C0000C0A0BEE0B0A2FF0DBFF9FED607AB4EED9
:1032D000C70AF1EE10FAF0EE407A68D48AEE2A7A44
:1032E00028EE0D8A0CEE8C8A0BEE8B8A28EE078A6C
:1032F00088EE270AB4EECA0AF1EE10FA00F313843E
:10330000BFEE007AB4EE470AF1EE10FA48BFB0EE15
:10331000470A4F4B4F4F93ED007A37EE878A83ED84
:10332000008A2FF03DFF4C4BD3ED007A37EEC00AF8
:1033300083ED000A3B680133632B3B6037DD07EE0A
:10334000903AF8EEE77A002688EE27AA80EE278AE0
:10335000B0EE4A0AF0EE480A32F0BFFF0C202E70A1
:103360003F6822F011FD0546D8B13C4BC0E9053756
:103370001AEE100AF9F796FADFED397A28EE278A65
:10338000DFED387AC8EE277AC5E9080117EE900A12
:10339000F9F788FAC5E90A0108232B746E74AE7434
:1033A000EE74314944F2C00228462BF043FF23ADAE
:1033B000294620A829F0C8FFEFF31186402383F3A4
:1033C0001288BFF36F8F294829F03EFE00283FF492
:1033D0006FAB2648264F29F05BFE95E8070087E88B
:1033E0000700012107F1140032F04AFEA7F1200086
:1033F00029F038FE00283FF404AE86F31188BFF3AD
:103400006F8F1C4832F083FE3D9B1B4A002B00F35C
:103410008E8335E05036002040420F00B877002000
:10342000FFB10020C7B200203C660020D826002053
:10343000D0260020BD378635602C00203C6F002050
:10344000C4710020F3B200209A99993E0AD7233C18
:10345000F4710020EC710020F0710020F4360500BA
:1034600000003443DB0F49403C910400F84C00203D
:10347000184D002058090020B8710020E4020020F7
:1034800032F01FFEBDF8CE3005460E46002B40F050
:103490006583652871F1000303DB3E9B002B00F080
:1034A000B2834F4B00221A704E4BB3F900302BB150
:1034B000399A3D9B134301D032F003FE4A480FF086
:1034C00025FA494923460422084625F0CDF89DED0A
:1034D000510AB5EE400AF1EE10FA10D0B5EEC00A6E
:1034E000F1EE10FAC0F2D583B1EEC00A3E49F7EE14
:1034F000007A87EE800A0422084625F0D3F80023DC
:103500003A48199317A9CDE9173318F0D5FFB5EE4E
:10351000400AF1EE10FA2ED0334B344893ED006A96
:10352000D3ED025AD3ED036AD3ED017A26EE257A64
:1035300017EEA67A22462BA967EE867A46EEA57A82
:1035400037EE077A77EEA77A8DED2B7ACDED2C7AD0
:10355000F6EE007A56EE067A46EEA67A77EEA77A6F
:10356000CDED2D7A2AF016FC9FED210A032217A932
:10357000204625F097F81F4F32F0A3FD97F800B0D2
:1035800006460D46BBF1000F40F0AE83164B0FCB45
:1035900007F1180585E80F0000230022C7E9022380
:1035A000C7E9042301233B70134B144F1D68144BD0
:1035B000144E93F80080144B1B7833B9134B1B78CF
:1035C00003F0FF0A002B00F0B08432F07AFD33786C
:1035D000002B40F0BF840123337000F0BBBC00BF60
:1035E000EDB200209C770020A4030020B8710020D9
:1035F0000AE81C4140000020D04C0020EFB200201F
:10360000CD770020ECB2002030140020F9B000206B
:1036100000231DAEC6E90033CDE920332293B36009
:10362000DBF80030C9495D69324620ABA847074640
:10363000002840F00882D6ED007AF5EE407AF1EEEF
:1036400010FA0DD1D6ED017AF5EE407AF1EE10FACE
:1036500006D1D6ED027AF5EE407AF1EE10FA04D0FA
:1036600096E80700BA4B83E807009DED207AB5EE97
:10367000407AF1EE10FA0ED1DDED217AF5EE407AC6
:10368000F1EE10FA07D1DDED227AF5EE407AF1EE97
:1036900010FA00F0C3809DF8CC30002B00F0D681EA
:1036A0009FEDAC6ADDED217ADDED226A27EE868A98
:1036B00027EE06AA28EE080A0AEE0A0A66EE86AA8D
:1036C0000AEEAA0A2FF0DCFDDFEDA37AB4EEE70ADA
:1036D000F1EE10FAF0EE40BA5FDDA04BA04D93ED95
:1036E00000BA20EE0BBAF6EE007A2BEE27BAB0EE57
:1036F0004B0A2FF07DFC80EE2BCAB0EE4B0A2FF068
:1037000033FCD5ED014A95ED005AD5ED025A95ED01
:10371000036A2AEE0C7A6AEE8C6A60EE24AA47EEFF
:1037200005AA27EE24BA68EE0C7A10EE05BA27EE49
:10373000A48A46EEA5AA26EEA4AA07EEE5BA17EEDD
:1037400085AA06EE858A47EEC6AA06EEC6BA00EE40
:1037500025AA07EE658A07EE06AA00EE068A2AEE7B
:10376000AA0A0BEE0B0A0AEE0A0A08EE080A2FF064
:1037700087FDB7EE007AC7EE007A2BEE27BA6AEE25
:10378000A7AA2AEE27AA28EE278A85ED00BAC5ED5A
:1037900001AA85ED02AA85ED038A724A5378117851
:1037A0000133DBB29942537038D8002353706C4B0D
:1037B0009DED388A0FCB23AD85E80F00644B93E86D
:1037C00007000DF19C0888E8070085ED078A06F0E0
:1037D000CDFCF0B195E80F002BAE86E80F0098E81D
:1037E00007002FAB83E8070086ED078A002200233D
:1037F00030462FF05BF848B10022002351A82FF08B
:10380000F1F80022002330462FF050F8564832F0ED
:103810007EFC4F4B0022C3E900229A60534B1B6889
:10382000092B2CDCDDED227ADDF88080219ECDEDA8
:103830000E7A0C2022F0A8FA0546B0B14C4A42613B
:103840004046F9F72FF8C5E906013046F9F72AF89E
:10385000C5E908010E98F9F725F80822C5E90A011B
:103860002A7400226A74AA74EA7444F2C0024149BC
:1038700028462BF0DFFC3D4A136801331360DDED71
:10388000207AF5EE407AF1EE10FA0DD1DDED217AD5
:10389000F5EE407AF1EE10FA06D1DDED227AF5EE82
:1038A000407AF1EE10FA6DD014F056FC80B13FAAC8
:1038B00020A90023D2ED007AB1EC017A013377EE32
:1038C000877A032BE2EC017AF4D1489B01334893C9
:1038D00020A80CF0AFFF284BDDED207A93ED5D6A58
:1038E000DDED216A9DED227A67EE867ACDED517A83
:1038F000D3ED5E7A67EEA67ACDED527AD3ED5F7A9C
:10390000164B67EE877A93ED008ACDED537A14F06B
:1039100023FC002840F09F80184ADFED196A51A966
:103920000323D2ED007AB1EC017A37EE677A013BDE
:1039300047EE267AE2EC017AF3D1B0EE480A51A8BC
:103940000EF014FF399B013339931BE0200C00204B
:10395000D871002035FA8E3CBD37863504720020C0
:10396000BC030020EC03002058090020D471002083
:10397000D93605003C91040000F00320C8710020F6
:103980000AD7A33CDDED1D7AF5EE407AF1EE10FA90
:103990001DAD0DD1D5ED017AF5EE407AF1EE10FABC
:1039A00006D1D5ED027AF5EE407AF1EE10FA47D065
:1039B00014F0D2FB78B142AA29460323D2ED007A53
:1039C000B1EC017A77EE877A013BE2EC017AF5D12E
:1039D000499B0133499395E80700AF4B83E8070003
:1039E000AE49D1E90032013342F10002C1E90032AF
:1039F000AB4BD3E90023134302D0012006F094FA25
:103A0000A849284632F0F1FE2B6851936B68529317
:103A1000AB685393A44B51A893ED000A0EF0B8FF86
:103A20003AA951AB0322D1ED007AB3EC017A77EEDB
:103A3000877A013AE1EC017AF5D13D9B01333D9360
:103A40003E9B01333E930134FFF74ABB974AC2E9DC
:103A500000339360E2E645AB51AAD3ED007AB2ECB5
:103A6000017A013777EE877A032FE3EC017AF4D1FC
:103A700052E732F02EFC00287FF4A2AB9DED350A10
:103A80009DED347ADDED367A20EE000A07EE070A66
:103A900007EEA70A2FF0F4FBB0EE408A0AF012FD01
:103AA00000283FF48DABB4EECA8AF1EE10FA3FF570
:103AB00087ABEFF31185402383F31288BFF36F8F39
:103AC0007B4829F0C1FA00283EF4F2AF784829F08B
:103AD000DFFA784B9A689AB9DFED777A83ED008A3E
:103AE00001327348C3ED017A9A6029F0BBFA0028CD
:103AF0003FF487AA85F31188BFF36F8FFFF760BB90
:103B0000D3ED007A9FED6D7A38EE678A48EE077A3A
:103B1000C3ED007AD3ED017AF0EE676A58EE086AD9
:103B200046EE877ADCE7B0EE4A0AFFF7F2BB07EE13
:103B3000903ADDED3A6AF8EEE77A86EEA77ADDEDA7
:103B40003B6A82ED007A86EEA77ADDED3C6A82ED73
:103B5000017A86EEA77A82ED027A91E43E9D6DB1FC
:103B6000AB427FF49EAC564A00231360554A0020B6
:103B70000021C2E90001544A137092E4062022F0A9
:103B800003F930B1514B43610223037445748574CA
:103B9000C5744F494FF484522BF04CFB494B002025
:103BA0000021C3E90001484B00221A70494B1D78DF
:103BB000002D7FF476AC424A136801330A2B136060
:103BC0007FF46FAC082022F0DFF840B1424B436134
:103BD000424B83610323037445748574C5743C4967
:103BE0004FF4C2522BF026FB0121084614F0F4F9E1
:103BF000BDF8CE30002B3FF454AC12F079F904201C
:103C000014F0C0F94DE4334B1F78002F7FF449AC1A
:103C1000062022F0B9F830B1314B4361022303741E
:103C200047748774C7742A494FF484522BF002FBFF
:103C3000244BD3E900120A43234A177808BFC3E98B
:103C40000056002FB2D1D3E90023AD1A66EB03066C
:103C500040F6B8339D4276F10003A7DB0A2022F03C
:103C600093F850B11F4B4361C0E908561B4B836169
:103C70000623037447748774C7744FF44152144980
:103C80002BF0D8FA0121084614F0A6F90E4B0122B8
:103C90008BE79FED090A29E488660020F0260020C2
:103CA00018360020E066002008720020D87100203D
:103CB0002466002010660020000000000AD7233C84
:103CC000286F002010360020CBB200202F370500CF
:103CD0003C910400EDB200207D37050095430500BE
:103CE0004437050059370500A34B93ED010A93EDC6
:103CF000007AD3ED027A20EE000A07EE070A07EEFB
:103D0000A70A2FF0BDFA23A917A8CDED238ACDED80
:103D1000248ACDED258AB0EE40AA18F0CDFB974855
:103D20002346042207F11801F0EE408A24F09CFC9F
:103D30009DED510AF7EE007AB0EEC00AB4EEE70A44
:103D4000F1EE10FA00F393802FF0F8F930EE008ACC
:103D50008B4B93E8070084E8070052A80EF082FA24
:103D600001238DF844310EF055FA8DF84501DFED51
:103D7000857ADDED525A9DED536A034694E80700BB
:103D8000B4EEE7AA2BAFF1EE10FA87E8070071D581
:103D9000B6EE007AF4EEC78AF1EE10FA4CBF0121BC
:103DA0000021B7EE087AF4EEC75AF1EE10FA63D5A7
:103DB000B4EEC76AF1EE10FA4CBF01220022B0EE59
:103DC000087AB4EEC7AAF1EE10FA57DCF4EEE78AEF
:103DD000F1EE10FA52DCDFED6C6AB4EEE68AF1EE39
:103DE00010FA4BD500294BD1002B18BF0122B4EE9D
:103DF000E7AAF1EE10FA45DCF6EE006AF4EEE68A88
:103E0000F1EE10FA3EDCDFED606AB4EEE68AF1EE28
:103E100010FACCBF01210021F0EE006A5B4FF4EEF6
:103E2000E65AF1EE10FA7B782EDCB4EEE66AF1EE9B
:103E300010FA29DCB4EEC7AAF1EE10FA37DCF4EE82
:103E4000E78AF1EE10FA32DCDFED517AB4EEE78A60
:103E5000F1EE10FA2BDC002B49D1002A60D0D7E913
:103E6000023253EA02014BD1C7E9026528E09FED17
:103E7000498A6DE7002194E70022A0E70022B6E717
:103E80000A46B4E70121C7E7B4EEC7AAF1EE10FA7B
:103E90000DDCF4EEE78AF1EE10FA08DCDFED3C7A97
:103EA000B4EEE78AF1EE10FA01DC0029D3D0002B42
:103EB000D3D0D7E9042352EA030105D1C7E9046549
:103EC00097F801B0FFF770BBB21A65EB0303FA2A4B
:103ED00073F10003F4DB00237B7000220023C7E9A9
:103EE0000223264B2C4D0FCB85E80F00E8E700207E
:103EF0000021C7E90401002AB6D1C7E90201DFE7C2
:103F0000F31A65EB020540F2DC52934275F10005AD
:103F1000D6DB01237B7000220023C7E90423E0E7FE
:103F200000220023C7E90223F7E732F0CAF833780A
:103F300005F0200523B1194B86F800A0C3E9000164
:103F4000B8F1000F06D12DB9154B93F80080BBF1E5
:103F5000000F29D13B78134D022B02D02B78012B77
:103F600006D132F0AEF82B78012B04BF00232B7062
:103F700000233B7081E000BFC8710020A403002033
:103F8000049204009A99993F8FC2753C400000202A
:103F9000CDCCCC3C000000005800002000360020B2
:103FA000EFB20020EBB20020284AD2E90056451BB0
:103FB00061EB0606B8F1000F54D1DFF8A4A0AA45C2
:103FC00078EB06034EDA082021F0DEFE50B1204BDC
:103FD00080F81180C0E9053A0323037480F8128049
:103FE00080F813801B494FF4C6522BF023F90123AC
:103FF0003B70194B1B78012B14D8082021F0C4FE0C
:10400000002840F0ED824FF4035212492BF012F9D0
:10401000114B02221A70114BAB424FF00003B34117
:104020002BDA01E0022B28D1082021F0ADFE002878
:1040300040F0E8824FF4035206492BF0FBF832F0CF
:1040400045FA054B03221A7017E000BF0036002026
:10405000A13705003C910400EBB20020C027090005
:1040600080EE3600B24B1B78012B00F2C78243F67C
:1040700099239D4276F10003BFDA14F06DF8002811
:1040800000F0E481499A002A40F3E081A94EB36927
:104090001A44F369B2619A42C0F0D881336A0025AC
:1040A0000133B561336232F00CF8D6E90232C01A3E
:1040B00061EB0201F9F79EF8CDE92055CDE92255D3
:1040C000CDE92455CDE92B552D95489DDFED9A7A04
:1040D00007EE100A002D87EE278A00F3A182499B84
:1040E000002B00F3B482204610F0ACFE18EE100A4C
:1040F000F8F7D8FB0446D9F80000904E0D46F8F7C3
:10410000D1FBCDE90C012298F8F7CCFBCDE90A01EF
:104110002198F8F7C7FBCDE908012098F8F7C2FB12
:10412000CDE906012598F8F7BDFBCDE904012498F7
:10413000F8F7B8FBCDE902012398F8F7B3FB224664
:104140002B46CDE900017E4832F0A4FE3068F8F736
:10415000A9FB04462D980D46F8F7A4FBCDE908010C
:104160002C98F8F79FFBCDE906012B98F8F79AFBFE
:10417000CDE90401B068F8F795FBCDE9020170685C
:10418000F8F790FB2B46CDE9000122466D4832F04E
:1041900081FE9DF8403113B34A98F8F783FB04463B
:1041A0004F980D46F8F77EFBCDE908014E98F8F7D9
:1041B00079FBCDE906014D98F8F774FBCDE90401D0
:1041C0004C98F8F76FFBCDE902014B98F8F76AFBC2
:1041D0002246CDE900012B465B4832F05BFE5B4E88
:1041E0003068F8F75FFB044619980D46F8F75AFB5C
:1041F000CDE90A011898F8F755FBCDE908011798A1
:10420000F8F750FBCDE90601F068F8F74BFBCDE974
:104210000401B068F8F746FBCDE902017068F8F7D1
:1042200041FB2246CDE900012B46494832F032FEDF
:104230009DF844315298002B0CBF4E265926F8F7B2
:1042400031FB044658980D46F8F72CFBCDE90A01DE
:104250005798F8F727FBCDE908015698F8F722FBA5
:10426000CDE906015598F8F71DFBCDE904015498F6
:10427000F8F718FBCDE902015398F8F713FB224633
:10428000CDE900012B463146324832F003FEDDE92C
:1042900067A39DED698A0E9318EE100AF8F702FBEA
:1042A00004466A980D46F8F7FDFADDED6B8A06467E
:1042B00018EE900A0F46F8F7F5FAF5EEC08AF1EE1F
:1042C00010FA8046894640F30B82DFED237A28EE10
:1042D000278AC8EE287A17EE900AF8F7E3FA0E9AC2
:1042E000CDE90601CDE900451C485146CDE90489D8
:1042F000CDE9026732F0CEFD7798F8F7D3FA04469D
:1043000079980D46F8F7CEFACDE902017898F8F7DA
:10431000C9FA2246CDE900012B46114832F0BAFD18
:104320009DF8D841082C00F2DE81002C3DD019E028
:10433000EBB200200800002000007A44B871002091
:1043400006380500403805006F380500A40300203A
:10435000A2380500D93805000000C84233390500ED
:1043600080390500C548214632F094FDDFF868A386
:10437000DFF86893C24F51AD002695F87030E86EB3
:10438000002B0CBFD046C846F8F78CFA01360B4616
:1043900002464146384632F07DFDF3B2A34205F1B4
:1043A0000805EAD3B74832F075FDB74B1B78002BF0
:1043B0004CD05E98F8F776FA04465F980D46F8F709
:1043C00071FA2246CDE900012B46B04832F062FD79
:1043D0009DF864315A98002B0CBF4E265926F8F7E9
:1043E00061FA04465D980D46F8F75CFACDE90401E0
:1043F0005C98F8F757FACDE902015B98F8F752FAA2
:1044000022462B46CDE90001A148314632F042FD5B
:104410006098F8F747FA044663980D46F8F742FAB1
:10442000CDE906016298F8F73DFACDE904016498F8
:10443000F8F738FACDE902016198F8F733FA224625
:10444000CDE900012B46934832F024FD9FED920AFE
:104450009249934832F0A2F99FED920A924981461F
:1044600017A818F045F8804631F02BFE8F4B1B78CB
:10447000002B8F4B0E46D3E9002305460CBF4FF4AB
:104480007A710A21B9F1000F0AD0B8F1000F07D0F4
:10449000AA1A66EB03038A4273F10003C0F2A781F4
:1044A0007F4C7E4FD4ED017A97ED016AD4ED006A1E
:1044B00097ED007A67EE867A46EE877A0DF1AC0AC0
:1044C000D4ED026A97ED027A46EE877AD4ED036A5C
:1044D00097ED037A46EE877AB7EE000AF0EEE77AB8
:1044E000F4EE407AF1EE10FAD8BFB0EE670A2EF083
:1044F00025FE704B704AD3ED007A30EE000A30EEA4
:10450000270A83ED000A13680133136094E80F0053
:1045100087E80F0017AF97E80700634B83E80700B1
:1045200020466649524632F0D0F89AE80F0051AC66
:1045300084E80F003946384628F006FFB9F1000F2D
:1045400006D0B8F1000F03D00023C7E90033BB60E9
:10455000DDED517AF4EE677AF1EE10FA15D6DDED65
:10456000527AF4EE677AF1EE10FA0ED6DDED537A58
:10457000F4EE677AF1EE10FA07D6DDED547AF4EE38
:10458000677AF1EE10FAC0F1B480062021F0FCFB4E
:1045900038B14B4B4361022303740023437483748B
:1045A000C37448494FF484522AF044FE404BC3E997
:1045B0000056BBF1000F40F0DA80434BC3E90056D0
:1045C00010F042F9414B93F88820002A00F0D9807E
:1045D0001B6AB3F5FA6FC0F21081FDF7EDF8D0E079
:1045E0003B4B43614FF416720023C0E906230423BA
:1045F0000374002343748374C37404E5022B7FF4B3
:104600003CAD08E5334B43614FF416720023C0E91B
:10461000062304230374002343748374C37409E5DD
:1046200007EE905AF8EEE77A3FA820AA2BAB0321B9
:10463000F0EC016A86EEA77A0139D0ED056AA2ECAA
:10464000017A86EEA77AA3EC017AF1D147E507EE6D
:10465000903ADDED426AF8EEE77A86EEA77ADDED74
:10466000436A8DED237A86EEA77ADDED446A8DEDFF
:10467000247A86EEA77A8DED257A34E59C390500FB
:10468000B539050033250500FFB10020BF3905000D
:10469000EA390500373A05006F12833A9403002087
:1046A000A40300200AD7233DAC710020CD77002061
:1046B000402C0020A8710020A4710020DC03002001
:1046C000863A050054900400003600206031002036
:1046D000C0370500E6370500303605002D360500E9
:1046E00051EC190BFBE52146864832F0D3FB082438
:1046F0003CE6854F9FED850A3946204632F04EF85C
:10470000804694E80F0087E80F00EFF311894023FB
:1047100083F31288BFF36F8F7D4F384628F094FCE7
:1047200000283EF4C5A9384628F0B2FC94E80F00F2
:1047300007F1040C8CE80F0017AA07CA07F114034D
:1047400083E80700012107F1300087F82C8031F061
:1047500097FC384628F086FC00283EF452AC89F3DA
:104760001188BFF36F8F6B4831F0D1FC1EE710F05A
:104770006BF8694B93ED008AB4EE488AF1EE10FABB
:104780003ED7664CD4E9002341F28831AA1A66EB81
:1047900003038A4273F1000303DB11F0A9FBC4E9B0
:1047A000005631F08CFC119B5D4A5E4DC01A129B85
:1047B00061EB0301A0FB020302FB013310F5804112
:1047C00043F10000D5E90032C90B41EA40415B18D2
:1047D00042EBD032C40B5448C5E90032D0E9002383
:1047E0008A42A34138BFC0E90014FEF757BA10F05F
:1047F0002BF8BBF1000FBCD1E4E60FF003FEC0E7DD
:10480000DFF8449131F05DFC99F8003007468846A6
:10481000002BB6D0454BB3F84CB9BBF1000F03D019
:10482000434BC3E90056ACE7DFF820A1DAE90032D8
:10483000C31A61EB020243F698218B4272F1000227
:10484000EEDBFBEE047AB4EEE78AF1EE10FAE7D481
:10485000DFED387AB4EEE78AF1EE10FAE0DC0820FA
:1048600021F092FA044678B1334B436118EE100AF6
:10487000F8F718F8C4E906010423237484F811B08A
:1048800084F812B084F813B020462C494FF4035238
:104890002AF0D0FC01200CF0BDF808B9CAE9007874
:1048A00099F80030002B3FF46CAFB9E70023236088
:1048B000FEF705BB336813F1090F1BDB03F10A0494
:1048C0004FF4004640F2E73000214FF47A720023A3
:1048D000C4FB0601F8F786FB02460B46184831F088
:1048E00014FC00283EF401AB164A13680133136030
:1048F000FEF7FBBA4A464B46F0E77BB0BDEC0C8BAB
:10490000BDE8F08F9C390500947100200AD7A33BC5
:10491000F84C002058090020E471002008360020DF
:1049200040420F00483600204036002000F00320AF
:1049300000360020000070429E3A050024900400DA
:104940008809002090710020B3B20020F8350020C3
:104950002DE9F04F04468DB0F9B1BB4B1A8B42F2F2
:1049600010739A4261D8062021F00EFA38B1B74B85
:10497000436102230374002343748374C374B449F2
:104980004FF486522AF056FC12F05CFD4FF0FF30D7
:1049900014F0AEF812F074FD47E0AE4AAA4EB2F938
:1049A00000301080834218BFAB49AC4D1EBF0B785E
:1049B00023F008030B7031F082FBA94BC3E900011F
:1049C000D6E90A01A74BC3E90001B5F9003001336C
:1049D00005D12C8031F073FBA34BC3E90001328B6E
:1049E000B6F9187042F210739A4223D9082021F0C8
:1049F000CBF9054680B19D4B43612046F7F740FF58
:104A00009B4B0022F8F7D0F80423C5E906012B746C
:104A100000236B74AB74EB748D494FF4035228463A
:104A20002AF008FC204614F063F80DB0BDE8F04F02
:104A30000AF0A2BBB6F91A60A6F164039C4227DA19
:104A40000A2021F0A1F90546C8B18A4B43613046DE
:104A5000F7F716FF864B0022F8F7A6F8C5E906011E
:104A60002046F7F70DFF824B0022F8F79DF806234A
:104A7000C5E908012B7400236B74AB74EB744FF41D
:104A80004252734928462AF0D5FB12F0DBFCC9E7F5
:104A900006F164039C422ADD0C2021F075F90546DD
:104AA000D8B1754B4361754B83613046F7F7E8FE2B
:104AB0006F4B0022F8F778F8C5E908012046F7F7B0
:104AC000DFFE6B4B0022F8F76FF80823C5E90A01F7
:104AD0002B7400236B74AB74EB7428465C4944F26E
:104AE00040022AF0A7FB12F0ADFC204650E707F188
:104AF00064031BB29C4223DD0C2021F045F90546DE
:104B0000D8B15F4B43615D4B83613846F7F7B8FE20
:104B1000574B0022F8F748F8C5E908012046F7F797
:104B2000AFFE534B0022F8F73FF80823C5E90A010E
:104B30002B7400236B74AB74EB7444F24002A0E757
:104B4000B5F90030581C00F0A380643B9C4280F211
:104B50009F80454F31F0B3FAD7E90032C01A494B74
:104B600061EB0201984271F1000180F0918031F017
:104B7000A6FA81460E20B5F900B0D7E900A788460D
:104B800021F002F90546002847D03F4AB9EB0A0652
:104B900068EB0703A6FB026702FB03773B4B43610D
:104BA000A4EB0B00F7F76CFE314B0022F7F7FCFF8C
:104BB000F60B46EA4746FF0BCDE900013046394681
:104BC000F7F792FE1EA3D3E90023F7F7EDFF0246A5
:104BD0000B46DDE90001F7F7E7FFC5E90601584696
:104BE000F7F74EFE224B0022F7F7DEFFC5E908017A
:104BF0002046F7F745FE1E4B0022F7F7D5FFC5E923
:104C00000C67C5E90A014FF0000A0A232B7485F8E6
:104C100011A085F812A085F813A00D4945F2C00235
:104C200028462AF007FB12F00DFC204613F060FF27
:104C30000A4B1C800C4BC3E90098F6E6AFF30080EA
:104C400000000000389C8C4100F00320573C050018
:104C5000E48F0400F4060020B5B200202C070020E9
:104C600000120020C8350020C0350020703C05002F
:104C7000000059408C3C0500C63C0500354305004A
:104C8000013D050001001E0040420F003C3D0500B3
:104C9000934BB3F91A20A242B3F91820C8BF5C8322
:104CA0006FF495710A44944280F29D80B3F93030DC
:104CB0006FF4F97213449C4280F295802046F7F716
:104CC000DFFD884B0022F7F76FFF064608200F46EE
:104CD00021F05AF848B1844B4361C0E906670423C8
:104CE0000374002343748374C37480494FF40352E4
:104CF0002AF0A0FA7A4BB3F91830A3F21F339C4282
:104D000068DA082021F040F848B1794B4361C0E9E6
:104D1000066704230374002343748374C3747349C4
:104D20004FF403522AF086FA04F2F31413F0CAFE89
:104D30004FF4FA7394FBF3F4694BD3E90A51D3E9C6
:104D40000E23E4B2122C28BF1224AD1A61EB030A21
:104D5000684BA5FB039803FB0A884FEAD9390E205C
:104D600049EA48494FF0000B4FEAD83821F00CF8D7
:104D700080B1614B4361C0E90667C0E90A5AC0E9E6
:104D80000C980A230462037480F811B080F812B002
:104D900080F813B0554945F2C0022AF04BFAB5F538
:104DA000160F7AF1000321D20A2020F0EDFF60B146
:104DB000524B4361524BC0E90898C0E906340623C0
:104DC0000374002343748374C3744FF441524749FE
:104DD0002AF030FA424BD3E90A011A8EC3E90E01D8
:104DE000A2F5FA721A8613F06DFE1EE604F10906AA
:104DF0002022002104A8F6B233F016FC202204A9D8
:104E0000304618F023F9BDF81030079A0133ADF899
:104E10001030069B5B194AEB0202CDE90632DDE950
:104E200008329D427AEB020101D3134301D1CDE94F
:104E3000085A0A9BAB420B9B304673EB0A0304AA49
:104E40004FF020034FF0000138BFCDE90A5A18F0A7
:104E500073F82C4B4FF0000A83F800A0BDF8103017
:104E60000093DDE90672DDE908631020DDE90A5BE5
:104E70000392029320F088FF78B32349039A009BA2
:104E8000C361C0E905141B49029B80F811A0A7FB70
:104E9000017401FB0242FF0B47EA4247D20BC0E913
:104EA0000872A6FB016201FB0323F60B46EA4346A8
:104EB000DB0BC0E90C63A5FB015301FB0B33ED0BCE
:104EC00045EA4345C0E90A98DB0BC0E90E530C23C1
:104ED000037480F812A080F813A046F2C00276E7AF
:104EE00000F0032000005940773D0500E48F0400E6
:104EF0008C3D050040420F00A43D0500EF3D05003C
:104F000025430500B5B200202D3E0500000000003D
:104F10002DE9F04F9FB08246039117461C460025AD
:104F2000387810B9284600F0B2BD252809D0039979
:104F3000D0470028C0F2AB857B1C01350693069F45
:104F4000EEE71822002110A833F06EFB7B78252BAA
:104F500000F0BC800023791C98469E469C4618466B
:104F60000E4611F8012B2B2A00F0E38000F2DA80C4
:104F7000202A00F0E180232A00F0E1802BB19DF887
:104F8000483043F040038DF84830B8F1000F05D0A9
:104F90009DF8483043F020038DF84830BEF1000FF3
:104FA00005D09DF8483043F010038DF84830BCF12F
:104FB000000F05D09DF8483043F008038DF84830C5
:104FC00028B19DF8483043F004038DF848309DF82F
:104FD000483003F04401442903D16FF386138DF860
:104FE00048309DF848300E9643F080032A2A8DF809
:104FF000483040F0A9809DF8493043F001038DF816
:105000004930731C1A782E2A9DF849200CBF0121C3
:10501000002161F341028DF849200CD15A1C0E92F7
:105020005A782A2A40F0A0809DF8492042F00402D4
:105030008DF8492002331A786C2A00F0C18000F202
:10504000A380682A00F0A9806A2A00F0C2804C2A56
:1050500000F0C78013F8012B0693782A8DF84B20B7
:1050600000F209816D2A00F2C980692A00F20381E9
:10507000572A00F2E280412A04D0A2F14503022B14
:1050800000F2F9809DF84A3002F0DF020421A2F11B
:10509000410961F30203D9F100029DF849108DF82E
:1050A0004A3042EB090262F3C7110A068DF8491033
:1050B000CBB200F11F8103F07802182A40F0098179
:1050C0006FF3C6038DF849300023F8E08DF84B30BC
:1050D000BB1C06939DF849309DF84A20DE0702F07C
:1050E000070040F1098154F8041B0491002908DAF3
:1050F0009DF8481041F004018DF848100499494288
:105100000491590740F1008154F8046B002E80F29D
:10511000FF809DF849306FF341038DF849304FF01F
:10512000FF36F5E02D2A0DD0302A7FF427AF01237A
:1051300016E74FF0010C13E74FF0010E10E74FF0A8
:1051400001080DE701200BE70EA81FF0B3FE0E9B30
:10515000B3423FF457AF9DF848201390C00F60F35F
:1051600041028DF848204DE70EA81FF0A3FE9DF8E0
:1051700048301490C3F3400242EAD07262F3410314
:105180008DF848300E9B56E7742A26D07A2A7FF491
:1051900061AF9DF8492006210CE05A78682A9DF8F5
:1051A000492006D1012161F3C6028DF8492002335E
:1051B00050E7022161F3C6028DF84920013349E727
:1051C0005A786C2A9DF8492001D10421EBE703218C
:1051D000F0E79DF849200521ECE79DF849200721DB
:1051E000E8E7BDF8482022F4F04222F0020242F43F
:1051F000804242F00202ADF84820DFE76E3AD3B2B7
:1052000001229A4040F282431A429DF8493039D136
:1052100012F0240F61D1D1072DD59DF84A2003F05B
:105220007803A3F14008032161F30202D8F10003DF
:105230008DF84A2043EB080341E0A2F15801C9B2BE
:10524000012000FA01F111F4624F7FF41BAF40F628
:10525000010319429DF849301AD111F4043F0AD0D4
:105260009DF84A2060F3020203F07803402B8DF88A
:105270004A207FF429AF9DF8483043F001038DF8B0
:10528000483021E79DF84A20022161F30202EBE752
:105290009DF84A10022003F0780360F30201402BCE
:1052A0008DF84A1002BF9DF8481041F001018DF8B9
:1052B0004810632A7FF408AF003B18BF01239DF814
:1052C0004820C2F340010B4363F341028DF84820AC
:1052D00000E713F0380FCED1F6E69DF84A200321FF
:1052E00013F0780F61F302028DF84A2014BF0123F6
:1052F0000023E4E70123E2E79DF948100029B4BF49
:1053000013994FF0FF31FBE69E077FF508AF149E1F
:1053100000230428CDE913339DF8493007D19907BC
:1053200005D49DF949100029ACBF06260D2602F0D0
:105330000702012AC3F3C3032ED1DA1E042A04D8BC
:10534000DFE802F00E43430E0E0054F8042B012B4D
:105350004FEAE271CDE9102117D19DF9402001E01B
:1053600054F8042BD117CDE910219DF8482005925F
:10537000920754D0069B03993A46504631F062FB9F
:105380000028C0F284830544D9E5022BEDD111B287
:1053900042F3C03210912CE0022A30D1DA1E042AE6
:1053A00004D8DFE802F00E121A22220054F8042B6F
:1053B00010920021012B11911DD0022BD5D192B258
:1053C0001BE054F8041B0022E4E7073424F0070430
:1053D000F4E80201CDE91001C7E7E21D22F007025F
:1053E0001446526854F8081BD4E754F8042B109262
:1053F00000221192B9E702F0FF021092B5E7042AE9
:1054000008D1073424F00704D4E900010834CDE9B9
:105410001001AAE7032AA8D154F8042BEDE79DF860
:105420004B80B8F1780F3FF68AADB8F1570F5CD8D2
:10543000B8F1250F00F0A480B8F1240F7FF67FADFE
:10544000B8F1410F04D0A8F14503022B3FF677AD28
:10545000DDE91023002BC0F24D810599080700F10A
:105460004C81C1F300194FEA4919C3F30A51C3F340
:105470001303002940F0448152EA030014BF4FF0A7
:10548000010C4FF0000CD80240EA5250D702CDE98F
:105490000C70B8F1460F47EA010740EAE17008BF17
:1054A0004FF06608384300F0B981BCF1000F10D00E
:1054B0001B0343EA125317033A4618464FF0000CF9
:1054C000002880F25681BCF1000F40F05981CDE9EF
:1054D0000C730D9B43F00043A1F2FE3B0D930021A2
:1054E000DDE90C230F46052060E1A8F15802202ACF
:1054F0003FF625AD01A151F822F000BFC7560100CB
:105500003F4F01003F4F01003F4F01003F4F01005F
:105510003F4F01003F4F01003F4F01003F4F01004F
:10552000515401003F4F010073560100875601009E
:105530005154010051540100515401003F4F0100EA
:10554000875601003F4F01003F4F01003F4F0100D0
:105550003F4F0100CD560100C7560100175601000C
:105560003F4F01003F4F0100915501003F4F0100A7
:10557000C75601003F4F01003F4F0100C7560100D1
:1055800003994046D0470028C0F281820135D6E415
:10559000002E109F3BDB3146384632F0B3FD002F22
:1055A0003FF4CDAC3E18F31B4FF000099DF84A20A4
:1055B00012F01001059100F05F82023312F04002F8
:1055C000DDF84C80089218BF149ACDF81C80434433
:1055D00018BF9B18049A002A40F36982D31A9DF8D9
:1055E000482004935007C2F3800B00F160825106FB
:1055F00040F15082B9F1000F07D003994846D047D7
:105600000028C0F244820135D946302243E23846B0
:10561000F7F7E7FEC6E71098002800F028820DF1A2
:105620007503009312AA17AB00211FF059FCBDF8B7
:105630004A3003F0EF0343F4F04343F0100307460E
:10564000ADF84A304FF00009002E0CDB9DF84820E1
:105650000DF17503DB1B6FF38612B3428DF8482002
:1056600001D2F31A1393002F3FF469AC0DF17506C4
:105670006DE0109B8DF85C304FF000090DF15D0678
:1056800017AF012392E7059B1F0758BFC3F300190B
:10569000DDE9102354BF4FEA49194FF02B09002BC5
:1056A00006DA524263EB4303CDE910234FF02D0994
:1056B0000DF175030093DDE9100117AB12AA1FF07D
:1056C0000FFC0746C0E74FF00009F1E7109A072BDF
:1056D0003FF635ACDFE803F00C04060C08080C0CB0
:1056E00015702CE415802AE4EB17C2E9005326E478
:1056F000156024E44FF02D09B7E64FF02B09B4E60E
:1057000040F2FF70814231D108F10108A4495FFAEB
:1057100088F8134311F8081001F003011ED1012984
:105720000BBF492369234E216E210CBF46226622FE
:105730008DF85C309DF848308DF85D106FF386135E
:105740008DF85E208DF848300DF15F0617AFF31B22
:10575000B9F1000F3FF42AAF013327E7012915BF44
:105760006E234E23612141211A46E1E74FF0000CE0
:1057700089E6921801F1FF3140414FF0010C9FE69C
:10578000CDE90C20A5E6520842EAC3725B08B3F1EA
:10579000333F59460BF1010BF5D200FB03FCA2FB92
:1057A000002301F1020B6344013F01211BF1020FB1
:1057B000E9DB09B1CDE90C23BBF1000FDDE90C32C7
:1057C0002FDCCBF10401A1F120000BF11C0B02FA3C
:1057D0000BFB22FA00F0CA40CB40079208F0DF0230
:1057E00043EA0B03472A43EA00037FD1F91C01DB9C
:1057F000BE422CDAA8F10208002E5FFA88F87EDD9E
:105800009DF84820920606F1FF3678D4002ED4BFCA
:105810004FF0000B4FF0010B721C28E04FF0000B13
:105820005DE6023342F100020CA8CDE90C3231F002
:10583000DAF8DDE90C320BF1FF3B0137DB1852419E
:10584000002A0BF1FF3BF9DACDE90C32B4E79DF801
:1058500048209006A6EB07064ED4002ED4BF4FF08A
:10586000000B4FF0010BF2194FF066084AD4102AD2
:10587000A8BF10229FED487B8DED0E7B10200B9072
:10588000DDE90E01002A3FD1079A1B1842EB010106
:10589000B1F1805F47D2CDE90C31059BB8F1660FBD
:1058A00003F0200240F0C380002F47DC30238DF846
:1058B0005C30002A76D1002E40F3BC812E238DF877
:1058C0005D3087B17B42B342A8BF33469DF84A2082
:1058D0001393002BA6EB0306D4BF0023012363F32D
:1058E00045128DF84A200DF15E0340E0B8F1660FD5
:1058F0004FF0000BB7D08FE74FF0000BB3E74FF03E
:10590000000B89E70022B5E7400840EAC17049086A
:10591000CDE90E010EA8CDE9082331F064F8089A0C
:10592000099B013AACE75B0843EAC1730CA849083C
:10593000CDE90C31013731F056F8AEE717AB0B99D2
:1059400000290BDD0BA90CA80792059331F063F831
:10595000059B079A03F8010B013FF0D11397AAB9F1
:10596000002E40F365812E2103F8011B0027002E35
:1059700021DD0B9A002A1EDD0BA90CA8059331F03E
:105980004AF8059B013E03F8010BF0E72E2203F8CD
:10599000012BEBE7AFF300800000000000000008DF
:1059A00099A405002E238DF85D30002F9BD0002E8A
:1059B00088DC0DF15E03BBF1000F4CD114961E463E
:1059C00008F0DF03452B21D1002FBABF7F422D23E2
:1059D0002B23632FC8BF64227370C2BFB7FBF2F3DF
:1059E00003F1300102FB13774FF00A0286F80080C2
:1059F000CABFB17002360336B7FBF2F303F13001D0
:105A000002FB13733033317073700236139B002B1B
:105A10002BDC149B002BD4BF002301239DF84A20CC
:105A200063F3861200238DF84A2033708EE60BA9AB
:105A30000CA8059230F0EFFF059A8DF85C00302835
:105A400018BF07F1FF3712B9002E40F3F3802E2361
:105A50008DF85D3047E71E46013B16F8012C302AD1
:105A6000F9D02E2A08BF1E46AAE70123D6E7734EB7
:105A70008146771F052399E5110748BF01339DE54E
:105A8000104609920399D0470028099A05DA1FB0F9
:105A9000BDE8F08F2022DDF810B0594600290BF147
:105AA000FF3BEDDC049BCDF810B02B445D1AB9F13F
:105AB000000F05D003994846D0470028E7DB0135A1
:105AC000089B002B79D09DF94930002B29DBDFF8AA
:105AD00070913B46187819F8002052079B4603F155
:105AE00001033FD49DF84A30EF1B98065F4407D46A
:105AF0004246002A08F1FF383BDC079B3B449F1AD3
:105B00009BF800002E280AD10399D0470028BEDB5D
:105B1000B8F1000F07F1010731DC0BF1010B5D4615
:105B200038E0B94699F800007028C84609F1010923
:105B300013D1EF1B149D47443D44EB1B002B34DC79
:105B4000039933464246504630F07CFF00289EDBE6
:105B50003844049E0546064465E00399D047002872
:105B6000E0DA94E705930399D0470028059BB1DA62
:105B70008DE703993020D0470028B9DA87E70399E9
:105B80003020D04708F1FF38C0E70399D0470028FC
:105B9000FFF67DAF287819F800305907A84605F1BF
:105BA0000105F2D4A7EB0B07C4E703993020D047D7
:105BB0000028FFF66CAF0137BFE79DF84A30DA06E0
:105BC00001D41B0706D503993020D0470028FFF6E3
:105BD0005EAF0135059B3BB103999DF84B00D04763
:105BE0000028FFF654AF0135A84406E003993020A1
:105BF000D0470028FFF64BAF0135A8EB0503002B7B
:105C0000F4DC039933463A46504630F01BFF002837
:105C1000FFF63DAF28449CE703992020D047002899
:105C2000FFF635AF0135731B002BF5DCFFF787B9A5
:105C30001746C0E60DF15D03BDE600BF74810500A7
:105C40009AA40500000000002DE9F04F2DED028B15
:105C5000B5EEC00AF1EE10FA87B0B0EE608A824667
:105C60008B4640F28F80F5EEC00AF1EE10FA40F25A
:105C70008980F6EE007A60EEA77AB4EEE70AF1EEDC
:105C800010FA7FD410EE100AF6F70CFE02460B460F
:105C900044A1D1E90001F6F787FF44A3D3E900232B
:105CA000F6F758FE044618EE100A0D46F6F7FAFD10
:105CB00002460B4620462946F6F74CFEF7F742F916
:105CC00000EE100A2DF0DAF910EE100AF6F7EAFDF0
:105CD00002460B4604460D46F6F73CFE35A3D3E9D3
:105CE0000023CDE9000120462946F6F733FE02469F
:105CF0000B46CDE90401DDE90001F6F775FC284B00
:105D00000022F6F771FC02460B46CDE90201DDE9FF
:105D10000001F6F749FF02460B4606460F46F6F726
:105D200063FC1F4B002204460D46DDE90001F6F737
:105D300059FC02460B46F6F757FCDDE90223F6F75D
:105D400033FFDDE904238046894600201449F6F735
:105D500049FCDDE90023F6F747FCDDE90223F6F70D
:105D600023FF32463B46CAE90023CAE90245CAE995
:105D70000467CBE90089CBE9020107B0BDEC028BD7
:105D8000BDE8F08F00240025054B002226462F4653
:105D9000A046A94620462946E5E700BFAFF30080AC
:105DA0000000F03F0000002064CFCC3F0000006006
:105DB000FB210940000000609EA0F63F00000000AB
:105DC0002DE9F04F2DED028BADF5137D9FED647B3A
:105DD0001C939E9B0890013B15939E9B2F91DB008B
:105DE00001935B422A939E9B27925B008DED187B6B
:105DF0008F93159B0293029A9E9B53432693269A58
:105E0000089B03EBC2030A93029B0A9A03F1005317
:105E1000013B02EBC3038E9301231693019BC3F155
:105E2000FF2303F57F03F8331493029B013B09938F
:105E3000029B8E9C0A9D0C930C9B002B40F03E8194
:105E4000029B0C9A9B1A00F06881012B00F086825D
:105E5000169A0A23B2FBF3F503FB1525099B4FEABB
:105E6000C3080A9B08F1080403EB0409D9E9006799
:105E700003EB080A002D40F013843B46DDE91801CE
:105E80003246F6F7B1FB019B089ECDE9180103F1FC
:105E90000807D9E90023D6E90001F6F7A3FB029B26
:105EA0000135AB42C6E900013E44F2DA9E9A029BFC
:105EB0000A999B1A03F100530A9A023B02EBC302B0
:105EC00051F833303C93536823F000433D9351F82D
:105ED00008303E93DAF8043023F000433F93DDE9C5
:105EE0003E23DDE93C01F6F77FFB02460B46064602
:105EF0000F46F6F72FFD1C4BCDE92201002230465C
:105F00003946F6F727FDCDE90601029B0299023BCF
:105F10000493049A9E9B5343089A02EBC3039E9AF0
:105F20000A44D1001091029903EBC202CD1E9E9942
:105F30000E928F9A6D1A0299013A0A441C4403EB9F
:105F4000C50503EBC2031A93109B2B93083B049ADD
:105F500010930C9B934240F3C98307E0AFF300809A
:105F600000000000000000000000F83F049B019AC0
:105F70000498991CDD009E9B08324B431E92DA0068
:105F800002EBC002089802440298884280F27A84A8
:105F90009E99049A0B440899033205EBC3030B4402
:105FA0000299914280F276849E9B049A02FB03F44C
:105FB000089B03EBC40404EB050ADAE90067DDE99A
:105FC000062330463946F6F70DFB32463B46F6F7D8
:105FD000C1FCDDE92223F6F707FB2B9B234453E9A1
:105FE0000423F6F7E1FDDAE90223F6F7FDFA109B48
:105FF000234480468946D3E9002330463946F6F7E4
:10600000F3FADDE90623F6F7EDFA9E9A049BCDF844
:10601000688103EB420304EBC303D3E90267CDE9D4
:10602000060129F000435B93069B5C93079B23F0DA
:1060300000435D93DDE95C23DDE95A01F6F7D4FA0C
:1060400027F000435E965F93DDE95E23F6F7CCFA16
:10605000CDE9100102460B4640464946F6F7A4FD3D
:10606000DDE9102380468946DDE90601F6F79CFD4F
:10607000DDE91023CDE90E0130463946F6F794FDEF
:10608000083D631910939E9BDDF810B0CDF868A011
:10609000CDE906011B019193099B9B4540F30A84BE
:1060A000169B0133652B16937FF4C2AE4FF0FF3081
:1060B0000DF5137DBDEC028BBDE8F08F23682893AE
:1060C000636823F000432993019BE31A1A685B6815
:1060D000369223F000433793A3683893E36823F0A4
:1060E00000433993DDE93823DDE93601F6F77CFA20
:1060F000994B0022F6F72EFC0B46149902460C44ED
:10610000DDE92801F6F7A2FE00287FF499AE0C9B8A
:10611000013B0C932A9B1D448EE60C9B05EBC305AB
:10612000DC00DDE91801D5E90023F6F75DFA279BCD
:106130002344C5E900019FED847BC3E900011C9B5A
:106140001C4484ED007B029B0993099B013B029355
:10615000099B002B7FF44FAE089B019AD3E9000303
:1061600023F00041019B03F10806089B9C180123C2
:106170001293129B27465D1E9E9BAB4200F3B18596
:10618000129B01331093109A9E9B9342344440F02B
:10619000A585714B0022F6F7DDFB019A1C9B134489
:1061A0003E931346159ACDE946015A430899019842
:1061B000D31ACB183A93129B023B03FB0011389180
:1061C000279901441891109901FB0333089901EBB9
:1061D000C30336930B4613440C93109A159B02FB92
:1061E000033301EBC3030A93109B1B01083B249369
:1061F0009FED578B3E9B0993159B0E930E9BDB00E7
:106200002293099B029373E902AB09930E9B289397
:10621000013B0E930022002350465946F6F702FE3A
:10622000002800F063860A9BDDF8E890289F0E9C0A
:106230009FED457B83ED008B0C9B8DED167BA3F1D1
:106240000805099B1E93631C8DED047B40F0568569
:10625000019A3A9B9B1A3A93389B9B1A3893189B46
:10626000149A083B1893369B134436930C9B1344A3
:106270000C930A9B13440A93249B083B24930E9B84
:106280000133BBD1019BA3F108043E9B73E9026774
:1062900000223E93304600233946F6F7CDFD0546F1
:1062A000002801F0AF812F9DA4F10809002704F117
:1062B000080A9FED257B8DED027B8DED047B089E0A
:1062C000A84605EB0A0BB8EC027B09EB060351EC80
:1062D000170BD3E900238DED067BF6F73BFB024657
:1062E0000B46DDE90401F6F77FF9A319D3E9002392
:1062F000CDE90401DDE90601F6F72CFB0B46024669
:10630000DDE90201F6F770F9019BC345CDE9020111
:106310001E44D8D19DED047B09EB050383ED007B82
:10632000129A6319C3E90001019B97421D4407F1CA
:10633000010341F06481159B013B15930133A4F1E6
:106340000804A2D10020B3E6000000000000000015
:10635000000000000000F03F0000B03C9E9A269B29
:106360009B1A089A02EBC30B099BDB000493099B61
:106370000BEBC30A049B08330693DAE900890A9BF6
:10638000069A9C18D4E9002340464946F6F72AF9B4
:10639000B34B0022F6F7DEFA0A9B049A13440E93DD
:1063A000069BCDE90C010BEB03010E9BD1E900012B
:1063B000D3E90023F6F7CEFADDE90C23CDE910018D
:1063C00010461946F6F7C6FADDE91023F6F70CF980
:1063D000DDE9182306460F4640464946F6F704F91C
:1063E000CAE90001DDE91801D4E90023F6F7FCF859
:1063F000049A279B1344CDE90A01C4E900011693CE
:10640000279B069A03EB02091C9B049A03EB0208E4
:10641000069A30469D18394600220023F6F72AFDD9
:10642000002800F01F8147EC106B2CF053FE002277
:106430000023DDE90C0157EC106BF6F7FDFC32464A
:106440003B46002800F0CD80DDE90C01F6F7CAF8E4
:1064500006460F4602460B46DDE90A01F6F7C4F888
:10646000169B3246C3E90001DDE910013B46F6F711
:106470009BFB02460B46D4E90001F6F7B3F89FED0B
:10648000767BC9E9000188ED007B85ED007B0E9BE2
:10649000D3E9008942464B4640464946F6F75AFA48
:1064A000324604460D463B4630463946F6F752FA28
:1064B00002460B4620462946F6F796F841EC100BAB
:1064C0002CF008FE55EC104B404622462B46494620
:1064D000F6F76AFB2246CDE90A012B4630463946DB
:1064E000F6F762FB019B049A099DCDE90C019C180B
:1064F0005C449E9BAB4279DC089C0025049B1F19E1
:10650000069B1E19D6E90023DDE90A01F6F722FAF7
:10651000D7E900AB8046894652465B46DDE90C016F
:10652000F6F718FA02460B4640464946F6F75CF87D
:10653000C7E90001DDE90C01D6E90023F6F70AFA04
:106540005246804689465B46DDE90A01F6F702FAC3
:106550000B46024649464046F6F744F8019B1C4468
:10656000029B0135AB42C6E90001C7DA2F9C00252A
:10657000049B1F19069B1E19D6E90023DDE90A01B9
:10658000F6F7E8F9D7E900AB8046894652465B4604
:10659000DDE90C01F6F7DEF902460B4640464946B6
:1065A000F6F722F8C7E90001DDE90C01D6E900237E
:1065B000F6F7D0F95246804689465B46DDE90A0186
:1065C000F6F7C8F90B46024649464046F6F70AF880
:1065D000019B1C449E9B0135AB42C6E90001C7D11B
:1065E000B3E5DDE90C01F5F7FFFF31E7DAE90089F2
:1065F00094ED007B42464B46DDE90C018DED0E7BB0
:10660000F6F7A8F9DDE90E2306460F46DDE90A0193
:10661000F6F7A0F902460B4630463946F5F7E4FF97
:10662000EAE80201DDE90C01F4E80223F6F792F949
:10663000424606460F464B46DDE90A01F6F78AF95F
:1066400002460B4630463946F5F7CCFF013544E9A2
:1066500002014EE7AFF300800000000000000000E0
:106660000000E03FDDE90A23DDE90C01F5F7BCFF9E
:10667000169B3A96C3E9000127F000433B93C9E912
:1066800000019DED3A0B2CF025FD1C9B069957EC63
:10669000106B88ED000B5E5007F100436B6054E512
:1066A0000A9B2A9A9D18A844D8E9008932463B469D
:1066B00040464946F5F798FF3246CDE906013B468C
:1066C00040464946F6F746F92544DAE900230646EE
:1066D0000F46D5E90001F6F73DF902460B46304674
:1066E0003946F5F77FFFCDE922010EE454E904674E
:1066F000DDE9062330463946F5F774FF32463B465E
:10670000F6F728F9DDE92223F5F76EFF0E9B53E932
:106710000423F6F749FA54E90223F5F765FF0E9BC7
:1067200013ED027B824653EC172B8B4630463946DD
:106730008DED1E7BF5F758FFDDE90623F5F752FFD7
:106740001A9BCDF818A193ED007B2BF00043CDE907
:10675000473021F000434993DDE9482380468946CC
:10676000DDE946018DED207BF5F73EFF209B4A9346
:10677000219B23F000434B93DDE94A23F5F734FFD7
:10678000CDE9240102460B4650465946F6F70CFA6D
:10679000DDE9242382468B4640464946F6F704FA53
:1067A000DDE9242380468946DDE92001F6F7FCF97E
:1067B0000C9B049A93423FF4D9AB54F8183C4C9389
:1067C00054F8143C23F00043CDE94D3829F0004340
:1067D000CDE94F3021F000435193DDE95023DDE94D
:1067E0004E01F5F701FF02460B46DDE94C01F6F7D5
:1067F000B1F8049B03F1FF382B6852936B6823F0C8
:106800000043CDE9533627F000435593DDE9542387
:10681000CDE92001DDE95201F5F7E6FE1E9B569316
:106820001F9B23F000435793DDE95623F5F7DCFE69
:106830002BF000435993CDF860A11D4B06460F463F
:106840000022DDE95801F6F785F802460B4630468E
:106850003946F6F77FF80B46149902460C44149813
:106860000D440E9901440E911A9901441A91DDE9E3
:106870002001F6F7EBFA00287FF478ABCDF8108012
:10688000FFF762BB9FED087B1E9882ED007B013114
:10689000FFF779BB9FED047B1E9983ED007B0132EE
:1068A000FFF77DBBAFF30080000000000000000098
:1068B0000000B03C049B9B454DDD099B9B4500F0CF
:1068C0004981919B109A134493ED007B109B109A81
:1068D000D3E90067019B60961344D3E9004527F094
:1068E0000043CDE9613425F000436393DDE9622381
:1068F000DDE960018DED067BF5F776FE069B64937E
:10690000079B23F000436593DDE96423F5F76CFEF4
:1069100002460B46CDE9122300220023F6F782FA45
:10692000002840F00C81DDE9122330463946F6F7A5
:106930003BF9DDE912238046894620462946F6F7D1
:1069400033F9DDE91223CDE90E01DDE90601F6F7A1
:106950002BF9CDE9060142464B4640464946F5F73C
:10696000F9FFDDE90E2304460D4610461946F5F7FA
:10697000F1FF02460B4620462946F5F735FEDDE9D4
:10698000062304460D4610461946F5F7E3FF024676
:106990000B4620462946F5F727FE41EC100B2CF05C
:1069A00099FB002200234046494655EC104BF6F770
:1069B00043FA28B105F1004366946793DDE9664523
:1069C000049B9B4540F3C98005F10043699368949B
:1069D000DDE91223DDE96801F5F7BCFF109BC3E98F
:1069E000000122462B4640464946F5F7FDFD22466A
:1069F0002B4606460F46F6F7D7F82246CDE9120198
:106A00002B46DDE90E01F6F7CFF82246CDE922014B
:106A10002B46DDE90601F6F7C7F832463B46CDE9DD
:106A20002401DDE90E01F6F7BFF832463B46CDE919
:106A30000E01DDE90601F6F7B7F81A9A019BCDE9D8
:106A400006019E181346019A984603EB4207D94661
:106A50009E9B4B4500F39480029A089E0BF1030322
:106A60009342A8BF134690934FEACB032093083379
:106A70002B93209B10332E930027909BBB4280F2D8
:106A8000D1802F9C0025209B1E192B9BDDE9120134
:106A90001F19D6E90023F5F75DFFD7E900238046EB
:106AA0008946DDE92201F5F755FF0B4602464946C6
:106AB0004046F5F799FD099B9B458046894622D0C3
:106AC0002E9B03EB040A9AED007BDDE9240153ECD5
:106AD000172B8DED2C7BF5F73DFF02460B4640460C
:106AE0004946F5F781FD02460B4680468946DDE9B9
:106AF0000601F5F72FFF02460B46DDE92C01F5F7FD
:106B000071FDCAE9000142464B46DDE90E01F5F789
:106B100021FF02460B46D7E90001F5F763FDC7E9FF
:106B200000014B46D6E900014246F5F75BFD019BAB
:106B30001C449E9B0135AB42C6E90001A3D1109BCA
:106B40001E9A134410931A9B13440BF1010B1A93D2
:106B5000FFF7A2BA9FEDA67BB8E60C9B049A93427E
:106B60003FF43FAF109B1B686A93109B5B6803F177
:106B700000436B939DED6A7B109B83ED007B30E7B8
:106B8000D6E90023DDE90E01CDF88080F5F7E2FEBD
:106B9000D8E90023F5F728FD099B9B45B24604463A
:106BA0000D461FD097ED007BDDE9060153EC172B56
:106BB0008DED207BF5F7CEFE02460B46204629469A
:106BC000F5F712FD02460B4604460D46DDE92401A9
:106BD000F5F7C0FE02460B46DDE92001F5F702FDA0
:106BE000C7E9000122462B46DDE92201F5F7B2FE96
:106BF00002460B46DAE90001F5F7F4FC2246E6E826
:106C000002012B46DDE91201F5F7A4FE02460B4610
:106C1000D8E90001F5F7E6FC09F10109E8E802010D
:106C2000083715E7209B03EB06082B9BDDE91201D3
:106C300003EB0609D8E90023F5F78CFED9E9002318
:106C400004460D46DDE92201F5F784FE0B460246B7
:106C500029462046F5F7C8FC099B9B4504460D468E
:106C600022D02E9B03EB060A9AED007BDDE924017E
:106C700053EC172B8DED2C7BF5F76CFE02460B4683
:106C800020462946F5F7B0FC02460B4604460D4661
:106C9000DDE90601F5F75EFE02460B46DDE92C0153
:106CA000F5F7A0FCCAE9000122462B46DDE90E01FA
:106CB000F5F750FE02460B46D9E90001F5F792FCC4
:106CC000C9E900012B46D8E900012246F5F78AFC04
:106CD000019BC8E9000101371E44CEE6109BFFF777
:106CE00047BAF7E8022323F000436C926D93DDE985
:106CF0006C23F5F779FC0135FFF73EBA189B13EDCD
:106D0000027B55E9020153EC172B8DED1C7BF5F747
:106D100069FC229B03EB0908109B98ED007B07FBA5
:106D200003F6229BCDE9060103EBC6068DED027B3F
:106D3000089B09EBC70B1E44BA46289B534540DC11
:106D40001E9B33ED027B00221E9351EC170B002398
:106D50008DED1A7BF6F770F830BBDDE91A010022E1
:106D60000023F6F75FF8002846D0029B4093039B70
:106D700003F100434193DDE9060100220023F6F709
:106D800051F8002830D1DDE90623DDE94001F5F7AF
:106D90000BFFC8E900019DED167B8DED027B9DED9B
:106DA000047B8DED067B27462A9B9DED027B994453
:106DB000149B8DED167B013C9DED067B1D44FFF77A
:106DC00042BAD6E90023FBE80201F5F7C3FD0B4602
:106DD0000246DDE90201F5F707FC019BCDE902015E
:106DE0000AF1010A1E44A8E7DDE94623CDE700BF0A
:106DF0000000000000000000019B2B4413ED027B0B
:106E0000279B03EBC401D1E90001DDE91C238DEDD3
:106E1000207BF5F7E7FB02460B46F5F79BFDD5E92E
:106E200000ABCDE91C01DDE9162350465946F5F7C4
:106E300091FDDDE9042306460F46DDE90201F5F781
:106E400089FD02460B4630463946F5F7CBFBDDE9B6
:106E50001A2306460F4610461946F5F77BFDDDE975
:106E60001C23F5F7C1FB02460B4630463946F5F7C1
:106E70009BFE249BCDF8B8A106460F46C8E90067E3
:106E800009EB03082BF000436F93049B7093059B61
:106E900023F000437193DDE97023DDE96E01F5F71E
:106EA000E9FF32463B4680B1DDE90601F5F752FDC8
:106EB000DDE90223F5F798FB01F10043739372902B
:106EC000DDE9720152465B4661E7DDE92001F5F735
:106ED00041FDDDE91623F5F787FB01F100437593CA
:106EE0007490DDE90423DDE9740150E700220023FA
:106EF00050465946F5F7A0FF00283FF4A9A90A9B80
:106F000053E902670C9B769653E90245189B53E9B7
:106F1000028927F00043CDE9773425F000437993C7
:106F2000DDE97823DDE97601F5F7A4FF002800F01C
:106F3000FF800A994246D1E900014B46F5F752FB22
:106F400001F100437B937A9032463B46DDE97A01BA
:106F5000F5F72AFE0C9B43E90401099B1B687C930F
:106F6000099B5B6803F100437D930A9BDDE97C018B
:106F700053E90223F5F718FE0C9BDDF8E0900E9D17
:106F80001FED657B43E902010A9B03ED028B83ED54
:106F9000007B289B023B2B93229B083B4893249B1E
:106FA000083B5093029B103B4A93189B8DED207B2E
:106FB000083B8DED1E7B3C93369B26932B9B002B31
:106FC0008DED067BFFF644A9189B269913ED027BF5
:106FD000D1E9000153EC172B8DED1A7BF5F702FB7D
:106FE000229B1FED7D7B4B44D3E900672E93109BC2
:106FF000CDE9020105FB03F48DED047B089B09EB51
:10700000C50A03EBC404A846289B434500F3E3806C
:107010004A9B33ED027B00224A9351EC170B00236D
:107020008DED1C7BF5F708FF00286CD1099BD3E997
:1070300000AB52465B4650465946F5F78BFC489BE1
:10704000CDE94C0109EB0308DDE91C010022002316
:10705000F5F7E8FE002800F0E78007F100433393DE
:10706000049B3493059B329603F100433593DDE98D
:10707000022310461946F5F76DFCDDE94C23F5F7C0
:10708000B3FADDE9322304460D46DDE90201F5F7E6
:1070900061FC524606460F465B46DDE93401F5F7D2
:1070A00059FC02460B4630463946F5F79DFA224612
:1070B0002B46F5F779FDDDE93423C8E90001DDE968
:1070C0000201F5F747FC524606460F465B46DDE9EE
:1070D0003201F5F73FFC02460B4630463946F5F7DC
:1070E00081FA2B462246F5F75FFD2E9BC3E900018E
:1070F0009DED207B8DED047B9DED067BDDE91E671C
:107100008DED027B2B9D2A9B149A99442B9B013B6E
:107110002B933C9B083B9DED047B3C93269B1344A7
:107120008DED207BCDE91E679DED027B269345E723
:107130000C99309405F10043424651E90401319322
:107140004B46F5F74FFA02460B4604460D46F5F757
:1071500001FC524606460F465B4650465946F5F737
:10716000F9FB02460B4630463946F5F73DFA224612
:1071700006460F462B46DDE93001F5F7EBFB002212
:1071800080468946002350465946F5F7E3FB024600
:107190000B4640464946F5F727FA32463B46F5F797
:1071A00003FD0C9B002243E90401002320462946ED
:1071B000F5F7D0FBDDE9302304460D46504659462D
:1071C000F5F7C8FB02460B4620462946F5F70AFAB2
:1071D00032463B46CEE6BAEC027B489B234451EC58
:1071E000170BD3E900238DED167BF5F7B3FB0246B1
:1071F0000B4630463946F5F7F7F9229B2344D3E98D
:10720000002306460F46DDE91601F5F7A3FB0B4602
:107210000246DDE90401F5F7E7F9019BCDE9040138
:1072200008F101081C44EFE6269B269A3C9993ED51
:10723000027B019B13448DED167B93ED007B51E99E
:107240000401DDE91A238DED2C7BF5F7CBF902461D
:107250000B4604460D46F5F7C7F952465B46F5F76F
:1072600079FB2246CDE91A012B4620462946F5F73F
:1072700071FBDDE91C2304460D4610461946F5F75F
:1072800069FB02460B4620462946F5F7ADF9DDE9D4
:107290004C23F5F7A7F902460B46CDE91C23169BB4
:1072A0004293179B23F000434393069B4493079B11
:1072B00023F00043459300220023F5F7B3FD002897
:1072C0002FD0DDE91A0100220023F5F7ABFD40B312
:1072D000029B7E93039B23F000437F93DDE97E01B5
:1072E000DDE94223F5F780F92C9B80932D9B23F059
:1072F00000438193DDE98023F5F776F9DDE9442346
:10730000F5F772F92BF00043CDF808A28393DDE97D
:107310008223F5F769F9DDE94623F5F71BFBCDE993
:107320001C01DDE91E23DDE91601F5F713FBDDE99C
:10733000062304460D4630463946F5F70BFB024658
:107340000B4620462946F5F74DF9524604460D46B0
:107350005B46DDE90401F5F7FDFA02460B462046DF
:107360002946F5F741F9DDE92023CDE94C01DDE9B6
:107370001601F5F7EFFADDE9062304460D46DDE9CF
:107380000401F5F7E7FA02460B4620462946F5F7D1
:1073900029F9524604460D465B4630463946F5F714
:1073A000D9FA02460B4620462946F5F71BF9DDE9D6
:1073B0001C23CDE94E0110461946F5F7CBFADDE95D
:1073C0001A2304460D4610461946F5F7C3FA02463D
:1073D0000B4620462946F5F707F9DDE91C2304464C
:1073E0000D46DDE94C01F5F7B5FADDE94E2382469D
:1073F0008B46DDE91A01F5F7ADFA02460B46504619
:107400005946F5F7F1F822462B46F5F7CDFBC8E9CA
:107410000001DDE91C23DDE94E01F5F79BFADDE90A
:107420004C2382468B46DDE91A01F5F793FA0246B2
:107430000B4650465946F5F7D5F822462B46F5F748
:10744000B3FB2E9B04460D46C3E90045099BD3E9D7
:1074500000AB509BCDF810A24B441A93249B4B4495
:107460001C932BF000438593DDE98401DDE944237F
:10747000F5F7BAF8DDE94223F5F7DEFC00284CD039
:1074800007F100438793DDE90201D8E900238696DE
:10749000F5F760FA02460B46DDE98601F5F7A2F83A
:1074A00022462B4606460F4650465946F5F752FAF5
:1074B000DDE91623F5F778FB02460B4630463946E0
:1074C000F5F792F81A9BC3E90001049B8893059B8A
:1074D00003F1004389932E9BDDE90201D3E90023E8
:1074E000F5F738FA02460B46DDE98801F5F77AF838
:1074F0000D460999D8E900230446D1E90001F5F7C2
:1075000029FADDE91623F5F74FFB02460B46204624
:107510002946F5F767F81C9BE8E51E9B8A931F9B9D
:1075200003F100438B93DDE92C01D8E90023F5F743
:1075300011FA02460B46DDE98A01F5F753F8209B64
:107540008C93219B03F10043CDE902018D932246E8
:107550002B46DDE92C01F5F7FDF902460B46DDE986
:107560008C01F5F73FF8DDE9062306460F46104685
:107570001946F5F7EFF9524604460D465B4650466C
:107580005946F5F7E7F902460B4620462946F5F736
:107590002BF8DDE9022304460D46DDE90601F5F787
:1075A000D9F93246CDE904013B4650465946F5F734
:1075B000D1F902460B46DDE90401F5F715F822463C
:1075C0002B46F5F7F1FA1A9B3246C3E900013B4618
:1075D000DDE90601F5F7BEF9DDE9022306460F46AF
:1075E00050465946F5F7B6F902460B46304639463D
:1075F000F4F7F8FF22462B46F5F7D6FA8BE71F463D
:10760000FEF757BE0022002330463946F5F70AFC44
:1076100000283EF490AE2F9E04F10809089B03EB6E
:10762000040806EB090337464FF0000A4FF0000B41
:107630000293D8E90023F7E80201F5F78BF90B462E
:10764000024659465046F4F7CFFF019B9844029BEF
:10765000BB4282468B46ECD1019A33191644129AEA
:10766000AA42C3E900AB05F101033EF464AE1D4636
:10767000D4E700BF000000002DE9F04F2DED088B8E
:10768000B3B0CDE9171216930022002320ACCDE948
:107690002C23CDE92E23CDE9302312904FF4004264
:1076A0000023204628F0E4FA0290002840F02981C7
:1076B00094E8070023AB83E8070010F0D7F8B4EE96
:1076C000400AF1EE10FAB0EE408A80F1D880FBEE6D
:1076D000047AB4EEE70AF1EE10FA40F3D080DFED61
:1076E000B27AB4EEE70AF1EE10FA40F1C880B0EEDB
:1076F000409A2EF0E6FCCDE91A0110F0DBF8F0EE2E
:10770000409A10F0C3F8DFEDA97A9FEDA9AA69EEBF
:10771000A77A19EE900A87EE8A7AF0EE408AFDEE9B
:10772000C77AB6EE007A17EE903AC9EE807A012B4E
:10773000B8BF0123039377EE877AFDEEE77A17EE61
:10774000903A012BB8BF01230093F5F7ABF8CDE9D0
:1077500010010C201EF018FB044698B19DED107B23
:10776000944B436180ED067B18EE900AF5F79AF88A
:10777000009BA362C4E908010723237400236374F8
:10778000A374E3748C49DFED8DAA9FED87BA4FF4A3
:107790006352204627F04EFD9FED817B169B8DEDB9
:1077A0000A7B8DED087B8DED067B8DED0C7B4FF01C
:1077B000000BDB17CDF804B0D846DA46D946CDF831
:1077C00010B0CDF84CB019932EF07BFC1A9BC41A64
:1077D0001B9B61EB0305169B9C42199B75EB0303F6
:1077E00052DB08201EF0D0FA48B1754BC561C0E9E4
:1077F000053404230374002343748374C3744FF467
:1078000003526D4927F016FD08201EF0BDFA40B165
:107810006C4BC0E90538032303740023437483745D
:10782000C37465494FF4C65227F004FDDDED447A78
:10783000B8EEE77AC7EE0A7A67EEA97AFDEEE77A44
:1078400017EE904AA04580F2A0810C201EF09CFA11
:1078500078B15D4BC4619DED107BC0E90538449B58
:10786000836280ED087B07230374002343748374D1
:10787000C37451494FF4625227F0DCFC41E09FEDA4
:10788000539A9FED538A34E7FDEEE97A0BF1010B31
:1078900017EE903A9B4504DB072014F0CBFD4FF028
:1078A000000B449B449ADB17944275EB030313DBF4
:1078B000049B8BB10A201EF067FA50B1454BC0E91A
:1078C0000758C0E905340523037400234374837407
:1078D000C3744FF4235294E7DDE90032934205DC90
:1078E0001DA806F07FFCA8B900230193019B01337A
:1078F000019340F6CD4200231DA808F03DFF00286B
:107900006CD06FF001030293029833B0BDEC088B8A
:10791000BDE8F08F1DAB20AA23A90025B3EC017AA6
:10792000F2EC017AB4EEE77AD1ED007AF1EE10FADA
:10793000B4EE677A48BF02ED017AF1EE10FAC8BFE3
:10794000F0EE477A12ED017AE1EC017A77EEC78A20
:10795000F4EEEA8AF1EE10FA1CDD0A201EF014FAA9
:10796000044670B11C4BC4E9053518EE900AF4F7D3
:1079700099FF0623C4E90801237400236374A374E8
:10798000E3740D494FF44352204627F053FC4FF067
:10799000FF33B8E70135032DC0D1A5E7AFF3008071
:1079A00000000000000000000000704200007A4368
:1079B00000007A443E9B0500EC8F04008FC2753DA9
:1079C0008E9B05004F9C0500659C0500000080FF14
:1079D0000000807FB29B0500EE9B05002CAB059359
:1079E0001DAD1E460324D6E9002355F8040BCDE94E
:1079F0000E23F4F757FFDDE90E23F4F7F5FD013C04
:107A0000E6E80201EFD1039B09F101094B455BDC7C
:107A100029AB26AF0E931E463D46059BB3EC027B79
:107A200048468DED147B0593F4F72AFF0B4602467A
:107A3000DDE91401F5F7B8F8F5F784FA139B07EEC2
:107A4000900A3BBB2860C6ED007A0134032C05F197
:107A5000040506F10406E0D1182200212CA830F01C
:107A6000E3FD0025F2EE047A0E9BB7EC017AF3EC0D
:107A7000018A78EEC78A0E93F4EEE78AF1EE10FAE7
:107A80001BDD0A201EF080F9044600283FF479AF80
:107A90007A4B68E795ED007AB4EE677AF1EE10FA6A
:107AA000C8BFB0EE677A85ED007A96ED007AF4EE05
:107AB000C77AF1EE10FAC6DCC7E70135032DD3D142
:107AC00001234FF0000913931D98F4F7EBFE0246D3
:107AD0000B46DDE90601F4F787FDCDE906011E98A6
:107AE000F4F7E0FE02460B46DDE90801F4F77CFD01
:107AF000CDE908011F98F4F7D5FE02460B46DDE9F3
:107B00000A01F4F771FDCDE90A010FF0AFFEB4EE02
:107B1000400AF1EE10FAF0EE408A33D6FBEE047A1A
:107B2000B4EEE70AF1EE10FA2CDDB4EECB0AF1EE7A
:107B300010FA27D510EE100AF4F7B4FE0B460246F1
:107B4000DDE90C01F4F750FDF4EE488AF1EE10FA8D
:107B5000F4EE498A48BFB0EE688AF1EE10FAC8BF69
:107B6000B0EE689A39EE487AF7EE007AB4EE677AAA
:107B7000F1EE10FACDE90C01049BA8BF01230AF134
:107B8000010A049308F101081EE6BAF1000F27D09C
:107B90005046F4F775FE02460B46DDE90C01F5F799
:107BA00003F8F5F7CFF9179B054618600A201EF079
:107BB000EBF8044670B1324B43612846F4F772FE8D
:107BC0000523C4E9060123740023C4F820A06374CC
:107BD000A374E3742B494FF42352204627F02AFB69
:107BE000189B79EE488A0C20C3ED008A1EF0CCF871
:107BF0000446C8B1244B436118EE900AF4F752FED4
:107C0000C4E9060118EE100AF4F74CFEC4E90801B5
:107C100019EE100AF4F746FE0823C4E90A0123749A
:107C200000236374A374E37444F2C0022046154930
:107C300027F000FB4046F4F723FE02460B460446BD
:107C40000D46DDE90601F4F7AFFFF5F77BF9129B6E
:107C5000224618602B46DDE90801F4F7A5FFF5F789
:107C600071F9129B224658602B46DDE90A01F4F7B0
:107C70009BFFF5F767F9129B986045E6189C050095
:107C8000B29C0500EC8F0400E19C050000000000A0
:107C900051EC100BC1F30A532DE9F041A3F2FF366A
:107CA000132E0C46054680462EDC002E11DA32A338
:107CB000D3E90023F4F798FC00220023F5F7DAF863
:107CC00020B1002C4FDB254351D12C4621462846BC
:107CD00023E02B4F374101EA070303431DD026A3BE
:107CE000D3E90023F4F780FC00220023F5F7C2F863
:107CF0000028EBD0002CC2BF4FF480133341E418AE
:107D000024EA07040025E1E7332E0ADDB6F5806F8B
:107D100003D102460B46F4F767FC41EC100BBDE8BB
:107D2000F081A3F213434FF0FF37DF403842F4D025
:107D300011A3D3E90023F4F757FC00220023F5F741
:107D400099F80028C2D0002C0ADD142E01D101348C
:107D500006E0C6F134060123B3401D44A845F6D819
:107D600025EA0705B2E700254FF00044AEE7054CD1
:107D70000025ABE7AFF300809C7500883CE4377EBC
:107D8000FFFF0F000000F03F9FED010B704700BFA9
:107D9000000000000000F87F2DE9F04F9DB01F4665
:107DA000002318939A4B0F921D68824628460C4672
:107DB000F5F717FB4FF0000883464FF00009224605
:107DC000179213782B2B3BD02CD80D2B26D8082BB1
:107DD00026D8002B2FD000230D93179E3378302BFD
:107DE00074D1737803F0DF03582B65D10D9B019399
:107DF00018AB0093874A029719AB17A950462DF08C
:107E000061FA10F00705044635D0062D1AD10F9BF4
:107E10000BB101361E6042464B4637E0202BDAD1CB
:107E20000132CDE72D2BD6D101230D93531C17938F
:107E30005378002BD1D10F9B002BECD01C60EAE7CC
:107E40000023F2E7189A3AB135211AA830F090FCD5
:107E5000189950462DF0F2FC013D199A042D06D8D0
:107E6000DFE805F0190322251900DDE91A89210749
:107E700001D549F000490F9B13B10F9A179B13606E
:107E80000D9B002BC7D0424609F1004343EC102B59
:107E90001DB0BDE8F08FDDE91A8302F2334223F40E
:107EA000801343EA0259E2E7DFF86C91DFE76FF0F5
:107EB00000494FF0FF38DAE7179B5A1C17925B789E
:107EC000302BF9D0002BD6D0012300E0002300276F
:107ED000CDE905770493179B0A930A221798067831
:107EE000A6F13003D9B2092924D95A46294630F0DF
:107EF000D4FC00282DD00020059D32468346034641
:107F0000652A01D0452A13D11DB9049A024392D0A3
:107F10000025179C621C179262782B2A6FD02D2A9D
:107F200073D04FF0000CA2F1300109297AD91794CF
:107F3000002699E005990829DDBF069902FB013367
:107F4000069302FB0737059B013001330593179019
:107F5000C4E7179B03EB0B02179213F80B20059B4A
:107F6000ABB383461D46A2F13003092B12D901237E
:107F7000C6E7179B5A1C17925A780130302AF8D05E
:107F8000A2F13103082B00F2EF84179B0A9383467A
:107F900000200546303A00F1010312D09B4400EB6B
:107FA000050C2B460A21634513D12B18082B05F12C
:107FB0000105054419DC06990A2303FB01230693F6
:107FC0000023179A511C179152781846CBE7059851
:107FD000D4E7082B03F1010303DC069E4E4306960B
:107FE000E1E7102BD8BF4F43DDE70F2BDCBF0A239F
:107FF00003FB0727E4E74FF0000B012385E74FF071
:10800000000CA21C1792A2788DE74FF0010CF8E744
:108010007CAE040008AE04000000F07F179A511CEB
:1080200017915278302AF9D0A2F1310108293FF690
:108030007FAF303A0792179A0C92179A561C1796F0
:108040005278A2F1300EBEF1090F38D90C99761A88
:10805000082E44F61F6603DC07998E42A8BF0E4621
:10806000BCF1000F00D07642002D4FD10499084397
:108070007FF401AF002B7FF4DEAE692A29D026DC25
:10808000492A26D04E2A7FF4D6AE9B4917A830F055
:10809000BCF900283FF4CFAE179B1B78282B2FD1BB
:1080A00096491AAA17A830F0C4F9052828D11B9BB5
:1080B000DDF8688043F0FF4949F4E009DBE6079EFC
:1080C0000A2101FB0621A1F130020792B5E76E2AD1
:1080D000D9E78B4917A830F098F900283FF4ABAEE8
:1080E000179B8849013B17A8179330F08EF910B9F8
:1080F000179B01331793DFF81C924FF00008BAE684
:108100008148FFF741FE59EC108BB4E6A6EB0B0358
:108110000C93059B0698002B08BF2B46102D05934A
:108120002C46A8BF1024F4F79BFB092D80468946F6
:1081300013DC0C9B002B3FF49EAE0C9B78DD162BC2
:1081400045DC724901EBC301D1E9000142464B46CF
:10815000F4F700FC804689468DE66C4B03EBC403C4
:1081600053E91223F4F7F6FB804638468946F4F7C4
:1081700077FB02460B4640464946F4F735FA0F2D89
:1081800080468946D5DD0C9B2C1B1C44002C25DC2D
:1081900000F0A280644214F00F020AD05B4B03EBA4
:1081A000C20340464946D3E90023F4F7FDFC80466C
:1081B0008946241100F090801F2C40F3B1802223C7
:1081C0004FF000084FF00009CAF8003053E60C9A4F
:1081D000C5F12503934219DA2C1B144414F00F0344
:1081E0000AD04A4901EBC30142464B46D1E900019E
:1081F000F4F7B0FB8046894634F00F046CD0B4F538
:108200009A7F41DD2223CAF8003074E73F4CC5F164
:108210000F0504EBC50142464B46D1E90001F4F7D6
:1082200099FB0C9B5D1B04EBC504D4E900238FE78D
:108230001633A8DB354BABEB060203EBC203D3E9E5
:10824000002340464946F4F7AFFC83E7002306933A
:108250002223DFF8C090CAF800304FF000081899C8
:1082600050462DF0EBFA069950462DF0E7FA0599A5
:1082700050462DF0E3FA109950462DF0DFFA079999
:1082800050462DF0DBFAF6E50023214F049324112C
:1082900040464946012C22DC0BB180468946049BAE
:1082A0001B49A9F1547901EBC30142464B46D1E980
:1082B0000001F4F74FFB174B0A460B4016498B425F
:1082C00080469FD8A1F580118B4286BFDFF84C9085
:1082D0004FF0FF3802F15479002304934BE0E2079A
:1082E00004D5D7E90023F4F735FB0123049A0132C2
:1082F000049264100837CDE7A72C0500F4AD040004
:10830000DD890500CDA5050034250500089304008E
:10831000E09204000000F07F0000A07CFFFFEF7FF0
:1083200014F0100318BF6A23AA4F0493404649462D
:108330000023E20704D5D7E90023F4F70BFB012360
:10834000641007F10807F4D10BB180468946049BFD
:1083500043B1C9F30A52C2F16B03002B49464EDC0C
:108360006A2304930022002340464946F4F75AFD4D
:1083700000287FF424AF069B0093059A0A992B46A8
:1083800050462DF0C3FA109000283FF43BAF0C9BF1
:10839000ABEB060B002BB4BF5B46002311930C9B89
:1083A00023EAE3731393002307930593109B50462E
:1083B00059682DF003FA069000283FF449AF109B4E
:1083C0001A69023203F10C0192000C3030F004F90A
:1083D00049EC108B1AAA19A95046CDE90A892DF04B
:1083E00069FD189000283FF433AF012150462DF06D
:1083F000D7FA05900346D0B90023059328E71F2B31
:108400000EDD342BDEBF4FF0FF33C2F14B02934041
:108410004FF00008CCBF4FF05C7903EA01099FE7F9
:108420004FF0FF3202FA03F303EA080898E7199CB9
:108430001A9A002CABBF119B139B139E119FACBFCC
:10844000E7181E1B049BE41A1444634B013C9C4236
:10845000C2F1360280F2B2801B1B1F2BC2BFC4F1D7
:108460007F4404F57F0404F57B444FF00105C8BF49
:10847000E234A2EB0302DABF9D40002405FA04F4C3
:1084800007EB020B049B5F4516441E443B46A8BF06
:108490005B46B342A8BF3346002BC2BFABEB030B16
:1084A000F61AFF1A119B002B16DD05991A46504645
:1084B0002DF036FB059000289ED00146189A5046B4
:1084C0002DF084FA0E9000283FF4C2AE1899504661
:1084D0002DF0B4F90E9B1893BBF1000F71DC0C9BCF
:1084E000002B08DD139A069950462DF019FB0690D3
:1084F00000283FF4ABAE002E08DD06993246504608
:108500002DF068FB069000283FF4A0AE002F08DD98
:1085100005993A4650462DF05DFB059000283FF442
:1085200097AE069A189950462DF0C0FB0790002888
:108530003FF48EAEC3680E9300230599C36030F0FC
:10854000CAF800284ADA0E9B53EA080340F0BB80C1
:10855000C9F31303002B40F0B68029F000431B0D34
:108560001B05B3F1D66F40F2AE80079B5B6923B960
:10857000079B1B69012B40F3A680079901225046F7
:108580002DF028FB0599079030F0A5F8002840F35E
:108590009A8029F00043049A1B0D1B05002A78D00D
:1085A000B3F1D66F6CD8B3F15C7F45D84FF00008BB
:1085B0004FF000092223CAF8003050E600240125BC
:1085C0005EE718995A4650462DF004FB1890002893
:1085D00085D13DE6B892040002FCFFFFCB4640F097
:1085E000A3800E9AC9F31303002A40D09C4A9342F9
:1085F00058D1049B42467BB9B8F1FF3F40F08980D7
:10860000984B99453FF424AE974BDDF8108009EA6A
:10861000030303F5801922E6934B09EA0303B3F140
:10862000D46F16D918F101011BD18E4A91453FF440
:108630000FAE03F5801980468C4B40464946002218
:10864000F4F788F90B460343804689467FF407AE6A
:10865000B0E71E0DC6F16B064FF0FF31B140884503
:10866000E7D0002C5ED014EA0B0FE5D01EE0002B03
:108670004AD1B8F1000F8CD064B314EA0B0F2BE091
:10868000A3F580136FEA13596FEA09594FF0FF38C9
:10869000D2E7A3F580136FEA13596FEA09594FF037
:1086A000FF38DCE59CB114EA090F0CD0404649467E
:1086B000049A2FF033FDDDE90A0153EC102BF3F798
:1086C00093FF80468946049B002BB5D1C7E515EA88
:1086D000080FEAE718EA050FF5D0049A4046494624
:1086E0002FF01CFDDDE90A0153EC102BF3F77AFFA4
:1086F0000022002304460D46F4F794FB00287FF483
:1087000055AFA046A946DEE7002CB6D115EA080F02
:10871000E2E724B114EA090F3FF4A1ADC6E718EA75
:10872000050FF9E72A42A0E7059907982FF0EEFF19
:1087300055EC104B00224FF0804320462946F4F7B9
:1087400085FB00286DD00E9B002B78D1B8F1000F6F
:1087500056D1C9F31303002B59D1454B00222046B3
:108760002946F4F769FB002858D120462946414B99
:108770000022F4F7EFF804460D4605F10043089493
:108780000993394B0BEA03031293129A3A4B9A421C
:10879000DDE9086740F0A980ABF1547949EC108B12
:1087A0002DF018FBDDE9082351EC100BF4F7D2F89B
:1087B00042464B46F3F718FF0B462B492F4A194008
:1087C000914280465CD90B9A264B9A4203D10A9B70
:1087D00001333FF43DADDFF88C904FF0FF3818992E
:1087E00050462DF02BF8069950462DF027F80599A4
:1087F00050462DF023F8079950462DF01FF8D5E587
:10880000B8F1010F03D1B9F1000F3FF4CFAE9FEDE6
:10881000107B174D8DED087B0024B2E7154D002429
:10882000ABE7144B204629460022F4F793F80E9B41
:1088300004460D46002BA0D0CDE90845A1E79FEDE9
:10884000067B8DED087B55EC174B9AE7AFF3008064
:10885000000000000000F0BF000000000000F03F3A
:10886000FFFF0F00FFFFEF7F0000F07F0000503997
:108870000000F03F0000E03F0000E07FFFFF9F7C32
:1088800003F15479049B4E46002BA8D129F00043F4
:10889000129A1B0D1B059A42A1D120462946F4F7D6
:1088A000A8FDF4F729F80B46024629462046F3F7BF
:1088B00099FEC9F313060E9B46EA08061E430446BA
:1088C0000D464BD02EA3D3E90023F4F7B5FA0028C8
:1088D0007FF4C5AC2CA3D3E9002320462946F4F746
:1088E000C9FA00283FF47BAFB9E4049B13B3129B91
:1088F000B3F1D46F1ED826A3D3E90023204629461E
:10890000F4F7A4FA90B129462046F4F7FBFA0128BF
:1089100038BF0120F3F7A4FF0E9B04460D46D3B9E0
:1089200001F1004314901593DDE91467129A07F1E1
:10893000D6639F1A9DED0A0B2DF04CFA304653EC8E
:10894000102B3946F4F706F8DDE90A23F3F74CFE5D
:108950008046894696E7CDE91445E5E70EA3D3E9BD
:108960000023F4F769FABCE7652A3FF444AB452AD3
:108970003FF441AB0123FFF779BB00BFAFF30080A9
:108980009535A094FFFFDF3F35E5AF350000E03FB0
:108990000000C0FFFFFFDF419535A094FFFFCF3FF0
:1089A0000C4B1B68132B0CD8092B0DD8042B0ED89D
:1089B000012B8CBF4FF4FA730023074A1068184448
:1089C000704742F22833F8E74FF47A63F5E740F254
:1089D000DC53F2E7304D0020240100200E4B0F4AFB
:1089E0001B7803700E4B12781B7843700D4B82710D
:1089F0000D4A1B78127883701823C370C271092343
:108A000040F6165203710281002301224371428114
:108A100003730D20704700BF08B2002005B200208C
:108A200007B2002006B2002004B20020034B1B78DE
:108A30000370034B1B78437002207047D10700205E
:108A400003B2002000230A49184603F14B0201EB50
:108A50000212D2ED007AF5EE407AF1EE10FA18BF6C
:108A6000013003F1010318BF80B2462BEDD17047EE
:108A700000F003200A4A02EBC1035B680BB112F855
:108A80003130C26801331344442BDFBF8268815404
:108A90000132C0E90223D4BF01200020704700BF8B
:108AA000C8960400034B187808B1034B187800F0FF
:108AB00001007047CE7700202B78002010B588B0D9
:108AC000044601A904A826F081F8DFED686ADDED0F
:108AD000057A9FED677A67EEA67AF4EEC77AF1EE33
:108AE00010FA00F399809FED636AF4EEC67AF1EE16
:108AF00010FA00F19480FDEEE77A17EE903A9BB2FF
:108B0000DDED067A238067EEA67AF4EEC77AF1EE01
:108B100010FA00F387809FED576AF4EEC67AF1EE03
:108B200010FA00F18280FDEEE77A17EE903A9BB2E0
:108B3000DDED077A638067EEA67AF4EEC77AF1EE90
:108B400010FA75DC9FED4B6AF4EEC67AF1EE10FA7E
:108B500071D4FDEEE77A17EE903A9BB2DDED047A20
:108B6000A38067EEA67AF4EEC77AF1EE10FA65DC20
:108B7000DFED406AF4EEE67AF1EE10FA61D4FDEE34
:108B8000E77A17EE903A9BB2DFED3B6ADDED017AB2
:108B9000E38067EEA67AF4EEC77AF1EE10FA53DCC2
:108BA0009FED346AF4EEC67AF1EE10FA4FD4FDEE82
:108BB000E77A17EE903A9BB2DDED027A238167EEF9
:108BC000A67AF4EEC77AF1EE10FA43DC9FED296A3B
:108BD000F4EEC67AF1EE10FA3FD4FDEEE77A17EE26
:108BE000903A9BB2DDED037A638167EEA67AF4EEEC
:108BF000C77AF1EE10FA33DC9FED1E7AF4EEC77AF5
:108C0000F1EE10FA2FD4FDEEE77A17EE903A9BB210
:108C10000E20A38108B010BD47F6FF7370E74FF434
:108C200000436DE747F6FF7382E74FF400437FE7A9
:108C300047F6FF7392E74FF400438FE747F6FF7361
:108C4000A2E74FF400439FE747F6FF73B4E74FF402
:108C50000043B1E747F6FF73C4E74FF40043C1E7B1
:108C600047F6FF73D4E74FF40043D1E70000004715
:108C700000FEFF46000000C70000004310B52DEDC8
:108C8000048B88B0044601A904A825F09FFFB7EE25
:108C9000008A9DED049A854BDFED857A1B78237061
:108CA000B0EE487A09EE497A824B1B78637077EE12
:108CB000277A814BF5EEC07A1B78A370F1EE10FA9B
:108CC000B0EEC90AC0F2CB80F1EEE77AC8EE278A8F
:108CD00027EE287A87EE000A2AF072F8DFED777A1D
:108CE000B5EE409AF1EE10FA20EE270A00F0BA80B5
:108CF00019EE103AF7EE007A002BBFEE007AB8BFFB
:108D0000F0EE477A68EE806ADDED075A66EEA76AF4
:108D1000DDED067AB0EE487A06EEA77AF0EE487AF4
:108D200046EEA57ADDED055A06EEA58AB6EE006A96
:108D3000DFED636A28EE068A27EE067A28EE268A99
:108D4000DFED606AB4EEE68AF1EE10FA67EE867A3D
:108D500000F38B80B5EEC08AF1EE10FA00F1888046
:108D6000BCEEC88A18EE103A9BB29FED576ADFED51
:108D7000576A27EE067AB4EEE67AF1EE10FA79DC5D
:108D8000B5EEC07AF1EE10FA77D4BCEEC77A17EEE2
:108D9000102A91B267EE867AF4EEE67AF1EE10FAD6
:108DA0006DDCF5EEC07AF1EE10FA6BD4FCEEE77AEA
:108DB00017EE902A92B2DFED466ADDED017A9FED63
:108DC000457A67EEA67A43EA8123F4EEC77A43EA4E
:108DD0004253F1EE10FAC4F8033055DC9FED3E6AC1
:108DE000F4EEC67AF1EE10FA51D4FDEEE77A17EE02
:108DF000903A9BB2DDED027AA4F8073067EEA67ACE
:108E0000F4EEC77AF1EE10FA44DC9FED336AF4EE2B
:108E1000C67AF1EE10FA40D4FDEEE77A17EE903AFA
:108E20009BB2DDED037AA4F8093067EEA67AF4EE82
:108E3000C77AF1EE10FA33DC9FED277AF4EEC77AA9
:108E4000F1EE10FA2FD4FDEEE77A17EE903A9BB2CE
:108E50000D20A4F80B3008B0BDEC048B10BDDFED85
:108E60001F7A33E7F7EE007A4CE740F2FF337CE7F6
:108E700000237AE740F2FF718CE700218AE740F295
:108E8000FF7298E7002296E747F6FF73B2E74FF4C8
:108E90000043AFE747F6FF73C3E74FF40043C0E773
:108EA00047F6FF73D4E74FF40043D1E708B2002040
:108EB000BD37863507B2002006B2002083F9223F75
:108EC0000000804400C07F440000004500E0FF44F3
:108ED0000000004300FEFF46000000C70000000045
:108EE00038B504460EF0CCFE064DA0FB053205FB5E
:108EF0000121DB0B43EA4143C90B23606160082079
:108F000038BD00BF40420F0070B50C460D4D0646FF
:108F10000F220021601C2FF087FB05EBC6035B6866
:108F20006BB105EBC605084B26701B7863706B6848
:108F3000A01C98476B780BB10023E37370BD083514
:108F40000126F0E7C896040002B2002080B50C4A62
:108F50000C4B00AF88B0002818BF13466A460A4978
:108F60000A48C2E905134FF400739383084B42F893
:108F7000103F4FF4E65127F0A5F8BD4680BD00BF75
:108F8000CCAE0400C4280500D4AE0400A4910400B3
:108F900003000001024B034A1A600020704700BF23
:108FA0008C4C0020344C002008B506201CF0ECFE50
:108FB00038B1094B43610223037400234374837463
:108FC000C37406494FF4865226F034F9BDE80840D0
:108FD000012012F063BD00BFE7AE04006C900400F6
:108FE00008B506201CF0D0FE38B1094B43610223BE
:108FF0000374002343748374C37406494FF4865288
:1090000026F018F9BDE80840002012F047BD00BF67
:109010000EAF04006C90040008B506201CF0B4FEEE
:1090200038B1094B436102230374002343748374F2
:10903000C37406494FF4845226F0FCF8BDE808409A
:1090400004200EF09FBF00BF36AF04006C900400F8
:1090500008B506201CF098FE38B1084B4361022386
:109060000374002343748374C37405494FF484521A
:1090700026F0E0F8BDE8084014F08CBB57AF0400C0
:109080006C90040008B506201CF07EFE38B1094B38
:10909000436102230374002343748374C374064939
:1090A0004FF4865226F0C6F8BDE80840012007F0CC
:1090B000B1BC00BF7AAF04006C90040008B5062074
:1090C0001CF062FE38B1094B436102230374002394
:1090D00043748374C37406494FF4865226F0AAF889
:1090E000BDE80840022007F095BC00BF9EAF040019
:1090F0006C90040008B506201CF046FE38B1094B00
:10910000436102230374002343748374C3740649C8
:109110004FF4865226F08EF8BDE8084001200DF08D
:10912000D1BE00BFC5AF04006C90040008B5062096
:109130001CF02AFE38B1094B43610223037400235B
:1091400043748374C37406494FF4865226F072F850
:10915000BDE808400121002008F09CBDE4AF0400F8
:109160006C90040008B506201CF00EFE38B10A4BC6
:10917000436102230374002343748374C374074957
:109180004FF4865226F056F80121002008F082FDA7
:10919000BDE8084008F0C8B908B004006C900400AD
:1091A00008B506201CF0F0FD38B1094B43610223DD
:1091B0000374002343748374C37406494FF48652C6
:1091C00026F038F8BDE8084001200CF001BF00BFD0
:1091D0002AB004006C90040008B506201CF0D4FDF1
:1091E00038B1094B43610223037400234374837431
:1091F000C37406494FF4865226F01CF8BDE80840B7
:1092000000200CF0E5BE00BF4BB004006C900400E1
:1092100008B506201CF0B8FD38B1094B43610223A4
:109220000374002343748374C37406494FF4865255
:1092300026F000F8BDE80840012008F073BC00BF2C
:109240006DB004006C90040008B506201CF09CFD75
:1092500038B1094B436102230374002343748374C0
:10926000C37406494FF4865225F0E4FFBDE8084078
:10927000002008F057BC00BF93B004006C900400BD
:1092800008B506201CF080FD38B1094B436102236C
:109290000374002343748374C37406494FF48652E5
:1092A00025F0C8FFBDE8084001200BF0E3BB00BF7C
:1092B000BAB004006C90040008B506201CF064FDF0
:1092C00038B1094B43610223037400234374837450
:1092D000C37406494FF4865225F0ACFFBDE8084040
:1092E00000200BF0C7BB00BFDCB004006C90040092
:1092F00008B506201CF048FD38B1084B4361022335
:109300000374002343748374C37405494FF4845277
:1093100025F090FFBDE8084028F092BCFFB00400A3
:109320006C90040008B506201CF02EFD38B1084BE7
:10933000436102230374002343748374C374054997
:109340004FF4845225F076FFBDE8084028F078BC41
:1093500030B104006C90040008B506201CF014FD28
:1093600038B10B4B436102230374002343748374AD
:10937000C37408494FF4865225F05CFF0021012296
:10938000084604F041FFBDE808400CF0B1BF00BF43
:1093900069B104006C90040008B506201CF0F4FCD0
:1093A00038B1094B4361022303740023437483746F
:1093B000C37406494FF4865225F03CFFBDE80840CF
:1093C0000121002004F0D8BF8DB104006C9004008E
:1093D00008B506201CF0D8FC38B1084B43610223C5
:1093E0000374002343748374C37405494FF4865295
:1093F00025F020FFBDE808400FF02EBCB1B10400FD
:109400006C90040008B506201CF0BEFC38B1084B77
:10941000436102230374002343748374C3740549B6
:109420004FF4865225F006FFBDE8084007F046BB22
:10943000D5B104006C90040008B506201CF0A4FC13
:1094400038B1094B436102230374002343748374CE
:10945000C37406494FF4865225F0ECFEBDE808407F
:1094600001200AF0E3BF00BFFAB104006C900400D1
:1094700008B506201CF088FC38B1094B4361022373
:109480000374002343748374C37406494FF48652F3
:1094900025F0D0FEBDE8084000200AF0C7BF00BF9D
:1094A00021B204006C90040008B506201CF06CFC8E
:1094B00038B10B4B4361022303740023437483745C
:1094C000C37408494FF4865225F0B4FE06482DF0C7
:1094D000E1FC0CF00DFFBDE8084004482DF0DABCBB
:1094E00049B204006C90040070B204009DB2040004
:1094F00010B55E485E4C2DF0CDFC5E482DF0CAFCE8
:109500005D482DF0C7FC5D482DF0C4FC5C482DF093
:10951000C1FC5C482DF0BEFC20462DF0BBFC5A4837
:109520002DF0B8FC59482DF0B5FC59482DF0B2FC8F
:1095300058482DF0AFFC58482DF0ACFC57482DF0A2
:10954000A9FC57482DF0A6FC56482DF0A3FC564820
:109550002DF0A0FC554805212DF09CFC0521544818
:109560002DF098FC53482DF095FC53482DF092FCBB
:1095700020462DF08FFC51482DF08CFC50482DF0EA
:1095800089FC50482DF086FC4F482DF083FC4F4855
:109590002DF080FC4E482DF07DFC20462DF07AFC0D
:1095A0004C482DF077FC4C482DF074FC4B482DF0C6
:1095B00071FC4B482DF06EFC20462DF06BFC4948A9
:1095C0002DF068FC48482DF065FC48482DF062FC01
:1095D00047482DF05FFC20462DF05CFC45482DF0FF
:1095E00059FC45482DF056FC44482DF053FC4448A6
:1095F0002DF050FC43482DF04DFC43482DF04AFC23
:1096000042482DF047FC42482DF044FC20462DF006
:1096100041FC40482DF03EFC3F482DF03BFC3F48CC
:109620002DF038FC3E482DF035FC3E482DF032FC44
:109630003D482DF02FFC3D482DF02CFC3C482DF0F2
:1096400029FC20462DF026FC3A482DF023FC3A4810
:109650002DF020FC39482DF01DFC39482DF01AFC66
:109660002046BDE810402DF015BC00BFB5B2040087
:1096700033250500D3B20400E8B204001DB3040092
:1096800063B3040093B30400C9B30400DDB3040062
:109690000FB4040042B404007FB40400B6B4040064
:1096A000F0B4040036B5040073B50400B0B504008E
:1096B000FAB5040055B6040096B60400F3B60400EB
:1096C00000B7040034B7040065B7040096B704007F
:1096D000D3B7040027B8040034B8040070B80400FD
:1096E000A4B80400E1B80400EAB804001DB90400FD
:1096F00051B9040084B904008CB90400D2B9040043
:10970000F6B904002EBA040063BA0400BABA040021
:1097100006BB040042BB040053BB040087BB04002B
:10972000C5BB040006BC040042BC04007FBC0400AE
:10973000B3BC0400E4BC040007BD040043BD040046
:109740008EBD040008B503482DF0A4FBBDE8084019
:1097500014F020B8C7BD040008B506201CF014FBA7
:1097600038B10B4B436102230374002343748374A9
:10977000C37408494FF4865225F05CFD06482DF06D
:1097800089FBBDE8084000210A200EF0A1BE00BF01
:10979000DEBD04006C900400FDBD040008B5062089
:1097A0001CF0F2FA38B1094B436102230374002321
:1097B00043748374C37406494FF4865225F03AFD0E
:1097C000BDE8084001200BF02DB900BF1BBE04000E
:1097D0006C90040008B506201CF0D6FA38B1094B8D
:1097E000436102230374002343748374C3740649E2
:1097F0004FF4865225F01EFDBDE8084000200BF016
:1098000011B900BF42BE04006C90040010B521F0F5
:10981000EFFF0446C8B110F1100F16D010F13D0F44
:1098200013D008201CF0B0FA40B1084BC0E9053451
:1098300003230374002343748374C374BDE810408E
:1098400003494FF4C45225F0F5BC10BD6ABE0400B4
:109850006C9004007FB51C4E3578002D32D1012369
:1098600002931A4B01951868039569461CF06AF932
:10987000041E15DA08201CF087FA48B1144B436126
:10988000144B4574C0E90634042303748574C5740D
:1098900011494FF4015225F0CDFC204604B070BDB3
:1098A000029D15F0030502D028F096FDF8E7039C11
:1098B00034B108201CF068FA0028E9D0074BDEE735
:1098C000012333700024E8E72C7800208C4C002022
:1098D00082BE040025DE04006C9004009FBE0400DC
:1098E00070B5234D0646A871284621F0E5FE10F11B
:1098F0001C0F044605D121F0F1F9284621F0DCFEC9
:109900000446B4B10A201CF03FFA58B1194B436128
:10991000194B0462C0E9063605230374002343741F
:109920008374C37415494FF4215225F083FC2046FB
:1099300070BD21F05DFF10F1100F0546F7D0002833
:10994000F5D00A201CF020FA50B10D4B43610A4BB0
:109950000562C0E906360523037444748474C47434
:1099600006494FF4215225F065FC2C46DFE700BF85
:1099700084070020C2BE040004DE04006C900400D2
:10998000F0BE04002DE9F0432DED048BC54887B0EF
:109990002DF080FAC44AB2F8923403F07F037F2B93
:1099A00000F02581C14B1B68002BC0F22281C04909
:1099B00051F82350B2F8943403F07F037F2B00F06A
:1099C0001A810CF085FA0246BA4CBB492078BB4B91
:1099D000002818BF0B46BA4829462DF05BFA0DF057
:1099E0007DFFB84B1B78F0EE408A002B00F005811C
:1099F0002378002B00F00181B34B93ED008AB34B29
:109A0000B34893ED009A2DF045FA0DF053FF10EE98
:109A1000100AF2F747FF02460B46AE482DF03AFA1D
:109A20000DF034FF10EE100AF2F73CFF02460B4631
:109A3000A9482DF02FFAF5EEC08AF1EE10FA40F3A6
:109A4000DF8018EE900AF2F72DFF02460B46A3487E
:109A50002DF020FAB5EEC08AF1EE10FA40F3DA806C
:109A600018EE100AF2F71EFF02460B469C482DF036
:109A700011FA0DF01FFF10EE100AF2F713FF024665
:109A80000B4698482DF006FAB5EEC09AF1EE10FAA2
:109A900040F3C88019EE100AF2F704FF02460B46A5
:109AA00091482DF0F7F99148DFF87C822DF0F2F91A
:109AB0000025AC0004F1005404F57C340135D4F8E1
:109AC0004401F2F7EFFE0646D4F868010F46F2F7BC
:109AD000E9FECDE90401D4F85C01F2F7E3FECDE93B
:109AE0000201D4F85001F2F7DDFE3246CDE9000163
:109AF0003B4640462DF0CEF9032DDAD16A4C7C4826
:109B0000DFF824822DF0C6F9D4F84401F2F7CAFE3A
:109B10000646D4F84C010F46F2F7C4FECDE9020127
:109B2000D4F84801F2F7BEFE32463B46CDE90001CB
:109B300070482DF0AFF9D4F85001F2F7B3FE0646A5
:109B4000D4F870010F46F2F7ADFECDE90201D4F86A
:109B50006001F2F7A7FE3246CDE900013B466648B8
:109B60002DF098F965482DF095F90025AC0004F129
:109B7000005404F57C340135D4F81401F2F792FE58
:109B80000646D4F838010F46F2F78CFECDE9040101
:109B9000D4F82C01F2F786FECDE90201D4F82001B9
:109BA000F2F780FE3246CDE900013B4640462DF0FB
:109BB00071F9032DDAD13C4BD3ED457AF5EE407ABD
:109BC000F1EE10FA06D1D3ED467AF5EE407AF1EED9
:109BD00010FA2BD004F076FC00285BD148494948A4
:109BE00007B0BDEC048BBDE8F0432DF053B9464DF2
:109BF000E0E6464DDEE6444AE6E69FED458AFEE6AF
:109C000044482DF047F9B5EEC08AF1EE10FA7FF71F
:109C100030AF25E72378002B3FF42BAF3E482DF0E3
:109C200039F926E73D482DF035F93CE7D3ED477A81
:109C3000F5EE407AF1EE10FACCD104F043FC70B3AB
:109C4000002704F03FFC044630B304F071FE10EE30
:109C5000105A04F045FE044604F0F0FC304E284B48
:109C600010EE100A002F18BF1E46F2F71BFE8046AA
:109C700028468946F2F716FE0094CDE902014246D5
:109C800028484B4631462DF005F907B0BDEC048B52
:109C9000BDE8F0830127D4E74FF07E55DCE720498B
:109CA0009DE700BF49BF040000F003201801002019
:109CB000E8930400FFB10020CCAE0400C4280500E6
:109CC00060BF0400B8770020484B00204C4B0020B8
:109CD00078BF040081BF040099BF0400B1BF040035
:109CE000C9BF040013C004002BC0040058C0040006
:109CF00085C004009AC00400B8C00400D5C00400A8
:109D000042BF040034C104001EBF04002CBF040085
:109D100000000000E2BF0400F6BF040044C00400DD
:109D2000E5A10500EBC0040070C0040081422DE9EC
:109D3000F84305460C4616461F4614D808201CF06A
:109D400023F848B1284BC461C0E9053504230374E6
:109D5000002343748374C3744FF40252BDE8F84384
:109D6000224925F067BA02FB01F840EA022141EAE4
:109D700008411F482CF084F939461E482CF080F920
:109D80001D4801212CF07CF9814690B906201BF07A
:109D9000FBFF48B1194B43610223037480F8119013
:109DA00080F8129080F8139010494FF4865225F0F5
:109DB00041FA0C201BF0E8FF90B1114BC0F8248051
:109DC000C0E90535C0E907464FF40043B3FBF8F39B
:109DD000C0E90A3708230374002343748374C374EF
:109DE00044F2C002BAE700BF54C10400A4910400C9
:109DF000E44C0020AC4B00207C4B00209CC10400B4
:109E0000C1C1040010B5164B1A7802F0FF0482B1EC
:109E10001B78012B07D113482CF02CF9F0B1BDE8C9
:109E2000104020F0E9BEBDE810400F4801212CF0A1
:109E300027B908201BF0A8FF48B10C4B43616FF015
:109E40000C0383610323037444748474C474BDE8F5
:109E5000104007494FF4C45225F0ECB910BD00BFC3
:109E60002D780020B84C0020BC4C00200CC204000F
:109E70006C90040070B506201BF086FF38B1244BAF
:109E8000436102230374002343748374C374214920
:109E90004FF4845225F0CEF91F4B1C78B4B30A203E
:109EA0001E695D681BF070FF50B11C4BC0E907656F
:109EB000C0E9053405230374002343748374C37419
:109EC00017494FF4225225F0B5F941F268020021FA
:109ED00011482EF0A9FB0EF059F906201BF054FF93
:109EE00038B1104B4361022303740023437483741D
:109EF000C3740B494FF4845225F09CF9C8202CF010
:109F0000CBF8BDE8704004200EF03CB870BD00BF37
:109F100031C204006C9004003014002055C20400CB
:109F20007C90040089C2040038B50C490C4A002416
:109F30004FF400458C462146C0FB05C10023604616
:109F4000F3F750F828F0B0FA054A47F6FF73C0FB64
:109F50000234DB0B43EA444038BD00BF3F420F00F0
:109F600040420F0090B583B0062000AF1BF00CFFFD
:109F700038B1254B43610223037400234374837477
:109F8000C3744FF48652214925F054F92CF097F808
:109F90004FF4C3620023F3F76BF9104619464E22C3
:109FA0000023F3F765F904461946104600230D22F5
:109FB000F3F75EF9E4B2164BC0B253F82440154BE8
:109FC000D2B253F82010144B8CB053F822306A46AA
:109FD000D161124939601248136240F20241B980DE
:109FE00007F10803C2E9050413E903000D4B5062B1
:109FF0001185064842F8103F4FF4535126F062F89D
:10A000000C37BD4690BD00BFC6C204006C90040072
:10A0100078960400609604002C9604000002010368
:10A02000E5C204000500000310B50A4B1B7863B1BC
:10A03000094CD4E90032134307D02CF042F8D4E99C
:10A040000032C01A61EB020110BD4FF0FF30014633
:10A05000FAE700BFCF7700200814002080B5104B2E
:10A0600000AF1870B8B12CF02CF80E4B0E4A88B027
:10A07000C2E900016A460D490D48C2E905134FF4D3
:10A08000007393830B4B42F8103F4FF4E65126F0D8
:10A0900019F8BD4680BD0020074B0146E6E700BF2A
:10A0A000F9B0002096C70400E0240020C1C70400D6
:10A0B0005490040003000001AAC7040008B506205C
:10A0C0001BF062FE38B1094B436102230374002385
:10A0D00043748374C37406494FF4865225F0AAF87A
:10A0E000BDE808400120FFF7B9BF00BFD4C7040096
:10A0F0006C90040008B506201BF046FE38B1094BF1
:10A10000436102230374002343748374C3740649B8
:10A110004FF4865225F08EF8BDE808400020FFF786
:10A120009DBF00BF10C804006C900400122898BFA7
:10A13000094B0A4A94BF1B5C002300291370A8BF77
:10A14000074B084AA3BF1B780133DBB2002313700F
:10A15000054B01221A707047F3DE040005B200209F
:10A16000FFB1002004B2002000B2002008B503486F
:10A170002BF080FF003818BF012008BDF44C0020F0
:10A18000054A00231370054A1380054A1370054BD6
:10A1900001221A70704700BFF8B0002098770020A5
:10A1A000F7B00020FBB1002010B5084C23784BB16C
:10A1B0000023052023702BF06FFF054B1B780BB19C
:10A1C0001FF0F0F80023237010BD00BFCE770020F1
:10A1D0002D78002010B5FFF7E7FF0C4B00241C7012
:10A1E0000B4B06201C605C601BF0CEFD30B1094BB0
:10A1F00043610223037444748474C474BDE8104042
:10A2000005494FF4865225F015B800BF2B78002081
:10A21000D577002050C804006C90040038B5394D43
:10A220002C68642C4FF008005BD81BF0ADFD40B1EA
:10A23000354BC0E90534032303740023437483744E
:10A24000C3743249324C4FF4C65224F0F3FF2B68EA
:10A2500084F8983404F090FF2E4A1F200123114601
:10A2600012F06AFE082094F898441BF08DFD40B16E
:10A27000294BC0E90534032303740023437483741A
:10A28000C37422494FF4C65224F0D4FF2BF033FF9D
:10A290000446A0B108201BF077FD48B11F4B436175
:10A2A0001F4B836103230374002343748374C374BB
:10A2B0004FF4C252BDE83840144924F0BBBF144BE0
:10A2C000082093F898541BF05FFD38B1154B447487
:10A2D000C0E90535032303748474C4744FF4C65273
:10A2E000E8E71BF051FD50B10F4B43610C4BC0E947
:10A2F000063404230374002343748374C3744FF43B
:10A300000152D7E7CC4C002062C804006C900400D6
:10A3100000F0032098F403208EC80400AAC80400AB
:10A320004FDE0400DBC80400FDC8040010B50620A1
:10A330001BF02AFD38B1294B43610223037400232B
:10A3400043748374C37426494FF4865224F072FF19
:10A35000244BFF2283F8982404F00EFF224A1F208A
:10A360000123114612F0E8FD06201BF00DFD38B167
:10A370001E4B436102230374002343748374C3742C
:10A3800017494FF4865224F055FF2BF0B4FE0446D3
:10A3900008209CB11BF0F8FC48B1154B4361154BEC
:10A3A000836103230374002343748374C3744FF4E1
:10A3B000C252BDE810400A4924F03CBF1BF0E4FC47
:10A3C00040B10D4B436154238361032303744474F0
:10A3D0008474C4744FF4C652EBE700BF2BC9040069
:10A3E0006C90040000F0032098F4032065C9040079
:10A3F00097C9040032DE0400C7C90400044B1B786F
:10A4000013B9044B1B780BB1FFF7E4BE704700BFD4
:10A41000D57700202B78002008B5FFF7EFFF02204A
:10A420000B4A0C49082312F087FD06201BF0ACFCF8
:10A4300038B1094B436102230374002343748374CE
:10A44000C374BDE8084005494FF4865224F0F2BEBB
:10A45000D577002065F00320F1C904006C9004005A
:10A4600008B506201BF090FC38B1084B436102236D
:10A470000374002343748374C37405494FF48452F6
:10A4800024F0D8FEBDE80840FFF7C6BF04CA0400A8
:10A490006C900400014608B506482BF0F1FD003829
:10A4A00018BF0120884204D0BDE808400846FEF7E6
:10A4B0004DBD08BD7C4B002008B506201BF064FC98
:10A4C00038B1094B4361022303740023437483743E
:10A4D000C37406494FF4865224F0ACFEBDE8084030
:10A4E0000120FFF7D7BF00BF34CA04006C900400FE
:10A4F00008B506201BF048FC38B1094B4361022324
:10A500000374002343748374C37406494FF4865262
:10A5100024F090FEBDE808400020FFF7BBBF00BF5D
:10A5200056CA04006C90040008B503482BF0A2FD45
:10A53000003818BF012008BD7C4B002008B5FFF78C
:10A54000F3FF60B108482BF095FD030C09D04FF4E0
:10A550007A7247F6FF7002FB0300C00B08BD0620AD
:10A56000FCE70120FAE700BFE44C00202DE9F04FA2
:10A57000A74B89B01B7800AF80460C46FA610BB937
:10A58000FFF768F9BFF35B8FA24B002253E8001F6F
:10A59000012903D143E800200028F7D1BFF35B8FE6
:10A5A00001D1FFF72FFCFB69ABB908201BF0ECFBD6
:10A5B00058B1994B4361994B8361FB69C361042393
:10A5C0000374FB6943748374C37495494FF4015257
:10A5D00024F030FE0CE298F80030BB61103BDBB297
:10A5E0007B61002C00F0AE80042B94BF002301237C
:10A5F0003B618C4B97F81C901B78DFF870A2072208
:10A60000B3FBF2F2C2EBC2029B1A874A01335370CA
:10A61000D47082F800902BF054FD844B0E46D3E9A1
:10A62000002105460A4308BFC3E90056DAF80020B6
:10A6300002F1010BD3E9002341F28831AA1A66EB3B
:10A6400003038A4273F10003CAF800B035DB784B8C
:10A65000784A79491B681268FB600A200B687A60A7
:10A66000BB601BF091FBB8B174497A684161052168
:10A67000BBFBF1F3B2FBF1F28361FB68B3FBF1F3D7
:10A68000C361BB68B3FBF1F10623037400230262CC
:10A69000416243748374C3744FF44352604924F09D
:10A6A000C9FD634A00231360624ACAF80030136090
:10A6B000614A13605D4BC3E90056BB69F02B1AD1A8
:10A6C0005F4B604A1B78127888F8022063B1F3F779
:10A6D000BBFA030E88F80330030C88F80430030A31
:10A6E00088F8053088F806000C22414607201CF047
:10A6F00073FD88F80C00544DFA69544841462DF01A
:10A700006BFF98F800302B706C7085F802902BF07E
:10A71000D8FCC5E90201002C52D07B69042B13D868
:10A72000414820F0C9FF10F10C0F044600F054819D
:10A73000002800F06F8114F11C0F40F06A826FF066
:10A740001B04E7E13C6154E7FFF7EEFE002800F050
:10A7500033813F482BF08EFC90B33E482BF08AFCAF
:10A76000050C04462CD010F47F4FC0F3072A27D0E5
:10A77000FFF75AFC42F2F363984271F100011FD2D5
:10A78000F3F762FA50EA01031AD02A460023F2F7DF
:10A7900029FCE4B20AFB04F4131BB3EB550F4FEA98
:10A7A000550B2FDD5B1B002B62DB0AF102018B4294
:10A7B0005EDC5345ACBF284A284A13680133136056
:10A7C000194820F079FF10F10C0F044600F00481C5
:10A7D000002800F01C81BB69F02BACD1204B00227B
:10A7E0001A70204B14F11C0F1B6840F00682012BDD
:10A7F00006D00A21B3FBF1F201FB1232002A9ED1EE
:10A800001949E0E1CBF100018B42B8BF5B19CAE7FF
:10A810002C780020BC4C0020DACA0400FADD0400C9
:10A820006C900400D377002037070020101200201E
:10A83000704B0020744B0020784B0020F5CA0400B8
:10A84000CF770020D1770020181400203C0700208B
:10A850007C4B0020E44C0020684B0020644B00201F
:10A860002A7800202C4C0020B4CA04006C4B002035
:10A8700004F104094D4598BFA9EB05094A458ABF73
:10A88000AE1AA9EB02064E442EB1B54203D3002105
:10A89000304627F067FEF3F7D7F950EA01038FD06F
:10A8A0002A460023F2F79EFB141BA3451ADA641B09
:10A8B000002C1DDB0AF102039C4219DCA245D4BF27
:10A8C000A34AA44A1368013313602BF0FAFB0D4628
:10A8D000A149D1E90023044652EA03002ED1C1E97F
:10A8E00000456DE7CBF1000B5C45B8BF6419DFE7AD
:10A8F0009A490B68914588BFA5EB090503F101034F
:10A900004FF00A0094BFA2EB0905AD180B601BF0D5
:10A910003BFA68B1924BC0E905340AF1FF33436258
:10A92000C0E9076506230374002343748374C3746A
:10A930008C494FF4425224F07DFCC6E7A21A42F241
:10A94000107165EB03038A4273F10003FFF638AF21
:10A95000DFF800A2DFF8F891804EDAF80020D9F88D
:10A960000030D6F800B0D11811EB0B01F96019D006
:10A970000A20C7E901321BF007FA70B17B687A49F7
:10A98000BA684161C0E9073BFB6843620623037470
:10A990000023826143748374C37472494FF4435239
:10A9A00024F048FC0023CAF80030C9F800303360B6
:10A9B000694BC3E9004503E72CF032FF4FF47A738B
:10A9C000C0F30900B0FBF3F203FB120064287FF62A
:10A9D000F7AEFFF7A9FAF3E63B69644A63B164494D
:10A9E0000B6801330B601378012B01D1FEF70EFFCA
:10A9F0002437BD46BDE8F08F1378012B48D120F0F5
:10AA00006DF95C4820F058FE0446002879D17B6936
:10AA1000042B52D898F80030122B0BD0142B09D0ED
:10AA200054480123C37020F047FE18B9524A1368F6
:10AA300001331360514B00221A602BF042FB504A45
:10AA40001368013313604B4B5B79F02BCED1EFF3DE
:10AA50001185402383F31288BFF36F8F494C26780A
:10AA600023F0F6FE484B03EBC6030A225860237816
:10AA70000133B3FBF2F102FB1133237085F311882C
:10AA8000BFF36F8F2BF01DFB404BC3E90001ADE717
:10AA900001202BF001FB3E4B3969BFF35B8F53E87C
:10AAA000002F012A03D143E800100028F7D1BFF39B
:10AAB0005B8FA6D1FFF7A6F9A3E7BB69F02BB9D14D
:10AAC000FB690D2BB6D1334B01221A70324A137831
:10AAD00001331370EFF31181402383F31288BFF326
:10AAE0006F8F284B23481A78274BC07903F8320020
:10AAF00003EBC20300225A6081F31188BFF36F8F0A
:10AB000098E7BB69F02B4BD014F10C0F7FF413AE18
:10AB10006FF00B042BF0D5FA204BD3E9005240F232
:10AB2000E936451B61EB0202B54272F10002134D9A
:10AB3000A4BF00222A602E680136C3E900012E60FE
:10AB400020F0CCF8002840F09B80286050E700BF40
:10AB5000684B0020644B002008120020604B00204E
:10AB60002FCB0400A491040065CB04002D780020B5
:10AB7000784B002037070020744B00202C4C00201D
:10AB8000704B0020BB770020D04B00202814002001
:10AB9000BC4C00202A780020D17700201812002019
:10ABA0006B4B00221A706B4B10F10C0F1B687FF47B
:10ABB00018AE012B06D00A21B3FBF1F201FB1232D1
:10ABC000002AA5D16449654A6D468CB0D0796A46A1
:10ABD000634E56619362634E40F203539385624B1A
:10ABE000C2E90660C2E90841604842F8103F4FF4EC
:10ABF000715125F067FAAD4686E714F10D0F24D1A7
:10AC0000012B3BD00A21B3FBF1F201FB1232002AE7
:10AC100034D0504B1B680A22B3FBF2F102FB113314
:10AC2000012B7FF4E5AE08201BF0AEF800283FF4BE
:10AC3000CCAC4F4A42614B4AC0E90624042202745C
:10AC4000002242748274C274BFE414F13D0F0AD131
:10AC5000012B06D00A21B3FBF1F201FB1232002ACC
:10AC6000D7D14449AFE7012B06D00A21B3FBF1F25B
:10AC700001FB1232002ACCD13F49A4E73F49A2E7A9
:10AC8000103048D1022E43D908201BF07DF840B186
:10AC90003B4BC0E9053603230374002343748374DC
:10ACA000C37432494FF4C45224F0C4FA2E68052EFE
:10ACB0002ED908201BF068F850B1324B4361294B64
:10ACC000C0E9063604230374002343748374C374F9
:10ACD00026494FF4015224F0ADFA1DF09DFB08B156
:10ACE000783015D11FF0FAFF0646B0B906201BF0E8
:10ACF0004BF830B1244B43610223037446748674CD
:10AD0000C6741A494FF4865224F094FA00232B603B
:10AD100001202BF0C1F92B687DE708201BF034F8E7
:10AD200048B11A4B43610F4B836103230374002323
:10AD300043748374C3740D494FF4C25224F07AFAF9
:10AD4000FFF732FA01202BF0A7F925F03BFADDE7F7
:10AD50002A7800202C4C0020C7CA040037070020A6
:10AD60009ECB0400FADD0400070000016C90040093
:10AD700076CC040081CA040079CA04009DCA04008C
:10AD8000E6CB04001ECC040043CC04005FCC0400DE
:10AD9000044B1B7823B1044B1B780BB1FFF7E6BBC8
:10ADA000704700BFCE7700202B78002030B587B0E9
:10ADB0000246FDF777FEB0B1134601AC02F1100573
:10ADC00018685968224603C20833AB421446F7D1CB
:10ADD000064A13788DF81430591C117001A81122FD
:10ADE0000121FFF7D5FF07B030BD00BF01B2002041
:10ADF000F0B5044693B0A668012E084633DDFDF792
:10AE000051FE60B3FE238DF800301A4B1A4F1B78A9
:10AE10008DF802608DF801302644032214F8013BBE
:10AE2000551C48326A44052B02F8483C07D807EB0A
:10AE3000C3035B681BB10DEB050098470544A642B0
:10AE40000FD10E4A1378591C117005F148026A445B
:10AE5000012102F8483C68466A1CFFF799FF13B0CD
:10AE6000F0BD2A46DAE76946FEF74EF86846FFF776
:10AE70009DFFF4E702B20020C896040001B2002052
:10AE800000B5062093B01AF07FFF38B12E4B436116
:10AE900002230374002343748374C3742B494FF457
:10AEA000865224F0C7F906201AF06EFF38B1284BFD
:10AEB000436102230374002343748374C3742549DC
:10AEC0004FF4865224F0B6F93F2200210DF107001D
:10AED0002DF0AAFB22238DF804301F4B1B788DF830
:10AEE00005300D238DF8093046F21623ADF80A30EF
:10AEF00097238DF80C30194B8DF80D30C3F30721D3
:10AF00001B0C01228DF80F301B0A8DF806208DF8DE
:10AF10000E108DF810308DF8122003232F221049C7
:10AF20008DF811300DF113002DF0E6FC412101A840
:10AF30002BF070FA42228DF84500002101A8FFF79E
:10AF400027FF13B05DF804FBBDCC04006C90040037
:10AF5000E6CC04007C90040002B2002084F20400DD
:10AF600003CD040038B52BF0AAF80A4A0C46054672
:10AF7000F2F7C2FE084BD3E90401D3E90223801A99
:10AF800061EB0301401941EB0401044ABDE838407C
:10AF9000F2F7B2BE3BCD040000F0032042CD040026
:10AFA0009FED345ADFED345A80EE056A30B5F7EE86
:10AFB000007A37EEC66A2DED048BB0EEC67AB4EE99
:10AFC000E57AF1EE10FA85B0B0EE409AB0EE608A04
:10AFD000F0EE418A15D4C0EE856A77EEE66AB0EEEF
:10AFE000E67AB4EEE57AF1EE10FA0AD481EE057A4B
:10AFF00037EEC77AB0EEC75AB4EEE55AF1EE10FA62
:10B0000007D51E4805B0BDEC048BBDE830402BF0E1
:10B0100041BFC7EE865A1A4B87EEA66AC7EE876A0B
:10B02000C3ED5D5A83ED5E6AC3ED5F6A04F0A4F878
:10B03000144A0C231146062011F07EFF19EE100A67
:10B04000F1F730FC044618EE900A0D46F1F72AFCA1
:10B05000CDE9020118EE100AF1F724FC2246CDE9F1
:10B0600000012B4608482BF015FF05B0BDEC048B02
:10B0700030BD00BF0000E144BD3786354ECD040031
:10B0800000F0032074F10320A2CD040008B50620CF
:10B090001AF07AFE38B10C4B43610223037400238B
:10B0A00043748374C37409494FF4865224F0C2F880
:10B0B000074B93ED021AD3ED010A93ED000ABDE8A8
:10B0C0000840FFF76DBF00BFD8CD04006C900400AE
:10B0D000C04C002008B50C482BF0DCFE0B4B4FF0A9
:10B0E0007E52C3F87421C3F87821C3F87C2104F0A0
:10B0F00043F8074A0C230620114611F01DFFBDE856
:10B10000084004482BF0C6BEFBCD040000F003202D
:10B1100074F1032024CE040008B506201AF034FE92
:10B1200038B1084B436102230374002343748374D2
:10B13000C37405494FF4865224F07CF8BDE80840FA
:10B14000FFF7C8BF3DCE04006C90040070B5054603
:10B150002DED088BEFF31186402383F31288BFF3A4
:10B160006F8F794C204621F06FFF30B988227749E4
:10B1700077482BF0A5FE2CF01AFE204621F088FF20
:10B18000002104F13000D4ED019A94ED02BAD4ED1F
:10B1900003AA94ED04AA94ED089AD4ED098A94EDDB
:10B1A0000A8A2AF06DFF04F134002AF069FF204674
:10B1B00021F058FF10B94FF49A72D8E786F311883E
:10B1C000BFF36F8FDFED636A9FED637A6BEE267AD4
:10B1D000F4EEC77AF1EE10FA00F38C809FED5F6A0F
:10B1E000F4EEC67AF1EE10FA00F18780FDEEE77A10
:10B1F00017EE903A9BB26AEEA67A2B80F4EEC77AED
:10B20000F1EE10FA7CDC9FED556AF4EEC67AF1EEB1
:10B2100010FA78D4FDEEE77A17EE903A9BB26AEE18
:10B22000267A6B80F4EEC77AF1EE10FA6EDC9FEDB1
:10B230004B6AF4EEC67AF1EE10FA6AD4FDEEE77AC4
:10B2400017EE903A9BB269EEA67AAB80F4EEC77A1D
:10B25000F1EE10FA60DCDFED416AF4EEE67AF1EE31
:10B2600010FA5CD4FDEEE77A17EE903A9BB2DFED70
:10B270003C6AEB8069EE267AF4EEC77AF1EE10FABA
:10B2800050DC9FED366AF4EEC67AF1EE10FA4CD43B
:10B29000FDEEE77A17EE903A9BB268EEA67A2B8124
:10B2A000F4EEC77AF1EE10FA42DC9FED2C6AF4EE70
:10B2B000C67AF1EE10FA3ED4FDEEE77A17EE903A38
:10B2C0009BB268EE267A6B81F4EEC77AF1EE10FA43
:10B2D00034DC9FED227AF4EEC77AF1EE10FA30D426
:10B2E000FDEEE77A17EE903A9BB2AB81BDEC088B8E
:10B2F0000E2070BD47F6FF737DE74FF400437AE7F9
:10B3000047F6FF738BE74FF4004388E747F6FF7378
:10B3100099E74FF4004396E747F6FF73A7E74FF42A
:10B320000043A4E747F6FF73B7E74FF40043B4E7E1
:10B3300047F6FF73C5E74FF40043C2E747F6FF73D4
:10B34000D3E74FF40043D0E7F84C002062CE04006E
:10B3500045A405000000004700FEFF46000000C7AE
:10B36000000080442DE9F047044600AF7B482AF0F6
:10B3700081FE0646A4B1002840F0C980EFF3118A8F
:10B380004FF0400989F31288BFF36F8F744C204649
:10B3900021F05AFE8046002836D18822714943E0C8
:10B3A0006E4821462AF06CFED6B1EFF3118540239A
:10B3B00083F31288BFF36F8F6B4821F045FE00289E
:10B3C000EBD0694821F064FE684B67481C7021F09F
:10B3D00049FE002800F0B68085F31188BFF36F8F17
:10B3E000634B88B06A4663496348C2E905134FF46A
:10B3F00000739383614B42F8103F4FF4E65124F001
:10B4000061FEBD46BDE8F087204621F041FEEFF326
:10B41000118389F31288BFF36F8F83F31188BFF311
:10B420006F8F33B95649A62256482BF049FD2CF0B0
:10B43000BEFCA4F1080554F8084CAC4200F08A8028
:10B44000002C73D0204623F053F804F1180025F0A7
:10B45000D3FE6FF02206C4F8A860204626F046F816
:10B46000EFF3118389F31288BFF36F8F83F3118891
:10B47000BFF36F8F002BD5D02C68AC424DD1002389
:10B480006362236AE3613648514623F04FF93E4B2D
:10B4900000241C803D4B1C703D4B1C703D4B00211B
:10B4A0000020C3E900013C482AF0D7FDEFF31186E4
:10B4B000402585F31288BFF36F8F2B4821F0C4FD20
:10B4C00000283FF46AAF284821F0E2FD274B2648C8
:10B4D0001C7021F0C7FD002834D086F31188BFF31B
:10B4E0006F8F2E4B2E481C704FF4807221462DF02A
:10B4F0009BF8EFF3118385F31288BFF36F8F294A0E
:10B50000147083F31188BFF36F8F274B1C601348AF
:10B5100001212AF0B5FD254B63E744B1204622F016
:10B52000E7FF04F1180025F067FE94E7A04600232A
:10B530006B622B6AEB61B8F1000FA4D1084821F0CF
:10B5400091FD10B94FF49A7228E78AF31188BFF37E
:10B550006F8F9CE7236A6662E361EFE7F44C00209B
:10B560002409002062CE0400EC4C0020FCB1002035
:10B5700097CE0400CACE04005490040003000001DA
:10B580009FCE040045A405009A770020FEB100205C
:10B59000FDB10020E8240020F04C0020FBB1002089
:10B5A000FBB00020FAB00020E84C00208FCE040051
:10B5B00008B506201AF0E8FB38B10A4B43610223B4
:10B5C0000374002343748374C37407494FF4865291
:10B5D00023F030FE0120FFF7C5FEBDE80840012042
:10B5E00010F05CBADDCE04006C90040008B50620B3
:10B5F0001AF0CAFB38B10A4B4361022303740023DB
:10B6000043748374C37407494FF4865223F012FEC7
:10B610000020FFF7A7FEBDE80840002010F03EBA6A
:10B6200007CF04006C9004002DE98048C5B00021CC
:10B6300002AF022010F0DCFF2AF043FD0646022094
:10B64000884610F0F7FEFDF72DFAB44B38621B6800
:10B6500040F2AA5213F0020F40F2E53318BF13462E
:10B66000AF4A1360002840F0018164202AF014FDE5
:10B67000E2E7AC4BAC491B78DAB2FA61492253439A
:10B68000CA18CC5C202C14D0082092F848501AF02C
:10B690007BFB48B1A54BC561C0E9053404230374A5
:10B6A000002343748374C374A1494FF4025223F0FE
:10B6B000C1FD9D4AF969492303FB012393F848A082
:10B6C000BAF1010F40F2CA8001EBC10301EBC303E1
:10B6D000D518D45CA4F12003052B00F2C684DFE862
:10B6E00013F04F02C404C404060071031704BAF136
:10B6F0003F0F11D808201AF047FB50B18D4B436122
:10B700008D4BC0E9063A0423037400234374837409
:10B71000C3744FF4015234E0884B1C78ACB1A31FC2
:10B72000012B12D908201AF02FFB40B1844BC0E93D
:10B73000053403230374002343748374C3744FF4E8
:10B74000C452804923F076FD86E03F2128462AF046
:10B7500061FE95F83F408442814616D00A201AF0D7
:10B7600013FB60B1784B4361734BC0F82090C0E984
:10B77000063405230374002343748374C3744FF4A5
:10B780002152704923F056FD68E0A81C2AF058FEAB
:10B790007862A81D2AF054FE6B8995F80CA0786198
:10B7A00093FA93FB1FFA8BF3BB6107F1D40205F107
:10B7B0000D0305F1350C18685968144603C40833A5
:10B7C00063452246F7D11868206099889B79A37158
:10B7D000A180B5F83D9099FA99F900246D461FFAB9
:10B7E00089F98EB087F803414FEA093902AA574B0D
:10B7F00053617B6A93617B69D361BB695148C2E93C
:10B80000083A07F1D403C2E90A3940F20463138607
:10B810004F4B42F8103F44F2C04124F053FCBAF1C0
:10B82000010FAD4657D008201AF0AEFA48B1494B87
:10B830004361414B4474C0E9063A042303748474A1
:10B84000C4744FF401523F4923F0F4FC3B4B0722F0
:10B850001A70102283F828200CF098FCBFF35F8F39
:10B86000FB69304A013303F00F0313702D4B1A7834
:10B87000394B1B789A427FF4FCAE384CFDF790F8B8
:10B88000D4E90023B21A68EB0303824273F1000388
:10B890000546C0F2F4830023C7F8D430F02287F8BD
:10B8A000E030C7F8D7302E4B87F8D4202D4A1B78CC
:10B8B000127887F8D520002B00F00A84002187F841
:10B8C000DB30C7F8DC100D2207F1D400FFF760FA77
:10B8D000C4E90068B0E62BF016FC002846D1044607
:10B8E0006FF00F050A201AF04FFA68B11E4B436142
:10B8F000114B83617B6A4562C0E9073406230374F8
:10B90000002343748374C3744FF441520D4923F0F0
:10B9100091FC0A4B07221A7013229BE7D04C00209F
:10B9200024010020C07C00203078002032CF0400A9
:10B930006C90040059CF04006ADE0400301400202B
:10B940007FCF04007C900400B6CF0400F0CF040049
:10B95000080000013CD004002F780020D8240020EB
:10B96000C27C002002B200206BD0040007F17401F9
:10B9700002201BF07BF805460028B3D107F1A40193
:10B9800002201BF073F8041E2ED037DB7B6F9A6801
:10B99000002A33D05B683B617B6A002BA2D0A342B4
:10B9A000A0D807F1D40AA449A44D5046F1F70FFDE1
:10B9B000A14938B36C468AB002AAA14B5361A14B8E
:10B9C0001162C2E9063AA04B5362A04B42F8103F05
:10B9D0009F484FF4415124F075FB07232B70A54677
:10B9E000112385F8283037E7D7F8A4309C68203C2D
:10B9F00004D47B6F9A680AB1002CCBD100246FF07D
:10BA00000B056FE7B9F1000F17D0786208201AF024
:10BA1000BBF948B18F4A42618A4A7B6A826103223C
:10BA2000027443748374C37489494FF4C25223F07F
:10BA300001FC07232B701323D3E787482AF0D3FC9C
:10BA4000C0B908201AF0A0F958B1844B43617D4B6E
:10BA500083610323037480F8119080F8129080F8BA
:10BA600013904FF4C2527A4923F0E4FB07232B7062
:10BA70001223B6E741F26802494628462CF0D4FD6D
:10BA80007B6A6B6051467B69AB602F2205F1290010
:10BA9000A5F80CB02CF030FF3B6905F5805A07F192
:10BAA000A4010220CAE917331AF0E0FF834628B93F
:10BAB000D7F8A4309A689AB96FF0150B08201AF0DD
:10BAC00063F950B1664B43615E4BC0E9063B04230A
:10BAD0000374002343748374C3744FF40152C2E7A8
:10BAE0005968D8682AF0BCFC83460028E6D10820B3
:10BAF000DAF860A01AF048F958B15A4BC461C0E9AD
:10BB0000053A0423037480F8119080F8129080F8AD
:10BB100013904F494FF4035223F08CFB06201AF088
:10BB200033F938B1504B436102230374002343744B
:10BB30008374C37446494FF4845223F07BFB002086
:10BB400010F02EFE00240BF00FFE0AF0EFF9022396
:10BB50002B706C612AF0B5FAC5E9060108201AF0CD
:10BB600013F950B1414B43617B6A8361BB69C36187
:10BB70000423037444748474C4744FF40352E0E5E2
:10BB80002E4C94F80090A9F10203012B0FD9082044
:10BB90001AF0FAF840B1364BC0E9053903230374B3
:10BBA000002343748374C3744FF4C452E9E5BAF1BB
:10BBB000040F09D808201AF0E7F800283FF4A9ADCF
:10BBC0002C4B43612C4B9CE5B5F802902B1D25694D
:10BBD0007B6299FA99F91FFA89F9AAF1040A05BB5F
:10BBE000BAF1030F1DD918462AF02AFC234A9042C5
:10BBF00017D008201AF0C8F840B1214A42611E4A05
:10BC000082610322027445748574C5744FF4C25274
:10BC10000F4923F00FFB07232370042384F82830F7
:10BC20001AE6B4F80EB0CB452CD0A9EB0B0919F4E9
:10BC3000004F7FF413AE0FE603CD04003014002054
:10BC4000AED004006ADE0400010302040500000215
:10BC50007C900400E6D00400708B040020D1040026
:10BC600046D1040087D10400C7D10400F7D10400F5
:10BC700023D204004FD204007FDE04003DB8F396C7
:10BC800074D204006268A2EB05090323D145237036
:10BC900028BFD1462AF015FAC4E90601C34C04F1C5
:10BCA00014030025BB61A9454CD8236961684B4446
:10BCB0000BF1010B8B422361A4F80EB035D3BC4BC2
:10BCC000B3F85A20DAB1A3F6A7701A6EC7F8D400F9
:10BCD00003F15A00C7F8D80003F15C00A3F6EC7337
:10BCE000C7E938320123C7F8DC00C7F8E81087F845
:10BCF000EC3007F1D4000CF061F800285ED1082088
:10BD0000D4F81090E5891AF03FF848B1A94BC56105
:10BD1000C0E9053904230374002343748374C37496
:10BD2000A5494FF4035223F085FA2AF0CAF9D4E961
:10BD30000832C01A61EB0201C82871F10001FFF658
:10BD40008DAD89E5DFF868A27B6ABAF85A00A9EBE5
:10BD50000501C0F580528A4200F1590028BF0A4609
:10BD6000204459197A612CF037FCBAF85A107A69D4
:10BD7000114489B2B1F5805FAAF85A10154492D3E4
:10BD8000AAF6A7730AF15A02DAF86000C7F8D430AD
:10BD9000C7F8D820BB696168C7F8E8100AF15C02EF
:10BDA000C7F8DC200122C7E9383087F8EC2007F11A
:10BDB000D4000CF003F800283FF475AF072323707C
:10BDC00012232BE7794CD4F810906568A94512D25C
:10BDD0000A2019F0D9FF58B1784B4361784B0562BE
:10BDE000C0E9063905230374002343748374C374C4
:10BDF0004FF42152A5E4062019F0C6FF38B1714B6B
:10BE0000436102230374002343748374C3746A4937
:10BE10004FF4865223F00EFA042323700CF0B6F987
:10BE2000634BD4F804A0D3F860B0A3F6A773002541
:10BE30007B62BAF1000F25D0BAF5805FD14628BFEA
:10BE40004FF480597A6A60484B4659462AF0FAFA0C
:10BE500080B378620A2019F097FF60B15B4B4361B1
:10BE60005B4B7A6A0262C0E9063B05230374002338
:10BE700043748374C37457494FF4215223F0DAF9A1
:10BE80004FF0FF35D4F80890A9451DD00A2019F0CD
:10BE90007BFF60B1504B4361494BC0F82090C0E933
:10BEA000063505230374002343748374C3744FF46D
:10BEB0002152ADE62846796A4A461BF0A3F9CB44E5
:10BEC0000546AAEB090AB4E7082019F05DFF40B166
:10BED000424BC0E905350323037400234374837484
:10BEE000C3744FF4C652344923F0A4F904232370D9
:10BEF000032384F828302AF0E4F8C4E9060164201A
:10BF00002AF0CAF80CF042F964202AF0C5F8A5E43A
:10BF1000264C64202AF0C0F894F82830032B10D067
:10BF2000082019F031FF48B12D4B43612D4B83613F
:10BF300003230374002343748374C3744FF4C25205
:10BF40001FE4062019F020FF38B1274B436102237C
:10BF50000374002343748374C3744FF484521649EA
:10BF600023F068F9052323700CF010F932202AF031
:10BF700093F807F1D40102201AF078FD024630B997
:10BF80000146D7F8D40020F045FE054670B33220B4
:10BF90002AF082F8082019F0F7FE00284FD1064950
:10BFA0004FF4015223F046F908E700BF3014002097
:10BFB00030240020A9D204007C900400D7D20400D1
:10BFC000AFDE04000BD30400708B040023D3040005
:10BFD00093DE04008490040051D3040095D3040040
:10BFE000B5D30400C5DE0400DDD3040032202AF0FE
:10BFF00053F8062019F0C8FE78BBBC494FF48452B0
:10C00000062523F017F925700CF0C0F84FF4FA70EC
:10C010002AF042F8284619F0B7FE38B1B44B436114
:10C0200002230374002343748374C374AF494FF431
:10C03000865223F0FFF804200BF0A4FF0EE4AD4B72
:10C040004361AD4B83616FF00D03C361042303743F
:10C05000002343748374C374A1E7A84B4361022394
:10C06000037445748574C574C7E7082019F08CFE05
:10C0700000283FF499ADA24BC0E905348EE5FEF7E8
:10C0800053FAB8B1FDF7D0FFB5F57A7F2CBF6A0837
:10C090004FF4FA7200236D195B4185428B4109DA36
:10C0A000D4E90013711A68EB0303914273F10003A2
:10C0B000BFF6F1AB934C2578002D41D0062D0BD166
:10C0C0000CF064F840F2DC50FDF72EFFFFF7B4BA35
:10C0D0008D4B1B78FFF7F2BB29F0F3FFD4E9063252
:10C0E000C01A47F2315361EB0201984271F100012D
:10C0F00022DB082019F048FE60B1844B4361844B79
:10C10000836147F23053C3610423037400234374F3
:10C110008374C37475494FF4015223F08BF80723DD
:10C120002370152384F828300CF030F8C82029F04B
:10C13000B3FF04200BF026FF2378002BC2D0BFE70B
:10C14000744B1B780BB3744BD3E90023012A73F1B2
:10C1500000012EDB7149B21A68EB0303914275EBC3
:10C16000030326DA062019F00FFE30B16C4B436151
:10C170000223037445748574C5746A494FF484526C
:10C1800023F058F80020FDF769FF674B1B6813F098
:10C19000020939D0FDF7EAFF00283FF466AA634C94
:10C1A000D4E9002352EA030107D1C4E90068FFF78C
:10C1B0005CBA642029F070FFE7E7B21A4EF66121FD
:10C1C00068EB03038A4273F10003FFF64EAA0020D6
:10C1D000FFF7C8F800200FF061FC002200230620C2
:10C1E000C4E9002319F0D0FD38B1514B436102235B
:10C1F0000374002343748374C3744A494FF4845214
:10C2000023F018F8FFF731BAFDF7B0FF002800F06F
:10C21000F682EFF31181402383F31288BFF36F8F0F
:10C22000444A137803F0FF0A7BB3434B1C88A4B243
:10C2300010784D4609F10109814520DB1378013B57
:10C24000DBB2137081F31188BFF36F8F3B4AE3B207
:10C25000D25C002A3FF4F0A9394A32F81320A242F6
:10C260007FF4EAA93748342202FB03000021FEF7DD
:10C270008FFD354A136801331360FFF7DDB933F8DA
:10C28000190080B223F81500D2E781F31188BFF3BB
:10C290006F8FDFF8C8B09BF80030002B60D029F01A
:10C2A00010FF2A4BD3E90023821A61EB0303C82A4B
:10C2B00073F1000304460D4656DB9BF8001000297D
:10C2C00000F0A580342222480021FEF761FD002302
:10C2D0008BF800301F4B01221A701F4BC3E9004539
:10C2E0001A4BC3E90045FFF7A7B900BF7C900400D3
:10C2F0006DD40400FDD30400C5DE04003DD4040069
:10C3000091D4040030140020C17C0020B1D404007A
:10C31000DDDE0400F9B00020E0240020C027090081
:10C32000DDD4040054900400D04C0020D024002020
:10C3300006D50400FAB0002078770020FBB000207A
:10C3400078750020F77C0020E84C0020E8240020CD
:10C35000C37C0020FEB1002098240020FDB1002005
:10C36000B74B1B78002B9AD1B64B1B78002B00F0F3
:10C3700046820022002307F1A40026F033FB014689
:10C38000002840F03C82142207F1F4002CF04CF914
:10C39000132387F8D430AC4BAC4A1B7887F8D530E0
:10C3A000138814885BBAA7F8D630D7F8A430C7F83A
:10C3B000D830D7F8A830C7F8DC30D7F8AC30C7F899
:10C3C000E030D7F8B030C7F8E430D7F8B430C7F869
:10C3D000E830D7F8B830C7F8EC30611CD7F8BC307B
:10C3E0001180C7F8F030EFF31185402383F31288F2
:10C3F000BFF36F8F964820F027FE002840F0A881F9
:10C400008822944994482AF05BFD2BF0D0FCDFF899
:10C41000308298F800B0BBF1000F31D0322207F122
:10C42000D6002CF001F9142387F8D430864B8B4EBC
:10C430001B7887F8D5303378042B00F26881DFE869
:10C4400013F005002400A200C10021010123DFF840
:10C4500028C2DFF828E287F8D63007F1D702634612
:10C4600003CB7345106051609C4602F10802F6D17F
:10C470003422002107F1D400FEF78AFC0123337037
:10C480004FF41670FDF750FD2AE7022387F8D630E7
:10C4900007F1740002F0F8F8DFF8E4C1BCE80F001F
:10C4A00007F12C060FC6BCE80F000FC6DCF8003001
:10C4B000336007F12C0007F150064FF0000807F138
:10C4C000A40129F00CFED7F8A43046F8043B08F18B
:10C4D0000108D7F8A830B360B8F1030FD7F8AC3033
:10C4E000736100F10C00EAD107F1740029F0F7FD47
:10C4F00007F1BC020021A2F10C0607F150001AE07E
:10C50000B3EC017AB8EC016A26EE877A4B4547EE28
:10C51000067AF5D10CF1010CBCF1030F05D0FEEC4D
:10C52000016A804603F10C09EAE7E6EC017AB242BF
:10C5300000F10C000AD007F1500303EB010EDFED10
:10C54000487A07F180034FF0000CE8E70C3124290A
:10C5500002F10C02CFD107F1A40607F1D70207F1CF
:10C56000D40C334603CB6345106051601E4602F184
:10C570000802F6D1342200216046FEF709FC374B51
:10C5800002221A707CE74FF00308364B87F8D680FA
:10C5900003CBC7F8D700C7F8DB101868C7F8DF006F
:10C5A000703303CBC7F8E710C7F8E3001868C7F883
:10C5B000EB003422002107F1D400FEF7E9FB86F8F6
:10C5C00000805DE7042387F8D630274B93F8A894C2
:10C5D00007F0F8FE01282FD0022801D149F0020906
:10C5E00087F8D790FCF72EFA204BC7F8DA304FF0D7
:10C5F000000A03F18A73A7F8D800C7F8DE30C7F83D
:10C60000E2A0C7F8E6A0C7F8EAA0814607F0DAFE84
:10C61000342287F8E200514607F1D400FEF7B8FB58
:10C62000B9F1000F73D004233370114BA3F800A0AD
:10C63000104B83F800A023E749F00409D0E700BFBE
:10C64000FBB10020FEB1002002B200209A7700204A
:10C65000EC4C002062CE040045A40500F8B0002098
:10C6600000000000FCF0032000F003200000204147
:10C6700098770020F7B0002044F1032074F10320E4
:10C68000E0910400B84EFCF7DDF93388452B3ED825
:10C6900000283CD0DFF81C93A7F8D800052387F8C2
:10C6A000D63099F8003087F8D73007F1DB0A00233D
:10C6B00031884529084616D8022B17D0AB4A00F11D
:10C6C0004B0C4FEA0C1E02EB0C1CDCED007AF5EE75
:10C6D000407AF1EE10FA1ED1013081B24529EDD930
:10C6E000BBF1000F32D113F0FF0310D087F8DA301E
:10C6F0003422002107F1D400FEF74AFB99F80030FC
:10C70000013389F800303388452B7FF6B9AE00231A
:10C7100088F80030B4E60EF10052013102F57C32A7
:10C72000318002F11001D64679629446BCE80300DC
:10C73000CEF80000CEF80410796A8C4562460EF1FE
:10C74000080EF2D101330AF1100AB1E73180CAE7CD
:10C75000874820F09DFC874A16784EB900260023B2
:10C760008348137020F07EFC88B94FF49A7248E633
:10C770008148824B29F07EFC1B689842EED1804BA9
:10C780001968F96059689B68B9607B60E7E785F3D1
:10C790001188BFF36F8F56B1FB68C7F8F430BB68E0
:10C7A000C7F8F8307B68C7F8FC304FF0010AD7F8BB
:10C7B000C030C7F80131734B87F800A1E6B207F12A
:10C7C000D405342202FB063307F5827EAC462A46A6
:10C7D00003CA724518605960154603F10803F6D183
:10C7E00010681860684B23F81640684B01229A5570
:10C7F000002134226046FEF7CBFAFEF71DBFFDF79D
:10C80000B5FC70B1624BD3E90012711A68EB0202F9
:10C81000092972F1000202DA4FF4967054E4C3E978
:10C820000068FDF78BFE02465A4829F023FC0346B8
:10C8300058B1594BD3E90013711A68EB0303D017B1
:10C8400091428341ACBF01230023544829F012FCDC
:10C85000024658B1524AD2E90012711A68EB02023C
:10C86000652972F10002ACBF012200224D494E48F9
:10C8700009787962D0E90010711AB96168EB00019A
:10C8800079614A49D1E90001B6EB000A786A68EBA0
:10C890000101F961002864D04548D0E90040341B0B
:10C8A00068EB0000652C70F10005ACBF4FF0010B88
:10C8B0004FF0000B5B2C70F10000ACBF4FF0010992
:10C8C0004FF00009354840F2DF3529F0D3FBF96914
:10C8D000AA4571F10004B969ACBF01240024A94242
:10C8E000796971F10005ACBF01250025002863D1ED
:10C8F000BBF1000F40F0068109F001013962002A06
:10C9000040F00281002B40F0A880BA6940F2E93380
:10C910009A427A6972F10002C0F23F8140F2DF333D
:10C920009A45FB69204C73F10001C0F22981002374
:10C93000C7E93733032107F1D400FCF79BF8CDE9B1
:10C9400000681A4B0122052107F1D40029F072FB7F
:10C95000032107F1D400C4E90068FEF749FAFEF7A5
:10C960006BBED7F824B0ADE79877002000F0032025
:10C97000EC4C0020FCB10020F04C0020E04C0020EA
:10C98000D44C0020F77C002078750020FBB00020FC
:10C99000C8240020284D0020C02400202C4D002059
:10C9A000B824002000B20020A8240020A0240020E9
:10C9B000B0240020F7B00020C248D0E900C0B6EB98
:10C9C0000C0C68EB0000BBF1000F3DD109F0010138
:10C9D0003962002A40F09880BCF15B0F70F10000D2
:10C9E00090DB002B91D00023C7E91F33042107F10E
:10C9F0007400FCF73FF8B34BC3E90068B24B8946BB
:10CA00002A460321CDE9006807F1740029F012FBE2
:10CA1000AE4B22460521CDE9006807F1740029F0EC
:10CA200009FBCDE90068AA4B3A6A002107F17400BE
:10CA300029F000FB494607F17400FEF7D9F9A54B30
:10CA4000C3E90068FEF7F8BD002A5DD1BCF15B0FB9
:10CA500070F100002FDA83B399460023C7E91F3332
:10CA6000EFF3118A402383F31288BFF36F8FDFF84F
:10CA700078B2584620F0E8FA00283FF4C1AC584696
:10CA800020F006FB9BF82C307B62584620F0EAFA37
:10CA900000283FF46AAE8AF31188BFF36F8F7B6A78
:10CAA000002B57D1B9F1000F54D0022107F17400C7
:10CAB000FBF7E0FFA2E7002B95D10DB9002C55D074
:10CAC0004FF000094946C7E9379907F1D400FBF751
:10CAD000D1FF7D4B2A460321CDE9006807F1D40040
:10CAE00029F0A8FA0521CDE90068784B224607F124
:10CAF000D40029F09FFA494607F1D400FEF778F9EF
:10CB0000734B9DE7002AA6D0002B7FF46CAF05B9CC
:10CB100014B30023C7E93733042107F1D400FBF72E
:10CB2000A9FF694B2A460321CDE9006807F1D4002B
:10CB300029F080FA0521CDE90068644B224607F10F
:10CB4000D40029F077FA042107F1D400FEF750F958
:10CB50005C4B75E70121A9E707F1D4010420FCF73C
:10CB6000D3F907F1D400FEF721F9F1E7204607F1E8
:10CB7000D401FCF7C9F907F1D400FEF717F9BFE7B4
:10CB8000C4E9006807F1D4010320FCF7BDF907F1FF
:10CB9000D400FEF70BF9FEF74FBD9A45FB694B4CED
:10CBA00073F1000105DBC4E9006807F1D401052039
:10CBB000EBE716F57A7948F10005FDF7BFFC014671
:10CBC000FBF770FF68B1FBF7EBFE434BD3E90023A3
:10CBD000801843F10003484573EB0502BCBF814652
:10CBE0001D463E4829F046FA58B13A4BD3E9002396
:10CBF0008A1843EBE1734A4573EB0501BCBF9146CC
:10CC00001D46374829F036FA58B12E4BD3E9002398
:10CC1000643243F100034A4573EB0501BCBF914602
:10CC20001D467B6A5BB12A4AD2E90032643342F185
:10CC300000024B4572EB0501BCBF99461546224BDD
:10CC4000D3E90001D4E9003210F57A7041F1000116
:10CC500013F57A7342F10002834272EB0104BCBF08
:10CC600018461146814575EB0103BCBF484629466D
:10CC7000801B61EB0801012871F1000306DA002234
:10CC80000023184829F041FAFEF7D6BC40F2E933F8
:10CC9000984271F10003A4BF00214FF47A70C903D8
:10CCA00041EA504140F2E733C003C0184FF47A72B2
:10CCB0004FF0000341F10001F0F794F902460B46F2
:10CCC000DFE700BFB8240020A8240020A024002013
:10CCD000B0240020C0240020D8240020284D0020AB
:10CCE0002C4D002058090020F84C002070B5204B36
:10CCF0001A78002A3AD000221A701E4B1C6804F1E0
:10CD00001405EFF31186402383F31288BFF36F8F6E
:10CD1000284620F099F910B9882217490CE02846D6
:10CD200020F0B6F9A18B01F00701022913D1E38BA2
:10CD30003BB9124940F2EF1211482AF0C1F82BF02A
:10CD400036F8013B9BB2E3832BB932462046BDE85F
:10CD5000704018F081BD284620F084F910B94FF4D6
:10CD60009A72DAE786F31188BFF36F8F70BD00BF48
:10CD70002C7800208C4C002062CE04003ED50400AC
:10CD800045A405002DE9F04F00218DB001200FF0E2
:10CD90002FFCC24BC24CD3F86530C24F23607B6876
:10CDA00063604FF000084FF0000905230025CDE92E
:10CDB0000035BD49BD4BBE484FF40072CDE9028934
:10CDC00024F0E4F908230093CDE90289B94BBA496C
:10CDD000BA4801954FF4007224F0D8F9B84BB94E17
:10CDE0001D78002D40F0D8812946022035600BF0D7
:10CDF000F3F8B549DFF8588300220023C1E9002386
:10CE0000B24988F800500D70B1490D70B1490D70EC
:10CE1000B149C1E90023B14B1D60B14B1D60B14B5D
:10CE20001D60B14B1D60B14B1D60B14B0A221A60F1
:10CE3000B04B1D602578002D40F0A680062018F02C
:10CE4000A3FF30B1AC4B4361022303744574857476
:10CE5000C574AA49DFF8FCA2DFF8FC924FF48652B1
:10CE600022F0E8F9A64BA74A1B681360A64BA74916
:10CE7000A74A1B68CAF800300B6813604B68536000
:10CE8000002523F09FF9A34B89F803501868C9F8CF
:10CE900007009B88A9F80B304FF080520820D2F889
:10CEA000A4300593D2F8A8B018F06EFF58B19A4A92
:10CEB000059B42611FFA8BF2C0E90632042303741A
:10CEC00045748574C5748D494FF4035222F0B2F94C
:10CED0009249062207201AF07FF9051E4FF008003C
:10CEE00008BF082518F050FF40B18D4BC0E905354B
:10CEF00003230374002343748374C3744FF4C65232
:10CF00007E49DFF80CB222F095F90221032089F85E
:10CF100005500BF0DDFA29F0D4F8CDE905012378AE
:10CF2000AB4210D04FF0805123686268D1F8A40062
:10CF3000D1F8A8101B0C43EA0243120C8A4208BF26
:10CF4000834240F00182092002210BF0C1FA062041
:10CF500018F01AFF38B1734B4361022303740023A6
:10CF600043748374C37465494FF4865222F062F9A6
:10CF700002204B4A082339460FF0DEFFFDF714F973
:10CF80004FF4C86029F088F80820657818F0FCFE96
:10CF900040B1654BC0E90535032303740023437496
:10CFA0008374C37455494FF4C65222F043F90820E4
:10CFB0003D68D7F8048018F0E7FE70B12D0C5B4B8C
:10CFC000436145EA08454FEA18420423C0E9065286
:10CFD0000374002343748374C3744FF403524749AA
:10CFE00022F028F96578524B52481D704FF00A081C
:10CFF000B5FBF8F308FB1355EDB24F4B45F4340184
:10D0000041F490511D7029F03BF800214B4829F064
:10D0100037F84B4829F034F80C2018F0B5FE90B1E1
:10D02000484BC0F81C80C0E90535B4220523C0E98F
:10D0300008230421B623C0E90A130823037400233C
:10D0400043748374C374404944F2C00222F0F2F87E
:10D050003E4B6278D4F802101A700891A279A17838
:10D06000E07911448DF82410E17811448DF82510F1
:10D070002179114400238DF826106179CDE90A3316
:10D080000A448DF827200DF12702C1180133082B1F
:10D0900002F8011FF9D108A910225FE000F0032077
:10D0A000D577002065F0032000C6002057600400FB
:10D0B000201200208B65040080C80020101300207F
:10D0C0002B780020304D0020101400202A780020FA
:10D0D000CF770020D077002008140020C44B002018
:10D0E000C04B0020B04B0020BC4B0020B84B0020B0
:10D0F00020010020B44B002063D504006C90040094
:10D10000D9D60400C9770020DED60400E3D6040097
:10D11000BD770020A40000106BD504008B07002011
:10D1200083D50400C5D50400CCD50400DBD50400AC
:10D1300002B20020E44C0020BC770020AC4B002061
:10D140007C4B0020F5D50400A4910400D377002087
:10D15000D2770020C57700208407002011F8013B1A
:10D160001BB1552B01D0AA2B02D1083301F8013C89
:10D17000013AF3D1B64B089A1A60B64B099A1A6075
:10D180000AAB03CBB44A10605160B44A0123137058
:10D19000FFF7ACFD23F016F83368B3F5967F44D360
:10D1A000AF4B1B78002B40D1AE4D2B6813F0220FF4
:10D1B00003D1012102200AF00FFFDFF8048398F861
:10D1C000003093BBDFF8C4A2DAE90023012A73F12F
:10D1D00000032ADBA44B1B7803F0FF092BBB28F0CC
:10D1E00070FFDAE90032C01AA04B61EB0201834202
:10D1F00079EB010119DA2D6815F0200515D1082009
:10D2000018F0C2FD38B19A4B436103238361037464
:10D2100045748574C57497494FF4C45222F00AF8D6
:10D22000012388F8003029F051F9DFF898A228F09E
:10D2300048FF9AF800B005468846BBF1000F2FD092
:10D24000DFF8849299F800305B4529D08A4BD3E906
:10D250000023012A73F1000122DBABF13001032925
:10D2600008D9AA1A40F2DC5168EB03038A4273F131
:10D27000000315DB814A00230C2000FB03F101EBC6
:10D28000020C515C594540F03C81DCF8083003B198
:10D2900098479AF8003089F80030012B00F0488157
:10D2A000DFF828B29BF80030002B46D0744AD2E950
:10D2B0000031B5EB030A68EB0101FBF771FB643841
:10D2C0004FF00009504579EB010136DA6D4B8BF8D0
:10D2D0000090C3F800903368082003F1010AC6F8F3
:10D2E00000A018F051FD50B1674B80F81190C0E9D3
:10D2F000053A0323037480F8129080F813905D4977
:10D300004FF4C45221F096FF3668B6F5967F14D1DB
:10D310005E4B0820C3E9005818F036FD40B15C4B65
:10D32000C0E9053603230374002343748374C37474
:10D3300050494FF4C45221F07DFF01200FF07AF8DC
:10D34000642028F0A9FE49E5524B1B7883B9524B63
:10D350003F4A1B681360514B514A1B68CAF80030A2
:10D360001368CBF800305368CBF8043022F02AFF62
:10D370004C4B1B780BB9FCF76DFA98F80090B9F19B
:10D38000000F24D128F09DFE059BC01A069B61EB7F
:10D390000301364B834279EB010118DA082018F0BB
:10D3A000F3FC50B1404B436103238361037480F865
:10D3B000119080F8129080F813902E494FF4C452C7
:10D3C00021F038FF012388F8003029F07FF894F825
:10D3D0000090B9F1000F13D0082018F0D5FC40B12F
:10D3E000324BC0E90539032303740023437483746B
:10D3F000C37420494FF4C65221F01CFF0023237050
:10D400002B4B1B7883B1012019F05CFC29482AF0D2
:10D410000BFA294B294800212022C3E908112BF0DF
:10D4200003F9012019F040FCDFF8A4901DF056FC30
:10D430000023012089F800300EF0FCFF002318467D
:10D44000FCF74EFA002845D0642028F025FE66E55A
:10D45000C9770020C5770020BD7700202B780020F9
:10D46000CD770020D04C0020F9B0002020BF020072
:10D470003AD604006C900400001400203494040098
:10D4800028140020204C00207AD60400101400201C
:10D4900094D60400CE770020D9D60400DED604004E
:10D4A000E3D604002C78002092D50400ACD504000B
:10D4B0002D780020A84B0020804B002056750020BE
:10D4C000D2770020C17C0020C27C00202A78002076
:10D4D000D47700200790022028F0DEFD012089F893
:10D4E0000000FCF7FDF9079B10B189F80030ABE7AD
:10D4F000022028F0D1FD0220FCF7F2F94FF47970F8
:10D50000A3E701332A2B7FF4B8AE082018F03CFCC7
:10D5100040B1094BC0E9053B032303740023437466
:10D520008374C37405494FF4C45221F083FEB0E6FE
:10D530000DB0BDE8F08F00BF5BD604006C90040016
:10D54000022870B505460C4605D90146BDE8704075
:10D55000294829F09FBC39B1642932D9274864226F
:10D56000BDE8704029F096BC254B1E5C05244FF0A9
:10D57000FF324FF0FF3323482AF0F9FC224B1A68A0
:10D5800022B9224A92F90020002A1DDA1D4828F00B
:10D590007BFE082018F0F8FB48B11D4B43611D4B82
:10D5A000836103230374002343748374C3741A498F
:10D5B0004FF4C25221F03EFEBDE87040174829F0FA
:10D5C00069BC0F4B1E5CD2E7154A0E481570154A10
:10D5D000148005221A6028F057FE134828F097FDA2
:10D5E00022463146114829F055FC114829F052FCD9
:10D5F000104832462146B3E79AD90400CBD904003B
:10D6000010DB0400B80800205C4B0020BA77002033
:10D61000F8D90400DADD04002C90040022DA0400BA
:10D62000B9770020547500204809002052DA040020
:10D6300092DA0400C6DA0400F8B50E4C0E4D2778D5
:10D640002E88082018F0A0FB48B10C4BC661C0E939
:10D65000053704230374002343748374C374084997
:10D660004FF4035221F0E6FD29882078BDE8F84008
:10D67000FFF766BF2E7800207675002014DB0400CB
:10D680006C900400037E03B3D0ED007A90ED037A32
:10D69000D0ED016A90ED050A37EE677AD0ED047A95
:10D6A00077EEE67AB4EEE77AF1EE10FAD8BFF0EE54
:10D6B000477A90ED027A30EE470AF4EEC07AF1EE46
:10D6C00010FAD8BFB0EE670A70479FED010A7047A5
:10D6D0000000000008B528F01CFDDFED167AB4EE5E
:10D6E000E70AF1EE10FA034621D4B5EEC00AF1EED6
:10D6F00010FA19DBB1EEC00AF7EE007A87EE807AF5
:10D700000120D3ED007A67EE877AC1ED007AD3ED80
:10D71000017A67EE877AC1ED017AD3ED027A67EE7E
:10D72000877AC1ED027A08BD9FED030AE4E7002085
:10D73000F9E700BF77CC2B3200000000014829F048
:10D74000A9BB00BF06DF0400F0B5012885B0044680
:10D7500007D902284F680AD003288D6808D0CE6800
:10D7600047B93C4805B0BDE8F04029F093BB00251F
:10D770000026F5E738493846EFF729FE88BB042C28
:10D7800001D93648EEE71DB12C780CB16B780BB19E
:10D790003348E7E7783CE4B2022C07D86EB905219C
:10D7A000204605B0BDE8F040FFF7CABE2D48294627
:10D7B00005B0BDE8F04029F06DBB0A2201A9304652
:10D7C00027F018FB019B1B7813B9431E632B06D966
:10D7D00025486422314629F05DFB05B0F0BD81B2D9
:10D7E000DEE722493846EFF7F2FD20B905B0BDE883
:10D7F000F040FDF76FBC38461D491D4F27F048FA31
:10D8000001AE04460025D4B1032D06D1194829F0F4
:10D8100041FB194829F03EFBDFE76946204627F027
:10D82000DDF9009BA6EC010AA342EFD0187800288E
:10D83000ECD1394627F02CFA01350446E3E7032DF5
:10D84000E4D19DED031ADDED020A9DED010AFDF71D
:10D85000A7FBC2E73DDF04009CDF0400A1DF04005A
:10D86000E5DF04002CE0040057E00400FEC90400DA
:10D8700086E0040088E00400E5E00400184B10B5E1
:10D8800000241C70174B00200021C3E900014FF455
:10D890004872214614482AF0C7FE1449002200238A
:10D8A000C1E900231249C1E90023124B12494FF08C
:10D8B00080404FF0404208601A6048605A608860BB
:10D8C0009A600E481C2221462AF0AEFE0C4BC3E99A
:10D8D00000449C600B4BC3E900449C6010BD00BF3A
:10D8E000BA770020F826002000270020282A0020F0
:10D8F000202A0020C8660020D4660020AC660020E4
:10D90000A066002094660020F0B502288DB006467F
:10D9100005D033480DB0BDE8F04029F0BBBA4C68E3
:10D9200010220021204627F009FB2E4ACDE90001F4
:10D9300005460F4607A8112117F0F4FC55EA070326
:10D940004AD0214607A8EFF742FD0446002843D1FC
:10D95000254B93E8030006220590ADF81810072028
:10D9600005A919F039FC031E08BF082305F0FF02C2
:10D97000A44208BF9A4210D0062018F005FA28B138
:10D980001A4B4361067444748474C47418494FF488
:10D99000865221F04FFC0DB0F0BDFCF72FFDCDE914
:10D9A000025702AB03CB134A10600620516018F0F7
:10D9B000EBF928B1104B4361067444748474C47449
:10D9C0000B494FF4865221F035FC0A4A0B490823D3
:10D9D00002200FF0B1FADEE7094829F05BFADAE736
:10D9E00003E1040020E10400A400001028E1040089
:10D9F0006C900400D5770020C5D5040065F00320A5
:10DA00003BE10400012810B501D94C683CB911482C
:10DA100029F040FA1048BDE8104029F03BBA0F4900
:10DA20002046EFF7D4FC18B9FCF7BEFB0C48F2E730
:10DA30000C492046EFF7CBFC30B928F05CFB08B16D
:10DA40000948E8E70948E6E721460948BDE81040EB
:10DA500029F020BA4CE1040063E1040015C304007E
:10DA60009FE104009B3A0500E0E1040000E20400AD
:10DA700019E20400012808B506D94B6823B1BDE8B6
:10DA80000840054829F006BA044829F003FABDE821
:10DA9000084024F0D5B800BF42E204007FE2040051
:10DAA00008B5044829F0F6F9BDE8084000210A202D
:10DAB0000AF00EBDFDBD0400012810B517D94C6851
:10DAC000ACB111492046EFF782FC38B90120FCF7D0
:10DAD000E1FC0E48BDE8104029F0DCB90C492046B5
:10DAE000EFF775FC18B9FCF7D5FC0A48F2E7FCF72C
:10DAF0001BFD094A0949BDE81040002808BF11462E
:10DB0000074829F0C7B900BF9B3A05009BE2040013
:10DB100015C30400A9E20400C4280500CCAE04002B
:10DB2000B8E20400012810B517D94C68ACB111490E
:10DB30002046EFF74CFC38B901200DF0AFFF0E483E
:10DB4000BDE8104029F0A6B90C492046EFF73FFC8C
:10DB500018B90DF0A3FF0A48F2E70A4B0A4A1978F0
:10DB60000A4B0B48BDE8104000290CBF114619466E
:10DB700029F090B99B3A0500C2E2040015C30400E5
:10DB8000D5E20400CD770020C4280500CCAE040007
:10DB9000E9E204002DE9F04F884685B082461C2258
:10DBA000002140462AF040FD1E4C4FF0000900269F
:10DBB000002794F8813133B1D4F88431AAEB030300
:10DBC000B3F5207F29D909F10109B9F1080F04F54E
:10DBD000C474EED147EC106B05B0BDE8F08F55F87A
:10DBE0000C3C019355F8083C029301A955F8043CFC
:10DBF0000393404628F009FB304639460A4B002281
:10DC0000EEF7F2FC0BF1010B06460F4694F881315A
:10DC10005B4505F10C05E2DCD5E725464FF0000B2E
:10DC2000F4E700BFB85900200000F03F00B52DED2B
:10DC3000028B90ED037A90ED078AD0ED0B7A77EEA8
:10DC4000086AB0EE086A76EEA76A8BB0C6EE868ADE
:10DC50000023CDE9073309938DED047A8DED058A14
:10DC6000B0EEC77AB0EEC88AB4EE487AF1EE10FA98
:10DC7000C8BFB0EE478ACDED067AF0EEE77AF4EE53
:10DC8000C87AF1EE10FAB5EEC00A58BFB0EE678A56
:10DC9000F1EE10FACDED018ACDED028ACDED038AC9
:10DCA0000CDCB0EEE80A30EE000ADFED197AB4EED3
:10DCB000E70AF1EE10FAD8BFB0EE670A07A90EF036
:10DCC00017FC28B900200BB0BDEC028B5DF804FBFB
:10DCD000DFED107A9FED0E0AF0EEE88A68EEA78A73
:10DCE00001A9F4EEC08AF1EE10FAC8BFB0EE680ADE
:10DCF00004A80EF0FDFB0028E4D0F2EE007AB4EEAA
:10DD0000E78AF1EE10FA94BF01200020DBE700BFA4
:10DD1000CDCCCC3DCDCC4C3EDFED1C7A70B5002394
:10DD2000B0EE670A01F10C06CA18C418F518B2EC77
:10DD3000017AF4EC016A37EE667AAA4207EE070A26
:10DD400046EEA67AF3D10C33302BEDD19FED107A4D
:10DD5000F4EEC77AF1EE10FA02D59FED0C0A70BD11
:10DD600080EE270A25F08CFAF7EE007A37EEC00A2B
:10DD7000B5EEC00AF1EE10FAEFD4B4EE670AF1EE98
:10DD800010FAC8BFB0EE670AE9E700BF0000000064
:10DD9000CCBC8C2B2DE9F0472DED048BC24D95EDBD
:10DDA000016A95ED007AD5ED027A26EE066A07EE55
:10DDB000076A96B0044607EEA76AF6EE087AB4EE54
:10DDC000E76AF1EE10FA5ADBDFEDB87AB4EEE76AF3
:10DDD000F1EE10FA94BF01260026236807936368CA
:10DDE000089307A8A368099328F093F9DFEDB07AA8
:10DDF000B4EEE70AF1EE10FA00F135810146AD48C4
:10DE000028F003FAAB4804AA07A928F0DBF9002898
:10DE100000F02981AEB3B0EE460A25F031FAF7EEF4
:10DE2000007A87EE808A95ED009AD5ED018AD5EDCE
:10DE3000027A28EE099A68EE288A28EE278ADFF807
:10DE400090A20023DAE900010022EFF713F89A4BC1
:10DE5000DDED045A9DED056ADDED066AC0B9C3ED3E
:10DE6000005A83ED016AC3ED026A002E39D0934B4C
:10DE700083ED009AC3ED018A83ED028A31E000262A
:10DE8000ABE79FED8F8AF0EE488AB0EE489AD6E76E
:10DE90008C498D4A087818B98C48106001200870A8
:10DEA000D3ED017A93ED007AD2ED004A66EE277A3F
:10DEB00045EE877A93ED027A46EE877AB7EE005AFE
:10DEC00075EE677A002E40F0AE80F4EEE47AF1EE63
:10DED00010FAC0F2C880C3ED005A83ED016AC3EDA9
:10DEE000026AA068EEF7DEFC41EC190B6068EEF701
:10DEF000D9FC41EC180B2068EEF7D4FCB0EE492AAF
:10DF0000F0EE692AB0EE481AF0EE681A41EC100BF8
:10DF10006F4A7049704807F093F9664807A901AA4B
:10DF200028F09FF90AA901A8FFF7D4FB002840F0C8
:10DF30009F80DAE90045694B002220462946EEF72A
:10DF40008FFF002800F08F8020462946EEF7B2FFB1
:10DF5000602290FBF2F302FB1303002B804600F3D8
:10DF600082805F4A5F4B0325B0EE008AF2EC017AB3
:10DF7000B3EC017A77EEC77AB4EE678AF1EE10FA65
:10DF8000C8BFB0EE678A013DF0D14A48FFF77AFB7F
:10DF900018EE100AF0EE408AEEF784FC06461020D8
:10DFA0000F4617F0F1FE0446B8B14F4BDFF844912D
:10DFB000C0E905384FF00008C0E90867C0E90A89E0
:10DFC00018EE900AEEF76EFCC4E90E89C4E90C0164
:10DFD0000C2323746574A574E574444946F2C002A9
:10DFE000204621F027F9F6EE007AB4EEE78AF1EE4A
:10DFF00010FA04D4F4EEE78AF1EE10FA7CD506208C
:10E0000017F0C2FE38B13A4B436102230374002378
:10E0100043748374C37435494FF4865221F00AF96E
:10E0200001210820BFE0254AF4EEE47AF1EE10FA6F
:10E03000D2ED003A92ED017A92ED024A06DBC3ED91
:10E04000005A83ED016AC3ED026A10E767EE287A91
:10E0500043EE897A44EE087A35EE675AB4EEE45A14
:10E06000F1EE10FAEBDA16B0BDEC048BBDE8F087E8
:10E070001C491B4A0AA80323F0EC017AB1EC017A8F
:10E08000F4EEC77AB2EC017AF1EE10FAF4EEC77A48
:10E0900048BF41ED017AF1EE10FAC8BF42ED017AB6
:10E0A000013BE9D145E700BF886600206666A63FD0
:10E0B00077CC2B32AC660020A0660020946600204E
:10E0C000000000002EB200208466002000E9783CA9
:10E0D000202A0020282A0020002700200000684075
:10E0E000C8660020D4660020F8E20400FC8F04001B
:10E0F0004AE304000000E03FDAE90089324B0022E5
:10E1000093ED008B4046314B4946EEF795FE0546B0
:10E1100060B10820DAE9006717F036FE04460028EF
:10E1200044D12B494FF4C652204677E7B0EE480A57
:10E13000F0EE680A49EC118B26490AA807F034F979
:10E1400042464B4651EC180BEEF72EFDEEF7FAFE69
:10E1500000EE100A0AA830EE000AFFF767FD00285B
:10E16000D7D01D4A13780A2043F07F03DAE90089EB
:10E17000137017F009FE044668B1184B4361494615
:10E180004046EEF797FEC4E908670623A0612374B2
:10E190006574A574E5740E4920464FF4435221F08E
:10E1A00049F8012105200AF093F95CE70C4B436123
:10E1B00039463046EEF77EFE032323740023A06128
:10E1C0006374A374E374ACE7282A0020000068405D
:10E1D000FC8F040000270020BA77002074E30400BD
:10E1E0009EE304000649D1E900210A4318BF054A0D
:10E1F00003461DBF07CA83E80700012000207047BF
:10E20000F026002088660020254B70B5002814BF3A
:10E2100006461E46234B002914BF0D461D4600240A
:10E2200034607460B4602C606C60AC60002A36D0DE
:10E23000062017F0A9FD30B11B4B43610223037484
:10E2400044748474C47419494FF4865220F0F2FF68
:10E2500017490C23324603200EF06EFE0C232A468B
:10E26000042014490EF068FE134B144A002483F86E
:10E2700060490023136053609360062017F084FD0B
:10E2800030B10F4B43610223037444748474C4742B
:10E29000BDE8704005494FF4865220F0CBBF70BDF9
:10E2A000106700201C670020D1E304002C900400BC
:10E2B000F0F00320FCF0032000F0032054F90320C9
:10E2C000F2E30400F0B5264B002814BF06461E46B4
:10E2D000244B85B00024002914BF0F461F46B6EE1C
:10E2E000000A01A93046CDE90144154603940EF019
:10E2F000FFF810BB30462A463946FFF785FF062057
:10E3000017F042FD18BB18494FF4845220F092FFD9
:10E31000062017F039FD38B1144B43610223037412
:10E32000002343748374C3740F494FF4845220F064
:10E3300081FF4FF0FF3005B0F0BD9FED0D0A01A940
:10E3400038460EF0D5F80028D4D02046F3E7094B24
:10E35000436102230374002343748374C374D2E7BC
:10E36000106700201C6700202C90040037E4040094
:10E37000000048421FE40400154B70B5002814BF8C
:10E3800004461C460D463022002120462AF04CF956
:10E390004FF07E53E360E361E362C5B1062017F0FE
:10E3A000F3FC38B10B4B4361022303740023437425
:10E3B0008374C37408494FF4865220F03BFF224611
:10E3C0000649BDE87040302307200EF0B5BD70BD92
:10E3D000E0660020D1E304002C90040044F1032007
:10E3E00070B5334B2DED028B002814BF05461D463A
:10E3F000D5ED037AD5ED076A95ED0B7A8AB0CDEDB0
:10E40000047A77EEA67A8DED067A77EE877AB0EE0B
:10E41000087A87EE878A00240E46284607A9CDE9A8
:10E4200007440994B6EE000ACDED056A8DED018A28
:10E430008DED028A8DED038A0EF05AF818BB28463E
:10E440003146FFF799FF062017F09EFC38BB1949AB
:10E450004FF4845220F0EEFE062017F095FC38B100
:10E46000154B436102230374002343748374C37404
:10E4700010494FF4845220F0DDFE4FF0FF300AB017
:10E48000BDEC028B70BD9FED0D0A01A928EE000ABC
:10E4900004A80EF02DF80028D1D02046EFE7084B55
:10E4A000436102230374002343748374C374CEE76F
:10E4B000E06600202C90040037E40400CDCCCC3D75
:10E4C0001FE4040008B5034827F0D4FD003818BF46
:10E4D000012008BD0C6600202DE9F04103460A46E4
:10E4E0001979DB880068134303F03002302AD0E941
:10E4F0000147066907D140F2F7321E491E4828F04D
:10E50000DFFC29F054FC1D4A1D4D1A40AA4202D1DD
:10E5100040F2FB32F1E703F00602042A02D140F296
:10E52000FE32EAE713F440220CD09D0302D440F2FD
:10E530000142E2E7B2F5402F0ED0124A9A4301D1D0
:10E5400083F44023246801258D40254223F4801262
:10E5500005D140F21142D0E740F20542CDE73468E0
:10E56000DB074CBF2C43AC4334603B68BDE8F04153
:10E57000184700BF78E4040045A40500020003002A
:10E58000020001000100100010B503460A460068B1
:10E5900019790469012303FA01F143681B681942E0
:10E5A00007D10B490B4840F2A26228F089FC29F000
:10E5B000FEFB2368194218BF82F0010222B1836872
:10E5C000DB68BDE81040184783681B69F9E700BFA6
:10E5D00078E4040045A40500F8B50646EFF311877A
:10E5E000402383F31288BFF36F8F10481EF02CFD79
:10E5F00030B988220E490F4828F062FC29F0D7FB79
:10E600000D4D0A481EF044FD0FCD34460FC42B6853
:10E61000064823601EF026FD10B94FF49A72E9E710
:10E6200087F31188BFF36F8F3046F8BD2466002052
:10E6300062CE040045A405001066002000B52DED53
:10E64000028B87B001A8FFF7C7FF039B632B15D987
:10E650009DED018ADFED0B7AB4EEE78AF1EE10FA58
:10E660000CD49DED020A24F00BFEC0EE087AB0EE49
:10E67000670A07B0BDEC028B5DF804FBF7EE007A89
:10E68000F5E700BFBD37863570B50446EFF3118658
:10E69000402383F31288BFF36F8F11481EF0D4FC20
:10E6A00030B988220F49104828F00AFC29F07FFB76
:10E6B0000E4D0B481EF0ECFC0FCD0FC40FCD0FC458
:10E6C00095E80F0084E80F0005481EF0CBFC10B958
:10E6D0004FF49A72E6E786F31188BFF36F8F70BD2F
:10E6E0003866002062CE040045A40500486600207C
:10E6F0002DE9F0434FF0FF3287B04FF0FF3342482F
:10E7000029F035FC0EF088F840B9404828F0C2FBEB
:10E710003D4807B0BDE8F04327F0B6BD3C4C3D484E
:10E720004FF4C04128F0B6FBE168228A3A4801FB69
:10E7300002F328F0AFFBA57C0820EDB917F024FB0D
:10E7400040B1364B4361364B8361032303744574F8
:10E750008574C57433494FF4C25220F06BFD6FF0DD
:10E760000C06A37C002B46D117F032FE02462E4841
:10E77000314628F08FFBCBE71FF05EFBE568238A6C
:10E78000A5EB4005013B5D4363680093074602A982
:10E7900068461FF0D9FB06460028E2D16368019362
:10E7A00004A901A81FF0D0FB06460028D9D1BDF866
:10E7B0000890BDF8103066684B4502D0019BB3420B
:10E7C000EED102A81FF046FBDDF8008038B1BDF89D
:10E7D0000C0040B94FF6FF73994500D1ED1BB045D1
:10E7E000D5D12E46BDE7019B9845F8D11FF024FBFB
:10E7F000ED1B2D1AF3E708201FF01EFBD4E90123BF
:10E80000D21A121AB3E700BF08090020A9E40400D5
:10E8100048680020BAE40400D7E40400FAE40400E5
:10E82000C2190500AC90040012E50400F8B50446D6
:10E83000254827F01FFC0546244827F01BFC85428D
:10E840000BD023484FF44462002129F0EDFE002351
:10E85000C4E9003323722046F8BD4FF0FF324FF079
:10E86000FF331C4829F083FB174827F003FC0646BA
:10E87000164827F0FFFB0746174827F0FBFBBE4270
:10E8800005460CD0134827F0FFFC4FF444620025E6
:10E890000F48002129F0C8FE2E462A460FE00F49F6
:10E8A0000B484FF4446229F097FE074827F0E2FB3B
:10E8B0000746084827F0E8FCBE42E6D10122C4E939
:10E8C00000562272C7E700BF08660020F8650020E6
:10E8D000B8590020CC080020B4590020744D002005
:10E8E00030B54FF0FF3285B04FF0FF330E4829F0BE
:10E8F0003EFB01A8FFF79AFF019D0C4B0822002464
:10E9000093F8810130B1D3F88411691AB1F5207FF1
:10E9100098BF2418013A03F5C473F1D1024827F0D7
:10E92000B3FC204605B030BDE0080020B8590020F7
:10E930002DE9F04794B04FF0FF324FF0FF33002540
:10E9400039480395CDE9015529F011FB0AA8FFF7D5
:10E950006DFFDDF828A0DFF8D4800DA95046FFF741
:10E9600019F957EC106B98F881318BBB0135082DE4
:10E9700008F5C478F7D12C4827F086FC00224FF028
:10E98000804330463946EEF757FA002846D13046E4
:10E990003946EEF7D7FA07EE100AF7EE006AC6EE30
:10E9A000877A9DED020A9DED017ADDED036A27EE7F
:10E9B000800A27EE877A20EE000A07EE070A67EE44
:10E9C000A67A07EEA70A14B0BDE8F04724F058BCB9
:10E9D000D8F88431AAEB0303B3F5207FC6D84446A8
:10E9E0004FF0000913E054F80C3C079354F8083C2E
:10E9F000089304AA54F8043C099307A90DA827F02A
:10EA000030FC04A901A827F091FB09F1010998F84D
:10EA100081314B4504F10C04E5DCA7E7B7EE000AB1
:10EA200014B0BDE8F08700BFE0080020B85900200E
:10EA30002DE9F04FAC4BAD481968AD4DAD4E93B0DC
:10EA400028F028FAAC4BD3F800A041F29313AAF2B5
:10EA5000DD529A4240F2D780B5F9000009F07CF807
:10EA6000A648D6E9004628F015FA54EA060300F055
:10EA7000EA8027F024FB001BA14A61EB0601EFF7B7
:10EA80003BF909F0E3F89F4C9F4E8A46217811F03C
:10EA90000201834600F0DB80D6E9009821789B4B89
:10EAA00011F0040100F0DF80D3E9007609F0E8F806
:10EAB00050EA010300F0E480954AEFF71DF95BEAA4
:10EAC0000A0300F0E180934A58465146EFF714F9E3
:10EAD00059EA080300F0DC808F4A48464146EFF7C8
:10EAE0000BF957EA060300F0D7808C4A38463146C6
:10EAF000EFF702F9102200210AA829F095FD102253
:10EB00000AA908200EF0A2FABDF92A7010220021ED
:10EB10000AA829F089FD47EAE77B10220AA9082004
:10EB20000EF094FA5846BDF9286009F015F846EA47
:10EB3000E67A0690504609F00FF81022099000215D
:10EB40000AA829F071FD10220AA908200EF07EFA09
:10EB50003743DDE90C9800F1A38059EA080300F07F
:10EB60009F800998EDF78CFE6D4B0022EEF71CF8A4
:10EB7000064658460F46EDF783FE694B0022EEF736
:10EB800013F8CDE904015046EDF77AFE644B0022FC
:10EB9000EEF70AF8CDE902010698EDF771FE604B39
:10EBA0000022EEF701F83246CDE900013B465D4810
:10EBB00028F070F95C4A48464146EFF79DF8237803
:10EBC0005A4F13F020036FD03E78594A002303F1C7
:10EBD000200132F9111000297CDDDBB2C3EB4312B6
:10EBE00003EB8200800000B2514B112707F1200295
:10EBF00033F91220002A74DD431C40F0AF804D48E9
:10EC000028F048F9CDE0B5F90070384608F0A4FFC7
:10EC1000EDF736FE424B0022EDF7C6FF8046384640
:10EC2000D6E900468946CDF808A0EDF729FE3C4B11
:10EC30000022EDF7B9FF4246CDE900014B463E48C0
:10EC400028F028F911E73D4828F024F919E73C4855
:10EC5000F3F712F8237843F00203C6E90001814676
:10EC6000884623701AE73748F3F706F8274BC3E9BD
:10EC70000001237843F0040307460E46237015E78E
:10EC8000314828F007F91AE7304828F003F91FE760
:10EC90002F4828F0FFF824E72E4828F0FBF829E752
:10ECA0002D4828F0F7F88AE73B70092620220AA9A8
:10ECB00030460EF0CBF9BDF8283013B13B78013364
:10ECC0003B700136B6B21C2EF0D1237843F02003FE
:10ECD000237079E70133122B7FF479AF4FF0FF30C7
:10ECE00082E7013F82D28AE7680100205BE50400E9
:10ECF000F4060020001200201C01002067E504003B
:10ED00009DE50400B5B20020482A0020502A0020CA
:10ED1000BFE50400D2E50400E8E5040018E60400BD
:10ED20000000594048E6040088E60400B4B2002020
:10ED300000F00320E8E6040077E50400AAE50400FB
:10ED40007B630400B1630400ECC6040030C7040018
:10ED5000F8E5040028E604009BE60400EDF790FDCA
:10ED60000022BF4BEDF720FF06EB86068046F0B28F
:10ED700089460237EDF774FDC7EB471307EB8307AE
:10ED8000CDE90201B80000B2EDF77AFDB44B0022E4
:10ED9000EDF70AFF4246CDE900014B46B14828F0A5
:10EDA00079F82378B04F13F0100300F02981386808
:10EDB000AE4CEDF755FDAE4B0022EDF7F5FE0246E9
:10EDC0000B46AC4828F066F8AB4828F063F8AB4B2C
:10EDD000278BAB49AB4842F21076B74288BF194641
:10EDE00028F058F8A84828F055F8238BB4F91810E3
:10EDF000B34240F21A81A54828F04CF89B4B5A8B3D
:10EE0000B3F91A1042F210739A4240F21B81A048E3
:10EE100028F040F8954B1A8EB3F9301042F60413DF
:10EE20009A4240F25F819B4828F034F88F4C9A4E0A
:10EE3000A26AE16A9948A2FB062306FB0133D20BC2
:10EE400042EA4342DB0B28F025F8D4E90E21A2FB6D
:10EE5000062306FB0133D20B42EA43429048DB0B08
:10EE600028F018F88F4828F015F8B5F90000EDF7EC
:10EE700007FD7B4B0022EDF797FE02460B468A48C2
:10EE800028F008F842F210739F422ED8D4E90A23E2
:10EE9000D4E90E10521A63EB0001A2FB062306FB15
:10EEA0000133D20B42EA43428048DB0B27F0F2FFEA
:10EEB000B4F93000A0F5FA70EDF7E2FC684B0022DF
:10EEC000EDF772FE0646B4F91800A0F5FA700F4689
:10EED000EDF7D6FC624B0022EDF766FE3246CDE937
:10EEE00000013B46724827F0D5FF7248DFF8D49105
:10EEF000694E27F0CFFF002425464FF0000820225E
:10EF000000210AA829F090FB04F1090020220AA997
:10EF100080B20EF09BF8BDF8287004F1010A57B3D7
:10EF20005046EDF7ADFC42464B46EDF713FD3A4631
:10EF3000CDE906010023DDE90C01EEF753F8A0FB53
:10EF4000060306FB0131C00B40EA4140C90BCDE985
:10EF50000401E0B20297EDF783FC42464B46EDF721
:10EF6000F9FCDDE90623CDE900015348214627F0ED
:10EF700091FF0135EDB25446142CC0D115B94F485C
:10EF800027F088FF4E48DFF8E4A027F083FF002435
:10EF90002546204608F03EFD04F12003013480465A
:10EFA00020463AF91390EDF76BFC464B0022EDF743
:10EFB000D1FC064640460F46EDF762FC284B002286
:10EFC000EDF7F2FD404A414BB9F1000FD8BF1346AF
:10EFD000CDE9000102933E4832463B4627F05AFFF6
:10EFE000B9F1000FC8BF0125122CD2D115B939488B
:10EFF00027F050FF384813B0BDE8F04F27F04ABF64
:10F000003B600926304620220AA90EF01FF801367F
:10F010003B68BDF82800B6B218441C2E3860F1D108
:10F02000237843F010032370C2E60846EDF728FC6E
:10F030000B4B0022EDF7B8FD02460B46274827F0A0
:10F0400029FFDBE60846EDF71BFC054B0022EDF738
:10F05000ABFD02460B46224827F01CFFDAE600BF54
:10F0600000005940B7E60400006F002000F00320C4
:10F0700000003440FCE6040010E7040040E5040012
:10F080003AE5040030E7040043E7040054E70400D5
:10F0900092E70400D0E7040040420F0012E80400A9
:10F0A00032E8040054E8040067E8040086E804003D
:10F0B000C8E8040002E904001CE9040053E9040064
:10F0C00074E904000000144050E5040034250500F4
:10F0D00089E904009FE90400C6E9040076E704001A
:10F0E000B4E704000846EDF7CBFB054B0022EDF733
:10F0F0005BFD02460B46034827F0CCFE96E600BFB8
:10F1000000005940F4E7040010B526F0D8FF4FF492
:10F11000C3620023EEF7ACF8104619464E220023D6
:10F12000EEF7A6F804461946104600230D22EEF726
:10F130009FF8084B0849D2B2C0B2E4B253F822306B
:10F14000064A51F8241052F820200548BDE8104026
:10F1500027F0A0BE2C960400789604006096040068
:10F16000E6E9040008B526F0AAFF024BC3E9000156
:10F17000002008BD302A0020F8B5134D134C4FF085
:10F18000FF324FF0FF33284628F0F1FE26F097FFBC
:10F19000D4E90432D4E90276DB1B62EB06021B18C9
:10F1A00042EB0102C4E90201C4E90432214640F6FF
:10F1B0006412002018F026F8C4F864092846BDE857
:10F1C000F84027F061B800BFF408002000F00320E9
:10F1D000012837B501D9486840B91C4827F05AFEC4
:10F1E0001B4803B0BDE8304027F054BE0A2201A9F5
:10F1F00025F000FE019B1B78044613B9431E632BC8
:10F2000004D9144827F046FE03B030BD124D014624
:10F21000124827F03FFE85F89844FFF7ADFF104AEB
:10F22000012311461F200DF087FE95F898140D4814
:10F2300027F030FE26F05FFF08B10B48E2E795F8B3
:10F2400098140A4827F026FEDEE700BFEEE9040026
:10F2500006EA040032EA040000F0032068EA040031
:10F2600098F4032082EA0400E0E104009FEA04002D
:10F2700008B50E4827F00EFE0D4BFF2283F89824A8
:10F28000FFF77AFF0B4A012311461F200DF054FEB1
:10F29000094827F0FFFD26F02EFF20B10748BDE802
:10F2A000084027F0F7BD0648F9E700BFC2EA0400AE
:10F2B00000F0032098F40320F1EA0400E0E10400E8
:10F2C00024EB040008B50CF0DFFB054A0023C2E97B
:10F2D0002833FFF751FFBDE80840024826F0D4BFAD
:10F2E00000F403200809002001282DE9F34101D989
:10F2F0004C6894BB0125244C0123237026F0E1FEC9
:10F300004FF47A736B430026C4E90201C4E9043662
:10F31000A661266208F0BAFA0C20D4F81C8010EE20
:10F32000107A16F031FD044670B1184BC0E905356E
:10F330003846EDF7B7FAC4E908010723C4F8288076
:10F3400023746674A674E67411494FF46352204620
:10F3500002B0BDE8F0411FF06DBF0A2201A92046AE
:10F3600025F048FD019BA34209D01B783BB9431E01
:10F370003B2B04D81E2B34BF05460A25BBE70548A6
:10F3800027F088FDB6E700BF0800002080EB0400EE
:10F390003C9104004CEB04002DE9F04F2DED088B5F
:10F3A0000620CFB016F0F0FC38B1C64B4361022303
:10F3B0000374002343748374C374C3494FF48652A7
:10F3C0001FF038FF062016F0DFFC38B1BF4B436159
:10F3D00002230374002343748374C3744FF486526E
:10F3E000B9491FF027FF002400210CA8FEF7C4FF35
:10F3F000CDE90644089426F064FE07468946FEF7E8
:10F400003DFA082016F0C0FC40B1B14B4361122315
:10F4100083610323037444748474C474AD494FF44A
:10F42000C6521FF007FF062016F0AEFC38B1AA4BFB
:10F43000436102230374002343748374C374A54996
:10F440009FEDA6AADFEDA6AA4FF486521FF0F2FEAA
:10F450004FF0000845460121042009F039F8072043
:10F460000CF0E8FF26F02DFE47F23153C01B61EB94
:10F470000901984271F1000142DB082016F084FC7A
:10F4800048B1984B43611E23836103230374002317
:10F4900043748374C3748F494FF4C4521FF0CAFE7F
:10F4A000082016F071FC002840F0F38186494FF4E3
:10F4B00002521FF0BFFE052D4FF0080040F3F5810A
:10F4C00016F062FC40B1884BC0E905350323037494
:10F4D000002343748374C3744FF4C6527A491FF0F7
:10F4E000A9FE08F039F9814B814993ED001B814B4E
:10F4F0000CA893ED000B05F057FFFEF7BFF982E172
:10F5000003AE4FF400420023304620F0B1FB044626
:10F51000002840F0E38196ED009ADDED067AD6ED05
:10F52000018A96ED028A79EE677A09A9CDED097A0A
:10F53000DDED077A78EEE77A02ABCDED0A7ADDED04
:10F54000087A78EE677A03220846CDED0B7A19F037
:10F550008BF8DDED027AF5EEC07AF1EE10FA0DF1DE
:10F56000180A06DBF1EEE77AF4EECA7AF1EE10FA49
:10F5700078D808F16408B8F5FA6FD4BF00230123E6
:10F5800096E807008AE80700002B00F08A8009ABA4
:10F5900003223146304619F067F8DDED097AF5EEC1
:10F5A000C07AF1EE10FAFFF65AAFF1EEE77A9FED6E
:10F5B000527AF4EEC77AF1EE10FA3FF550AF89EEC9
:10F5C000276A18AA0023C8EEA76A88EE277A9D4208
:10F5D0004BD14EAA0C2303FB052303ED366A43ED02
:10F5E000356A03ED347A26F06CFD0746082089461B
:10F5F00005F1010A16F0C8FB002856D135499FEDE8
:10F600003FBA4FF403521FF015FE0121022008F00B
:10F610005FFF03AE4FF400420023304620F028FB8A
:10F62000002840F05B810DF1180BB0EE4B0A5946F3
:10F6300030460CF05DFF002866D10190062016F0E0
:10F64000A3FB38B12E4B019A436102230374427429
:10F650008274C2741F494FF486521FF0EBFDAA4614
:10F660005546F8E6A04623468AE71146D1ED017AD1
:10F67000D1ED005A66EEA77A46EE257A0C32D1ED2E
:10F68000025A47EE257AF4EEEA7AF1EE10FA01DC3E
:10F6900001339CE70520012108F01AFF642026F0C1
:10F6A000FBFC142026F0F8FCD9E6164BC0E9053A1D
:10F6B0001223C36104230374002343748374C3744B
:10F6C0009CE700BFCFEB0400F48F0400FCEB0400C8
:10F6D00020EC0400FC8F040057EC04000AD7A33C84
:10F6E0006666663F93EC040088ED0400202A002043
:10F6F00000270020282A0020CDCCCC3D8FC2F53C2D
:10F70000D8EC0400C0EC040096E807008BE8070082
:10F71000B068EDF7C7F841EC190B7068EDF7C2F867
:10F7200041EC180B3068EDF7BDF8B0EE492AF0EE69
:10F73000692AB0EE481AF0EE681A41EC100BB94A8B
:10F74000B949BA4805F07CFD0134322294FBF2F34A
:10F7500002FB13432BB9B64827F09CFB07200CF0A3
:10F7600069FEB4F5FA7F7FF454AF0820012108F058
:10F77000AFFE082016F008FB40B1AE4BC0E9053AD9
:10F7800003230374002343748374C374AA494FF49E
:10F79000C6521FF04FFD4FF4FA7026F07DFCBAF10F
:10F7A000120F7FF45DAF062016F0EEFA38B1A34BCE
:10F7B000436102230374002343748374C3744FF4BE
:10F7C00086529D491FF036FD07F0C6FF954B9749BD
:10F7D00093ED001B944B0CA893ED000B05F0E4FD9A
:10F7E000FEF74CF8062016F0CFFA38B1944B43617F
:10F7F00002230374002343748374C3748E494FF44B
:10F8000086521FF017FD062016F0BEFA38B18D4B58
:10F81000436102230374002343748374C3748A49CD
:10F820008A4F4FF486521FF005FD0CAE002556F8A6
:10F8300004BB0E20D6F808A0D6F81490D6F8208085
:10F8400016F0A2FA0446D0B147615846EDF72AF8FF
:10F85000C4E906015046EDF725F8C4E90801484619
:10F86000EDF720F8C4E90A014046EDF71BF80A223B
:10F87000C4E90C01227400226274A274E274724919
:10F8800045F2C002204601351FF0D4FC032DCED135
:10F8900028E06F4BC0E905350623C36104230374D8
:10F8A000002343748374C37400E616F06DFA48B104
:10F8B000684B4361684B83610323037400234374E3
:10F8C0008374C37460494FF4C2521FF0B3FCFDF758
:10F8D000D5FF0121084608F0FBFD67E0FDF7CEFFEC
:10F8E0005E4B0C9300210CA8FEF77AFD044600281D
:10F8F00061D00121084608F0EBFD062016F044FA1D
:10F9000038B1574B4361022303740023437483745B
:10F91000C3744D494FF486521FF08CFC062016F03C
:10F9200033FA38B1474B4361022303740023437415
:10F930008374C37444494B4E444F4FF486521FF0B6
:10F9400079FC032556F804BB0E20D6F808A0D6F89B
:10F950001490D6F8208016F017FA0446D0B147610B
:10F960005846ECF79FFFC4E906015046ECF79AFFB2
:10F97000C4E908014846ECF795FFC4E90A0140468E
:10F98000ECF790FF0A22C4E90C0122740022627491
:10F99000A274E2742C4945F2C00220461FF04AFCD2
:10F9A000013DCFD101212846FEF71AFD4FB0BDEC35
:10F9B000088BBDE8F08F062016F0E6F930B12A4B2F
:10F9C00043610223037444748474C4741E49254D36
:10F9D0004FF486520CAC1FF02DFC0FCC0FC50FCC92
:10F9E0000FC594E80F0085E80F0006F081FC0720A2
:10F9F0001E493023A5F120020DF09EFA062016F0D4
:10FA0000C3F938B11A4B43610223037400234374D2
:10FA10008374C3740C494FF486521FF00BFC012110
:10FA2000092058E7202A0020282A0020002700204B
:10FA3000EF27050004ED0400FC8F040013ED040023
:10FA400035ED0400F0ED0400F48F040006EE040030
:10FA500057ED0400B8ED0400A21905000000C07FB6
:10FA60001AEE0400E066002039EE040044F10320A1
:10FA70004EEE040080B5614C61498CB0204621F007
:10FA8000DDFD20465F4921F0D9FD5F4B5F4A1C60D8
:10FA90005F4B1A605F4B00241C601EF095F95E48B6
:10FAA00027F0BAFC22465D495B485B4C27F014FD09
:10FAB000204627F0CAFC002863DC574827F0CDFC1D
:10FAC0001FF08AFA002862D114232622CDE90132E0
:10FAD0000C23534800930822162340F2EA7127F0C2
:10FAE000D9F9504A50495148514E444F27F0D2F964
:10FAF000504827F0CFF9316811B1384621F09EFD0A
:10FB00004FF0FF324FF0FF33404822F0FDFD00215F
:10FB100004463060202204A828F086FD4649601D76
:10FB2000034610F8012B8D5C15F00805F8D104A8E8
:10FB30000446AE461A7872BB0CAA02EB850200237B
:10FB400042F8203C002DD6D050F8042B013A12F890
:10FB5000014F002C40D10133AB42F5D1DDF81090BC
:10FB6000DFF8E08058F83410484608EBC40AEDF797
:10FB70002EFC00283AD1DAF8043004A92846984728
:10FB8000B9E7012204A9204627F017FC90E70120DD
:10FB9000FAF7CAF994E70135082D04D1274807215F
:10FBA00027F078F9A7E744F8043B1A4613F801CB8D
:10FBB000BCF1000FC0D011F80CC01CF0080FF4D03D
:10FBC00002F801EB1346013293F800C011F80CC0A3
:10FBD0001CF0080FF6D1ADE711F804C00CF0030CCF
:10FBE000BCF1010F08BF20341470B0E701341C2CA5
:10FBF000B8D1134827F04EF97DE700BFB8090020BF
:10FC000034670020BC67002030670020CC0900204A
:10FC10002C67002028670020B08A040041AD030053
:10FC20006FC30400C9C30400CDC304000AC40400A8
:10FC30004468002063EE04009AA405008CEE0400E2
:10FC4000AAEE0400449704002DE9F04F2DED028B3D
:10FC500095B0062002AF16F097F838B1C04B43615B
:10FC600002230374002343748374C374BD494FF4A7
:10FC700086521FF0DFFA062016F086F838B1BA4B2C
:10FC8000436102230374002343748374C3744FF4E9
:10FC90008652B4491FF0CEFA0121042008F018FC66
:10FCA00020F044F8012118B9084608F011FC64E27C
:10FCB000022008F00DFC4FF4FA7026F0EDF9AB4B82
:10FCC000BB617B61AA4B93F800B0BBF1010F07F158
:10FCD000280640F0C281062016F056F838B1A54B30
:10FCE000436102230374002343748374C3749D49E6
:10FCF0004FF486521FF09EFA07F036FD062016F0EC
:10FD000043F838B19C4B43610223037400234374CE
:10FD10008374C37493494FF486521FF08BFA974B48
:10FD2000974993F800900D784FF48073BB86B62204
:10FD30007E21002005F024FA0446022026F0ACF9CA
:10FD400000213246084605F005FAF860C820FAF7A7
:10FD5000EBF800227C21104605F012FA82464FF49F
:10FD6000E170FAF7E1F80EF0DDFE804678B3834AE1
:10FD70008349FF2313700B704FF0FF34062016F0F9
:10FD800003F838B17F4B43610223037400234374AB
:10FD90008374C37473494FF486521FF04BFA07F013
:10FDA000F7FC0620002C00F03D8115F0EDFF38B186
:10FDB000754B436102230374002343748374C3743B
:10FDC00068494FF484521FF035FA01216CE7802214
:10FDD000772105F0D5F9FB681C4344EA0A040422A4
:10FDE0007D210443404605F0CBF90443022026F070
:10FDF00053F904226921404605F0C2F90122044367
:10FE00002F21404605F0BCF90222044307F13401DA
:10FE100032201DF03FFF022204437E21404605F0C0
:10FE2000AFF944EA0008C82026F036F907F11C02B1
:10FE30006921002005F08EF93B7F042B48EA000879
:10FE4000F1D000222F21104605F09AF907F11C028B
:10FE500004463821002005F07DF997F81CA00443E2
:10FE600044EA0804DFF83881BAF1000F4DD00820C9
:10FE700015F08AFF40B1454BC0E9053A03230374EE
:10FE8000002343748374C37441494FF4C6521FF076
:10FE9000D1F93B7F032B10D1062015F075FF38B147
:10FEA0003C4B436102230374002343748374C37483
:10FEB00037494FF486521FF0BDF94FF0000BB622C0
:10FEC0007E21002088F800B005F05AF90443022092
:10FED00026F0E2F800210846324605F03BF90443DB
:10FEE000C820FAF721F89FED2C1A00210846F0EE01
:10FEF000410AB0EE410A0EF009FFB9F1000F51D1ED
:10FF0000002D57D108222B4662E0032308F101029D
:10FF10007821504605F008F998F8023098F8012049
:10FF2000BB60044398F803307A600A20FB6015F048
:10FF30002BFF78B1BB68C361FB6818497A6803621C
:10FF4000052341618261037480F811A080F812A03A
:10FF500080F813A00E494FF423521FF06BF9AEE75F
:10FF6000D6EE0400F48F0400FCEB04000000C07F18
:10FF70002FB2002014EF04002DEF0400D30700205F
:10FF8000D2070020BAEF0400D1EF040051EF0400C3
:10FF90004C8F04006AEF04000000000085EF0400AD
:10FFA00030B2002049F0A0024021002005F0E8F81E
:10FFB0000443ADB345F0E0024221002005F0E0F833
:10FFC000B9F1000F44EA00040CBF08220C220223FE
:10FFD0001A437D21002005F0D3F8204315D00820D6
:10FFE00015F0D2FE48B1744B4361744B8361032317
:10FFF0000374002343748374C37471494FF4C25271
:020000040002F8
:100000001FF018F94FF0FF094D466E4B98F800406D
:1000100083F800906C4BB4FA84F41D706409ADE66B
:100020000C2270E715F0B0FE30B1684B436102233B
:10003000037444748474C47465494FF486521FF089
:10004000F9F81E20634A644980230CF075FF06F01E
:100050004FF94FF4FA7026F01FF8062015F094FEC1
:1000600038B15E4B436102230374002343748374ED
:10007000C3745749DFF880814FF4865207F11C049E
:100080001FF0D8F8002221463046FEF7BDF840F6B2
:10009000B833009307F1140241F2883307F11801D5
:1000A0002046F7F7E9FA0546002800F0A780411C32
:1000B0000ED1062015F068FE38B1494B436102238A
:1000C0000374002343748374C3744FF486520FE0A7
:1000D000821C58D1062015F057FE38B1414B4361C0
:1000E00002230374002343748374C3744FF4845253
:1000F00037491FF09FF80121084608F0E9F906206A
:1001000015F042FE38B1384B4361022303740023DB
:1001100043748374C3742E494FF486521FF08AF8D7
:100120000C20D8F80090D8F80460D8F8085015F0E2
:100130002BFE0446B0B12D4B43614846ECF7B2FBB1
:10014000C4E906013046ECF7ADFBC4E908012846D6
:10015000ECF7A8FB0823C4E90A01237400236374A5
:10016000A374E3741A4944F2C00220461FF062F8F7
:10017000002101220846FEF7A5F84C37BD46BDEC2C
:10018000028BBDE8F08FC31C06D1062015F0FCFDE4
:1001900000289AD0164B91E7082015F0F5FD40B1E4
:1001A000144BC0E90535032303740023437483749F
:1001B000C3744FF4C4529BE7A2EF0400BA190500C0
:1001C0004C8F0400D3070020D207002005F0040064
:1001D000F48F040030B200206DF0032027F00400FB
:1001E00034F0040044F004001AEE0400BAF00400F5
:1001F00082F00400A3F004001C670020D7ED097A08
:10020000D7F81CB0D7F820A0C7ED037A0C2015F062
:10021000BBFD8146C8B1874A42615846ECF742FBB4
:10022000C9E906015046ECF73DFBC9E90801F86849
:10023000ECF738FBC9E90A01082289F8102089F88F
:10024000115089F8125089F813507B4944F2C002CA
:1002500048461EF0EFFF002221463046FEF732F8F6
:10026000054600287FF447AF062015F08DFD30B11C
:10027000724B43610223037445748574C5746E49DF
:100280004FF486521EF0D6FF96E807006C4B83E8C9
:10029000070094E8070088E807001FF043FE694B59
:1002A0001B78002B00F01D82D7ED067AF4EE677AFA
:1002B000F1EE10FA80F1158220206349042307F142
:1002C00018020CF039FE062015F05EFD38B15F4BC8
:1002D000436102230374002343748374C374564937
:1002E0004FF486521EF0A6FF594B97ED060AD3ED48
:1002F000007AF4EE677AF1EE10FA0BD670EE677AB8
:100300009FED547AF4EEC77AF1EE10FA7ADD524A94
:100310000121117007F1340083ED000A04F0AEF8FA
:10032000002800F0C08097F8441097ED067A002965
:1003300000F0B9809FED498ADFF82CC100221346F6
:10034000F0EE485AB0EE486A164602F14B000CEB4C
:100350000010D0ED006AF5EE406AF1EE10FA15D00B
:1003600076EEC77AF0EEE77AB4EE678AF1EE10FA2D
:10037000F4EEC76AC8BFB0EE678AF1EE10FA4BD54B
:10038000F4EEC67AF1EE10FA4ED40B460132462A4C
:10039000DBD1FB6017EE100AECF784FA804618EE0A
:1003A000100A8946ECF77EFAF6EE007AB4EEE78A98
:1003B000F1EE10FAFB6882468B4657D80A2015F0FA
:1003C000E3FC58B1264B4361C0E906890623C0E926
:1003D00008AB0374002343748374C37416494FF449
:1003E00043521EF027FF0820BD6915F0CDFC0446DE
:1003F000002840F034814FF403520F4920461EF08C
:1004000019FFFBE09FED177AF4EEC77AF1EE10FAD0
:1004100080D5114A02217CE7B8DDF4EEE57AF1EEF1
:1004200010FA04D40E46B1E7B0EE676AADE7F0EE1D
:10043000675AF7E7BAF00400F48F040039EE0400BD
:1004400010670020B3B20020ACF40320D9F0040000
:1004500060010020CDCC4C3EB0B200200000807F77
:100460002AF10400CDCC4CBE00F00320002B00F09C
:10047000DA80002E40F0D980A54B6E468EB002AADD
:10048000136240F201431386A249A34B5161C2E9B2
:100490000689C2E90AABA14842F8103F44F2C041C4
:1004A0001FF010FEB5460A20D7F81890D7F8148030
:1004B00015F06AFC0646002840F0DF803046974978
:1004C0004FF443521EF0B6FE97ED068AF2EE047A20
:1004D00078EE677A77EEA77AFDEEE77A17EE906A04
:1004E000452E00F2E880DFF88C8233019844D8ED85
:1004F000007AF5EE407AF1EE10FA00F0D580884BE4
:100500001B78012B00F0CC809FED868A864A022B57
:10051000F6EE007A854B18BFB0EE678A18BF134617
:10052000EA468CB00DF10809814A18EE100AC9E9B3
:100530000523ECF7B7F94A464FF40073A9F82830C1
:100540007C4BC9E9080142F8103F74484FF45351FD
:100550001FF0B8FDB7EE007A37EE487A7649D546F7
:100560002246B000431903F59673D2ED007A01EBF1
:100570008303D3ED016A68EE277A47EE267A0135C8
:10058000032DE2EC017AEDD10C20D7F81CB0D7F89E
:1005900020A0D7F8249015F0F7FB0546B0B1674BC3
:1005A00043615846ECF77EF9C5E906015046ECF781
:1005B00079F9C5E908014846ECF774F90823C5E95B
:1005C0000A012B7400236B74AB74EB74534944F22F
:1005D000C00228461EF02EFEBB69C8F8003094E821
:1005E0000700574B3601334483E80700524B002283
:1005F00083F84E2906F066F80CF088FC062015F00A
:10060000C3FB38B14F4B436102230374002343748F
:100610008374C37441494FF486521EF00BFE0121CE
:100620000920FFF742BB484B27E70C2015F0ACFB35
:1006300078B1464B4361464B0022C0E90A23C0E92A
:1006400006890823C0E908AB03740023437483744C
:10065000C374324944F2C0021EF0ECFD23E73D4B67
:1006600043612846ECF71EF9042323740023C4E9F0
:1006700006016374A374E374BDE6374B43614846D7
:10068000ECF710F9C6E906014046ECF70BF9062332
:1006900033740023C6E908017374B374F3740DE76F
:1006A0009FED2E8A2E4B3BE7234AB2F84C3901339B
:1006B000A2F84C3990E7082015F066FB044668B1B3
:1006C000284B436118EE100AECF7ECF80423C4E958
:1006D0000601237400236374A374E3744FF402527D
:1006E0008BE60420204A21490C230CF025FC06202F
:1006F00015F04AFB38B11E4B4361022303740023FB
:1007000043748374C37405494FF4865277E600BF7F
:10071000C1EE04007DF1040008000001F48F040024
:10072000B0B200209A99193E79CA0400CEEE0400B6
:100730008EF204000600000100F00320C9F204005C
:10074000B4F403204EEE0400BBEE0400C6F1040036
:100750000000E03F10F2040049F204003333333F5D
:10076000C7EE0400EDF204001C670020FCF003203B
:1007700044F30400B0F403202DE9F04105461F4680
:1007800014461E4625F09BFC012871F1000105DB93
:1007900025F095FC0019044641EB0706DFF8908030
:1007A0001E4FD8E90023C7E90023D8E90013D7E991
:1007B0000002884272EB03031FD200220023C7E924
:1007C000002325F07CFCA042B1411FDB082015F07E
:1007D000DBFA48B1124B4361124B8361032303746C
:1007E000002343748374C3740F494FF4C2521EF044
:1007F00021FD4FF0FF30BDE8F08125F060FCA04204
:10080000B141DADA0120F9F78FFBCEE7074B93E825
:10081000070085E807000020EDE700BFE026002084
:1008200074F30400911905000C9004007866002010
:10083000E826002070B52DED028B064607C8694BEF
:1008400083E80700684AD2E90031013341F1000131
:10085000C2E90031654AD2E90032134386B002D0C2
:100860000120F9F761FB624B1D78624B1B786C46E7
:1008700073BBEDB9604B1A6800925A689B6801928D
:1008800002935E4B93F8603923B15D4922462046BE
:100890001DF0D2F93246214630461DF07BFA94E82D
:1008A0000700584B83E8070006B0BDEC028B70BD13
:1008B00006F0DCFFF0EE408A534B93F8742422BB21
:1008C0002046B0EE680AF0F767FC0028D9D0D1E7DF
:1008D00006F0CCFFB4EE400AF1EE10FAF0EE408ADA
:1008E00010D6F2EE047AB4EEE70AF1EE10FA09D46B
:1008F000DFED467AB4EEE70AF1EE10FA02DC30469C
:1009000005F05AFF002DD7D1B4E73C4AD3F8701454
:10091000B2F84C299142D3D1B2EE048AF4EEC88ADF
:10092000F1EE10FA07D51A7B002AC9D093E8070028
:1009300084E80700A5E7DFED357AF4EEE78AF1EE0B
:1009400010FA06DD93F86C24002AB9D003F58C6305
:10095000ECE738EEC88A38EE088AFDEEC87A17EE62
:10096000905A002D35DB6A1C462A35DC03EB051056
:100970002901007B0028A3D0100103EB0212127B97
:10098000002A9DD007EE905AF8EEE77A38EE678A93
:10099000B5EEC08AF1EE10FA21D4F7EE007AB4EE8B
:1009A000678AF1EE10FAC8BFB0EE678A5D18184486
:1009B00003AA29461DF0EEF903A908460322B0EE6A
:1009C000480A17F06FFE224603A928461DF034F9A5
:1009D00057E701220025C9E746224525C6E79FEDD6
:1009E0000C8AE3E778660020E8260020E026002055
:1009F0002DB20020B3B200201C67002000F00320BD
:100A000054F90320504B0020786A00200000344243
:100A10000000000010B54FF0FF3304464FF0FF32E6
:100A20001E4827F0A4FA631C1D4B20D04CB31A6853
:100A300022B91C4A92F90020002A27DA082015F072
:100A4000A3F948B1184B4361184B83610323037426
:100A5000002343748374C37415494FF4C2521EF0CB
:100A6000E9FB0E4825F010FC4FF0FF3407E00022B0
:100A70001A60104B09481A7025F006FC0024204625
:100A800010BD06481C6825F0FFFBF8E703481C6012
:100A900025F0FAFB084825F03AFBEFE7B8080020FC
:100AA0005C4B0020BA770020F8D9040057190500E4
:100AB0002C9004002CB200204809002010B5002022
:100AC000FFF7A8FF0446B8B1082015F05DF948B15A
:100AD000354B4361354B8361032303740023437417
:100AE0008374C37432494FF4C2521EF0A3FB3148E1
:100AF000BDE8104026F0CEB903F00CFC2E4B2F4A77
:100B00001C702F4B06201A6015F03EF930B12D4BAA
:100B100043610223037444748474C47424494FF4FD
:100B200086521EF087FB4FF48C620021264827F086
:100B30007BFD30220021254827F076FD244A254BF5
:100B400000241146DC64232004230CF0F5F91E4A2E
:100B50004FF48C63114621200CF0EEF91B4A302330
:100B6000114622200CF0E8F91B4B1C4A83F860491F
:100B70000023136053609360062015F005F930B12F
:100B8000174B43610223037444748474C47408498A
:100B90004FF486521EF04EFB03F034FC03F0FEFBD4
:100BA00005F0A6FB0F48A3E791F304009418050095
:100BB0002C900400CEF30400B0B200200000C07FEF
:100BC00060010020F6F30400B0F4032010F90320C4
:100BD0004CF9032000F9032000F0032054F903200E
:100BE00016F404003EF404002DE9F04F2DED028BC5
:100BF00001288DB005D94D68022814BF8C680024E7
:100C00003DB9B6480DB0BDEC028BBDE8F04F26F003
:100C100041B9B3492846ECF7DAFB20B9012003F0CB
:100C200029FFB048EEE7B0492846ECF7D0FB18B9E9
:100C300003F020FFAD48E5E7AD492846ECF7C7FBD8
:100C4000002840F0BF81AB4EAB4826F023F9AB4AF9
:100C5000AB4B3178AB4800290CBF1146194626F042
:100C600019F903F0BBFB0146A74826F013F903F07E
:100C7000A9FB012840F01081A448042126F00AF9BC
:100C8000A34CA44B94F84E19A34AA44800290CBFC6
:100C90001146194626F0FEF8B4F84C19A048462231
:100CA00026F0F8F89F4B9B4893F8752493F874440A
:100CB000032A96BF9C499D4A51F822204721009162
:100CC0009549D3F88434002C18BF0146984826F083
:100CD000E1F806F0CBFD07A8B0EE408A03F0CEFBAA
:100CE000BDF81E50044625B3DDED097ADDED0A8A14
:100CF000F4EEE87AF1EE10FA10D517EE900AEBF761
:100D0000D1FD804618EE900A8946EBF7CBFD4246AE
:100D1000CDE900014B46874826F0BCF8002C40F096
:100D2000BF808549854B032D88BF1946844826F02E
:100D3000B1F8774C834826F0ADF894F86039002B71
:100D400000F0B080804B1868EBF7ACFD7F4B80461D
:100D500018688946EBF7A6FDCDE902017C4B1868BF
:100D6000EBF7A0FD4246CDE900014B46794826F05D
:100D700091F8794826F08EF8784BD3E90089784BC2
:100D80001C78002C00F09D8025F09BF9754AD2E973
:100D90000047041B61EB0707DFF824A2724826F026
:100DA00079F8DAED007AF4EE677AF1EE10FA80F174
:100DB0008A8017EE900AEBF775FD02460B466B48EA
:100DC00026F068F818EE100AEBF76CFD02460B46A9
:100DD000674826F05FF8DAED007AF4EE677AF1EE14
:100DE00010FA10D638EE678AF0EEC87A17EE900A3D
:100DF000EBF758FD0B465F4902460020CDE90001A4
:100E00005D4826F047F85D4826F044F85C4826F037
:100E100041F8B8F1010F79F1000358DB25F051F9E1
:100E2000B0EB08004FF47A724FF0000361EB090158
:100E3000ECF71EFA02460B46524826F02BF8012C1E
:100E400077F1000307DB4FF4FA5300934E48224634
:100E50003B4626F01FF8002D3DD04C48274D4C4C0A
:100E600026F018F83378002B0CBF2E46264603F0E8
:100E7000B5FA31460246474826F00CF8464B47483B
:100E8000197800290CBF294621460DB0BDEC028B14
:100E9000BDE8F04F25F0FEBF384825F0FBFFEFE638
:100EA0003F4943E73F4825F0F5FF94F851193E4A82
:100EB0003E4B3F4800290CBF1146194625F0EAFF7A
:100EC0005AE7274668E73B4825F0E4FF7AE73A48C7
:100ED00025F0E0FFB3E73948C0E700BF19F504008B
:100EE0009B3A050094F5040015C30400B0F5040016
:100EF0006F78050036070020E6F50400C4280500D9
:100F000080F404000DF6040028F604003DF6040009
:100F100000F0032095F4040099F404005DF6040049
:100F200074F60400786A0020249804009CF40400FD
:100F300093F60400C1F60400CFF40400ECD60400DC
:100F4000ECF6040009F7040054F903205CF90320CF
:100F500058F903202CF7040052F70400402A00201F
:100F6000B2B20020382A0020A8F70400A3FD040034
:100F7000C9F704000000F03FE1F704003325050045
:100F800002F8040019F804003EF8040075F80400A3
:100F9000CCAE0400D3F80400B3B20020F6F804008D
:100FA000A4F404006FF704000AF50400FBF4040045
:100FB0008CF70400C4F704002BF804009FF8040029
:100FC00064010020A3492846ECF701FA30B90DB0BE
:100FD000BDEC028BBDE8F04FFFF770BD9E4928467F
:100FE000ECF7F5F9D8B90CB99C480BE69C492046BA
:100FF000ECF7EDF938B9012003F018FA994825F01B
:1010000049FF9948FEE599492046ECF7E0F918B9FF
:1010100003F00CFA9648F5E59648214635E79649DF
:101020002846ECF7D4F90646002859D1934FB7F873
:101030004C1909B99248E5E5924825F02BFF9248F2
:1010400025F028FF914825F025FF8F4825F022FF45
:1010500034464FF00A0A350105F1005B0BF57C3B85
:101060000BF59662D2ED007AF5EE407AF1EE10FAC9
:1010700023D017EE900AEBF715FC3D4405F2BC4275
:10108000804610688946EBF70DFCCDE9040105F5B3
:10109000976501342868EBF705FCCDE902010BF2F6
:1010A000B443A4B21868EBF7FDFB4246CDE900015A
:1010B0004B467748314625F0EDFEB4FBFAF30AFBC8
:1010C00013439BB21BB914B1142024F0E5FF013681
:1010D000462EC0D16C4825F0DDFE6E482146D4E690
:1010E0006D492846ECF773F9002877D10CB96B48A5
:1010F00088E507900A2207A9204623F07BFE079B7C
:1011000005466BB1A3420BD06549079B1E78002EA4
:1011100000F0A9818A5D120707D46248214601E0E8
:101120006148214625F0B6FE09E001330793ECE75C
:10113000452D09D95D484522294625F0ABFE0DB065
:10114000BDEC028BBDE8F08F594E2B011E44D6ED4D
:10115000007AF5EE407AF1EE10FA3CD003F0DAF8BE
:10116000082014F011FE38B1524B4474C0E9053523
:10117000032303748474C4744FF4C6524E491EF0A2
:1011800059F800234D4A33602B011A440023C2E969
:1011900000339360394A04F14B0102EB0111D1EDA8
:1011A000007AF5EE407AF1EE10FA18BF013304F13F
:1011B000010418BF9BB2462CEDD1A2F84C39002394
:1011C0003F4882F84E39294625F064FE05F07AFA48
:1011D0000BF09CFEB3E73B482946A3E73A49284673
:1011E000ECF7F5F820BB7CB906F040FBB4EE400A02
:1011F000F1EE10FA01D7354804E50DB0BDEC028BD5
:10120000BDE8F04F03F0B4BC002307A920460793C4
:1012100023F0E4FC079BA34201D01B782BB12C48A0
:10122000214625F037FE2B4837E103F0A1FC86E785
:1012300029492846ECF7CBF80646002840F0AD8057
:1012400006F014FBB4EE400AF1EE10FA48D723483A
:10125000D8E400BFC1C904009CDF04000CF90400FD
:101260009B3A05003EF9040088F9040015C3040008
:10127000CDF90400EFF9040026FA040000F0032081
:101280002BFA040063FA040099FA0400CDFA040072
:1012900002FB04002DFB040054FB04005BFB040074
:1012A0009AA40500660005008BFB0400FFFB040008
:1012B000B0F4032031FC04002C900400B4F40320AB
:1012C00053FC04008AFC0400B9FC0400BEFC0400CA
:1012D00014FD04004CFD04003721050065FD0400E9
:1012E0006F4A9FED708AB2F84C39002B4DD0DFED7C
:1012F0006E8A06F14B0302EB031393ED007AB5EE11
:10130000407AF1EE10FA0DD077EE407AF0EEE77AFF
:10131000F4EEE78AF1EE10FAC8BFB0EE478AC8BF14
:10132000F0EE678A0136462EE3D1DFED607AF4EE07
:10133000E78AF1EE10FACCBF0126002610EE100A63
:10134000EBF7B0FA02460B46594825F0A3FDB4EE80
:10135000488AF1EE10FA1ED618EE100AEBF7A2FA40
:10136000044618EE900A0D46EBF79CFA2246CDE9AA
:1013700000012B464F4825F08DFD4F4B4F48002272
:1013800025F088FD2EB14E483CE4F0EE488A012657
:10139000D4E74C4836E44C4834E44C492846ECF752
:1013A00016F800285CD1002C42D13D4C4848494EEB
:1013B000494D25F06FFD94F85019484800290CBF9D
:1013C0003146294625F066FD94F851194448002914
:1013D0000CBF3146294625F05DFD94F8521941486D
:1013E00025F058FD94F860193F4800290CBF31469C
:1013F000294625F04FFD94F86039B3B13B4B18688E
:10140000EBF750FA3A4B044618680D46EBF74AFAE8
:10141000CDE90201374B1868EBF744FA2246CDE9D3
:1014200000012B46344825F035FD3448FFF7EABB70
:1014300033492046EBF7CBFF28B9012003F0F2FA3D
:101440003048FFF7DFBB30492046EBF7C0FF20B93B
:1014500003F0E8FA2D48FFF7D5BB2D48214614E5E7
:101460002C48294611E53046FFF7D4FA04460028F7
:101470003FF45EAE082014F087FC40B1264B436178
:10148000264B83610323037446748674C67424490F
:101490004FF4C2521DF0CEFE224825F0FBFC4EE672
:1014A00000F003200000C07F0000807F6666063FDA
:1014B0008EFD0400AAFD04000000E03FDEFD0400F4
:1014C00003FE04004AFE040085FE040092C90400E5
:1014D000C4FE040016F5040012F50400DEFE04004C
:1014E000EDFE0400FEFE04000EFF040054F903208C
:1014F0005CF9032058F9032024FF040048FF04008E
:101500009B3A050064FF040015C304009CFF04001F
:10151000B8FF0400EFFF0400C0FB0400D61905006B
:101520002C900400CEF304004FF0FF3310B52B488D
:101530004FF0FF3226F01BFD294B93F90030002BB2
:1015400002DB284B1C7864B1244824F09DFE264B16
:101550001B689A0640D4BDE810400121202006F007
:101560003BBD224A1168B1B11C4824F08DFE082011
:1015700014F00AFC40B11E4B43611E4B83610323F0
:10158000037444748474C4744FF4C252BDE81040B0
:1015900019491DF04FBE06211048116001241C702E
:1015A00024F072FE104B1B689B0603D421462020BA
:1015B00006F012FD114824F0AAFD062014F0E4FB09
:1015C00038B10F4B436102230374002343748374C7
:1015D000C3744FF48652D9E710BD00BFB80800208D
:1015E000BA7700202CB20020D04C00205C4B0020A9
:1015F000F8D90400721905002C9004004809002055
:10160000930005002DE9F0412DED088B92B00546C1
:10161000FCF758FF002800F06081B54824F02AFD4F
:101620000446B44824F026FD84422DD04FF0FF3309
:101630004FF0FF32B04826F09AFCAD4824F01AFD76
:101640004FF4446204460021AC4826F0EDFF00212F
:10165000AB4824F015FD2146A64824F011FDA6480C
:1016600024F012FE0021A74824F00AFD1C22A648FF
:10167000002126F0D9FFA54A0023C2E90033936078
:10168000A34AC2E900339360A24B93F90030002BC8
:10169000C0F2238124F02BFD064624F01AFE0146F9
:1016A0009D4821B124F0E6FC18B99B48314624F04E
:1016B000E7FC9A4824F0DEFC18B1301A0028C0F28A
:1016C0000C8106AC00232046CDE903330593FCF7DB
:1016D000DBFF03A920460AF0EFFEB0EE408AFCF7DC
:1016E000ADFFB5EE408AF1EE10FA15D0DFED8C7A41
:1016F000B4EEE70AF1EE10FA0ED524F0EAFD58B187
:10170000854824F0B7FC002800F0E780301A41F249
:101710008833984240F2E1807A4824F0ABFC18B15B
:10172000301A1D2840F2D9807E4F97ED016A97ED5F
:10173000007AD7ED027A26EE066A07EE076A07EE10
:10174000A76AF6EE087AB4EEE76AF1EE10FA00F155
:10175000C480DFED757AB4EEE76AF1EE10FA00F3BB
:10176000BC802B6806936B6807932046AB68089390
:1017700024F0CFFCDFED6D9AB4EEE90AF1EE10FA39
:1017800000F1AB806048214624F03FFD5E4803AA8B
:10179000214624F017FD002800F09F80B0EE460A95
:1017A00021F06EFDB7EE008AC8EE007A5448DFF8EB
:1017B000608197ED009A97ED01AA97ED027A534F59
:1017C00027EE899A27EE8AAA67EE878A24F052FCD0
:1017D000DDED03AA9DED04BADDED05BA00284CD17C
:1017E000314648486E4624F04BFC4748C7ED00AAF6
:1017F0003246214687ED01BAC7ED02BA88ED009A5C
:1018000088ED01AAC8ED028A24F02BFD304624F0B1
:1018100080FCB4EEE90AF1EE10FA63D4DDED007A53
:101820003548F5EEC07ADDED017AF1EE10FAF5EE0D
:10183000C07ADDED027A4CBF01240024F1EE10FAEB
:10184000F5EEC07A4FF0FF324FF0FF3348BF44F05F
:101850000204F1EE10FA48BF44F0040426F087FBBE
:10186000234824F007FC0646224824F003FC864265
:1018700064D0214824F008FD2FE0D7ED017A97EDE0
:10188000007A2B4AD8ED005A117898ED026A294B5C
:101890006BEE277A4AEE877A97ED027A4BEE877ADB
:1018A00098ED017A19B92449196001211170D3ED1D
:1018B000006A78EE677AF4EEE67AF1EE10FA8FDAE3
:1018C0006AEE077A49EE257A48EE867A38EE678A1C
:1018D000B4EEE68AF1EE10FA82DA12B0BDEC088BB3
:1018E000BDE8F08194E8070086E8070096E700BFAE
:1018F00008660020F8650020CC080020744D002008
:10190000B45900206C4D0020504D0020444D002063
:10191000384D0020BA770020704D0020FC65002073
:101920008FC2753D886600206666A63F77CC2B3255
:101930002EB200208466002000E9783C134824F091
:1019400099FB471C3946114824F09AFB104A4FF482
:10195000C4735C4316190C2096F88031C6F8847164
:1019600000FB034422442968116069685160013317
:1019700003F01F03A96886F8803196F881319160E1
:101980001F2B9CBF013386F8813172E7B4590020C8
:10199000744D002010B50446084824F05EFB002179
:1019A000074824F06DFB0021064824F069FB04F28F
:1019B000DC510548BDE8104024F062BB08660020F9
:1019C0000466002000660020FC65002070B5EFF37F
:1019D0001185402484F31288BFF36F8F1E481BF0DB
:1019E00033FB30B988221D491D4825F069FA26F0DD
:1019F000DEF919481BF04CFB24F079FBFFF7CAFF16
:101A00000021184824F03CFBEFF3118684F3128880
:101A1000BFF36F8F14481BF017FB0028E2D0124869
:101A20001BF036FB11481422002126F0FDFD0E4864
:101A30001BF018FB10B94FF49A72D4E786F31188A3
:101A4000BFF36F8F04481BF00DFB0028F3D085F324
:101A50001188BFF36F8F70BD3866002062CE04001E
:101A600045A405003466002024660020106600208E
:101A700070B50446EFF31186402585F31288BFF355
:101A80006F8F21481BF0E0FA30B988221F492048A7
:101A900025F016FA26F08BF91B481BF0F9FA2146BF
:101AA0001C4824F0EDFA24F022FBFFF773FF00211D
:101AB000194824F0E5FAEFF3118485F31288BFF397
:101AC0006F8F16481BF0C0FA0028DED013481BF0B9
:101AD000DFFA13481422002126F0A6FD0F481BF060
:101AE000C1FA10B94FF49A72D0E784F31188BFF3AA
:101AF0006F8F05481BF0B6FA0028F3D086F31188E3
:101B0000BFF36F8F70BD00BF3866002062CE040047
:101B100045A405000C6600203466002024660020E1
:101B20001066002090B583B000AFC0F102030446F8
:101B3000FB71FCF7C7FCA0421FD11D4B93F89C24FE
:101B4000FB799A4219D11B4A1B4B6C4688B000287E
:101B500018BF13466A4619491948C2E905134FF4DC
:101B600000739383174B42F8103F4FF4E6511EF079
:101B7000A9FA0C37A546BD4690BD2046FFF778FF71
:101B80005CB101231049FA1D27200BF0D5F9094B50
:101B90006C4688B06A460D49DEE7FDF793FB0123EA
:101BA0000949FA1D27200BF0C7F9034BF0E700BFE6
:101BB00000F00320CCAE0400C4280500B6000500E8
:101BC00004900400030000019CF40320D8000500E9
:101BD00070B50446EFF31185402383F31288BFF3F9
:101BE0006F8F25481BF030FA30B9882223492448EA
:101BF00025F066F926F0DBF81F481BF049FA23466A
:101C0000204C03F1300618685968224603C2083395
:101C1000B3421446F7D124F06AFAFFF7BBFE002165
:101C2000194824F02DFAEFF31184402383F312882E
:101C3000BFF36F8F15481BF007FA0028D5D0134863
:101C40001BF026FA12481422002126F0EDFC0F4862
:101C50001BF008FA10B94FF49A72C7E784F31188A1
:101C6000BFF36F8F04481BF0FDF90028F3D085F314
:101C70001188BFF36F8F70BD3866002062CE0400FC
:101C800045A4050048660020346600202466002034
:101C90001066002030B504468DB00D46302200217C
:101CA00068463CB3174B9C4224D026F0BDFC302242
:101CB0000021204626F0B8FCD5B1062014F064F8C7
:101CC00038B1114B436102230374002343748374BE
:101CD000C3740E494FF486521DF0ACFAFDF7F2FAC8
:101CE0000B493023224605200BF026F904F066F953
:101CF0000DB030BD26F098FC6846FFF769FF6C46D2
:101D0000DAE700BF48660020D1E304002C9004000D
:101D100014F103202DE9F041012886B009D90228E9
:101D20004C685FD003288E685DD0CF68002C40F0EF
:101D300096807A4B7A4A19787A4B7B48DFF84C8246
:101D400000290CBF1146194625F0A4F804F0C0F88C
:101D50000146764825F09EF8754825F09BF8002549
:101D6000AC0004F1005404F57C340135D4F81401BE
:101D7000EAF798FD0646D4F838010F46EAF792FDD7
:101D8000CDE90401D4F82C01EAF78CFDCDE902017C
:101D9000D4F82001EAF786FD3246CDE900013B4642
:101DA000404625F077F8032DDAD1624BD3ED457A22
:101DB000F5EE407AF1EE10FA06D1D3ED467AF5EE63
:101DC000407AF1EE10FA10D0FCF77CFB00283FD1EE
:101DD00059495A4825F05EF8594806B0BDE8F04127
:101DE00025F058B800260027A0E7D3ED477AF5EE96
:101DF000407AF1EE10FAE7D1FCF764FB68B30027F4
:101E0000FCF760FB044628B3FCF792FD10EE105A75
:101E1000FCF766FD0446FCF711FC4A4E464B10EEFB
:101E2000100A002F18BF1E46EAF73CFD02460B467B
:101E30004548314625F02EF82846EAF733FD02469C
:101E400042480B46214606B0BDE8F04125F022B8D5
:101E50000127D5E74FF07E55DDE73A49B9E73C4920
:101E60002046EBF7B4FA40B93A4825F013F80120C0
:101E700006B0BDE8F04104F0ABB837492046EBF7B7
:101E8000A6FA054620B9354825F004F82846EFE7BC
:101E900033492046EBF79BFA20B132492046EBF755
:101EA00096FAE0B906B137B12F48214606B0BDE831
:101EB000F04124F0EFBF26493046EBF788FA20B90D
:101EC0000120FFF72FFE294887E723493046EBF72B
:101ED0007EFA0028E8D1FFF725FE25487DE7254951
:101EE0002046EBF774FA20B90121FFF7D3FE224810
:101EF00073E722492046EBF76AFA20B120492046D1
:101F0000EBF765FA38B900200121FFF7C3FEFFF7B0
:101F10000BFB1C4861E71C485FE700BFFFB10020D6
:101F2000C4280500CCAE0400FE0005001001050029
:101F3000D5C0040000F0032042BF04003E010500AC
:101F400042C10400E5A105001E01050008C104000E
:101F50009B3A05004F01050015C30400660105000A
:101F60009CDF04007E010500850105009D01050040
:101F7000C6010500C1C90400F0010500700205009A
:101F8000120205001C0205003E02050070C004009C
:101F9000012810B55FD94C68002C5CD02F49204631
:101FA000EBF715FA014630B90122FCF72DF9BDE82F
:101FB000104004F09DB92A492046EBF708FA20B9F1
:101FC000BDE810400121FCF7D7B926492046EBF7C0
:101FD000FEF920B9BDE810400121FFF75BBE2249A0
:101FE0002046EBF7F4F918B9BDE81040F9F772B8DC
:101FF0001E492046EBF7EBF918B9BDE81040FEF793
:102000005DBD1B492046EBF7E2F918B9BDE8104069
:1020100006F022BE17492046EBF7D9F948B9164811
:1020200024F038FF04F064F91448BDE8104024F0AF
:1020300031BF13492046EBF7CAF960B9114C237838
:102040002BB9114824F026FF0123237010BDBDE8F1
:1020500010400BF0C3B90D48E7E700BF501F050063
:102060006B020500A1170500BA1705006F020500F5
:1020700074020500C434050070B204009DB204006F
:1020800078020500B1B200207C020500F5020500CF
:1020900030B50D468DB0044638B19FED1C0AFBF7F4
:1020A000C5FD48B100200DB030BD6846FCF7ECFA24
:1020B0009FED160A6846F2E720462946FFF7EAFD3B
:1020C000062013F061FE38B1114B43610223037403
:1020D000002343748374C3740E494FF484521DF07B
:1020E000A9F8062013F050FE38B10B4B43610223D0
:1020F0000374002343748374C37406494FF48452F9
:102100001DF098F84FF0FF30CDE700BF0000000051
:102110001FE404002C9004000703050000200E4B70
:10212000BFEE007A0246197FA1B1D3ED007A77EEB7
:10213000C07A2033F0EEE77AF4EEC77AF1EE10FAC7
:10214000C8BF024600F10100C8BFB0EE677A05289B
:10215000E9D11046704700BF987000201A4B1B4A07
:10216000DA611B4A5A611B4A1A611B4ADA601B4A30
:102170009A611B4A1A621B4A9A621B4A5A621B4A9C
:10218000DA621B4A1A631B4A1A601B4A5A601A64B5
:102190001A4A9A631A4A5A641A4A9A6440F2011116
:1021A0004FF083421981DA6401214FF07E52997217
:1021B0001A654FF07C51144A59635A651349144A01
:1021C000D9639A65704700BF3C70002017B7D138BB
:1021D0000000A0400080D543CDCC8C3FA69B443D61
:1021E000DAAC7A3CC3F5283FAE47213F7B142E3F43
:1021F0003D0A573E9A9989400000C0400000704156
:10220000000040410000B040000048450AD7A33D0F
:1022100000C08F44014B93F824007047202F00200A
:10222000014B93F825007047202F0020034B00221C
:10223000C3F8F821C3F8FC21704700BF202F00200D
:10224000024B83ED7E0AC3ED7F0A7047202F0020EA
:10225000034BD3F8F8210260D3F8FC310B607047D0
:10226000202F0020154AD2ED567AF5EEC07AF1EE15
:1022700010FA1CDBF1EEE77A114BDFED126A93EDF9
:102280000B7A27EE267AC7EE876AC0ED006AD2ED98
:10229000577AF5EEC07AF1EE10FA0BDBF1EEE77A41
:1022A000D3ED0C6A87EEA67A80ED017A7047DFEDF8
:1022B000067AE1E7DFED047AF2E700BF202F002085
:1022C0003C70002035FA8E3C0000000030B54568B7
:1022D00087B0C8B2143903291C468DF80F2012D8D4
:1022E0000C4B1B88ADF8143000238DF816300323F7
:1022F0000093012205AB0DF10F01A8479DF81630A0
:10230000237007B030BD012200920DF10F01A847E4
:10231000F7E700BFA0920400054B988810F08000FA
:102320001FBF044B93F90000C043C00F704700BFAC
:102330002C6F0020D507002010B5FFF70FFF0446D3
:1023400001464FF410720F4826F046F9D02204F5EA
:1023500010710D4826F040F90C4A0D490023136016
:102360000C4A136000220A600B490A600B490A609C
:102370000B490A600B4A13700B4A13700B4A137017
:1023800010BD00BF202F0020502E002038700020EC
:1023900030700020347000202C7000202870002045
:1023A00024700020D4B20020D3B20020D5B2002087
:1023B00010B5074904464FF4107226F00DF904F5E4
:1023C00010700449BDE81040D02226F005B900BFC6
:1023D000202F0020502E0020044B0022A3F892242E
:1023E000A2F58032C3F89424FCF7C6BE00F00320A7
:1023F00070B52DED068BFFF7B1FEB5EEC00AF1EE1C
:1024000010FAF0EE409AF5EEC00AD8BFDFEDC19A9F
:10241000C14DC24EC5ED009AF1EE10FAB0EE609AD1
:10242000B5EEC01AD8BFB0EE699AF0EE418AF1EE6F
:1024300010FAD8BFF0EE698A96ED000A85ED019A90
:1024400005F1280105F11000F0EE490AC5ED028AF8
:10245000F3F7FAFBD6ED017A9FEDB18AF5EEC07A7B
:10246000F1EE10FAB7EE00AA00F13E81F4EE487AE0
:10247000F1EE10FA00F03B81B1EE680A80EE270A17
:1024800020F0C0FE3AEE400A9FEDA67AD6ED037A20
:10249000DFEDA56AD6ED0AAAA44985ED0E0A67EE1E
:1024A000877AA1F1180067EEA77AF0EE690AC5ED08
:1024B0000F7AD6ED047AF4EEE67AF1EE10FAD8BF90
:1024C000F0EE667A69EE076AB0EE6A0A86EEA76AEF
:1024D000D6ED067A85ED106A67EE877A67EEA77A01
:1024E00067EEA75AC5EE866ADFED915A76EEA76AC7
:1024F000D6ED077AC5ED116AF4EEE57AF1EE10FA41
:10250000D8BFF0EE657AC6EEA75AD6ED087AC5EDCB
:10251000125A67EE877A67EEA77A67EEA76A86EEA9
:10252000867A77EE277AC5ED137AF3F78DFB81492A
:10253000F0EE490AA1F11800B0EE6A0AF3F784FB45
:10254000D6ED0E7AF5EEC07AF1EE10FA00F1D280F7
:10255000F5EE407AF1EE10FA00F0CF80B1EE680AA5
:1025600080EE270A20F04EFE3AEE400A85ED280A5A
:1025700096ED0D0AB5EEC00AF1EE10FA40F3C080F8
:102580006D49F0EE680AA1F11800F3F75DFB6B4CA2
:102590009FED630A84ED00AA4FF48073032104F1D8
:1025A0002800A38484ED018A84ED028A84ED038AE5
:1025B00084ED04AA84ED058A84ED068A84ED078AF9
:1025C00084ED088A16F008F9062104F138001BF0A2
:1025D00027FB9FED530A84ED1A8A032104F178004A
:1025E00084ED1BAA84ED1C8A84ED1D8A16F0F4F894
:1025F000EB6BC4F88430122104F1A800C4F89430C5
:10260000C4F8A43084ED228A84ED238A84ED248AE0
:1026100084ED268A84ED278A84ED288A1BF000FB4E
:10262000042104F59C701BF0FBFA9FED3D0A02218A
:1026300004F5AC7016F0D0F89FED390A84ED588A95
:10264000032104F5B27016F0C7F8062104F5B8703E
:102650001BF0E6FA9FED320A032104F5D07016F064
:10266000BBF8062104F5D8701BF0DAFA736D9FED04
:102670002C0AC4F804320221314BC4F8083204F5A4
:10268000057084ED7E8A84ED7F8A84ED808A84EDF6
:10269000838A84ED848A16F09FF8042104F508707B
:1026A0001BF0BEFA00220023C4E97823C4E97A2390
:1026B000C4E97C23234A00231360234A1360234A7E
:1026C00082ED008A224A82ED008A224A82ED008A47
:1026D000214A82ED008A214A1370214A1370214A4F
:1026E0001370BDEC068B70BDB0EE480ACCE6B0EEC0
:1026F0004A0AC9E69FED0A0A38E7B7EE000A35E74D
:10270000194803211BF08CFA0B4802211BF088FAB0
:102710003DE700BF0AD7233C502E00203C7000202C
:10272000000000000000C842BD378635B82E0020EA
:10273000FFE6DB2EE02E0020102F0020202F0020AF
:10274000000080BF387000203470002030700020FE
:102750002C7000202870002024700020D4B20020AB
:10276000D3B20020D5B20020F82E002030B52DEDD8
:10277000068B604D9FED60AA90ED009AD0ED018A26
:1027800090ED028AAB685D4A5D4CD2ED009A29EE6D
:102790000A9A68EE8A8A28EE0A8A23F07F438FB06D
:1027A00023F0FF038DED049ACDED058A8DED068AA9
:1027B000002B4ED004F5B273019304F5B873009367
:1027C00095ED0A0A02F16803F0EE690A503203211E
:1027D00004A812F0B5FCD4ED5A5A94ED595A94ED70
:1027E0005B6A78EEE57A79EE456A67EEA77A46EE9F
:1027F000A67A38EE467AD5ED056A47EE077A95ED6A
:102800000B7AC4ED567A27EE0A7A27EE077AF4EEB1
:10281000C77AF1EE10FA16DA66EE8A7AB0EEC55A89
:10282000F4EEC57AF1EE10FA0DD4F0EEE55AF4EEBE
:10283000E57AF1EE10FA06D4B0EEC66AF4EEC67A86
:10284000F1EE10FA05D50023C4F86031002384F8B6
:102850002430D4ED1E7A39EE67AAD4ED1F7A8DEDBF
:1028600007AA38EEE79AD4ED207A8DED089A38EE73
:10287000678A032107A88DED098A12F02FFCDFED8E
:10288000217AB4EEE70AF1EE10FAF0EE408A2DDD7F
:1028900069EE807AB6EE007A67EE877A9FED1A0AC3
:1028A00003A927EE800A02A815F018FF9DED027A11
:1028B000134A039B0A93C7EE287A0AA910462AEE08
:1028C00027AA69EE278A28EE278A8DED0BAACDED7F
:1028D0000C8A8DED0D8A24F041F9094804210FB0CE
:1028E000BDEC068BBDE8304012F010BC0FB0BDEC63
:1028F000068B30BD3C70002035FA8E3C502E0020F7
:10290000202F002000000034E02E654237B51E4D18
:1029100004460246294605F1100024F01FF9D5EDC2
:10292000087A9FED1A0AB6EE007A67EE877A01A957
:1029300027EE800A684615F0D1FE9DED006A94ED01
:10294000035ADDED016AD4ED007AD4ED024A94ED2C
:10295000017A65EE065A57EEA65A67EE867AC4EDFE
:10296000005A66EE245A56EE875A26EE077A06EE8D
:10297000A47A46EE857AC4ED015A84ED027AC4ED5C
:10298000037A03B030BD00BF202F0020E02E654247
:102990002DE9F04F2DED108BDFED3A7AD0ED009A56
:1029A00090ED018A90ED029A69EEA79A28EE278AA7
:1029B00029EE279AF5EE409ABBB0F1EE10FACDED74
:1029C000149A8DED158A8DED169A09D1B5EE408ACF
:1029D000F1EE10FA04D1B5EE409AF1EE10FA04D0FF
:1029E00014AA07CA284B83E80700284EF5EE409A40
:1029F000F1EE10FAD6ED018A5CD1B5EE408AF1EE27
:102A000010FA57D1B5EE409AF1EE10FA52D11F4BA1
:102A10001F4893ED017A1F4BD3ED007A77EE277AAA
:102A2000C3ED007A1C4B93F824100378002940F082
:102A30006D850BB3194A1A4C136801331360194B97
:102A4000194A93ED007A194B37EEC77A83ED007A75
:102A5000237802EBC302C2ED007A01331171052223
:102A6000B3FBF2F202EB82029B1A114A2370137835
:102A7000042B01D80133137001703BB0BDEC108BF7
:102A8000BDE8F08F0AE81C4118700020502E00208D
:102A9000D4B2002024700020202F002034700020A9
:102AA000D3B200202C700020F06F0020287000208E
:102AB000D5B20020CD4DCE4C6B7A00279BB304F5E8
:102AC000D073019304F5D8730093CA4B95ED0A0AAD
:102AD000A3F11802F0EE680A032114A812F030FBEB
:102AE000D4ED687A79EEE79AD4ED697A38EE678AA0
:102AF000D4ED6A7A28EE088A09EEA98A39EE679A37
:102B0000D5ED0C7A09EE098A67EEA77A84ED578A2B
:102B1000B4EEE78AF1EE10FAC0F25881C4F86071A1
:102B2000002384F82430DFF8DC82B14817AA14A906
:102B300024F04DF808F110030093AF4BCDF804805A
:102B4000A3F1180295ED000AF0EE680A032117A818
:102B500012F0F6FA17AA4146A8F1180024F037F847
:102B6000032117A812F0D2FA9DED197AB7EE009A58
:102B700077EE097AF6EE009A67EEA97AF5EEC07A5A
:102B8000F1EE10FA40F3EA84F4EEC97AF1EE10FAAD
:102B900058BFF0EE497ADFED996AF1EEE77AF4EE8C
:102BA000E67AF1EE10FADDED185A9DED176A40F362
:102BB0003581BEEE007A65EEA95A26EE076A85EEEB
:102BC000A75A86EE277A8E4A2397114620A8CDED84
:102BD000207A8DED215A8DED227A23F0BFFF8848AF
:102BE000042112F093FADDED190AFFEE007AF4EEFB
:102BF000E70AF1EE10FA40F34E81F4EEC90AF1EE65
:102C000010FA40F1458180F24381F4EEE70AF1EEDB
:102C100010FA40F24081B0EE490A00EEE00AB5EE4B
:102C2000C00AF1EE10FAC0F23081B1EEC00A12F023
:102C30003DFAC0EE287A2B89C4ED1A7A002B3FF4B6
:102C4000E6AE6B4995ED058ADFF8BC8101F1100015
:102C500024AA23F083FF9DED275A9DED267A9DED52
:102C6000256A9DED242A644B65EE026A67EE063AFA
:102C700067EE021A65EE065A33EEE64A67EE074A39
:102C800073EEA63A66EE066A74EEA44A26EE026A6F
:102C900031EEA53A65EE057A75EEE15A27EE057A32
:102CA00076EEA66A79EE642A37EE465A77EEA77A70
:102CB00079EE666A75EEA55A37EE067A72EEE72A65
:102CC00034EE044A76EEE77A37EE077ACDED2E5AE7
:102CD000D4ED1F5A94ED1E6ACDED2C7A73EEA33A13
:102CE00076EEE46A67EEA57A8DED2F7A24EE257AEA
:102CF00002EE867A28A8A3F1180243EE867A09210B
:102D000033EE033A35EE055ACDED306AD4ED206A44
:102D1000019003EE267ACDF8008045EE267A95EDF7
:102D2000000ACDED282AF0EE680A8DED294A8DEDD6
:102D30002A3ACDED2B3A8DED2D5A8DED127ACDED4F
:102D4000137A12F0FDF908F19003009312A82A4BB0
:102D50000190A3F1180295ED000AF0EE680A022135
:102D600012F0EEF994F82430002B00F097806B7A83
:102D7000002B00F0938094ED1E7AD4ED597A96EDF5
:102D8000130A8DED289A77EEC77A94ED1F7ACDED70
:102D90001D7AD4ED5A7A299777EEC77A94ED207A86
:102DA000CDED1E7AD4ED5B7A2A9777EEC77A2B9712
:102DB000CDED1F7A8DED2C9A2D972E972F978DEDB7
:102DC000309A03211AA815F007FDB2E0D4ED587A25
:102DD00095ED097A78EEA77AF4EEC77AF1EE10FA5B
:102DE000C4ED587AFFF69FAE01239AE63C700020AE
:102DF000202F0020E02E0020782E002017B7D13899
:102E0000302F0020482F0020C82F0020BD378635E6
:102E100000000000DB0F494035FA8E3C65EEA56AE4
:102E200046EE066AF5EEC06AF1EE10FA26DBF1EE28
:102E3000E66A1FED0A5AF4EEC56AF1EE10FA1DDDDE
:102E400039EE477A27EE297AB4EEC97AF1EE10FA14
:102E500007D5B5EEC07AF1EE10FA04DA1FED147A58
:102E600003E0B7EE007AB1EEC77A65EE875A26EE38
:102E7000476A85EEA65A86EE267AA4E65FED1C7AAE
:102E8000B7EE005AB0EE677A9DE61FED1F0ACEE658
:102E90001FED210ACDE61FED210ACAE62B7A002B91
:102EA00000F0DD82DDED185A94ED1E6AD4ED1F7A34
:102EB000D4ED206A736C1A93F1EE655A85EEA87A08
:102EC0001B93B36C1C93DDED125A37EE257ADDEDC2
:102ED000285A06EE657ADDED295A07EEE57ADDED32
:102EE0002A5A06EEE57ADDED175A8DED1D7A85EE4C
:102EF000A87ADDED135A37EE257ADDED2B5A06EE72
:102F0000657ADDED2C5A07EEE57ADDED2D5A06EEF9
:102F1000E57A8DED1E7A9DED2F7A67EE877A9DED2D
:102F20002E7A57EE467A9DED307A46EEC77ACDED91
:102F30001F7AD6ED0F7AD4ED216A9DED1A9AF4EE40
:102F4000E76AF1EE10FA44BF96ED107A37EE267A72
:102F5000D4ED256A48BF84ED217AF4EEE67AF1EEED
:102F600010FAC2BF96ED107A37EE267A84ED257AF4
:102F700094ED297AF4EEC77AF1EE10FAC4BFD6EDDB
:102F8000107A77EE877AB5EEC09AC8BFC4ED297A79
:102F9000F1EE10FAFFF63BAD5FED617A68EE277A4D
:102FA0001DA9CDED067AF1EE677AB0EE670ADDED88
:102FB000060ACDED077A08461AF0F8FDF14B9DEDB3
:102FC00029CAD3ED226A93ED213A9DED28DAD3ED9B
:102FD000233ADDED2AAA9DED2C8ADDED2FBADDED39
:102FE0002ECA9DED30AA93ED257A93ED244AD3EDB8
:102FF000264AD3ED287AD3ED275A93ED296ADDEDE1
:103000002B8A9DED2DBA26EE8C5A03EE0D5A31AA6D
:10301000114603EEAA5A28A88DED315A26EE885A99
:1030200066EEAB6A43EE2C6A43EE8A6A03EE285AD8
:10303000CDED336A6CEE076A4DEE046A4AEEA46A7F
:1030400003EE8B5ACDED346A68EE076A2BEE877A71
:103050000CEE847A0AEE247A48EE846A8DED367A94
:103060002CEE277A0DEE257A0AEE867A4BEE246A4C
:103070008DED377A28EE277A6BEEA77A08EEA57ADF
:103080004CEEA57A0BEE067A4AEE067A8DED325AB0
:10309000CDED356A8DED387ACDED397A23F0F8FD36
:1030A000DDED317A9DED1B7ADDED1C6ADDED36EA52
:1030B0009DED38EA39EE279ADDED357A8DED319ABE
:1030C00037EE87FA9DED397A8DED35FA77EE26FAEF
:1030D0006EEE8E6A5FEE2F6ACDED39FA16EE900A2B
:1030E000E9F7E0FBDDED337ACDED027ADDED327A02
:1030F0006FEEA76ACDED037ADDED027A5EEE276A08
:103100008046894616EE900AE9F7CCFBDDED027A9F
:103110006FEE276ADDED037A5EEEA76ACDE908015E
:1031200016EE900AE9F7BEFBDDED34DADDED377A15
:103130006FEEAD6A5EEEA76ACDE90A0116EE900A5F
:10314000CDED047AE9F7AEFB9DED047ADDED027A70
:1031500067EE876A59EE2F6A06460F4669EE2EEA39
:1031600016EE900AE9F79EFBDDED027A57EEADEA26
:10317000CDE90C011EEE900AE9F794FBDDED047A2F
:103180002FEE277A1EEE2D7ACDE90E0117EE100AEA
:10319000E9F788FB9DED047ADDED037A29EE0EEA6E
:1031A00017EE87EA82468B461EEE100AE9F77AFB95
:1031B000DDED037A67EEADDA59EE0FDACDE9040101
:1031C0001DEE900AE9F76EFBCDE9100119EE100A29
:1031D000E9F768FB42464B46E9F7BCFB0446039817
:1031E0000D46E9F75FFB32463B46E9F7B3FB024683
:1031F0000B4620462946E9F7F7F9044602980D46A2
:10320000E9F750FB52465B46E9F7A4FB02460B4642
:1032100020462946E9F7E8F95B4B002204460D46B3
:10322000E9F71EFE002800F01F8100224FF07A53BC
:1032300020462946E9F70AFE002800F015819FED97
:10324000530A092131A815F0C7FADDED346A9DED66
:10325000313ADDED373A9DED357A9DED324ADDEDBF
:10326000384ADDED367A9DED335ADDED395A48485E
:10327000444C26EEA86A03EE0D6A31AA114603EE0D
:10328000AC6A8DED316A27EE286A04EE0D6A04EE11
:10329000AC6A67EEA88A8DED326A26EE886A03EE84
:1032A0000C6A03EEAB6A66EE8B6A8DED346A27EE2C
:1032B000086A27EE888A27EE0B7A67EE8B7A45EE4E
:1032C0000D8A04EE0C6A05EE0C8A43EE2A6A04EEBF
:1032D0002A7A45EE2A7A04EEAB6A43EE8A6A04EE55
:1032E0008A7A45EE8A7A45EEAC8A05EEAB8A8DED98
:1032F000356ACDED376A8DED387ACDED397ACDED81
:10330000338A8DED368A23F0C3FCDDED1E7A9DED08
:10331000327A9DED1D6ADDED315ADDED1F6A27EE33
:10332000877A06EE257A31AA1046DDED335A06EE8D
:10333000A57A28A9D4ED1E5A37EE257ADDED345A48
:1033400084ED1E7A9DED357A27EE877A06EE257A92
:10335000DDED365A06EEA57AD4ED1F5A37EE257A02
:1033600084ED1F7A9DED387A67EE877A9DED377A86
:1033700046EE077A9DED397A46EE877A94ED207A0B
:1033800008E000BF202F0020000080BE00000000E9
:10339000A42F002077EE877AC4ED207A23F078FC02
:1033A00031AA04F18401104623F072FC04F1840177
:1033B00031AB0022D1ED007AB3EC017A013277EE25
:1033C000C77A092AE1EC017AF4D194ED247AD4ED9C
:1033D000227A6449DDED060A9DED070A77EE877AC9
:1033E00094ED277A67EEA97A0023C4ED247AC4ED20
:1033F000227AD4ED237A77EE877A94ED287A67EEF5
:10340000A97A0846C4ED277AC4ED237AD4ED267A4A
:1034100077EE877A67EEA97AC4ED287AC4ED267A2A
:10342000D4ED217AF5EEC07AD4ED257AF1EE10FADA
:10343000F5EEC07AD4ED297A48BFC4F88430F1EEB5
:1034400010FAF5EEC07A48BFC4F89430F1EE10FAE5
:1034500048BFC4F8A4301AF0A9FBFFF7D8BA03217B
:103460001AA8BFEE000AAEE422462B464046494663
:10347000E9F79AFBE9F766FD22462B463190DDE934
:103480000801E9F791FBE9F75DFD22462B463290F2
:10349000DDE90A01E9F788FBE9F754FD22462B46EE
:1034A000339039463046E9F77FFBE9F74BFD22467A
:1034B0002B463490DDE90C01E9F776FBE9F742FD94
:1034C00022462B463590DDE90E01E9F76DFBE9F761
:1034D00039FD22462B46369059465046E9F764FBA3
:1034E000E9F730FD22462B463790DDE90401E9F784
:1034F0005BFBE9F727FD224638902B46DDE91001FA
:10350000E9F752FBE9F71EFD39909EE6EBB9164A42
:10351000164C136801331360154B164AC3ED007A3D
:10352000237802EBC3020125C2ED007A2B4415710A
:103530000522B3FBF2F202EB82029B1A0E4A2370C1
:103540001378042B01D82B4413700C4BD3ED007A65
:1035500077EE877AC3ED007AFFF78EBADFED087A4F
:10356000FFF719BB982F002038700020D3B200203D
:103570002C700020F06F0020D5B2002030700020A9
:10358000000000002DE9F8432DED028B2A4BB5EE2B
:10359000C00AF1EE10FA93ED028A814642DDB2EEE6
:1035A000047AB4EEC70AF1EE10FA3BD5DFED238AB8
:1035B000DFF8908060EE287AD8E97C4617EE900A12
:1035C000E9F7A6FE051946EB010755EA070304BF14
:1035D0000125002754EA060314D0AC4276EB07031A
:1035E00010D22C1B164B67EB0606621E46F1FF3607
:1035F0009A4276F100063EBF07EE904AF8EEE77A6F
:1036000087EEA88A4846B0EE480A19F0F5FED8E9D8
:103610007C23AA42BB4101D2C8E97C57BDEC028B96
:10362000BDE8F883B0EE480ABDEC028B4846BDE821
:10363000F84319F0E1BE00BF502E00200024744969
:1036400080969800202F002090ED017AD0ED027A2C
:10365000D0ED006A9FED076A074B27EE067A67EE0A
:10366000867A66EE866A83ED1F7AC3ED1E6AC3ED25
:10367000207A704735FA8E3C202F00202DE9F04F3C
:103680004FEAC10B8BB00BF108030893002305919F
:10369000044605460193059B019A9A42264603D1AA
:1036A00000200BB0BDE8F08F019BDB000993AE4218
:1036B000D5E9008926D10022002340464946E9F792
:1036C000C5FB002851D149EC108B1FF003FD2E469D
:1036D00053EC102BA6EC020B25490020E9F764FA05
:1036E0000BEB040304939846019BCDE906010133DB
:1036F0000193049B9E4234D0099BA246474608EBA7
:1037000003091CE0F6E8022310461946E9F722F9FE
:1037100002460B4640464946E8F764FFC5E900010A
:10372000C5E7FAE80223F7E80201E9F713F90246D0
:103730000B46DDE90201E8F755FFC9E9000199ED03
:10374000007BAA458DED027BEBD1DDE9060153EC50
:10375000172BE9F7FFF8D844C9E90001E6E80201B0
:10376000C7E7089B34461D4495E74FF0FF3098E7C4
:103770000000F03F034B00221A70022108461FF0A0
:1037800015B800BFCEB2002010B50F4C0F4B6360D0
:10379000062012F0F9FA38B10D4B4361022303748D
:1037A000002343748374C3740A494FF486521BF098
:1037B00041FD1CF03DF9002804DB074B1C60074B62
:1037C00000221A7010BD00BFC00200208096980031
:1037D000EF1905003C910400D46F0020D0B2002006
:1037E0002DE9F04F2DED028BAD4D99B0002100AFCA
:1037F000082008F0FDFE04F0BFFB2B78BBB14FF4AE
:10380000A022002302201EF0D9FB044678B906202E
:1038100012F0BAFA30B1A34B43610223037444742B
:103820008474C474A0494FF484521BF003FD9F4B71
:103830001B78BB64002B40F01E810221B86CDFF8BE
:10384000A8821EF0B3FF01232B70994BBA6C1A703B
:10385000984B994DB3F8922422B1A8F8042093F81C
:1038600096242A70B3F89424944C954E1AB1A280F1
:1038700093F8973433708F4B93F89B34CBB1A38874
:1038800003F07F037F2B14D1062012F07DFA38B1AC
:103890008C4B436102230374002343748374C37409
:1038A00081494FF486521BF0C5FC0023A380FF23FF
:1038B00033700820B8F804A095F8009012F064FA6C
:1038C00050B1814BC0F81C90C0E9053A0423037441
:1038D000002343748374C37473494FF403521BF081
:1038E000A9FC0820B4F804A096F8009012F04CFA55
:1038F00050B1764BC0F81C90C0E9053A042303741C
:10390000002343748374C37467494FF403521BF05C
:1039100091FC07F15C0101201CF012FB824610BBF8
:1039200097ED178AB5EE408AF1EE10FA1BD0082009
:1039300012F02AFA814680B1654B436118EE100AF5
:10394000E8F7B0FFC9E90601042389F8103089F8C7
:1039500011A089F812A089F813A053494FF403521B
:1039600048461BF067FCB8F80430002B3AD12B789E
:10397000FF2B0CBF32200520DFF870B1DFF870910B
:10398000CBF8000022F088FBFFF7FEFE031EDFF8F5
:1039900064A1FB6428DB122B40F3AE80062012F0FA
:1039A000F3F9002872D140494FF484521BF042FCD5
:1039B000FEF712FDC9F800A0FFF7DCFE082012F0A8
:1039C000E3F948B1434B4361434B836103230374E1
:1039D000002343748374C37433494FF4C2521BF001
:1039E00029FC44E00520C7E7DBF800003128D4BFFC
:1039F000C0F13200052022F04FFB062012F0C4F97E
:103A000038B1364B4361022303740023437483743B
:103A1000C37425494FF486521BF00CFC4FF0000B89
:103A2000FF23A8F804B02B70FFF7AEFE1228F8644D
:103A3000B4DCFB6C002B5FDA082012F0A5F958B15A
:103A4000274B4361244B83610323037480F811B037
:103A500080F812B080F813B013494FF4C2521BF033
:103A6000E9FBFEF7B9FCC9F800A0FFF783FE0121CE
:103A7000084604F0B1FA04F079FA082008F090FE44
:103A80006437BD46BDEC028BBDE8F08F154B43613A
:103A900002230374002343748374C37483E700BF59
:103AA000CEB20020081A05003C9104002BB2002081
:103AB000CDB2002000F00320D50700202C6F00209D
:103AC000D4070020321A0500691A05008F1A050074
:103AD000BE1A0500271B0500D92E0500DB1A0500BC
:103AE0000A1B0500F51A0500346F0020E8020020CB
:103AF000E4020020D89C0400FA6C764BE84688B0BB
:103B000053F822306A4674497448C2E905134FF4E9
:103B100000739383724B42F8103F4FF4E6511CF050
:103B2000D1FA704BFA6C53F82230C546002B3FF4A3
:103B30003FAF53453FF43CAF95F90020C9F8003042
:103B4000002A80F26B82DB6A98470546002840F025
:103B50006582062012F018F930B1634B43610223ED
:103B6000037445748574C5745C494FF486521BF028
:103B700061FBA388802B05D903F07F03A380083B5A
:103B8000762B03D90023A380FF233370574B1B6888
:103B90007B64A3887E2B00F2418202233B620024D7
:103BA0000B222346FC63A2467A615149F86B11F857
:103BB0000A20BA634F4A10443861F86B125C7A638A
:103BC0004D4AD25C3A630133BB6101EB0A033B64AB
:103BD0004FF00009BB6B4B4540DCBA6B46480AF11D
:103BE00001031A44FB6B92467A6B0133D318FB63D3
:103BF0003A6BBB69144413440122796B914200F380
:103C0000DC817A69013A7A61CFD13B6A3B4C012B66
:103C100000F00282A6883A4DA6F10803762B03D95C
:103C20002B78FF2B00F0F881082012F0ADF840B19E
:103C3000344BC0E9053603230374002343748374B3
:103C4000C37431494FF4C4521BF0F4FA0023A3802B
:103C5000FF232B7001233B62BB64A0E73B6C13F88E
:103C6000015F3B64BB6C8BB9244B9B88A3F10802BA
:103C7000762A0BD89D4209D0BB6B09F101094B454F
:103C8000ABDD3B6C13F8015F3B64EDE7082012F0FD
:103C90007BF850B11D4B43611D4BC0E90635042331
:103CA0000374002343748374C37417494FF404529C
:103CB0001BF0C0FA3B69FB610023FB62D7F830B010
:103CC000BB697C62BB627B6BFA6A934222DC09F1BE
:103CD00001097FE7E89304001E1B05003C910400E6
:103CE000030000010C9D04003D1B0500EC6F00204B
:103CF000932E0500742E0500442E05002C6F002025
:103D0000D4070020EC1C05005C9104006C1B05002E
:103D1000342E0500FB6913F8018FFB61AA4B1B7859
:103D2000FF2B02D0984540F0B7800026082087F886
:103D3000566012F029F848B1A44B4361A44B467475
:103D4000C0E90638042303748674C674A1494FF48D
:103D500004521BF06FFAB8F1400F26D1A5F1100301
:103D6000032B22D87B6C40F24B121B68A7F858201B
:103D700007F1580102222846984706460028A6D196
:103D8000082012F001F840B1934B4361904B8361DE
:103D90000323037446748674C6748E494FF4C85264
:103DA0001BF048FA022022F077F907F15603786CED
:103DB00042462946FEF78AFA97F85630FB600646D7
:103DC000082011F0E1FF58B1FB68844AC361042365
:103DD000426103747E4A8261002343748374C37416
:103DE0007C494FF404521BF025FA002E7FF46FAF8C
:103DF00097F856305A1ED2B2FD2A37D8784AB96A97
:103E00000A445E4548D012F8011B8B4240F0D38033
:103E10000023B8FA88F2520987F85730786CFA60B4
:103E200007F157032946FEF751FA0346002841D10E
:103E300097F8560097F8571081423BD10A20C7E9FE
:103E4000011311F0A1FF70B1664EFA68BB68796882
:103E50000262C0E905650622C0F81C804162027456
:103E600043748374C3744FF4425212E00A20FB601F
:103E700011F08AFF58B15C4B4361FB68544A826180
:103E8000C0E907350523037446748674C6744FF47D
:103E9000245250491BF0CEF97A6ABB6A5A445B44FB
:103EA0007A624F4A12F803B00133BB62FB6A0133F6
:103EB000FB6208E7002387F85830786C07F1580355
:103EC00042462946FEF702FA034628B997F85610EB
:103ED00097F858208A421CD097F8562097F85860D7
:103EE000BB600C20FA6011F04FFF78B13F49FA68CF
:103EF000BB688362C0E905150723C0E9082603747F
:103F00000023C0F81C8043748374C3744FF462525E
:103F1000BFE7374C2C49A580C7E911200A2081F85A
:103F2000008011F031FF60B132497A6CBB6C0262E3
:103F3000C0E905150522C0F81C800274437483741F
:103F4000C3742449DFF8CC804FF423521BF072F97C
:103F50007B6A1E44284B53F82660132E40F2D5800E
:103F60005EDD062011F010FF38B1244B43610223BF
:103F70000374002343748374C37421494FF484523F
:103F80001BF058F91F4BC3F800801F4B002408207A
:103F90001C7011F0F9FE40B11C4B43611C4B836156
:103FA0000323037444748474C47415494FF4C252D7
:103FB0001BF040F94BE0013623E7C15C01330B44B1
:103FC0000C44013219E600BFD4070020891B05000C
:103FD000342E05005C910400A71B0500BB1B0500E7
:103FE000442E0500071C0500D21B05005B1C0500C4
:103FF0002C6F0020A41C0500F89B0400F51A050096
:104000003C910400E0020020B8770020931E0500D8
:10401000D92E0500689C0400FF23A3804FF0FF36D3
:10402000062011F0B1FE38B1944B436102230374B2
:10403000002343748374C3744FF4845290491BF07B
:10404000F9F8904B904A1A60904B00221A70904BEE
:10405000904C9B88A4F892348F4BDFF8AC829B88FD
:10406000A4F894348D4B894D1B7884F896348C4B8E
:104070001B7884F89734FBF77FF88A4BFA6C1A6048
:10408000894B1E6094F89B3488F80030C3B12C78BB
:10409000002C40F0F080062011F076FE30B1834B0A
:1040A00043610223037444748474C47474494FF4E8
:1040B00084521BF0BFF898F80030002B40F0D980F4
:1040C0007B4928787B4B7C4A002818BF13466C46F6
:1040D0008AB06A467948D361794B1362794BC2E959
:1040E000050142F8103F66484FF423511BF0EAFFE8
:1040F0003146F86CA546F6F719F8734B01241C708D
:10410000FFF738FB00212046B3E4DFF800A25AF89D
:104110002630002B6BD0434569D0DFF8F4B1A2887C
:104120009BF80050BA64197F5A7F55B1012D00F0F9
:104130009380082011F028FE002800F08A80634B4D
:1041400090E0634B1B68002B74D093F808904945AE
:104150002DD90A20B96411F017FE58B1B96C5D4A27
:104160004261C0E907195C4A826105230374457402
:104170008574C5744FF4215258491BF05BF8A3882D
:10418000082043F08003A38011F0FEFD48B1544B9A
:104190004361544B8361032303740023437483748A
:1041A000C37437494FF4C2521BF044F836E74A450E
:1041B00013D908207A6411F0E7FD48B17A6C4A49B6
:1041C0004161C0E906290423037445748574C574EC
:1041D00042494FF403521BF02DF8444BBA6C1A704D
:1041E00002238BF80130A38843F08003A380404B67
:1041F0006C4688B053F826306A463E492048C2E9EA
:1042000005134FF4007393833B4B42F8103F4FF478
:10421000E6511BF057FF5AF82630A546002B3FF415
:10422000B1AE43453FF4AEAE164A1360174A0123C0
:1042300013700CE70820BB6411F0A6FD48B12F4AAB
:104240004261254A8261BB6C032202744374837409
:10425000C3744FF4C2528FE7082011F095FD002877
:10426000F7D0274B43611C4B836103230374002366
:10427000ECE7244925E723490F4B28E77A1E050080
:104280003C910400E0020020689C0400B877002004
:10429000346F002000F003202C6F0020D507002091
:1042A000D407002018010020EC020020B21E0500F7
:1042B000C428050016F5040012F50400EC1E0500E4
:1042C00000020103040000022BB20020081E0500BA
:1042D000EC6F00200F1D0500B02E05004491040076
:1042E000431E0500D92E0500491D0500D2B200204D
:1042F000589D04001E1B050003000001951D0500CC
:10430000DF1D0500CCAE0400FFB10020889C040036
:10431000D0B200200B4A0023137782F83C3082F899
:104320005C3082F87C3082F89C30074A1946A2F84B
:104330007434C2F884340133472B117302F1100234
:10434000F9D1704798700020786A002046287FB520
:1043500002D9002004B070BD0F4E06EB0014237B81
:10436000C3B907EE900AFAEEEF7A01ADB2EE040A95
:1043700037EE800A2846ECF70FFF0028E9D195E8D0
:10438000070084E8070001232373D6F8843401333F
:10439000C6F884340120DDE7786A0020064B1B78DC
:1043A00033B1064BB3F84C39032B94BF00230123E0
:1043B000034A1370704700BF3607002000F0032047
:1043C0002DB20020034B187818B1034B1878013038
:1043D000C0B27047360700202DB2002008B5FFF7A5
:1043E000F1FF0128024605D0034B0448022A08BF0A
:1043F000184608BD0248FCE71E310500471F0500AE
:104400003A1F050008B5074B98220021184624F0F2
:104410000BF94FF0FF42C0F88020034AC0F8842017
:1044200008BD00BF60310020000080FF80B50D4B4B
:1044300000AF1870A0B9FFF7E5FF0B4B88B06A46D4
:104440000A490B48C2E905134FF400739383094BE3
:1044500042F8103F4FF4E6511BF034FEBD4680BDDC
:10446000054BEBE7B3B20020C4280500541F05003C
:104470002490040003000001CCAE04002DE9F041BB
:104480002DED028B474A92F84E3903700023B2F8A3
:104490004C1943604FF0FF438360434BC3600329D3
:1044A0004FF00003B0EE408A4180037404D800202E
:1044B000BDEC028BBDE8F081DFED3C5A1E46B1EE4B
:1044C000096AF7EE006A03F14B0102EB0111D1ED2D
:1044D000007AF5EE407AF1EE10FA21D090ED027AF2
:1044E000F4EEC77A90ED037AF1EE10FAF4EEC77AA3
:1044F00048BFC0ED027AF1EE10FAC8BFC0ED037AF2
:1045000077EEC87A67EEA77A87EE867A77EE267A14
:1045100086EEA77AB4EEE57AF1EE10FAA8BF01367E
:104520000133462BCFD1D0ED028AF4EEC88AF1EEEA
:1045300010FA08D8D0ED037AF4EEC87AF1EE10FA4A
:10454000A4BF01230374032EB1DD194F3D783DBB99
:10455000D0F80C800E2011F017FC0446C0B1154BAA
:10456000C0E9053618EE100AE8F79CF9C4E908011D
:1045700018EE900AE8F796F9C4E90A014046E8F710
:1045800091F9C4E90C010A2323746574A574E574D8
:10459000094945F2C00220461AF04CFE01233B7047
:1045A000012085E700F00320000080FF8FC2F53C6A
:1045B000D8B200206E1F0500249004002DE9F04FB2
:1045C0008BB000AF10EE105A786007F11400FFF7BF
:1045D00055FF30B1FB8A042B03D997F82430002B08
:1045E0005DD1062011F0D0FB38B1884B4361022326
:1045F0000374002343748374C37485494FF4865253
:104600001AF018FEFC8A97F82460042C0FD91EBB00
:104610000C20D7F81C803E6A11F0B6FB044630BB74
:104620007B4944F2C00220461AF004FE14E0082040
:1046300011F0AAFB40B1774BC0E9053403230374A2
:10464000002343748374C37471494FF4C6521AF043
:10465000F1FD0EB9002CDBD16F4B002283F86029ED
:104660006E4A00231360536093600020CAE06C4BD5
:1046700043612846E8F716F9C4E906014046E8F721
:1046800011F9C4E908013046E8F70CF9082323744E
:104690000023C4E90A016374A374E374C0E700EE65
:1046A000105A07F10800ECF777FD0446002840F0A7
:1046B0008B80062011F068FB30B15A4B4361022316
:1046C000037444748474C4744FF4865250491AF0CD
:1046D000B1FDB868E8F7E6F88246F8688B46E8F777
:1046E000E1F8804638698946E8F7DCF8C7F800D079
:1046F00092B06E464C4B73614C4BB361C6E90C01F2
:10470000C6E908ABC6E90A892846E8F7CBF832467D
:104710004FF40073A6F84030454BC6E90E0142F84D
:10472000103F3B4846F2C0411BF0CCFCDFED416A34
:10473000D7F800D07A689FED407A374807F1080330
:10474000B3EC016AF2EC017A77EEC67A04F51571E2
:10475000B0EEE76AB4EE666AF1EE10FA04F1010415
:1047600048BFF0EE477A00EB8101032CC1ED017ADE
:10477000E6D1012380F86039284B0C20D3F8008063
:104780005E689D6811F000FB0446B0B12B4B43619D
:104790004046E8F787F8C4E906013046E8F782F8B2
:1047A000C4E908012846E8F77DF80823C4E90A01AE
:1047B000237400236374A374E374154944F2C002A4
:1047C00020461AF037FD50E7082011F0DDFA48B115
:1047D0001B4B43611B4B836103230374002343740E
:1047E0008374C3744FF4C25209491AF023FD0A4B73
:1047F000002283F86029094A002313605360936004
:104800004FF0FF302C37BD46BDE8F08FC31F0500C9
:10481000249004000820050000F0032054F9032030
:10482000552005009A200500B5200500EE20050062
:104830000C0000016F12833A000000003D210500CA
:10484000F2200500FC2E0500F0B56B4E96F85039AD
:1048500087B0002B00F0CE8096F85179002F40F001
:10486000C98007F047F941F28833984271F100039B
:1048700005460C46C0F2BE8047F23053984271F1B3
:1048800000031BDB96F85169002E40F0B38008202E
:1048900011F07AFA40B1594BC461C0E905350423DF
:1048A000037446748674C6744FF4035254491AF064
:1048B000C1FC514B012283F851299BE03846FCF79B
:1048C000A9F8002840F0968002F0D0FFB4EE400A2C
:1048D000F1EE10FA80F18E80BBEE047AB4EEC70AD6
:1048E000F1EE10FA00F186809FED467AB4EEC70A29
:1048F000F1EE10FA7EDC444F01A8FFF7BFFD3B78D4
:10490000002B6CD1BDF80660002845D0042E43D999
:10491000082011F039FA40B13C4BC0E905360323B9
:104920000374002343748374C37435494FF4C6522F
:104930001AF080FC01233B70354F3E789EB9082069
:1049400011F022FA40B1334BC461C0E905350423AC
:10495000037446748674C67429494FF403521AF0DE
:1049600069FC01233B700320FCF754F8044600283F
:1049700040D1062011F008FA30B1274B43610223E1
:10498000037444748474C4741D494FF4865207B090
:10499000BDE8F0401AF04EBC731E032B10D808205F
:1049A00011F0F2F900283FF47FAF1C4BC0E9053647
:1049B0000423C3610374002343748374C37473E7D3
:1049C000062011F0E1F938B1154B4361022303745D
:1049D000002343748374C3744FF4865266E718B19E
:1049E000BDF80630042BA7D8034B93F85129002AB1
:1049F0003FF460AF07B0F0BD00F003208121050057
:104A00002490040000007042D7B20020BC210500B1
:104A1000D6B200207C220500D3220500FF2105002C
:104A20004922050080B50D4B0D4A83F850090D4B06
:104A300000AF88B0002818BF13466A460A490B48E1
:104A4000C2E905134FF400739383094B42F8103FFA
:104A50004FF4E6511BF036FBBD4680BD00F003204D
:104A60000E230500162305001F23050024900400D3
:104A70000300000190B5204B83B01A78824200AF4A
:104A8000044619D11D491E4B6C4688B0002A18BF38
:104A90000B466A461B49C2E905134FF40073938322
:104AA000194B42F8103F4FF4E65118481BF00AFB2F
:104AB0000C37A546BD4690BDFA1D1870F87101234C
:104AC0001349262008F038FAFFF768FC0C490B4B15
:104AD000002C18BF1946FFF781FC6C468AB06A4665
:104AE0000C4BD061C2E905310B4B13620B4B42F802
:104AF000103F4FF42351D8E736070020CCAE040016
:104B0000C42805002C2305000300000124900400A4
:104B1000A8F403204A230500000201030400000258
:104B20000F4B104A10B5002483F8514983F85249BD
:104B300083F860490023136053609360062011F0EE
:104B400023F930B1084B4361022303744474847425
:104B5000C474BDE8104005494FF486521AF06ABB90
:104B600000F0032054F9032077230500249004006B
:104B7000F0B52DED048B974CB4F84C3989B0B0EEFC
:104B8000408A3BB9944809B0BDEC048BBDE8F040C5
:104B900022F080B910EE100AE7F784FE0B460246B9
:104BA0008E48DFED8F8A9FED8F9A22F073F9B4F86B
:104BB0004C198D4822F06EF9002303F14B0204EBEF
:104BC0000212D2ED007AF5EE407AF1EE10FA0DD035
:104BD000F4EE497AF1EE10FAF4EE687A48BFB0EEDE
:104BE000679AF1EE10FAC8BFF0EE678A0133462BE0
:104BF000E3D119EE100AE7F755FE044618EE900AC5
:104C00000D46E7F74FFE2246CDE900012B467748D7
:104C100022F040F9B4EEC98AF1EE10FA40F1888032
:104C200079EE487A17EE900AE7F73CFE02467048A4
:104C30000B4622F02FF96F4822F02CF9654BB3F8A0
:104C40004C39032B40F28B8005A8B0EE480AECF7F4
:104C5000A3FA00287FD1684B6848002222F01AF995
:104C60000598E7F71FFE044607980D46E7F71AFE7A
:104C7000CDE902010698E7F715FE2246CDE90001CD
:104C80002B465F4822F006F95A4822F003F9514BAF
:104C900093F86039E3B15B4822F0FCF85A4B18688E
:104CA000E7F700FE594B044618680D46E7F7FAFD92
:104CB000CDE90201564B1868E7F7F4FD2246CDE92D
:104CC00000012B46534822F0E5F84A4822F0E2F86A
:104CD0005148404C22F0DEF8002305A8B0EE480A07
:104CE000059306930793ECF757FA00283CD0D4F8C5
:104CF000FC00E7F7D7FD0646D4F804010F46E7F7B6
:104D0000D1FDCDE90201D4F80001E7F7CBFD324631
:104D1000CDE900013B46414822F0BCF8404822F072
:104D2000B9F8404822F0B6F809B0BDEC048BF0BDEC
:104D3000B4EEE88AF1EE10FA09DD78EE687A17EE43
:104D4000900AE7F7AFFD02460B46374871E7374850
:104D500022F0A0F86FE7364822F09CF894E7354837
:104D6000042122F097F892E794F86039C3B1264BFA
:104D7000DDED057A93ED007A77EE877ACDED057A51
:104D800093ED017ADDED067A77EE877ACDED067A3E
:104D900093ED027ADDED077A77EE877ACDED077A2B
:104DA0000598E7F77FFD044607980D46E7F77AFD7B
:104DB000CDE902010698E7F775FD2246CDE900012D
:104DC0002B461D4822F066F81C491D4822F062F867
:104DD000A7E700BF00F00320AD230500CD230500A9
:104DE000000080FF0000807FF823050017240500E5
:104DF000392405003325050000000440B5240500D2
:104E0000D42405003525050054F903205CF903205E
:104E100058F903204A25050077250500A825050037
:104E2000DB25050051260500642405008F240500BC
:104E3000F42405000825050000260500EE200500E5
:104E400021260500F8B56C4D95F824300370D5ED9A
:104E5000567AF5EEC07AF1EE10FA0446C0F2C6803A
:104E6000F1EEE77A654BDFED666A93ED0B7A27EE9C
:104E7000267AC7EE876AC4ED016AD5ED577AF5EE5A
:104E8000C07AF1EE10FAC0F2B480F1EEE77AD3ED19
:104E90000C6A5C4F87EEA67A04F10C0084ED027A6E
:104EA00018F09CFC84ED060AD5ED084ADFED567A31
:104EB000C4ED074A95F8253084F82030D5F8F8314C
:104EC000636295ED7F5A94ED034A84ED0A5AD5F852
:104ED0001432E362D5ED865AC4ED0C5A95ED1C6A86
:104EE00084ED0D6AD5ED1D6AC4ED0E6AD5F8003269
:104EF000E363D5F804322364D5F80832636495ED92
:104F0000837A84ED127AD5F81032E3643F4B9B6BC1
:104F10002365EB6E636524EE274A3D4B84ED034A1F
:104F20001B68A3653B4B94ED044A1B68E3653A4B51
:104F30001B682366394B1B686366394B24EE274A8E
:104F40001B68A366374B84ED044A94ED054A1E782E
:104F5000354B84F8946024EE274A20EE270A64EE4D
:104F6000A74A25EE275A65EEA75A26EE276A66EE6F
:104F7000A76A27EE277A93F800C084ED054A84EDEE
:104F8000060AC4ED074A84ED0A5AC4ED0C5A84EDB2
:104F90000D6AC4ED0E6A84ED127A214600224FF0AC
:104FA000050E042E81BF0CEB0203B3FBFEF000EBF9
:104FB00080001B1A94BFD3B2DBB207EBC3030132EC
:104FC00018681B79C866052A81F8703001F108015C
:104FD000E7D1D5F88430C4F89830D5F89430C4F8C7
:104FE0009C30D5F8A430C4F8A030F8BDDFED0F7ABE
:104FF00038E7DFED0E7A4AE7202F00203C700020D2
:1050000035FA8E3CF06F0020E12E6542502E0020D4
:10501000387000203470002030700020287000208C
:1050200024700020D5B20020D3B200200000000080
:105030002DE9F04FDFF8EC908FB01F46D9F8003023
:1050400002900C4690469BB11D7AB5B9082010F02D
:105050009BFE40B12E4B43612E4B836103230374AF
:1050600045748574C5744FF4C2522B491AF0E2F8A6
:105070004FF0FF300FB0BDE8F08FA94212D30A20E5
:1050800010F082FE58B1254B4361224B0562C0E906
:10509000063405230374002343748374C3744FF4EC
:1050A0002152E2E706AB6D1A0B445FFA85FB0393CE
:1050B0000025AF4201D80020DCE7029B2B448DF88D
:1050C0001730D9F800307E1BD3F804A0144B5E458E
:1050D000187828BF5E4684B133190093012206ABCD
:1050E0000DF11701D0470028C4D10399324608EBCF
:1050F000050023F071FA3544DBE7009608EB050361
:1051000001220DF11701D0470028F4D0B2E700BF0B
:105110007A260500E52E050044910400A12605002D
:10512000D2B20020EC6F002007B58DF807100849B7
:10513000095C29B99DF8071061F07F018DF807100F
:105140000DF1070118F0CEFD03B05DF804FB00BFC0
:10515000D0B2002007B5094B8DF807101B5C23B9AE
:10516000CBB263F07F038DF8073001230DF1070107
:1051700018F0B8FD03B05DF804FB00BFD0B200200A
:1051800007B5154B8DF805201A5C8DF80410012A1F
:1051900012D0022A13D0DAB9104B01A919600221EA
:1051A00059600F4901234B600E4B53F8200021F04A
:1051B0007CF803B05DF804FB00231B68FFDE0A4B9C
:1051C0001B682BB109481B68007801A99847F0E7D4
:1051D0004FF0FF30EDE700BFD0B20020DC6F0020C1
:1051E000F0020020D46F0020EC6F0020D2B200202B
:1051F0002DE9F341114F98463B5C05460C46164697
:105200000BB941F080040DF1070221462846FFF753
:10521000A1FF80B99DF8073023EA060206EA0806D6
:105220003243934207D07B5D0BB904F07F042146E3
:105230002846FFF7A5FF02B0BDE8F081D0B20020FC
:105240002DE9F04F9DB015460C46564B01900022BB
:10525000D5E9000159EC128B5BEC11AB8DED020B23
:10526000E7F7C2F9DDE90223C5E900011046194656
:10527000E7F770FB5246CDE904015B4650465946BC
:10528000E7F768FB4246CDE906014B4640464946F2
:10529000E7F760FBDDE9062306460F46DDE904017A
:1052A000E7F7A2F932463B46E7F79EF941EC100BCF
:1052B0001DF010FFD4E9000153EC102BE7F794F92F
:1052C0009DED047B8DED087B9DED067BC4E900011F
:1052D00052465B46504659468DED0A7BCDE90C6738
:1052E000E7F782F942464B460F460646E7F732FBA0
:1052F000DDE90223CDE90E0110461946E7F774F9FE
:1053000042464B4604460D46E7F724FB5246CDE99C
:1053100010015B4620462946E7F71CFB4246CDE9D3
:1053200012014B4640464946CDE91445CDE9166782
:10533000E7F75AF91B4B0022CDE91A23CDE91801F2
:10534000019B08AC03F150074FF0000A94ED007B7D
:10535000019D8DED027B05F15006A346D5E900893C
:10536000FBE80223DDE90201E7F7F4FA42464B4687
:10537000E7F73AF9E5E80201AF4246E9140106F120
:105380005006EBD1019B0AF1010A5833BAF10A0F1A
:1053900004F10804019307F15007D7D11DB0BDE80F
:1053A000F08F00BF0000F03F2DE9F04F93B00D46A5
:1053B00003904FF490708DED040B8DED061B19F0EA
:1053C0007BFAAD4A0346106000F5907C2C462746D8
:1053D0001E4604F1300E3A4603CA724530607160D1
:1053E000174606F10806F6D13033634504F1500440
:1053F000EDD1C02019F060FADFF8AC820346C8F89E
:10540000000005F1300400F1C00C27461E4604F1EF
:10541000200E3A4603CA724530607160174606F1A5
:105420000806F6D12033634504F15004EDD1C020C5
:1054300019F042FA914F0346386005F5F07400F117
:10544000C00EA4461E4604F13009624603CA4A450E
:1054500030607160944606F10806F6D1303373452A
:1054600004F15004EDD1802019F026FADFF83C92C7
:105470000446C9F8000005F5047205F55473844626
:105480009646664602F1200A754603CD55453060C2
:105490007160AE4606F10806F6D150329A420CF120
:1054A000200CEDD1DDE90623DDE90401E7F77CFB03
:1054B000CDE90E0104212046FEF7E0F80421204644
:1054C000EBF7EEFBC02019F0F7F96D4CD9F800604E
:1054D0002060062501953B68009304231A46314657
:1054E000EBF79EFC30461DF06DF83868654E1DF0F8
:1054F00069F84FF4907019F0DFF9D8F80070306057
:105500000195236800932A4604233946EBF788FC6B
:1055100038461DF057F84FF4907019F0CDF9564BFE
:10552000594D1F68D6F8009028600446B84607F524
:10553000907AF8E80201F9E80223E7F753F8D0453A
:10554000E4E80201F5D138461DF03CF830684F4FD1
:105550004F4C1DF037F84FF4907019F0ADF900265C
:10556000C0E90267C0E90467C0E90C67C0E91067D9
:10557000C0E91867C0E91A67464F2060002200237F
:105580000026C0E90023C0E90623C0E90823C0E9DA
:105590000A23C0E90E23C0E91223C0E91423C0E99D
:1055A0001623C0E91C23C0E91E23C0E92023C0E95B
:1055B0002223C0E92423C0E92623C0E92823C0E927
:1055C0002C23C0E92E23C0E93023C0E93223C0E9EF
:1055D0003423C0E93623C0E93A23C0E93C23C0E9BB
:1055E0002A67C0E93867C0E93E23C0E94023C0E923
:1055F0004223C0E94423C0E946674FF4907019F094
:105600005BF9254E27683060062401942B680093CF
:10561000224623463946EBF703FC38461CF0D2FFFE
:1056200028681E4F1E4D1CF0CDFF4FF4907019F0EE
:1056300043F92246014638603068EBF735FC3020EC
:1056400019F03AF92860302019F036F9154A366811
:10565000106000942A68396803463046F0F7B0FBC2
:1056600030461CF0AFFFD5F800B0DA46FAE8026722
:10567000012500241CE000BFD06F0020C86F00206F
:10568000C06F0020BC6F0020B86F00200000E03F1A
:10569000B46F00200000D0BFB06F0020AC6F0020BE
:1056A000A86F0020A46F0020CC6F0020C46F0020E2
:1056B000FAE8028932463B4640464946E7F7DAFBBC
:1056C00010B146464F462C460135062DF0D15846BE
:1056D0001CF078FFB14BB24D18681CF073FF3020FE
:1056E00019F0EAF8AF4A28600346106800EBC404DA
:1056F000D4E90067C3E90067D4E90C67C3E902672E
:10570000D4E91867C3E90467D4E92467C3E90667E5
:10571000D4E93067C3E90867D4E93C67C3E90A679D
:105720001CF050FF2C6894ED047B8DED047B94ED10
:10573000067B8DED067B94ED087BD4E900898DED29
:10574000087B94ED0A7B42464B46404649468DED28
:105750000A7BD4E902ABE7F7FDF8524606460F464E
:105760005B4650465946E7F7F5F802460B46304689
:105770003946E6F739FFDDE9042306460F461046B1
:105780001946E7F7E7F802460B4630463946E6F792
:105790002BFFDDE9062306460F4610461946E7F7BC
:1057A000D9F802460B4630463946E6F71DFFDDE9DB
:1057B000082306460F4610461946E7F7CBF802467F
:1057C0000B4630463946E6F70FFFDDE90A23064669
:1057D0000F4610461946E7F7BDF802460B4630461D
:1057E0003946E6F701FF41EC100B1DF073FC57EC56
:1057F000106B404632463B464946E7F7D5F98046AE
:10580000894632463B4650465946C4E90089E7F787
:10581000CBF932463B46CDE90C01C4E90201DDE992
:105820000401E7F7C1F932463B46CDE90401C4E97A
:105830000401DDE90601E7F7B7F982468B463246F7
:105840003B46C4E906ABDDE90801E7F7ADF93246AE
:105850003B46CDE90601C4E90801DDE90A01E7F7A5
:10586000A3F906460F46C4E90A6700220023404612
:105870004946E7F7E1FAF8B109F1004363600C9B90
:10588000A3600D9BC4F8008003F10043E360049B18
:105890002361059BC4F818A003F1004363610BF179
:1058A0000043E361069B2362079BA66203F100436A
:1058B000636207F10043E362202018F0FDFF3A4BDA
:1058C0003A4F1C68DFF8D880386001230193D8F87C
:1058D00000300093214604220623EBF7A1FA20466C
:1058E0001CF070FE182018F0E7FF314C314D20609D
:1058F000482018F0E1FF2860502018F0DDFF2E4E00
:1059000003463060D8F80000D0E90089C3E9008977
:10591000D0E90289C3E90289D0E90489C3E904898D
:10592000D0E90689C3E90689D0E90889C3E908896D
:10593000D0E90A89C3E90A891CF044FE3868336853
:10594000D0E9008202F10049C3E90C89D0E9028262
:1059500002F10049C3E90E89D0E9048202F100494D
:10596000C3E91089D0E9068202F10049C3E912892E
:105970001CF028FE30682B68D0E90067C3E9006797
:10598000D0E90A67C3E90267D0E90867C3E9046799
:10599000D0E90A67C3E9066710E000BFA46F0020E2
:1059A000A06F0020AC6F0020C06F00209C6F002013
:1059B000986F0020946F0020906F0020D0E902675C
:1059C000C3E90867D0E90667C3E90A67D0E9086751
:1059D000C3E90C67D0E90667C3E90E67D0E904673D
:1059E000C3E91067D0E90C672368C3E90067D0E911
:1059F0000E67C3E90267D0E91067C3E9046790ED59
:105A0000127B8DED087B1CF0DDFD182018F054FF93
:105A1000CF4B1860482018F04FFFCE4B18602B6812
:105A20000646024603F14801F3E802899942E2E89A
:105A30000289F9D103213046FDF720FE03213046CB
:105A4000EBF72EF92468DFF80883DFF824930125AB
:105A5000CDE9004503231A463146D8F80000BE4E72
:105A6000EBF7DEF920461CF0ADFDBA4B18681CF0D0
:105A7000A9FDD8F80030D3E9000202F10041C3E9E2
:105A80000001D3E9020202F10041C3E90201D3E9B6
:105A9000040202F10041C3E90401182018F00CFFD0
:105AA000D8F80070AD4B1860CDE9007503230446AB
:105AB00031681A46EBF7B4F903232A463946CDE993
:105AC000004510A8EBF7ACF920461CF07BFD482000
:105AD00018F0F2FEA24DA34C286001460322306864
:105AE000A14FEBF7E1F9482018F0E6FE482200212B
:105AF000C9F8000022F098FD182018F0DDFE2060A3
:105B0000182018F0D9FE3668386003220092226807
:105B1000296803463046F0F753F930461CF052FD31
:105B20002468D9F8006094ED000B1DF0D3FA86EDDF
:105B3000000B94ED020B1DF0CDFA86ED080B94EDF1
:105B4000040B1DF0C7FA204686ED100B1CF03AFD41
:105B500038681CF037FD2C6894ED067BD4E900AB67
:105B60008DED047B94ED0C7B52465B4650465946C6
:105B70008DED067BE6F7EEFEDDE9042306460F46D3
:105B800010461946E6F7E6FE02460B463046394611
:105B9000E6F72AFDDDE9062306460F4610461946BC
:105BA000E6F7D8FE02460B4630463946E6F71CFDBE
:105BB00041EC100B1DF08EFA57EC106B504632463C
:105BC0003B465946E6F7F0FF3246C4E900013B4642
:105BD000DDE90401E6F7E8FF3246C4E906013B4689
:105BE000DDE90601E6F7E0FF94ED087BD4E902ABBE
:105BF0008DED047B94ED0E7BC4E90C0152465B46AF
:105C0000504659468DED067BE6F7A4FEDDE90423F8
:105C100006460F4610461946E6F79CFE02460B461E
:105C200030463946E6F7E0FCDDE9062306460F4636
:105C300010461946E6F78EFE02460B4630463946B8
:105C4000E6F7D2FC41EC100B1DF044FA57EC106B58
:105C5000504632463B465946E6F7A6FF3246C4E96F
:105C600002013B46DDE90401E6F79EFF3246C4E946
:105C700008013B46DDE90601E6F796FF94ED0A7B55
:105C8000D4E904AB8DED047B94ED107BC4E90E01E7
:105C900052465B46504659468DED067BE6F75AFE66
:105CA000DDE9042306460F4610461946E6F752FE84
:105CB00002460B4630463946E6F796FCDDE90623F8
:105CC00006460F4610461946E6F744FE02460B46C6
:105CD00030463946E6F788FC41EC100B1DF0FAF926
:105CE00057EC106B504632463B465946E6F75CFF90
:105CF0003246C4E904013B46DDE90401E6F754FFFE
:105D000032463B46C4E90A01DDE90601E6F74CFFED
:105D1000C4E91001482018F0CFFDDFF858A0134C5B
:105D2000CAF80000482018F0C7FDD9F800602060CC
:105D30000323CDE900631A462968EBF771F8304672
:105D40001CF040FC2D68002305F1180214E000BF90
:105D50008C6F0020886F0020946F0020846F0020DB
:105D6000806F0020786F0020746F00206C6F00201F
:105D70007C6F0020706F00200133A2F110061146E5
:105D80001846032801F1180172D1032B02F12002F9
:105D9000F2D1CDE900531A462168DAF80000DFF8A5
:105DA000E490EBF73DF828461CF00CFC20681CF052
:105DB00009FC482018F080FDDDE90823C9F800003F
:105DC0000446DDE91001E6F70DFC41EC100B1DF077
:105DD00081F9DAF8005057EC106BAA4605F1480B30
:105DE000DDE90E23FAE80201E6F7B4FD32463B4650
:105DF000E6F7DAFEDA45E4E80201F1D128461CF0C4
:105E0000E1FBD8F80040D4E90001E7F79BF8039BD9
:105E10001860D4E90201E7F795F8039B5860D4E9CC
:105E20000401E7F78FF8039B986020461CF0CAFB3B
:105E3000D9F80060039C354604F12407D5E9000138
:105E4000E7F780F8E060D5E90201E7F77BF8206129
:105E5000D5E90401E7F776F80C34A060A74205F114
:105E60001805EBD1304613B0BDE8F04F1CF0AABBCB
:105E700011ED067B96ED006B013001ED066BA6EC93
:105E8000027B7EE7686F0020044900220023C1E9FD
:105E900000230349C1E90023704700BF682C00209C
:105EA000602C0020034B00221A70012108461CF0D0
:105EB0007DBC00BFCFB2002008B5012100201CF03E
:105EC00075FC024B01221A7008BD00BFCFB2002042
:105ED000044B1B68002BA6BF034A52F8230003485B
:105EE000704700BFEC020020589D0400D6DC04007F
:105EF00010B50A4B1B787BB1094B0A4C1B7833B1A8
:105F0000002384F88031BDE81040F9F735B9064820
:105F1000FCF74EFA0123F4E710BD00BFC9B2002020
:105F2000C8B2002000F0032081F1032010B5FFF774
:105F3000ABFF194B1B782BB1184C236813B1184ACF
:105F4000934212D106200FF01FFF38B1154B436169
:105F500002230374002343748374C374BDE81040A8
:105F600011494FF4865219F065B902F005F80F4B4C
:105F70001B7853B10E4B1B783BB10E4B1B6823B102
:105F80000D4A934201D05B68984723685B68984745
:105F9000BDE8104001F0EABF2BB20020E40200206F
:105FA000D89C0400D52605003C910400B877002059
:105FB000FFB10020E0020020689C0400024B196839
:105FC000024B1868F4F7B2B8EC0200201801002068
:105FD0002DE9F041A74E82B03278824200AF0446EC
:105FE00017D1A549A54B6C4688B0002A18BF0B46AF
:105FF0006A46A349A348C2E905134FF4007393838B
:10600000A14B42F8103F4FF4E6511AF05BF8A54659
:1060100015E09E4B93F90030002B14DA06200FF0A8
:10602000B3FE38B19A4B43610223037400234374D7
:106030008374C37493494FF4845219F0FBF8083702
:10604000BD46BDE8F081934B1B7813B1924B1B7892
:1060500023BB924A924B6D4688B0002C08BF134672
:106060006A4690498748C2E905134FF40073938349
:10607000854B42F8103F4FF4E6511AF023F8FA1D11
:106080008949FC71AD460123252006F055FF874B59
:10609000012204201A7001F075FFD0E7F8B1844B9B
:1060A0001D78002D79D106200FF06EFE30B1814BA6
:1060B00043610223037445748574C57401247149D6
:1060C0004FF4845219F0B6F87749FC712346FA1D53
:1060D000252006F031FF3470FFF770FFAFE76F4BFC
:1060E0006D4688B06A4674496648C2E905134FF4A4
:1060F00000739383644B42F8103F4FF4E65119F05C
:10610000E1FFAD4601F030FB6C4D01F035FF002C96
:1061100000F09180FFF7B8FEFCF7FEF820B1684B65
:106120001B6801201B6B98472B68DFF8C0811B6838
:106130009FED640A40469847051E36DA08200FF0A6
:1061400023FE50B1604B4361604BC0E90635042328
:106150000374002343748374C3744A494FF4015297
:1061600019F068F8FCF7D8F8C8B901F0FFFE08206C
:106170000FF00AFE48B1564B4361564B836103232F
:106180000374002343748374C3743E494FF4C252B2
:1061900019F050F801F0FCFA51E7414BA0E7484BE9
:1061A0001B6800201B6B9847DFE7EBF7ADFA082070
:1061B000D8F800800FF0E8FD054690B1464B4361EA
:1061C0004046E6F76FFB0B46024644490020E6F7DF
:1061D000EBFC0423C5E906012B7400236B74AB743C
:1061E000EB7428494FF40352284619F023F801F0C4
:1061F000BDFE2D49FC7125200123FA1D06F09CFEF1
:106200002A4B347001221A7001F0CAFA01F090FA98
:10621000FFF7D4FEF3F7AAFF08B102F007F801F088
:10622000B7FA154A154B002C18BF13466C4688B0B8
:106230006A462B49DEE6FFF727FE2B68002BD6D0F7
:10624000284A9342D3D0FCF767F820B11C4B1B6857
:1062500001201B6B98472B685B689847FCF75CF83C
:1062600020B1174B1B6800201B6B98471E4B002268
:106270001A70BCE7FFB10020CCAE0400C4280500B2
:10628000172705003C91040003000001BA770020A5
:106290002F2705002BB20020CCB200200D270500CF
:1062A00004270500682705009BF40320C8B20020DE
:1062B000B877002099270500D4270500E0020020C8
:1062C000E40200200AD7233CF1270500E52D050054
:1062D0002C280500FF2D0500122805000000F03FC6
:1062E0005D280500689C0400C7B200203C6F0020B8
:1062F00008B501F055FA084B1B782BB119F012FEC6
:10630000BDE80840FFF7F4BD044A82F88031BDE8DB
:106310000840F8F731BF00BFC9B2002000F00320E9
:1063200007EE900AB8EEE77ADFED247A244B254A8F
:10633000C7EE276A2DE9F041044600AFD3ED007A9D
:1063400086EEA77AFDEEC77A17EE903A1BB2012BC4
:106350001D46B8BF012515801B4A12780AB1012BD2
:106360002ADCAEB217EE100AE6F79CFA174A184B71
:10637000E8468CB0AE4208BF13466A46C2E90853ED
:1063800040F202531385DFF85CC0124BC2F814C010
:10639000C2E9060142F8103F4FF453510E4819F07C
:1063A00091FE0E4B1B68C5465B6A304698470C4B06
:1063B0001C60BD46BDE8F0810126D3E700007A44A9
:1063C000206F00209C770020C6B2002034250500F5
:1063D0006D280500060000013C910400E402002045
:1063E000BC0200207A28050038B50446EFF3118579
:1063F000402383F31288BFF36F8F144816F024FEF6
:1064000030B988221249134820F05AFD21F0CFFC00
:106410000E4816F03DFE637BDA060BD40B4816F0EF
:1064200021FE10B94FF49A72ECE785F31188BFF39F
:106430006F8F38BD23F01003204663731AF0FAFF04
:1064400029460248BDE8384018F070B9406F002076
:1064500062CE040045A4050070B503460C46DA88F8
:106460000068197902F040022243D0E901539C6987
:1064700054B312F4C00F07D14FF464721449154895
:1064800020F01EFD21F093FC02F0E863B3F1C86F29
:1064900002D140F29332F1E702F0C863B3F5800F06
:1064A00002D14FF46872E9E72D6801238B402B423B
:1064B00002D140F2A532E1E7074BA4461340BDE804
:1064C000704002F0B07260476FF0570070BD00BFBF
:1064D00078E4040045A40500400000062DE9F047DB
:1064E0002DED028B6D4C6E4EB4F84C59032DB0EE71
:1064F000408A19D808200FF047FC48B1694BC0E921
:1065000005350423C3610374002343748374C37487
:1065100065494FF4035218F08DFE0023A6F8743439
:10652000BDEC028BBDE8F0871FF0CBFD002386F8A1
:106530007434B4F84C29C6F8702488460746C6F867
:10654000843431461A460133472B0A7301F1100196
:10655000F9D1F0EE007A78EE678A9FED547A544BC9
:1065600038EE278AF2EE047AF4EE678AF1EE10FA3A
:10657000B4EE478A48BFF0EE678AF1EE10FAC8BF62
:10658000B0EE478A38EEE77A78EE677A37EE077A28
:1065900077EEA77ABDEEC77AFDEEE77A17EE109A8E
:1065A00017EE904A0134462CA8BF462429EAE9791F
:1065B0000C201A7783F83C2083F85C2083F87C2039
:1065C00083F89C20C3F8A020C6F87C94C6F88044C9
:1065D0000FF0DAFB0546A8B1364BC461C0E90539B6
:1065E00018EE900AE6F75EF9C5E9080118EE100A00
:1065F000E6F758F90823C5E90A012B7400236B74E8
:10660000AB74EB7428462849DFF8B090DFF8B0A0EF
:1066100044F2C00218F00EFE0123D6F87C4486F83E
:1066200075340025D6F88034A34228DA40F20123DD
:106630004FF00009C6F87894A6F874341FF041FDB5
:1066400004460A200E460FF09FFB78B1E41B1A4B5C
:1066500080F8119066EB0806C0E90846C0E90535E8
:106660000623037480F8129080F81390BDEC028B1F
:106670000D49BDE8F0474FF4435218F0DBBD20460A
:10668000FDF764FE00B1013509FB05F3BAEBB30F6A
:1066900002D3072005F0CEFE0134C3E700F003204B
:1066A000786A0020982805001C90040000003442FD
:1066B00098700020CD2805000C290500CDCCCCCC4D
:1066C000CCCCCC0C38B5FDF725FE3148FDF766FE85
:1066D0000021302221F0A8FF2E4BB3F84C490025B1
:1066E000AC4214BF01222A4683F84F5983F84E2941
:1066F00039D008200FF048FB38B1274B4574C0E96A
:106700000534032303748574C57424494FF4C652B9
:1067100018F090FD224820F0BDFB01F0A7F8B4EE80
:10672000400AF1EE10FA01D6FFF7D8FE1D4A042305
:106730001146202006F0CEFB1B4A042311462320DD
:1067400006F0C8FB194A4FF48C631146212006F06D
:10675000C1FB0F4A30231146222006F0BBFBBDE8E7
:10676000384019F0DFBB06200FF00EFB30B1104BA4
:1067700043610223037444748474C47407494FF45E
:10678000865218F057FD0B4820F084FBCEE700BF7F
:1067900010F9032000F003205D2905002490040077
:1067A00087290500ACF403204CF90320B0F4032042
:1067B000B0290500CB2905002DE9F04F2DED028B06
:1067C000C54C94F8885087B00746B0EE408A002D3B
:1067D0003CD10126FDF716FE84F888601FF071FC9D
:1067E00000230022C4E92401C4E90A23C4E90C23DC
:1067F000C4E90E23256484F8485001F05BF8DFED0E
:10680000B77A9FEDB77A84F87D5020EE270A03AD62
:10681000C0EE077A284684ED208AFDEEE77A84ED03
:10682000218A17EE903AB342B8BF33466364F7F754
:10683000D9FC58B195E8070004F1640383E8070028
:1068400004F1700383E8070084F87C60DFF894A209
:106850003D4607F10C0B5646D6E9008955F8040B66
:10686000E6F720F842464B46E5F7BEFE5D45E6E812
:106870000201F1D1236C03F10108636CC4F840807C
:10688000984553DBDFF8749294F848B04E460325E0
:10689000BAEC027B40468DED007BE5F7F1FF024646
:1068A0000B46DDE90001E6F77FF9E6F74BFB07EE63
:1068B000900ABBF1000F03D13060C6ED037A0EE001
:1068C00096ED007AB4EEE77AF1EE10FA00DD306072
:1068D00096ED037AB4EEE77AF1EE10FAEDD4013DCD
:1068E00006F10406D4D17F481822294621F09CFEE7
:1068F0000123256484F84830B1EE047A4B46D9ED83
:10690000037AD3ED006A77EEE67A09F10409F4EE32
:10691000C77AF1EE10FA06DD07B0BDEC028BBDE8D8
:10692000F04FFDF76FBD0135032DE7D194F87D30B1
:106930000133DBB20F2B7CD884F87D303868E5F763
:10694000B1FF02460B46D4E90001E5F74DFEC4E96C
:1069500000017868E5F7A6FF02460B46D4E902017C
:10696000E5F742FEC4E90201B868E5F79BFF02467D
:106970000B46D4E90401E5F737FED4ED207A236A0B
:10698000B4EEE78AD4ED217AF1EE10FAB4EEE78A9C
:1069900003F1010348BF84ED208AF1EE10FAC8BF6D
:1069A00084ED218AC4E90401236218EE100AE5F798
:1069B00079FF02460B46D4E90601E5F715FE636A46
:1069C00001336362C4E906011FF07BFBD4ED207A3A
:1069D00094ED218A38EE678ADFED437AB4EEE78AD8
:1069E000F1EE10FAD4E9243268DD236AB3F5FA6FC8
:1069F0005CDB08200FF0C8F9044668B13B4B4361EB
:106A000018EE100AE5F74EFF0423C4E906012374CB
:106A100000236374A374E37435494FF40352204692
:106A200018F008FC07B0BDEC028BBDE8F04FEAF7A8
:106A3000C3BE03AD0023284684F87D30F7F7D2FBB0
:106A400000283FF47BAF94F87C202A4B52B995E89C
:106A5000070083E807000C3383E80700012384F86C
:106A60007C306BE79FED247A0322F3EC016AF5ECAE
:106A7000017AF4EEE67AD3ED026AF1EE10FAF4EE62
:106A8000E67A48BF43ED017AF1EE10FAC8BFC3EDD4
:106A9000027AD3ED027A53ED016A77EEE67AF4EEEC
:106AA000C77AF1EE10FA06DDFDF7ACFC07B0BDECDD
:106AB000028BBDE8F08F013AD7D13FE7C01A46F20A
:106AC000A81361EB0201984271F10001EEDB236A29
:106AD000B3F5FA6FEADBA5E76031002000007A43E6
:106AE00000007A448831002014AE073F952B050042
:106AF00024900400C43100208FC2753DAC310020C9
:106B00002DE9F0470446824EB36898420BD1EFF36B
:106B1000058343B17F4B5A6842F080525A605A6AEB
:106B200022F400425A6294F80C80EFF3118540235E
:106B300083F31288BFF36F8F774816F085FA30B968
:106B400088227649764820F0BBF921F030F9724866
:106B500016F09EFA637B19070CD56F4816F082FA7F
:106B600010B94FF49A72ECE785F31188BFF36F8F79
:106B7000BDE8F087D90943F0080240F097806273BE
:106B8000A36813B1204617F045FD04F118001AF070
:106B900033FBA76D04F15809B94511D04FF0000A35
:106BA00077B1384617F036FD07F118001AF024FBCC
:106BB000C7F8A8A038461AF03DFCA76DB945EFD13B
:106BC000B3689C4240F08580EFF30587003F18BF13
:106BD0000127D6F81C90534A914502D0B9F1000F15
:106BE00001D1D6F80C904B4502D048461AF050FB24
:106BF000B368C6F818909C4276D1EFF30583002B5A
:106C00006FD1EFF31182402383F31288BFF36F8FAC
:106C1000237B23F002032373EFF3148323F0040395
:106C200083F31488BFF36F8F82F31188BFF36F8FE4
:106C300057B13D4BB36040F201129A810022C3E983
:106C400025223A4AC3F8A020B3689C424ED1EFF304
:106C50000586002E4AD1237BDB0720D52E4816F06F
:106C600001FA00283FF47DAF85F31188BFF36F8FE1
:106C700086F31188BFF36F8F0423184602DFEFF30A
:106C80001185402383F31288BFF36F8F224816F0DB
:106C9000DBF900283FF454AF1F4816F0F9F91E48FD
:106CA00016F0E0F9B8B94FF4B7724AE7204A03F09A
:106CB0007F0343F008039442637302D15A221D49B3
:106CC00040E7DA0701D55B22F9E7204621F01EF8FC
:106CD00056E700277DE7284617F0B4FC4FF4EE7224
:106CE000EDE7002FB3D0A4E7002FA2D10A4816F099
:106CF000B9F900283FF435AF85F31188BFF36F8FE2
:106D000018F0010F3FF434AF40F28E52D7E700BFC6
:106D1000446F002000ED00E0406F002062CE0400D0
:106D200045A40500606F0020702C0020640800203E
:106D3000602D0020D42B0500F8B504465A4DAB68F1
:106D4000984241D1EFF30583002B3DD1EFF311863B
:106D5000402383F31288BFF36F8F544816F074F901
:106D600010B9882252490DE0504816F091F9637B22
:106D7000504A03F07F0343F010039442637306D13B
:106D80005A224D494D4820F09BF821F010F8D807C1
:106D900001D55B22F5E7204620F0B8FF2B4653F8DB
:106DA0001C4F9C4200D004B9EC68AB68A34202D0EF
:106DB00020461AF06DFAAC613C4816F053F90028F1
:106DC00068D14FF4B772CDE7EFF31186402383F318
:106DD0001288BFF36F8F354816F036F90028C0D0FF
:106DE000324816F055F9637BD90607D52F4816F0BF
:106DF00039F9002853D14FF49A72B3E7D90943F017
:106E0000100238D16273EF692D4B9F4200D007B951
:106E1000EF68AB68BB4202D038461AF039FAAB686B
:106E2000AF619C42E2D1EFF30585002DDED1237BDB
:106E3000DB07C1D51D4816F015F90028DBD086F315
:106E40001188BFF36F8F85F31188BFF36F8F042311
:106E5000184602DFEFF31186402383F31288BFF355
:106E60006F8F124816F0F0F800283FF47AAF0F4801
:106E700016F00EF9A0E70F4A03F07F0343F010036A
:106E8000944263733FF47CAFDA0782D4204620F04B
:106E90003DFFB8E73046BDE8F84017F0D3BB86F3B6
:106EA0001188BFF36F8FF8BD446F0020406F002042
:106EB00062CE0400602D0020D42B050045A40500FF
:106EC000606F00202DE9F04F9E4E337885B0054667
:106ED000002B5FD0002800F0D7809B4B1B78002B45
:106EE00058D09A4B1B68002B54D1994B1B78002B20
:106EF00050D1984B93F80080B8F1000F4AD1964FCB
:106F0000964C1FF0DEF83B684FF0030993FBF9F253
:106F100002EB42029A1A04EBC20C0133022B44F832
:106F200032003B60CCF8041040F38F8093FBF9F201
:106F300002EB42029B1A04EBC30254F8333052684E
:106F4000B0EB030A4EF6602361EB020B9A457BF12E
:106F500000037AD20A200EF017FF60B1804B80F850
:106F60001180C0E908ABC0E905390623037480F835
:106F7000128080F813804FF443527A4918F05AF97E
:106F8000002300223B600023C4E90023C4E902235C
:106F9000C4E9042300F0E8FB002005F001FC72487E
:106FA000FFF7AEFD06200EF0EFFE38B16F4B4361E8
:106FB00002230374002343748374C37469494FF438
:106FC000865218F037F9FEF76DFFFCF7D3FB614BE3
:106FD00000241C705C4B34701C70C5B1644B654A56
:106FE0009C80654B9C80FF231370644A06201370BD
:106FF0000EF0CAFE30B1624B436102230374447445
:107000008474C47457494FF4865218F013F9564CDF
:107010005C4900220023CDE9022307230022CDE9A9
:1070200000322046584B4FF400621AF0AFF8EFF3ED
:107030001187402383F31288BFF36F8F534816F0F4
:1070400003F828BB8822524937E0524AD2E9004768
:1070500040F2DC53041B61EB07079C4277F100030D
:1070600098D208200EF090FE48B14B4BC761C0E9A2
:10707000053404230374002343748374C3743949AF
:107080004FF4025218F0D6F8002005B0BDE8F08F9A
:107090003E4815F0FDFF637B1B0747D43F4B9868C4
:1070A000A04243D0A26800F158039A423ED0EFF3C9
:1070B00005833BB13A494FF4B6623A481FF000FFEE
:1070C00020F075FE04F1580120F029FF2F4815F03B
:1070D000C9FF10B94FF4B772B5E7384617F0B2FAE6
:1070E0003378FBB1F5B100220023CDE9022302245D
:1070F0000723CDE9003423492B4B1B484FF4006292
:107100001AF044F806200EF03FFE30B1274B4361E1
:107110000023047443748374C37412494FF4865279
:1071200018F088F8307880F00100AEE7174815F0C5
:1071300099FF10B94FF49A7285E787F31188BFF36E
:107140006F8FCDE72BB20020CCB20020286F00203B
:10715000CBB20020CAB20020246F0020482C0020AF
:10716000F62B05003C910400502B00207E2C0500DE
:10717000346F0020D50700202C6F0020D40700209A
:10718000942C050000E60020E1370200406F00204B
:1071900062CE0400402C00202C2C0500446F0020FF
:1071A000D42B050045A40500F9260100AA2C0500F2
:1071B00008B51EF084FF064B064AC3E900011368B8
:1071C000054801331360BDE808401EF0A0BF00BFB2
:1071D000482B00201C6F0020880900209FED010A29
:1071E000704700BF000000009FED010A704700BF1C
:1071F00000000000112808D8054A52F8203010B1CC
:10720000013852F82000181A70474FF44870704740
:10721000949E040038B50B4B002408201D6A1C7096
:107220000EF0B2FD38B1084B4474C0E905350323B4
:1072300003748474C474BDE8384004494FF4C652E2
:1072400017F0F8BF08000020312F05003C91040022
:1072500010B5044608200EF097FD50B90C494FF4C4
:10726000015217F0E7FF4FF0FF3323606FF001008A
:1072700010BD084A4261084A82616FF00102C26192
:1072800004220274002242748274C274E6E700BFD2
:10729000448F04005A2F05006943050008B52E22CB
:1072A00008484FF0FF3121F0BFF9074A002313606F
:1072B000064A1370064A4FF0FF331360054A136005
:1072C00008BD00BFF60600203C710020DEB20020A1
:1072D0006C0300206803002038B54FF420320023EF
:1072E00001201AF06BFE0446A0B90B4B08201D7854
:1072F0000EF04AFD38B1094B4474C0E9053503234B
:1073000003748474C474BDE8384005494FF4C45212
:1073100017F090BF38BD00BFCFB20020882F050006
:107320003C91040010B5264B1B78BBB14FF4A02252
:10733000002302201AF042FE044678B906200EF01F
:1073400023FD30B11F4B43610223037444748474E2
:10735000C4741D494FF4845217F06CFF1B4B1B780B
:10736000BBB14FF42032002301201AF027FE04465F
:1073700078B906200EF008FD30B1154B43610223A9
:10738000037444748474C4740F494FF4845217F026
:1073900051FF1048FFF7D0FC06200EF0F5FC38B185
:1073A0000D4B436102230374002343748374C3743D
:1073B000BDE8104004494FF4865217F03BBF00BFB0
:1073C000CEB20020B52F05003C910400CFB20020C2
:1073D000DA2F0500502B0020FF2F050010B5134BAE
:1073E0001B68002B09DA124B1B6842F21071002B4C
:1073F00018BF1946002005F0FBF80E48FEF7F4FF11
:107400000D4B002406201C700EF0BEFC30B10B4B5F
:1074100043610223037444748474C474BDE810404F
:1074200007494FF4865217F005BF00BF6C7100206A
:1074300048710020502B0020CAB2002017300500F0
:107440003C9104001FB50D4BB3F91810B3F91A2085
:10745000881AB0F57A7F0DDBADF80010ADF8022088
:10746000D3E90A230021CDE90223082010236A462C
:1074700005F062FD05B05DF804FB00BF00F00320DD
:107480002DE9F04F98208FB017F016FA00254FF035
:10749000FF380746A0F1080A2E46AB46A9464446E7
:1074A0002022002106A821F0BFF805F109002022C2
:1074B00006A980B205F0CAFDBDF81820AAB30023C2
:1074C000DDE90801E5F78EFD09F1010986194BEBAD
:1074D000010B02460B46A846B4F1FF3F08BF2C46FD
:1074E0005FFA89F94AF8082F0135132DCAF80430DC
:1074F000D6D1B9F1010F01D9631C18D106200EF0C5
:1075000043FC38B1524B436102230374002343749C
:107510008374C3744F494FF4845217F08BFE38467E
:107520000FB0BDE8F04F1BF04DB81346DAE724204A
:1075300017F0C2F924220021009021F075F8002CE8
:107540003CD1B8F1100FA2463FDD42F210754A4619
:10755000002330465946E5F745FD08F10102121BAC
:10756000A2EB09024FEAE27C02FB01F3CDE9010143
:107570000CFB0033A2FB00210B4492194FEAE5718A
:107580004FF0000643EB0B0307EBC409B34603912E
:1075900044453CDB38461BF015F8009A2E4924235D
:1075A0001D2005F0C9FC00981BF00CF82B4A13783D
:1075B00023F0080313700FB0BDE8F08F284B621E54
:1075C000B8F1100F53F822A01EDC254B53F82850B9
:1075D000A5EB0A05002DBADC08200EF0D5FB48B15A
:1075E000204B4361204B83610323037400234374C6
:1075F0008374C37417494FF4C25217F01BFE384608
:107600001AF0E0FF00988BE742F21075E0E7D9E945
:10761000001051EA000C08BFDDE90110891940EBA8
:107620000B0B03980E4605FB0BF106FB0011A5FBA7
:10763000060C6144CDE90432E5F7D4FC009B5044CC
:1076400023F8140009F10809DDE9043201349FE749
:107650002D300500E48F040040F00320B5B2002077
:10766000949E04005A3005005C430500B0B50C46FA
:1076700000AF114605462046F6F72EFF114B226853
:107680009A42237903F01F0316D18AB06A460E4945
:107690000E48C2E90515590903F01F0313624FF4A0
:1076A000007393840A4BD16142F8103F4FF4335179
:1076B00018F008FDBD46B0BD06498A4208BF43F038
:1076C0002003E2E7908A04007B3005000C9104005F
:1076D00005000001708A040010B5064C4FF400311B
:1076E0002046F6F7F9FE00212046F6F74DFF002070
:1076F00010BD00BF8C9E040008B506200EF044FBB0
:1077000038B1094B4361022303740023437483742B
:10771000C37406494FF4865217F08CFDBDE808404B
:10772000C8201EF0B9BC00BF873005000C910400D2
:10773000054B01221A70054A00231360044A1360A6
:10774000044B00221A607047F3B20020F47100204D
:10775000F0710020EC710020024B1B780BB1FFF799
:10776000BBBD7047CFB2002008B5074B01220020F7
:107770001A7005F015F8054B1B781BB1BDE80840E1
:10778000FFF7D0BD08BD00BFCAB20020CFB20020B5
:10779000024B1B780BB1FFF721BE7047CAB2002025
:1077A00010B52DED048B82B0FEF76EFB284B1B78D5
:1077B000002B45D0274BD3ED008A274B93ED009A41
:1077C000264B93ED008AB5EEC08AF1EE10FA3BDD50
:1077D000F2EE047AB4EEE78ADFED217AF1EE10FAE8
:1077E00058BFB0EE678A002401A96846009401944E
:1077F000FAF72EFDB0EE680AB0EE481AF0EE490A2C
:10780000FAF7F6FD9DED000AB5EEC00AF1EE10FAAA
:1078100003DDDDED010A1EF060FD124B00221A802F
:10782000002000214FF07E52C3E90201C3E90401A8
:107830009A61DC611C625C620B4B1C605C609C604A
:1078400002B0BDEC048B10BD9FED058ACBE700BFF5
:10785000CCB2002004720020087200203C6F00208F
:107860000AD7233C40000020C8710020044B1B783D
:107870001BB1044B93ED000A7047034BFAE700BFBE
:10788000EEB20020B4030020B8030020074BD3ED74
:10789000007AF5EEC07AF1EE10FAC6BFB7EE007AC4
:1078A00087EE270A9FED020A704700BF087200208A
:1078B0000000C842074BD3ED007AF5EEC07AF1EE36
:1078C00010FAC6BFB7EE007A87EE270A9FED020ACC
:1078D000704700BF047200200000C843114B1B78A2
:1078E000E3B1114BD3ED007AF5EEC07AF1EE10FA68
:1078F00009DDB7EE007AF4EEC77AF1EE10FA02D5A0
:1079000087EE270A7047094BDFED097A1B789FED58
:10791000090A002B18BFB0EE670A70479FED050AF1
:10792000704700BFB87700203C6F0020FFB10020F7
:107930000000C8420000000008B508200EF024FA3C
:1079400048B1084B4361084B836103230374002350
:1079500043748374C37405494FF4C25217F06AFC30
:10796000FF2008BDA0300500844305003C910400C1
:1079700098B5214C00AF20681EF035FDF0B92368A2
:107980006C468AB01B686A461C4951611C491D48F7
:10799000C2E9061340F2013313841B4B42F8103F37
:1079A0004FF4115118F08EFB6FF00100A546174AF5
:1079B000B0FA80F35B091370BD4698BD1422002114
:1079C00004F10C0020F030FE04F120021049626145
:1079D0004FF40072C4E90112022221460123A26180
:1079E00040F20E7251F8040B2361A283A3778368DF
:1079F0001B689847DBE700BF70030020C430050018
:107A000076430500448F040004000001EAB2002020
:107A1000000428401128034609D8064A00F1200135
:107A200032F9110020B9044A52F8230070470020AF
:107A3000704700BF00F00320949E04002DE9F74F2B
:107A40004FF0FF353E4A00232C4603F1200132F966
:107A50001110002903DD611C1D4608BF1C460133BF
:107A6000122BF2D1012C69DDA54267DB621E354B7A
:107A700004F1200153F82280314A32F911204245A5
:107A80005CDA6A1C102AD4BF53F822B042F2107B91
:107A9000ABEB0809B9F1000F50DD4FF4FA770A207B
:107AA00007FB04FAAE1C0EF06FF968B1264BC0F864
:107AB00024B07743C0E9053AC0E907780623037488
:107AC000002343748374C3744FF4FA73361B5E430C
:107AD0001E494FF4435217F0ADFBF31742F2107BEF
:107AE0000193670007F1005707F57C37B7F94000AD
:107AF000002811DDA0EB0A00019B324680FB0B0140
:107B0000E5F7B6FB42F21072002389FB0001E5F7AE
:107B1000AFFB4044A7F840000134A542E1DA0C4A2B
:107B200024231D20002105F007FAF7F725FB094B58
:107B300000221A70012003B0BDE8F08F0020FAE7A0
:107B400000F00320949E0400E3300500E48F04005D
:107B500040F00320B5B200202DE9F04183B242F29B
:107B600010784345044664D8334B344EB3F90020B3
:107B7000824204D1B6F900402046BDE8F081188069
:107B80004FF4FA7790FBF7F7781EC3B2112B04D8A5
:107B900000B2FFF73FFF054600BB42F227334FF428
:107BA000FA759C4217FB05F508DC3846FFF732FFF3
:107BB00000B342F60413984221D925E005F5FA7086
:107BC0004FF4FA7194FBF1F301FB13431AB2431B18
:107BD000534393FBF1F32B441CB228E042F22733CA
:107BE0009C4203DC3846FFF715FF58B942F2107388
:107BF0009D4209D801374FF4FA7317FB03F0854211
:107C0000DEDD01E04545D4D908200EF0BDF848B1CD
:107C10000B4B43610B4B83610323037400234374B9
:107C20008374C37408494FF4C25217F003FB3480C5
:107C3000A2E74FF0FF349FE72A0700202807002023
:107C40001231050050430500E48F040038B5094D9A
:107C5000094C297811F0010102D0D4E9000138BDA6
:107C60000648EAF709F82B7843F00103C4E900015C
:107C70002B70F4E7B5B20020D83500203F63040034
:107C8000F8B5334E33781B0703D5324BD3E90001E7
:107C9000F8BD314B314AD3E90013914273F100032F
:107CA00052D32F4BB3F90040002C4DDB42F20F733F
:107CB0009C42D8BF4FF4FA754FF00003D6BF94FB37
:107CC000F5F51325EDB219460120DAB295422CD80C
:107CD0004FF4FA7394FBF3F203FB12441D4F24B2EA
:107CE00045BB00220023C7E90023BCB101211D4888
:107CF000A940E9F7C1FFE317614300FB0311A4FBAF
:107D000000044FF4FA7200232144E5F76BF9D7E938
:107D10000023801843EB0103C7E90003337843F0E5
:107D20000803D7E900013370B2E700FA03F2114308
:107D30000133CAE70B48E9F79FFFC7E90001002CB0
:107D4000ECD0132DEAD0D1E700200021A0E700BF3E
:107D5000B5B20020D0350020C835002001001E003B
:107D6000F40600203F63040038B5014605464FF491
:107D700080520E481EF074FB0446A0B10A200EF09B
:107D800003F858B10A4B43610A4B0462C0E9063557
:107D900005230374002343748374C37406494FF4AA
:107DA000215217F047FA204638BD00BF708B0400FF
:107DB00024310500FF420500849004002DE9F041C4
:107DC00043681E880446002E5AD083683F481F68C7
:107DD0001EF05AFB431EB3F5805F73D2B6FBF0F37F
:107DE00000FB136333B1FF22B6FBF0F300FB136318
:107DF000002B47D1237E5BB9E3681B68BB4207D2E7
:107E00003846FFF7B1FF0546002854D1E3681F60EC
:107E100022682E48334639461EF01BFB05460028D3
:107E200034D1A268136803F5805313606368188027
:107E300006464FF480522068FF2120F0F5FBA3682E
:107E4000277ED3F80080DFB9D4E9043213444345D8
:107E500016D94046FFF788FF054678B308200DF095
:107E600093FF40B11A4BC561C0E905380423037480
:107E700046748774C67417494FF4025217F0DAF942
:107E8000002518E023689A550136ADE70A200DF069
:107E90007BFF58B1104B4361104B0562C0E90637B8
:107EA00005230374002343748374C37409494FF496
:107EB000215217F0BFF92846BDE8F081E368C3F806
:107EC0000080DDE76FF01505F5E700BF708B04005B
:107ED000823105008490040053310500E64205001C
:107EE00007B50D4B53F820300C4822EAE27221EA24
:107EF000E171514342F21072B1FBF2F14B430021A8
:107F000093FBF2F3642253430091054AE9F764FFBF
:107F100003B05DF804FB00BF789E0400F08B040002
:107F200040420F00B0B5054600AF08460C461EF0B3
:107F3000B1FA8AB06A460A4B0A48C2E905356309B4
:107F4000D3614FF40073938404F01F04064B146252
:107F50004FF4335142F8103F18F0B4F8BD46B0BDAD
:107F60007B3005000C910400050000010148002150
:107F70000EF046BD908B0400014801210EF040BD7B
:107F8000908B040010B50F4B1C78ACB108200DF09D
:107F9000FBFE48B10C4B43610C4B8361032303741C
:107FA000002343748374C37409494FF4C25217F019
:107FB00041F94FF0FF3010BD187006481EF0A7F8C9
:107FC0002046F8E7E5B20020B5310500CE420500B5
:107FD0000C91040078090020F8B5504D04462E6835
:107FE0000F46002900F0878046EA000308282B602E
:107FF00008D8441E072C0BD8DFE804F02F400A52A3
:108000000A0A0A59202868D040286DD010285DD06F
:108010002B685E40730702D041481EF078F82C6848
:10802000404B14F0050F1C703F4B14BF032201227C
:1080300008201A700DF0A8FE40B13C4BC0E9053491
:1080400003230374002343748374C374BDE8F840AE
:1080500037494FF4C65217F0EDB808200DF094FEE2
:1080600048B1344B4361344B8361032303740023D1
:1080700043748374C3744FF4C2520DE006200DF0B4
:1080800083FE38B12D4B43610223037400234374F4
:108090008374C3744FF48452254917F0CBF8B7E7C3
:1080A00008200DF071FE0028E5D0254BDAE7062008
:1080B0000DF06AFE38B1234B4361022303740023A1
:1080C00043748374C3744FF48652E5E706200DF0C1
:1080D0005BFE0028F7D01C4BEEE706200DF054FEA7
:1080E0000028F0D0194BE7E706200DF04DFE0028E0
:1080F000E9D0174BE0E726EA000308202B600DF0DB
:1081000043FE38B1134B4774C0E9053403230374AD
:108110008774C7744FF4C652BEE700BFD04C00202E
:108120009809002003B20020D10700207C3205000E
:1081300084910400E63105008C42050005320500FB
:108140001632050028320500363205004632050099
:108150005A3205006932050038B50B4C25787DB1DF
:108160001DF0AFFFD4E90232C01A61EB0201D4E97D
:1081700004239042994104DB23780BB1FFF74AF8BE
:108180000025284638BD00BF0800002030B585B066
:1081900021238DF80030234B234C1B788DF80130C0
:1081A0002378072B3AD8DFE803F00504043B3005B9
:1081B000053601238DF80230E3898DF804301A0A60
:1081C00023698DF803208DF80530C3F307221B0CBB
:1081D00000258DF807300C211B0A68468DF8083001
:1081E0008DF806208DF80950ADF80A501EF012F9EE
:1081F0000D228DF80C0029466846F2F7C9FD1DF0E6
:1082000060FFC4E9080105B030BD94F82830002BA8
:1082100008BF0223CEE794F82830CBE71023C9E744
:108220000223C7E702B20020301400202DE9F047F6
:108230002DED028B354B364AD3ED007A354BB7EE38
:10824000007AC7EE278A1B78012B38BF01231370F1
:1082500007EE903A304BC2ED018AD3F800A02F4BC5
:10826000F8EE677AD3F800902D4B88EEA78AD3ED0D
:10827000007A2C4B82ED038AC7EE277A1B7882EDB9
:10828000028A17EE908A002B3DD0274B1B78002BDB
:1082900039D0264BD3ED007AC7EE277A17EE904AF5
:1082A000234B244D1F78244B1422002128461E788E
:1082B00020F0BAF9122205F8202C204A204B12781F
:1082C00005F81F2C18EE102A18EE901A45F8162CF7
:1082D00045F8042C01221A7045F81EAC45F81A9C8A
:1082E00045F8128C45F80E4C05F80A7C05F8096C27
:1082F00045F8081C1DF0E5FE124BC3E90001BDEC7A
:10830000028BBDE8F0870024CAE700BF047200209A
:10831000EC030020DB0700200C720020107200200C
:1083200008720020B8770020FFB100203C6F0020C9
:1083300018010020E37C0020EC02002002B20020A3
:10834000FDB10020982400202DE9F0470646F1F702
:108350000DFF2D4F3070002836D03D78002D37D1DD
:10836000FFF70AFE294B2A4C4FF07E521A6000227A
:108370005A609A60DA606570FFF758FFF1F700FF06
:108380000C20D4F808A094F80090D4F804800DF0E4
:10839000FBFC044690B11F4B43615046E4F782FA60
:1083A000C4F82090C4E906014046E4F77BFAC4E92A
:1083B0000A01082323746574A574E574164944F210
:1083C000C002204616F036FF33783B70BDE8F087D8
:1083D000F1F7CCFE0028F7D0104B1B78002BF3D020
:1083E0001DF06FFE0E4AD2E90032C01A4EF660232D
:1083F00061EB0201984271F10001E5DBFFF716FF26
:10840000F1F7BEFEE0E700BFF2B20020BC0300209F
:10841000EC030020873205003C910400FEB10020EF
:108420009824002008B5074B1B783BB9064907483C
:1084300040F246321EF044FD1FF0B9FC044B986830
:1084400008BD00BFE8B20020C332050045A4050006
:10845000446F002038B50446EFF31185402383F3C1
:108460001288BFF36F8F174814F0EEFD30B98822E1
:10847000154916481EF024FD1FF099FC114814F010
:1084800007FE637B5B0710D504F1180018F0B4FEFB
:10849000637B23F004032046637318F0CBFF294667
:1084A0000848BDE8384016F041B9064814F0DAFD36
:1084B00010B94FF49A72DBE785F31188BFF36F8F21
:1084C00038BD00BF406F002062CE040045A4050007
:1084D000012870B52D4E04460D4629D8FFF7A2FF9E
:1084E0002B4B834224D12B4B1B68F4542749002289
:1084F00011F8013B012B03D10132052AF8D12346A3
:1085000025490878984215D1012B3DD8214B1A6096
:10851000224B00221A60002121480EF071FA2148F6
:108520000021F5F7D9FFBDE870401948FEF704BCFB
:108530007455DBE70B7017490A60184A0021012BBC
:108540001160E8D9FFF76EFF114DA842044610D024
:108550002846FEF7F1FB012111480EF051FAFFF712
:10856000BBF82846FDF740FF2846BDE87040FFF7FE
:1085700071BF01210A480EF043FAFFF7ADF820461B
:10858000FDF732FF2046F0E770BD00BFD6070020A0
:10859000D034002044710020E7B200204071002058
:1085A000F08B04008C9E040008B5A64DA64C2B78D9
:1085B000023B102B18D8DFE813F011001B0031002C
:1085C00041005000650087009700A700B800BE007A
:1085D000CC00FC001601280132013C0142F210726D
:1085E00011460020FFF77CFC9848FEF7A5FBDEE76C
:1085F0002268013202F0010248BF524242F2107179
:10860000042022604A43FFF76BFC2368012B14BF50
:108610004FF4617064201DF03FFDC8E7226801320D
:1086200002F0010248BF524242F210712260002063
:108630004A43FFF755FC4FF4FA70ECE72268013229
:1086400002F0010248BF524242F210712260002043
:108650004A43FFF745FCC820DDE72368013313F0E8
:10866000010F42F210710CBF0A4600220020236065
:10867000FFF736FC2368072BEDD100210120FFF71F
:1086800027FF94E72268531C002A236013DDC3F1FF
:10869000CA01CA2B4FF0320342F2107203FB01F100
:1086A00008BF00220020FFF71BFC2368CA2B07D15C
:1086B00000210846E3E7002242F210711046F2E77B
:1086C000012B5CD1FA20A6E72368013313F0010FD8
:1086D00042F210710CBF0A46002201202360FFF70E
:1086E000FFFB2368052BC7E72368013313F0010F55
:1086F00042F210710CBF0A46002201202360FFF7EE
:10870000EFFB2368092BB7E722680132002A2260B9
:1087100002F00102B8BF524242F210714A430020F7
:10872000FFF7DEFB2368142BA6E742F210724FF42A
:10873000FA61012056E72268013202F0010248BFC7
:10874000524242F2107322604FF4FA615A430320FE
:108750006FE722684FF47A73013292FBF3F103FB67
:108760001122B2F5FA7F2260C8BF9A1AC72A08DC24
:108770001E235A4342F210710320FFF7B1FB05207C
:1087800049E7B2F5967F06DAC83A142141F27073D0
:1087900001FB0232EEE7B2F5C87FABBF02EB82020B
:1087A000C2EB021202F5EA5202F6AC52A8BF0C323A
:1087B000E0E72368013303F001031A4642F2107127
:1087C00048BF5A42002B22604FF000000CBF0A46FF
:1087D0000022FFF785FB2368002B42F2E45008BF1C
:1087E0004FF4967017E722680A23013292FBF3F1E7
:1087F00003FB11222260032AD4BF02F001020022EF
:1088000042F210714A43022013E722680A23013220
:1088100092FBF3F103FB11222260052AECE72268A8
:108820000A23013292FBF3F103FB11222260072A93
:10883000E2E72268013202F0010248BF52422260A0
:10884000DEE700BFE7B2002040710020D0340020F6
:1088500080B51B4E1B4C3568E90705F0070709D5A5
:108860000F200321FFF734FE4FF42032002320466F
:108870001DF04BFCAA0709D510200321FFF728FEA5
:108880004FF42032002320461DF03FFC6B0709D532
:1088900011200321FFF71CFE4FF420320023204655
:1088A0001DF033FC002FD6D103210120FFF710FE6D
:1088B0004FF0FF324FF0FF3320461DF026FCCAE791
:1088C000D04C00209809002008B5026801461046E7
:1088D0001DF0EAFD38B94FF474720A490A481EF0D7
:1088E000EFFA1FF064FA02F01F0352090B6004D084
:1088F000012A05D040F2D932EFE74FF0A04008BD81
:108900000248FCE7EE32050045A4050000030050D4
:1089100070B50F4C0F4D104EAC420ED90F49104898
:1089200040F226221EF0CCFA1FF041FAA168304630
:10893000E4F74DFD18B11034EEE7F7D370BD63686E
:108940005B79002BFAD0BDE87040FEF7D5BE00BFC2
:10895000CC910400DC910400213305003233050082
:1089600045A4050073B5044608200DF00DFA40B18A
:108970004C4BC0E905340323037400234374837410
:10898000C3744FF4C652484916F054FC01A81DF0B8
:10899000C9FC0546019E082085B1A6420ED10DF006
:1089A000F3F940B1414BC0E90534032303740023BC
:1089B00043748374C3744FF4C65246E00DF0E4F977
:1089C00048B13B4BC461C0E905360423037400235E
:1089D00043748374C37434494FF4035216F02AFC71
:1089E00055B14FF080430122DA6001A81DF09AFCD6
:1089F00010B1019B002BF8D14FF080460025C6F83E
:108A00000451D6F80431C6F818450123B36044BBBD
:108A1000D6F80431002BFBD068461DF083FC009D86
:108A200008B1AC4237D00A200DF0AEF958B1214B55
:108A30004361214B0562C0E906340523037400231A
:108A400043748374C3744FF42152174902B0BDE8D4
:108A5000704016F0EFBB4FF49670F1F765FA05F52C
:108A60009675D6F80431002BF5D0B5F57A7FD3D9B9
:108A700008200DF089F940B1104BC0E905350323FA
:108A80000374002343748374C37407494FF4C652BC
:108A900016F0D0FBC0E708200DF076F900288AD048
:108AA000074B80E7333505004C9004005635050030
:108AB00083350500C1350500184305009A350500CA
:108AC000FC35050070B51DF0FAFA084BD3E90A240D
:108AD000D3E90856521B64EB0604121844EB010458
:108AE000C3E90A24C3E9080170BD00BF00F00320F8
:108AF00070B50646FFF7E6FF4FF4FA72264B06F212
:108B0000F31595FBF2F55543002000212DB2002E00
:108B1000C3E90A01C3E90E011E835E831D863ADBA9
:108B20000E200DF031F9044668B31C4B436130460A
:108B3000E3F7A6FE1A4B0022E4F736F8C4E9060173
:108B40002846E3F79DFE164B0022E4F72DF8C4E912
:108B50000801A5F5FA70E3F793FE114B0022E4F744
:108B600023F8C4E90A01A6F5FA70E3F789FE0C4B75
:108B70000022E4F719F80A23C4E90C012374002346
:108B80006374A374E37420460649BDE8704045F25F
:108B9000C00216F04FBB70BD00F00320713B050012
:108BA00000005940E48F040010B525488CB01EF039
:108BB00071F94FF0FF30FFF79BFF1022002168464C
:108BC0001FF032FD10236A460021082004F0B4F99A
:108BD00009242022002104A81FF026FD204601348C
:108BE000202304AA0021A4B204F0A6F91C2CF0D181
:108BF000242015F061FE2422044600211FF014FDFC
:108C0000242322460F491D2004F096F9204619F02E
:108C1000D9FC0D4B00241C700C4B06201C700DF071
:108C2000B3F830B10A4B4361022303744474847473
:108C3000C47408494FF4865216F0FCFA0CB010BD0B
:108C4000D43B050040F00320B5B20020E9B200207B
:108C5000EF3B0500E48F040010B5064C23782BB9D8
:108C600005481EF017F90123237010BDBDE8104020
:108C7000FFF79ABFE9B20020053C050019B1064B89
:108C80004FF6FF721A8082B242F210739A4201D8F4
:108C9000EBF75EBE704700BF2C0700201FB5424CAB
:108CA0002368DA0710D506200DF06EF838B13F4B77
:108CB000436102230374002343748374C3743C49E7
:108CC0004FF4845216F0B6FA23685B0710D50620DD
:108CD0000DF05AF838B1374B436102230374002377
:108CE00043748374C37432494FF4845216F0A2FA69
:108CF000EFF31184402383F31288BFF36F8F2E4864
:108D000014F0A2F930B988222C492D481EF0D8F869
:108D10001FF04DF8284814F0BBF9012129481DF037
:108D2000AFF929481DF099F9234814F09BF910B9BF
:108D30004FF49A72E8E784F31188BFF36F8F03A8AA
:108D40001DF0F0FA20B1039B13B10020FFF70AFEDB
:108D5000FEF70AFDFDF7EAF800210846FFF7B8FB29
:108D6000002403A9002017F0EBF803232246214634
:108D70000620009415F02EF8062003211DF0F6FBC6
:108D800006200DF001F830B1104B4361022303744B
:108D900044748474C4740E494FF4865204B0BDE820
:108DA000104016F047BA00BFD04C0020883E0500A6
:108DB0000C910400BE3E05003866002062CE04001F
:108DC00045A40500344D002008660020F43E05004F
:108DD000949104001FB506200CF0D6FF38B1694B02
:108DE000436102230374002343748374C37466498C
:108DF0004FF4865216F01EFA644B1B7823B9644B6D
:108E00001B7803F0FF049BB106200CF0BDFF38B1C6
:108E1000604B436102230374002343748374C3745F
:108E200059494FF4865216F005FA002004B010BDDF
:108E3000FFF734FF04F06AF8F8F7C8FDF6F742FAD6
:108E4000FBF76EFEFDF754FA08200CF09DFF58B1B9
:108E5000514B43614FF0010C0D23C0E906C30423BD
:108E6000037444748474C47447494FF4035216F075
:108E7000E1F9002401232D2000941A46214614F024
:108E8000A9FF06200CF080FF30B1444B4361022360
:108E9000037444748474C4743B494FF4865216F0CE
:108EA000C9F906200CF070FF38B13D4B4361022335
:108EB0000374002343748374C3743A4C32494FF4EF
:108EC000865216F0B7F9D4F80815481C02D0364877
:108ED000FFF728F8D4F80C154A1C02D03348FFF7E6
:108EE00021F8D4F810154B1C02D03148FFF71AF8BE
:108EF00006200CF049FF38B12E4B43610223037466
:108F0000002343748374C3741F494FF4865216F0D0
:108F100091F9294B02931F2328488DF80C30002229
:108F2000012302A9ADF80E301DF068FA2449254846
:108F300000221DF063FA2448244900221DF05EFA45
:108F400006200CF021FF38B1214B4361022303744A
:108F5000002343748374C3744FF486520A4916F095
:108F600069F91C4B19781C4BB3F90000FFF786FE1A
:108F7000FFF7CEFC19491A484FF4B0121DF03EFA23
:108F80000CF040FC093F05000C9104003014002057
:108F9000F9B000201E3F0500383F05004E3F050098
:108FA0007A3F050000F00240953F0500AA3F05000A
:108FB000C03F0500D63F0500908A0400F83F050039
:108FC000689E04000C40050022400500609E0400DD
:108FD00038400500E6B2002026070020709E0400FD
:108FE0004940050008B506200CF0CEFE38B11A4BFA
:108FF000436102230374002343748374C3741749C9
:109000004FF4865216F016F9FFF748FE03F07EFF84
:10901000F8F7DCFCF6F756F9FBF782FDFCF768FF82
:1090200006200CF0B1FE38B10D4B436102230374EE
:10903000002343748374C3744FF48652074916F0B7
:10904000F9F8084B1978084BB3F90000FFF716FE42
:10905000FFF75EFC14F0ECFF5E4005000C9104008D
:1090600076400500E6B20020260700202DE9804862
:10907000AF4B197891B021B9012203201A7003F087
:10908000B7FAAC4B1C7814BB02F034FD41F28933C3
:10909000984271F100011ADBA64A01231370A64B16
:1090A0001D7805F13003DBB20E2B10D808200CF030
:1090B0006BFE38B1A14B4474C0E90535032303743A
:1090C0008474C4749E494FF4C45216F0B3F89D4D95
:1090D0002B7863BB02F00EFD4EF66123984271F1CE
:1090E000000124DB01242C701EF00DF8D0B904A976
:1090F00020460DF0BBFC38B36FF0040408200CF0E0
:1091000043FE50B1904B4361904BC0E906340423B9
:109110000374002343748374C3744FF40152884969
:1091200016F088F88A4B1B780BB903F08DF9894B40
:109130001B78032B00F0B2801CD8013B012B1DD9FA
:10914000844A002313701DE022462146049813F040
:1091500061FD04460028D1D106200CF015FE30B187
:109160007D4B43610223037444748474C4744FF4CC
:109170008652D4E7042BE3D1FFF734FF16F058FBF7
:109180000028DDD1754C2378002B40F08A8003A89D
:10919000FEF75EF8044626B2002EC0F28B80039BD9
:1091A000A3F16402009240F2A1329342A4B240F3D0
:1091B0003381009941F20C72914200F24481684A75
:1091C00015780127002D40F0358141F2CC02934201
:1091D00000F32D8101252F464FF08043DFF8B4B115
:1091E000D3F83834DFF8B09103F0010301931CF099
:1091F00068FF5B4B80461B785A48002B8A46019BD0
:1092000001780CBF9C464FF0010C002940F01E81F4
:10921000554B8BF800C00121C3E9008A017089F821
:1092200000C0BCF1000F02D01020FEF7D5FE4F4B5E
:109230004F4A18EB03036AF10001C2E900314C4ABE
:10924000D2E90032B8EB030840F6B8336AEB020A01
:1092500098457AF1000AC0F21A81464B1A68464BCB
:10926000002F00F0BD81002A4FF0000280F25681ED
:10927000002E00F055811A70404B99F8008093F849
:1092800000B0BBF1000F00F0BC8142F210739C42B1
:10929000DDF80CA040F2FB8193461CE1FFF79AFD3C
:1092A0006EE7C820F0F740FE2378C3B96FF00104E1
:1092B0000394264608200CF067FD50B1304B436103
:1092C000224BC0E9063604230374002343748374DD
:1092D000C3741B494FF4015215F0ACFF5FE7294FEF
:1092E000394651F80C0B83685B6898470023BB77BD
:1092F0000446002867D13B683A799B68B7F920603B
:1093000018893D7F142A80FB060160D81E4B13F894
:10931000126036B93D221D491D481DF0D1FD1EF0D9
:1093200046FD03EB42035A78C2BB3E22F3E700BF7F
:10933000E4B20020E3B20020D9B20020844005004E
:109340000C910400E2B20020BD400500C1420500BE
:10935000DAB20020E5B20020E5400500EAB20020C4
:10936000E1B20020DCB20020C834002048F4FFFF46
:10937000380000206C030020DDB20020E0B20020A5
:109380002E410500700300209742050002410500B0
:1093900045A40500DBB20020E6B20020A6FB0007D2
:1093A000234606FB0171E3F763FFC5F1200220FAB3
:1093B00005F401FA02F2B5F1200344EA020402D4F2
:1093C00041FA03F31C43002C039405DAE3E6002E74
:1093D00034460396FFF66EAF40F213539C4217DCFF
:1093E00089490B8848887BB184420BD331F8042C1F
:1093F00031F8021CD21A241A6243091AB2FBF1F2A4
:10940000134403E00431ECE78442EFD21C46C2E689
:1094100042F210742646C2E67C4B1D789DB9009A34
:1094200041F20C739A422F467FF6D6AE07E0774B97
:109430001F70CFE641F29A0293423FF7CBAE734AD8
:1094400000231370C8E600252F46F8E79BF80010AC
:10945000614509D06E4A8BF800C0C2E9008A6D4AA6
:10946000C2E9008AFDF71AFF9BF8001099F8003056
:109470008B423FF4E4AE664BD3E90023B8EB020223
:109480006AEB0303B2F5FA7F73F1000313DA624B60
:1094900099F80080DDF80CA000221A705F4B93F859
:1094A00000B0BBF1000F11D14FF0010B002F00F005
:1094B000C78017463EE0102089F80010FEF78CFDAB
:1094C000544BC3E9008AFDF7E9FEE0E742F210726F
:1094D000944240F2C5815249B1F900200C88002D18
:1094E00000F0DC8142F21070844299F800104D487F
:1094F0004D4E00F2EC810778002F40F0CB81B2F5A1
:109500007A7F01DA01220270002900F0CE81C6F8CC
:1095100000A0BBF1000F40F0D2817AE17FF4ABAE46
:109520001A703E4B99F8008093F800B0BBF1000F21
:1095300040F07F810820DDF80CA00CF025FC60B124
:109540003A4A4261642296FBF2F2C0E9062A0422FA
:109550000274002242748274C2744FF4035234497C
:1095600015F068FE009B41F20C72934216D9082058
:109570000CF00AFC48B12F4A42612F4A8261032253
:109580000274002242748274C27429494FF4C25298
:1095900015F050FE01210420FEF71EFD1F4B012295
:1095A0001A70002F68D0B8F1000F65D106200CF0BA
:1095B000EBFB48B1214A42610222027480F811801B
:1095C00080F8128080F813804FF48452184915F007
:1095D00031FE00210846FFF751FBFFF7FBFB4BE094
:1095E0001F700E4B99F8008093F800B0DDF80CA0C6
:1095F000BBF1000F24D042F210739C4247D9BB4606
:1096000069E75F4696E700BF94AE0400E1B2002030
:10961000C834002038000020DDB20020E0B2002075
:1096200026070020DFB20020680100205541050018
:109630000C91040088410500C1420500B0410500BD
:109640000820039F0CF0A0FB40B1B34AC0E90527F6
:1096500003220274002242748274C2744FF4C65210
:10966000AE4915F0E7FD009B41F20C72934200F207
:10967000DE80AB4A0121117042F210729442DDF893
:109680000CA03FF628AFBBF1000F40F0E980A54FDA
:109690003B78172B9CBF01333B70A34B1B68002BFF
:1096A0003CDBF21A002AB8BF5242B2F57A7F35DDB0
:1096B00099F800B0BBF1000F28D10A2000930CF0FC
:1096C00063FB0446E0B1009B984A42611846E3F709
:1096D000D7F8974B0022E3F767FAC4E90601304652
:1096E000E3F7CEF8924B0022E3F75EFAC4E90801F3
:1096F0000623237484F811B084F812B084F813B0F0
:109700008C494FF44352204615F094FD8A482E228E
:109710004FF0FF311EF088FF01233B70864B04AAF7
:1097200003F1280E9C4618685968144603C4083390
:1097300073452246F7D1186820609B887F4AA38032
:109740001368ADF83E6017212CF81360013393FBCA
:10975000F1F001FB1033136004A90022B1F90200FB
:1097600053B20C4634F902C9604506DA013B5BB2DC
:10977000B3F1FF3FA4F804C0F4D101335BB210ACE5
:1097800004EB43030132172A23F8300C01F10201E4
:10979000E4D13B786448DF08C3EBD30300221833DD
:1097A0000260DBB214461146C7F11807BB4243DB27
:1097B00002B1046011B1066896FBF1F6604B0660D9
:1097C0001A6806F16401914246DA19601C68642344
:1097D000643C5C43632394FBF3F45A4B22B21A803B
:1097E000A4B299F80030002D4FD1574A1570002BC4
:1097F00040F0B480554BC3F800A0554BC3F800A00F
:109800001CF05DFC534BC3E9000142F210739C4213
:1098100063D8444B99F800101B78182B01D000290D
:109820004DD0484BB3F90000FFF728FA47E0002776
:109830009DE64FF0000BB6E60DF1400C0CEB430C2F
:1098400001333CF930CCBCF1FF3F1FBF0131644410
:10985000C9B20122DBB2A9E7B242B8BF1E60B5E7C8
:10986000384B99F800B0B3F900201C8885B9364A06
:109870001570BBF1000F72D1344BC3F800A042F257
:1098800010739C421BD9A84676E04FF0000B29E6E6
:10989000AB4627E6B2F57A7F7FF736AE2A4A00213B
:1098A000117099F80020002A59D1BBF1000FA1D006
:1098B000264BC3F800A042F210739C420DD8214BF6
:1098C000B3F90000FEF748F9234B188005E00022A9
:1098D00002700029E9D0C6F800A0002DD3D01E4A9E
:1098E000039BB2F90050642225EAE575B5FBF2F559
:1098F00065F07F05EDB20A21B8F1000F38D041F2D2
:10990000D6029342B8BF1346B3FBF1F3F53BFF2BEE
:109910004BDC5FFA83F82FE06A4105000C910400EC
:10992000E0B20020DEB200206C030020C34105003D
:109930000000594014910400F60600203C710020FC
:109940006803002026070020DFB200206801002005
:109950001C0100200012002024070020AB46184AFA
:10996000C2F800A042F2107294427FF6D2ADB4E782
:1099700093FBF1F3F53BCAD5124B1D70124B83F8E4
:109980000080124B1B780BB9019B8BB104210D2079
:10999000FEF79EFD032002F04DFD40F6CD42002370
:1099A0000B481CF0B2FBFFF76CBB4FF0FF08E3E77E
:1099B000084B1B7804210BB10C20E9E70E20E7E7E8
:1099C0006801002008B2002007B20020E1B20020A8
:1099D00078090020DFB200204FF080420B49D2F816
:1099E0000034C3F340030B70D2F81C350849DBB2D6
:1099F0000B703033DBB20E2B9CBF0023C2F81C353A
:109A0000D2F80034C2F8003400207047FEB20020C3
:109A1000D9B20020B2EE007AB4EEC70AF1EE10FA25
:109A200041DCF1EE007AB4EEE70AF1EE10FA3EDC2A
:109A3000B0EE007AB4EEC70AF1EE10FACCBF012303
:109A40000023C8BFB0EE677ADFED1D7A1D4AF4EE41
:109A5000E70AF1EE10FA13702BDCDFED1B6AF4EE6F
:109A6000E60AF1EE10FA28DCDFED187AF4EEE70AE8
:109A7000F1EE10FACCBF02230323C8BFF0EE667AE2
:109A8000DFED136A134A80ED007A27EE266A137021
:109A9000114BC1ED007A83ED006A67EEA66A0F4BA9
:109AA000C3ED006A70470323B3EE007ACCE70223CC
:109AB000CAE7DFED0B7A0023E2E70123E0E700BF0E
:109AC00000007A44EF0700200000FA4300007A43C8
:109AD00000000038FBB2002058040020540400208D
:109AE0000000FA444FF083430360014B0B60704762
:109AF0000000FA444FF084430360014B0B60704751
:109B000000007A454FF084430360014B0B607047BF
:109B100000007A45B2EE007AB4EEC70AF1EE10FA10
:109B200047DCF1EE007AB4EEE70AF1EE10FA44DC1D
:109B3000B0EE007AB4EEC70AF1EE10FACCBF0823FB
:109B40000023C8BFB0EE677ADFED207A204AF4EE3A
:109B5000E70AF1EE10FA137031DCDFED1E6AF4EE65
:109B6000E60AF1EE10FA2EDCDFED1B7AF4EEE70ADE
:109B7000F1EE10FACCBF04230023C8BFF0EE667AE2
:109B8000164ADFED176A137067EE266A154BDFED94
:109B9000165AC3ED006ADFED156A154B67EEA66A2B
:109BA00086EEA56A83ED006A80ED007AC1ED007A49
:109BB00070470423B3EE007AC6E70C23C4E7DFED59
:109BC0000D7A0C23DCE70823DAE700BF00007A44B3
:109BD000DF0700200000FA4300007A43DE07002080
:109BE00000000038380400200024744900000C42B2
:109BF000340400200000FA4408B508200CF0C4F832
:109C000048B1084B4361084B83610323037400236D
:109C100043748374C374BDE8084004494FF4C252CE
:109C200015F008BBA2EF0400A55405004C8F0400FA
:109C300008B508200CF0A8F848B1084B4361084B60
:109C4000836103230374002343748374C374BDE8E6
:109C5000084004494FF4C25215F0ECBAA2EF0400D8
:109C6000265405006C8F040008B508200CF08CF811
:109C700048B1094B4361094B8361032303740023FB
:109C800043748374C37406494FF4C25215F0D2FA78
:109C90009FED040A08BD00BFA2EF040018540500A0
:109CA0006C8F04000000C07F08B508200CF06CF831
:109CB00048B1084B4361084B8361032303740023BD
:109CC00043748374C374BDE8084004494FF4C2521E
:109CD00015F0B0BAA2EF0400095405006C8F04001F
:109CE00008B508200CF050F848B1084B4361084B08
:109CF000836103230374002343748374C374BDE836
:109D0000084004494FF4C25215F094BAA2EF04007F
:109D100082530500648F040008B508200CF034F865
:109D200048B1094B4361094B83610323037400234A
:109D300043748374C37406494FF4C25215F07AFA1F
:109D40009FED040A08BD00BFA2EF04006F53050099
:109D5000648F04000000C07F08B508200CF014F8E0
:109D600048B1084B4361084B83610323037400230C
:109D700043748374C374BDE8084004494FF4C2526D
:109D800015F058BAA2EF04005B530500648F04007D
:109D900008B508200BF0F8FF48B1084B4361084BA9
:109DA000836103230374002343748374C374BDE885
:109DB000084004494FF4C25215F03CBAA2EF040027
:109DC000AA520500748F040008B508200BF0DCFFD0
:109DD00048B1094B4361094B83610323037400239A
:109DE00043748374C37406494FF4C25215F022FAC7
:109DF0009FED040A08BD00BFA2EF04009A520500BF
:109E0000748F04000000C07F08B508200BF0BCFF71
:109E100048B1084B4361084B83610323037400235B
:109E200043748374C374BDE8084004494FF4C252BC
:109E300015F000BAA2EF040089520500748F0400E7
:109E400008B508200BF0A0FF48B1084B4361084B50
:109E5000836103230374002343748374C374BDE8D4
:109E6000084004494FF4C25215F0E4B9A2EF0400CF
:109E700073520500748F04000B4AFF2310B5137052
:109E80000A4A137000227D211046FBF779F901225E
:109E900004467C210020FBF773F9044303D0BDE89E
:109EA0001040FFF7A9BE10BDD3070020D207002045
:109EB0002DE9F8432DED028BDFF80492B5EEC00AD0
:109EC000F1EE10FA99F8003080460F460ED8F5EE04
:109ED000C00AF1EE10FA4CD8002B00F08E80DFEDB6
:109EE0006C8A0024B0EE688A25463EE0DFED697A90
:109EF000B4EE670AF1EE10FA11D1F5EEC00AF1EEF8
:109F000010FAE9D9F4EE670AF1EE10FA4DD1002B00
:109F100073D09FED5F8AF0EE488A0024E4E7B7EE45
:109F2000007AC7EE006A5C490022B1EC016AB4EE27
:109F3000E66AF1EE10FA02D401320B2AF5D1574944
:109F40008C5C574901EB8202D2ED006AF5EEC00A43
:109F5000F1EE10FAC7EE268A0ED89C4253D0002CA0
:109F600040F08D8025469FED4A8A264608232246EA
:109F700061E0DFED487AC5E7F4EE670AF1EE10FA2A
:109F800016D19C423FD09FED428A002CC5D00025BF
:109F900064F05F02D2B240210020FBF7F1F80646E0
:109FA000002D3BD10C232A4645E0DFED398A002401
:109FB000F7EE007A87EEA07A3A490022F1EC016AC6
:109FC000F4EEC76AF1EE10FA02D40132072AF5D195
:109FD00035498D5C354901EB820292ED007A9C4255
:109FE00087EE878A13D1324A1278AA4210D100260E
:109FF000C8ED008A87ED008A3CE0DFED258A1D462A
:10A00000B0EE688AEFE79FED228A0025EBE7234652
:10A01000002B37D1002D80D01C461E4645F0E002B3
:10A0200042210020FBF7ACF8002C46EA00060CBFEA
:10A0300008230C2302221A437D210020FBF7A0F8FD
:10A0400006431B4B20D0FF22082089F800201A70FD
:10A050000BF09AFE48B1174B4361174B8361032302
:10A060000374002343748374C37414494FF4C252BD
:10A0700015F0E0F8BDEC028B3046BDE8F8839FEDAB
:10A08000048A84E71C4683E789F800401D70AEE728
:10A09000000000000000807F909F04004A750500CA
:10A0A0008C9F0400709F0400427505006C9F0400A3
:10A0B000D2070020A2EF0400337505004C8F040086
:10A0C000D30700200A4A08B5FF231370094A13700A
:10A0D000094A1370094A1121137000200122FBF76D
:10A0E0004FF818B1BDE80840FFF7A2BD08BD00BF9A
:10A0F000EE070020ED070020EC070020EB07002012
:10A100000A4A08B5FF231370094A1370094A1370ED
:10A11000094A1121137000200122FBF731F818B110
:10A12000BDE80840FFF7DCBD08BD00BFEA0700201E
:10A13000E9070020E8070020E70700202DE9F04F9D
:10A140002DED028BB5EEC00A85B0F1EE10FACDE927
:10A150000101B0EE608A40F21781DFEDCC7AB4EEF7
:10A16000670AF1EE10FA00F00F81B7EE007AC7EE41
:10A17000007AFDEEE77A17EE905A002D00F0058187
:10A18000DFEDC38AB4EEE80AF1EE10FA00F10081C7
:10A19000DFEDC07AB4EEE70AF1EE10FA00F1FC80D0
:10A1A000DFEDBD8AB4EEE80AF1EE10FA00F1F680B8
:10A1B000DFEDBA7AB4EEE70AF1EE10FA00F1F280C0
:10A1C000DFEDC78AB4EEE80AF1EE10FA00F1EC8098
:10A1D000DFEDC47AB4EEE70AF1EE10FA00F1E680A2
:10A1E000DFEDAF7AB4EEE70AF1EE10FA00F1E080AD
:10A1F000DFEDAC7AB4EEE70AF1EE10FA00F1DC80A4
:10A20000DFEDB98A0D2DB4BF10252025A8BFF0EED3
:10A21000678AB5EEC08AF1EE10FA40F21D819FED1B
:10A220009B7AB4EE478AF1EE10FA40F0C9809E4B5B
:10A230001E78402480279D4B1A7862B99C4A127878
:10A24000BA4208D19B4A1278AA4204D1964A12789F
:10A25000B24200F08B81B542AA4638BFB246AAEBA3
:10A260000609C9F30719B9F1050F00F25B81B9F1CD
:10A27000010F8CBF09F1020909F101095FFA89F99F
:10A28000AAEB0508C8F30718B8F1050F00F24D81D5
:10A29000B8F1010F8CBF08F1020808F101085FFA5C
:10A2A00088F8F4EEC88AF1EE10FA40F14181F5EE3B
:10A2B000408AF1EE10FA14BFC8EE287A01224FF05E
:10A2C00000011FBFB6EE007A77EE877AFCEEE77AE0
:10A2D000CDED037A18BF9DF80C20774801707749BF
:10A2E0000A70774A127810212A430020FAF748FFB3
:10A2F0000022834615211046FAF742FF714A127870
:10A300004BEA000B324311210020FAF739FF3A469D
:10A310004BEA000B16210020FAF732FF22464BEAE7
:10A32000000B13210020FAF72BFF48EAC9024BEA81
:10A330000004D2B208210020FAF722FF4FEA5A02A5
:10A34000044342F006020A210020FAF719FF0443F1
:10A35000564B00F0048108200BF016FD48B15A4B13
:10A3600043615A4B83610323037400234374837452
:10A37000C37457494FF4C25214F05CFF204605B035
:10A38000BDEC028BBDE8F08F0025DFED528A40E77F
:10A39000DFED518AA0253CE790253AE78025F0EED5
:10A3A000678A36E7702534E76025F8E7502530E7FF
:10A3B000DFED4C8A40252CE7DFED398A302528E790
:10A3C000F7EE006AC6EE887AFDEEE77A17EE904A5D
:10A3D000002C42D046DB9FED2E7AB4EEC78AF1EE18
:10A3E00010FA43D4DFED2B7AB4EEE78AF1EE10FADF
:10A3F00042D49FED297AB4EEC78AF1EE10FA3FD429
:10A40000DFED267AB4EEE78AF1EE10FA6ED49FED16
:10A41000347AB4EEC78AF1EE10FA6BD4DFED317AFC
:10A42000B4EEE78AF1EE10FA68D4DFED1D7AB4EEEF
:10A43000E78AF1EE10FA67D49FED1A7AB4EEC78A74
:10A44000F1EE10FA66D40C2C4FF00004274665DDBF
:10A450002026B0EE478AEEE600249FED1E8A2746AE
:10A460002646E8E6002427462646F2E700249FED2C
:10A470001B8A2746A026DEE6002427469026E8E72A
:10A48000002427468026B0EE678AD4E60000807F4D
:10A4900052499D3952491D3A52499D3A52491D3BF4
:10A4A00052499D3C52491D3DE0070020DD07002038
:10A4B000DC070020E1070020F5B20020F4B2002004
:10A4C000DF070020DE070020A2EF04005352050042
:10A4D0009C8F04000000000052491D39A0711D39F5
:10A4E00052499D3B52491D3C0AD7A33D00242746B3
:10A4F0007026AEE7002427466026C4E700241FED3F
:10A50000088A2746502696E600241FED0A8A274629
:10A51000402690E6002427463026B4E71FED0E8A39
:10A52000102688E64FF00009AAE64FF00008B8E6CA
:10A53000B5EE408AF1EE10FA14BFC8EE887A012217
:10A540004FF001011FBFB6EE007A77EE877AFCEE7E
:10A55000E77ACDED037A18BF9DF80C20BDE61C709C
:10A56000064B1F70064B1D70064B1E70019BC3ED02
:10A57000008A029B002483ED008AFFE6DC070020AE
:10A58000E1070020E007002070B505462DED028BA5
:10A5900024480E460021B0EE608AF0EE418A13F0A6
:10A5A00065FB742212210020FAF7EAFD044690B1FF
:10A5B00008200BF0E9FB48B11B4B43611B4B836147
:10A5C00003230374002343748374C37418494FF442
:10A5D000C25214F02FFE174AFF231370164A314659
:10A5E0002846F0EE680AB0EE480A1370FFF7A6FDA1
:10A5F000044312D008200BF0C7FB48B10A4B43615B
:10A600000A4B836103230374002343748374C3746C
:10A6100007494FF4C25214F00DFEBDEC028B04EA60
:10A62000E47070BD80969800A2EF040066520500A9
:10A630009C8F0400E1070020E00700200B292DE992
:10A64000F74F07460E464FF000051ED9DFF8E080B1
:10A65000DFF8E490022301AA24210020FAF764FD28
:10A660008346B0B108200BF08FFB48B12E4B4361FD
:10A670002E4B836103230374002343748374C374D8
:10A680002B494FF4C25214F0D5FD284603B0BDE863
:10A69000F08F9DF805309DF804101B0203F47C53E5
:10A6A00041EA03021943F0D04FF00C0AB2FBFAF46E
:10A6B000B6FBFAFA54451AD908200BF065FB60B1D5
:10A6C000A4EB0A040323C0F814908461037480F897
:10A6D00011B080F812B080F813B04FF4C452414664
:10A6E00014F0A8FD0AEB4A02920092B254460C23E1
:10A6F0003946262012F05CFE30B108200BF044FBF6
:10A700000028BDD00B4BB2E70C2303FB0477A4EB6E
:10A71000840306EB830325449EB2ADB2002CB4D073
:10A720000B2E97D8B1E700BFAF4305002575050094
:10A730004C8F0400A2EF0400CD43050030B587B074
:10A740000446062301AA0C210020FAF7EDFCC0B153
:10A7500008200BF019FB48B11A4B43611A4B836177
:10A7600003230374002343748374C37417494FF4A1
:10A77000C25214F05FFD002323606360A36007B042
:10A7800030BD134B93ED007A01AA03A9557812F856
:10A79000023B43EA05231BB207EE903AF8EEE77A54
:10A7A000013067EE877A0328E1EC017AEED1DDED26
:10A7B000047A039B6360F1EE677A059BC4ED007A2F
:10A7C000A360DCE7A2EF0400087505004C8F0400CD
:10A7D0005804002030B587B00446062301AA122190
:10A7E0000020FAF7A1FCC0B108200BF0CDFA48B167
:10A7F0001F4B43611F4B8361032303740023437486
:10A800008374C3741C494FF4C25214F013FD002327
:10A8100023606360A36007B030BD184B93ED007AEE
:10A8200001AA03A9557812F8023B43EA05231BB29B
:10A8300007EE903AF8EEE77A013067EE877A032860
:10A84000E1EC017AEED10E4BDDED056A93ED007A75
:10A85000DDED037AC4ED026A46EEC77A9DED047A17
:10A86000C4ED017AB1EE477A84ED007AD3E700BFF8
:10A87000A2EF0400FA7405004C8F04005404002079
:10A880002472002007B5022301AA22210020FAF732
:10A890004BFCB8B108200BF077FA48B1124B43617A
:10A8A000124B836103230374002343748374C374C2
:10A8B0000F494FF4C25214F0BDFC9FED0E0A03B0D5
:10A8C0005DF804FB9DF804301BB99DF80530802B22
:10A8D000F3D0BDF9043000EE103ABAEEEB0AF3EE15
:10A8E000077A30EE270AEAE7A2EF0400EC740500CD
:10A8F0004C8F04000000C07F13292DE9F74F074655
:10A900000D464FF000061ED9DFF80081DFF800A1E8
:10A91000022301AA2E210020FAF706FC8146B0B1DD
:10A9200008200BF031FA48B1344B4361344B83615A
:10A9300003230374002343748374C37431494FF4B5
:10A94000C25214F077FC304603B0BDE8F08FBDF87A
:10A9500004104ABA92B20029F5D007EE902A98ED79
:10A96000007AF8EEE77A4FF0140B47EE877AB5FBE2
:10A97000FBFBFCEEE77A17EE903A9CB25C4510D8F0
:10A9800004EB8402920092B214233946302012F074
:10A990000FFD10B308200BF0F7F90028CED01A4BAA
:10A9A000C3E708200BF0F0F960B1A4EB0B0403221D
:10A9B000C0F814A08461027480F8119080F812909D
:10A9C00080F813904FF4C4520E4914F033FC0BEB93
:10A9D0008B02920092B25C46D6E7142303FB047705
:10A9E000C4EB0433C4EB830305EB830326449DB21D
:10A9F000B6B2002CA7D0132D8AD8A4E7AF43050028
:10AA0000645405006C8F0400A2EF04002072002043
:10AA1000CD43050013B5062304466A461F210020D6
:10AA2000FAF782FBC0B108200BF0AEF948B1154B24
:10AA30004361154B836103230374002343748374C0
:10AA4000C37412494FF4C25214F0F4FB0023236084
:10AA50006360A36002B010BD9FED0D7A6A4604F1F9
:10AA60000C011078537843EA00231BB207EE903AAA
:10AA7000F8EEE77A023267EE877AE4EC017AA142D7
:10AA8000EFD1E7E7A2EF04004F5405006C8F0400FC
:10AA90000000003A13B5062304466A46252100202B
:10AAA000FAF742FBC0B108200BF06EF948B1154B24
:10AAB0004361154B83610323037400234374837440
:10AAC000C37412494FF4C25214F0B4FB0023236044
:10AAD0006360A36002B010BD9FED0D7A6A4604F179
:10AAE0000C011078537843EA00231BB207EE903A2A
:10AAF000F8EEE77A023267EE877AE4EC017AA14257
:10AB0000EFD1E7E7A2EF0400415405006C8F040089
:10AB100000007A3D07B5022301AA1D210020FAF7A3
:10AB200003FB20B1FFF7A0F803B05DF804FBBDF80C
:10AB300004309FED077ADBBA07EE903AF8EEE77A39
:10AB400087EE870AF3EE097A30EE270AECE700BFBA
:10AB5000E17A044313292DE9F74F07460D464FF0DC
:10AB600000061ED9DFF80081DFF800A1022301AA48
:10AB70002E210020FAF7D8FA8146B0B108200BF058
:10AB800003F948B1344B4361344B836103230374AD
:10AB9000002343748374C37431494FF4C25214F0D8
:10ABA00049FB304603B0BDE8F08FBDF804104ABA47
:10ABB00092B20029F5D007EE902A98ED007AF8EECF
:10ABC000E77A4FF0140B47EE877AB5FBFBFBFCEE00
:10ABD000E77A17EE903A9CB25C4510D804EB8402F9
:10ABE000920092B214233946302012F0E1FB10B3E8
:10ABF00008200BF0C9F80028CED01A4BC3E7082074
:10AC00000BF0C2F860B1A4EB0B040322C0F814A04F
:10AC10008461027480F8119080F8129080F813908B
:10AC20004FF4C4520E4914F005FB0BEB8B0292005B
:10AC300092B25C46D6E7142303FB0477C4EB0433DB
:10AC4000C4EB830305EB830326449DB2B6B2002C0C
:10AC5000A7D0132D8AD8A4E7AF430500D45305002D
:10AC6000648F0400A2EF04001C720020CD43050095
:10AC700013B5062304466A461F210020FAF754FA4A
:10AC8000C0B108200BF080F848B1154B4361154B5B
:10AC9000836103230374002343748374C3741249D0
:10ACA0004FF4C25214F0C6FA002323606360A3601D
:10ACB00002B010BD9FED0D7A6A4604F10C011078C8
:10ACC000537843EA00231BB207EE903AF8EEE77A96
:10ACD000023267EE877AE4EC017AA142EFD1E7E72E
:10ACE000A2EF0400BA530500648F04000000003A8C
:10ACF00013B5062304466A4625210020FAF714FA04
:10AD0000C0B108200BF040F848B1154B4361154B1A
:10AD1000836103230374002343748374C37412494F
:10AD20004FF4C25214F086FA002323606360A360DC
:10AD300002B010BD9FED0D7A6A4604F10C01107847
:10AD4000537843EA00231BB207EE903AF8EEE77A15
:10AD5000023267EE877AE4EC017AA142EFD1E7E7AD
:10AD6000A2EF0400A7530500648F040000007A3DA1
:10AD700007B5022301AA1D210020FAF7D5F920B159
:10AD8000FEF7CAFF03B05DF804FBBDF804309FED89
:10AD9000077ADBBA07EE903AF8EEE77A87EE870A91
:10ADA000F3EE097A30EE270AECE700BFE17A0443BC
:10ADB0002DE9F743022301AA074689460020122104
:10ADC000FAF7B2F90223064601AA12210020FAF787
:10ADD000ABF9064313D008200AF0D6FF48B13B4B2D
:10ADE00043613B4B836103230374002343748374E7
:10ADF000C37438494FF4C25214F01CFA04E0364DC3
:10AE0000BDF804402E7024B90024204603B0BDE8EC
:10AE1000F08364BAA4B24FF01408B9FBF8F8A04567
:10AE200013D208200AF0B0FF48B12C4B4361A4EBC9
:10AE3000080403238461037446748674C674254928
:10AE40004FF4C45214F0F6F9444604EB8402920025
:10AE5000142392B23946184612F0AAFA30B10820EB
:10AE60000AF092FF0028C4D01D4BB9E7287039467C
:10AE70000246034696B2A64219D3002BC5D007EE70
:10AE8000103ADFED186A184B07EE900AB8EEC77A51
:10AE9000F8EEE77A27EE267AC7EE876AF3EE097AAC
:10AEA00076EEA77AC3ED007A01232B70ADE70E781A
:10AEB00006F0FD06782E05D1B1F80D600133F6BA23
:10AEC00030449BB201321431D4E700BFAF430500D8
:10AED00025530500748F0400F9B20020CD4305000E
:10AEE000A2EF0400000000434004002013B500213D
:10AEF000044606236A460846FAF716F9C0B1082048
:10AF00000AF042FF48B1154B4361154B836103239F
:10AF10000374002343748374C37412494FF4C25200
:10AF200014F088F9002323606360A36002B010BDB1
:10AF30009FED0D7A6A4604F10C011078537843EACC
:10AF400000231BB207EE903AF8EEE77A023267EE82
:10AF5000877AE4EC017AA142EFD1E7E7A2EF04009F
:10AF60000E530500748F04000000003A13B5062349
:10AF700004466A4619460020FAF7D6F8C0B1082000
:10AF80000AF002FF48B1154B4361154B836103235F
:10AF90000374002343748374C37412494FF4C25280
:10AFA00014F048F9002323606360A36002B010BD71
:10AFB0009FED0D7A6A4604F10C011078537843EA4C
:10AFC00000231BB207EE903AF8EEE77A023267EE02
:10AFD000877AE4EC017AA142EFD1E7E7A2EF04001F
:10AFE000FE520500748F040000007A3D07B50F4B38
:10AFF000187828B10E4B93ED000A03B05DF804FBFE
:10B00000022301AA0C21FAF78FF810B1FEF7DCFE3B
:10B01000F3E7BDF80430DBBA00EE103ABAEEEC0A02
:10B02000F3EE097A30EE270AE7E700BFF9B2002015
:10B03000400400202DE9F04F00EB40008400A4B252
:10B0400001EB040989B08846174634490222484674
:10B050001E461DF041FC00285ED0314BD3ED006A46
:10B06000304B611C93ED007A01914A460DF1140EAC
:10B070000DF1080C0023A01D04F1070B111B013377
:10B0800011F80BA00D5C45EA0A252DB207EE905A87
:10B09000019DF8EEE77A4D5D12F8021B67EEA67A85
:10B0A00041EA052109B2EEEC017A07EE901AF8EEBA
:10B0B000E77A032B67EE877AECEC017ADED11A4946
:10B0C000062240441DF008FC48B1DDED067A059BE0
:10B0D0007B60F1EE677A079BC7ED007ABB6013498E
:10B0E000062248461DF0F8FB90B1114BDDED046AD5
:10B0F00093ED007ADDED027AC6ED026A46EEC77A7C
:10B100009DED037AC6ED017AB1EE477A86ED007ABD
:10B11000002009B0BDE8F08F0120FAE72375050093
:10B1200058040020540400201D7505001775050003
:10B13000247200202DE9F04300EB80008400A4B2CB
:10B140001E460B5D7E2B87B00D46174603D90120A6
:10B1500007B0BDE8F08304F1010888444FF000090E
:10B160003E49CDF8149006224046CDE90399CDE939
:10B170000099CDF808901DF0AFFBF8B104F1110172
:10B180004246294403A8537811F801CB92F800E015
:10B190001B044FEA0C2C43EA0E630CF4704C43EA98
:10B1A0000C0307EE903A09F10109F8EEE77AB9F1DC
:10B1B000030FE0EC017A02F10202E4D1E01D05EB9D
:10B1C00000092649062248461DF086FB00283DD08E
:10B1D0001134254448466C460022417815F8013B5D
:10B1E00090F800C009041B0341EA0C619BB21943AB
:10B1F00007EE901A0132F8EEE77A032AE4EC017ABE
:10B2000000F10200E9D1DFED166A9FED167A03A97D
:10B210006A460323D1ED007A67EEA67A013BE1ECA2
:10B22000017AD2ED007A67EE877AE2EC017AF1D109
:10B2300003AC03CC6A46386020687960B86003CA02
:10B2400030601068B0607160184681E703490622DB
:10B2500040461DF041FB0028D5D178E75E5405003B
:10B260000000003200007A352DE9F04300EB800049
:10B270008400A4B21E460B5D7E2B87B00D46174698
:10B2800003D9012007B0BDE8F08304F10108884428
:10B290004FF000093E49CDF8149006224046CDE912
:10B2A0000399CDE90099CDF808901DF015FBF8B190
:10B2B00004F111014246294403A8537811F801CB47
:10B2C00092F800E01B044FEA0C2C43EA0E630CF4E6
:10B2D000704C43EA0C0307EE903A09F10109F8EECD
:10B2E000E77AB9F1030FE0EC017A02F10202E4D14E
:10B2F000E01D05EB00092649062248461DF0ECFA40
:10B3000000283DD01134254448466C46002241783F
:10B3100015F8013B90F800C009041B0341EA0C61D9
:10B320009BB2194307EE901A0132F8EEE77A032A2E
:10B33000E4EC017A00F10200E9D1DFED166A9FED3D
:10B34000167A03A96A460323D1ED007A67EEA67A3E
:10B35000013BE1EC017AD2ED007A67EE877AE2EC0C
:10B36000017AF1D103AC03CC6A4638602068796079
:10B37000B86003CA30601068B0607160184681E739
:10B380000349062240461DF0A7FA0028D5D178E7E8
:10B39000CE530500000080320000FA3513B500EBF3
:10B3A0004000800080B28DF80400C0F304208DF8C6
:10B3B0000500022201A9462012F06CFC002204467E
:10B3C00056211046F9F7DCFE0C22044353210020DD
:10B3D000F9F7D6FE0222044358210020F9F7D0FEE7
:10B3E000044312D008200AF0CFFC48B1084B436157
:10B3F000084B836103230374002343748374C37471
:10B4000005494FF4C25213F015FF332002B010BDAE
:10B41000A2EF0400DD7405004C8F040030B500225B
:10B4200085B021211046F9F7ABFE00221D21104600
:10B43000F9F7A6FE0DF1070219210020F9F78AFE9F
:10B440000022044616211046F9F79AFE28220443EA
:10B450001B210020F9F794FE022204431021002052
:10B46000F9F78EFE1F4AFF2313701F4A0025137041
:10B47000044348F2A513032202A97C20ADF808304A
:10B480008DF80A5012F006FC184B02930443072370
:10B49000052202A97C208DF80C3012F0FBFB14224F
:10B4A000044323212846F9F76BFE0E22044317219B
:10B4B0002846F9F765FE044311D008200AF064FC21
:10B4C00040B10B4B43610B4B836103230374457401
:10B4D0008574C57408494FF4C25213F0ABFE332093
:10B4E00005B030BDE3070020E2070020A27E070779
:10B4F000A2EF0400EE520500748F040010B5044C56
:10B5000023781BB11BF08BF80023237010BD00BF04
:10B51000FAB200202DE9F04F00EB80008400A4B2C5
:10B520001E4611F8048008F0FD03782B8DB00D46FF
:10B53000174601EB040028D07F4E1AF0C2FDD6E971
:10B540000032C01A61EB0201B0F57A7F71F100019F
:10B5500003DA01200DB0BDE8F08F08202C5D0AF061
:10B5600013FC40B1754BC0E9053403230374002379
:10B5700043748374C37472494FF4C45213F05AFE77
:10B580001AF09FFDC6E90001E3E76E4BD3F8009087
:10B59000E31DB9F1020F01EB030A2EDCC95C437A0B
:10B5A0000193C37A027A90F80AB00293037B059163
:10B5B0000E20049203930AF0E7FBA8B1624B0599B1
:10B5C000049AC0F81C80C0E90539019B0162C0E9FA
:10B5D0000A3B029B0363039B43630A230374002318
:10B5E000426243748374C37445F2C002544913F039
:10B5F00021FE544A13680133136004F10109A94480
:10B600004FF000085149CDF82C8006224846CDE97C
:10B610000988CDE90688CDF820801DF05DF948BB8A
:10B620004A49062250461DF057F98046002842D16B
:10B63000474C2368042B15DC06200AF0A5FB48B113
:10B64000444B43610223037480F8118080F8128018
:10B6500080F813803A494FF4845213F0EBFD2368CD
:10B66000013323603949062248461DF035F9002888
:10B670003DD16EE704F111014A46294409A85378E7
:10B6800011F801CB92F800E01B044FEA0C2C43EABE
:10B690000E630CF4704C43EA0C0307EE903A08F189
:10B6A0000108F8EEE77AB8F1030FE0EC017A02F155
:10B6B0000202E4D1B4E7E21D11342A4400202544FB
:10B6C00006AC537815F8011B92F800C01B0409035F
:10B6D00043EA0C6389B20B4307EE903A0130F8EE6F
:10B6E000E77A0328E4EC017A02F10202E9D106AB21
:10B6F000DFED196A9FED197A09A903221C46D1EDE5
:10B70000007A67EEA67A013AE1EC017AD3ED007A8D
:10B7100067EE877AE3EC017AF1D109AB03CB3860AD
:10B72000186879602346B86003CB30601868B06051
:10B73000716010460EE700BF70360020004405001F
:10B74000748F040018720020344405001F53050054
:10B75000147200207E440500000080320000FA359B
:10B7600010B50A4C4FF480312046F2F7B5FE4FF089
:10B77000E8612046FAF770FE0549064B4B60064823
:10B7800040238B601AF09DFD002010BDE89F04004F
:10B7900034720020A9C50200908A040008B54FF455
:10B7A00000310248F2F798FE002008BDE09F040037
:10B7B00008B51AF084FC024BC3E90001002008BD63
:10B7C000883700202DE9F041954C84B094F8008032
:10B7D00000AFB8F1000F40F0BA802422FF21914859
:10B7E000914D924E1CF020FF2422914841461CF0BE
:10B7F0001BFF2A78002A00F0AC8006200AF0C4FA69
:10B8000048B18C4B43610223037480F8118080F8A7
:10B81000128080F813804FF48452874913F00AFD98
:10B82000864BD3F87429B24260D193F86869D3F893
:10B8300070290136F6B202F1010883F86869C3F88D
:10B84000708908200AF0A0FA50B17D4BC0F81C8026
:10B85000C0E9053604230374002343748374C3745E
:10B8600075494FF4025213F0E5FC744B93F86939B3
:10B87000082B14D8734A6E4688B052F823306A46B3
:10B8800071496D48C2E905134FF4007393836F4B00
:10B8900042F8103F4FF4E45114F014FCB5462B78F5
:10B8A000002B3CD0654B93F86839022B37D9082020
:10B8B0000AF06AFA40B1664B436103238361037463
:10B8C000002343748374C3745B494FF4C45213F070
:10B8D000B1FC5A4B002283F86829F3F74DFC16F0AF
:10B8E000AFF901201037BD46BDE8F08106200AF00F
:10B8F0004BFA38B1574B436102230374002343745E
:10B900008374C3744FF484524B4913F093FC4B4B34
:10B91000012283F86829C3F87029C3F874694E4E70
:10B9200030461AF060FD0546B8B906200AF02CFA38
:10B9300030B14A4B43610223037445748574C57466
:10B940004FF484523C4913F075FC0023237000200F
:10B95000C8E73A4B83F86829DFE7022300253B73E9
:10B9600041F2EC33C7E900533D4BBD6030463946E8
:10B970001E600DF02DFCDFF80C81A8420646C8F8C9
:10B9800000002ADA08200AF0FFF948B1354B43617C
:10B99000354B4574C0E90636042303748574C574B9
:10B9A00032494FF4015213F045FCD8F80050002DF5
:10B9B00024DB0123062023700AF0E6F938B12C4B72
:10B9C000436102230374002343748374C3741A49CC
:10B9D0004FF4865213F02EFCB9E7264B264A1D631E
:10B9E000C3E9082503F11802C3E90622C3E900559B
:10B9F0005D6312F02DFF0BF055F8DAE708200AF02E
:10BA0000C3F950B11D4B43611D4BC0E906350423FA
:10BA10000374002343748374C3744FF4015291E799
:10BA2000FDB200206C710020FEB200204754445744
:10BA300048710020A9440500BC91040000F00320D7
:10BA4000C7440500BC9F0400E74405000300000153
:10BA5000FF44050039450500D08A04005B45050018
:10BA60003072002083450500877505009C91040015
:10BA7000CF450500503700204D6B0300A945050058
:10BA8000957505002C72002003484FF0FF324FF0EF
:10BA9000FF331CF06CBA00BF0809002098B50F4BAB
:10BAA0001A78824200AF17D00D4A18700D4B6C46C1
:10BAB00088B0002818BF13466A460B490B48C2E9F4
:10BAC00005134FF400739383094B42F8103F4FF472
:10BAD000E65114F0F7FAA546BD4698BDCD77002093
:10BAE000E9450500F1450500FA450500AC91040063
:10BAF0000300000108B51AF0E2FA0A4AD2E900325E
:10BB0000C01A61EB02034FF47A72A0FB020110F538
:10BB1000804002FB031141F10001C00B40EA4140AB
:10BB2000C90B08BD8837002048B1054B054A1B6882
:10BB3000B3FBF2F35843044B43F00103184770473B
:10BB40005C04002040420F00B09204002DE9F04F49
:10BB50002DED028BA64BB5EEC00A87B0F1EE10FAC0
:10BB6000CDE90001D3ED007A6BD99FEDA27AB4EE56
:10BB7000470AF1EE10FA64D0F7EE006A86EE806AAA
:10BB80009D4A002386EE277AB2EC016AB4EEC76ABA
:10BB9000F1EE10FA02D40133092BF5D1974A12F8CD
:10BBA0000380974A02EB830393ED006A86EE867A60
:10BBB0000327F5EEC00AF1EE10FAC7EE278A46D940
:10BBC0009FED8C7AF4EE470AF1EE10FA44D0F7EECE
:10BBD000006A86EEA06A884A002386EE277AB2ECD5
:10BBE000016AB4EEC76AF1EE10FA02D40133092BF0
:10BBF000F5D1824AD45C824A02EB830393ED006A5A
:10BC000086EE867A03267F4BDFF820B21A789BF8FF
:10BC10000030DFF81CA243457B4B87EE278A1ED1FC
:10BC20009AF80010A1421AD197421ED11B78B34254
:10BC30001BD1009BC3ED008A019B002583ED008A88
:10BC4000C6E09FED727A4FF000080127B1E70024AB
:10BC500026469FED6E7AD6E700240126F9E7974243
:10BC600003D11B78B34200F0B9800A2047EA860569
:10BC70000AF08AF850B1664BC0E90767C0E905359C
:10BC800005230374002343748374C37461494FF420
:10BC9000235213F0CFFA2A4610210020F9F770FA48
:10BCA0004FF000090546FA20FFF73EFF0DF117029D
:10BCB000102148468DF81790F9F74CFA9DF8172097
:10BCC0000292054308200AF05FF858B1029A5249DF
:10BCD000826103224161027480F8119080F8129011
:10BCE00080F813904B494FF4C65213F0A3FA0A2080
:10BCF0000AF04AF858B1494B4462C0E90538C0E936
:10BD0000078406230374002343748374C374414976
:10BD10004FF4435213F08EFA42461B210020F9F7EC
:10BD20002FFA224681461C210020F9F729FA49EA18
:10BD300000034FF000090DF117021B2148461D4377
:10BD40008DF817908DF81690F9F704FA0DF1160298
:10BD500005431C214846F9F7FDF99DF817109DF899
:10BD6000162003910543082002920AF00DF868B1ED
:10BD7000029A2B4B0399C2610422436181610274D0
:10BD800080F8119080F8129080F813904FF40352CD
:10BD9000204913F04FFA1C4A15B31A49FF23082013
:10BDA0008BF800308AF800300B70137009F0ECFF4C
:10BDB00048B11C4B43611C4B836103230374002374
:10BDC00043748374C37413494FF4C25213F032FAAC
:10BDD000284607B0BDEC028BBDE8F08F002586E752
:10BDE000084B8BF800808AF800401F70167020E71F
:10BDF0003C0400200000807F189F0400465305008B
:10BE0000149F0400E3070020E20700200000000068
:10BE100007460500748F04003E4605005A4605009B
:10BE2000A6460500A2EF040035530500E5070020F3
:10BE3000E40700202DE9F04F2DED048B7D4B9FEDA5
:10BE40007E9AD3ED007AB5EEC00A83B0F1EE10FA17
:10BE5000CDE900016DD99FED797AB4EE470AF1EE94
:10BE600010FA66D0F7EE006A86EE806A744A002304
:10BE700086EE277AB2EC016AB4EEC76AF1EE10FAE8
:10BE800002D401330B2BF5D16E4A12F803806E4AAF
:10BE900002EB830393ED006A86EE867A0326F5EEC5
:10BEA000C00AF1EE10FAC7EE278A48D99FED637AEF
:10BEB000F4EE470AF1EE10FA46D0F7EE006A86EE8D
:10BEC000A06A5F4A002386EE277AB2EC016AB4EEDC
:10BED000C76AF1EE10FA02D401330B2BF5D1594A9F
:10BEE000D75C594A02EB830393ED006A86EE867AAB
:10BEF0000325DFF870B1DFF870919BF8003099F8F6
:10BF00000020DFF868A14345504B87EE278A1ED1F9
:10BF10009AF80010B9421AD1B2421DD11A78AA4239
:10BF20001AD1009BC3ED008A019B83ED008A002497
:10BF300045E04FF000080126B0EE497AAFE7002750
:10BF40003D469FED3D7AD4E700270125F9E7B2424F
:10BF500002D11A78AA4238D046EA85024E21002042
:10BF6000F9F70EF90446FA20FFF7DEFD42465021AC
:10BF70000020F9F705F93A4604434F210020F9F76C
:10BF8000FFF80443314B22D0FF2208208BF8002019
:10BF90008AF8002089F800201A7009F0F5FE48B1EF
:10BFA0002B4B43612B4B83610323037400234374A6
:10BFB0008374C37428494FF4C25213F03BF92046EE
:10BFC00003B0BDEC048BBDE8F08F0024CEE71F4B1F
:10BFD0008BF800801D70009B8AF80070C3ED008A0A
:10BFE000F5EE408A019B89F80060F1EE10FA83EDCE
:10BFF000008AB5EE408A194B0AD1F1EE10FA10D042
:10C00000174A92ED007AC7EE087AC3ED007A8EE700
:10C01000F1EE10FA05D1124A92ED007AC7EE287AB5
:10C02000F3E7F4EEC88AF1EE10FAF4D4E8DC83ED1D
:10C03000009A7CE744040020000000000000807F9C
:10C04000409F0400815405003C9F0400E707002046
:10C05000A2EF0400E7530500648F04001C72002067
:10C0600048040020EA070020E8070020E907002034
:10C070002DE9F04F2DED048B7D4B9FED7E9AD3ED96
:10C08000007AB5EEC00A83B0F1EE10FACDE90001F6
:10C090006DD99FED797AB4EE470AF1EE10FA66D0C9
:10C0A000F7EE006A86EE806A744A002386EE277AED
:10C0B000B2EC016AB4EEC76AF1EE10FA02D40133B1
:10C0C0000B2BF5D16E4A12F803806E4A02EB830304
:10C0D00093ED006A86EE867A0326F5EEC00AF1EE4D
:10C0E00010FAC7EE278A48D99FED637AF4EE470A23
:10C0F000F1EE10FA46D0F7EE006A86EEA06A5F4ACB
:10C10000002386EE277AB2EC016AB4EEC76AF1EE3C
:10C1100010FA02D401330B2BF5D1594AD75C594A96
:10C1200002EB830393ED006A86EE867A0325DFF83F
:10C1300070B1DFF870919BF8003099F80020DFF8BB
:10C1400068A14345504B87EE278A1ED19AF800100C
:10C15000B9421AD1B2421DD11A78AA421AD1009B13
:10C16000C3ED008A019B83ED008A002445E04FF077
:10C1700000080126B0EE497AAFE700273D469FED63
:10C180003D7AD4E700270125F9E7B24202D11A78B7
:10C19000AA4238D046EA85024E210020F8F7F0FF87
:10C1A0000446FA20FFF7C0FC424650210020F8F771
:10C1B000E7FF3A4604434F210020F8F7E1FF04432C
:10C1C000314B22D0FF2208208BF800208AF8002073
:10C1D00089F800201A7009F0D7FD48B12B4B436154
:10C1E0002B4B836103230374002343748374C37450
:10C1F00028494FF4C25213F01DF8204603B0BDEC9D
:10C20000048BBDE8F08F0024CEE71F4B8BF8008035
:10C210001D70009B8AF80070C3ED008AF5EE408A1D
:10C22000019B89F80060F1EE10FA83ED008AB5EE0B
:10C23000408A194B0AD1F1EE10FA10D0174A92ED4C
:10C24000007AC7EE087AC3ED007A8EE7F1EE10FAB5
:10C2500005D1124A92ED007AC7EE287AF3E7F4EEA0
:10C26000C88AF1EE10FAF4D4E8DC83ED009A7CE79A
:10C270004C040020000000000000807F409F04006C
:10C28000815405003C9F0400EB070020A2EF04004E
:10C29000725405006C8F04002072002050040020AE
:10C2A000EE070020EC070020ED07002080B50646D1
:10C2B00000AF0C46EFF31183402383F31288BFF3E2
:10C2C0006F8F504D85F8691919F011FF4E4BC5F865
:10C2D0006C09C5F87439082009F056FD4B4D40B182
:10C2E0004B4BC0E905350323037400234374837467
:10C2F000C37448494FF4C25212F09CFFE4B2464B5B
:10C3000053F824306C468AB06A4644494148C2E931
:10C31000076340F202439384414BC2E9051542F89A
:10C32000103F4FF4315113F0CDFEA54619F0DFFE5A
:10C330000446082009F028FD48B13A4BC461C0E921
:10C34000053504230374002343748374C374314993
:10C350004FF4015212F06EFF082009F015FD58B19C
:10C36000314BC0E905354FF4AF53C3610423037467
:10C37000002343748374C3742649DFF8B4A04FF4D8
:10C38000015212F057FF1BF04BFA4FF000098046A4
:10C390004FF47A761BF044FAA0EB0800A0FB0603EA
:10C3A000C00B40EA4340B0F5AF5F13D3082009F05B
:10C3B000EBFC40B11D4BC0E905350323037400239A
:10C3C00043748374C37413494FF4C25212F032FFA2
:10C3D00011F02EFE1BF024FAA0EB0804A4FB064388
:10C3E000E40B44EA434409F57A73A34204D8214696
:10C3F00050461AF04FFDA1464FF47A70FFF794FBB8
:10C40000C8E700BF00F0032047544457A375050058
:10C41000E6460500BC910400BC9F040003470500EC
:10C42000050000011F470500384705008E4705003D
:10C4300071470500034B53F82000002801DB0AF088
:10C440009FBB70476C710020164B012210B51A700B
:10C45000154B002483F86849F2F78EFE062009F098
:10C4600093FC30B1114B4361022303744474847410
:10C47000C4740F494FF4865212F0DCFE062009F016
:10C4800083FC38B10B4B43610223037400234374D4
:10C490008374C374BDE8104005494FF4865212F00E
:10C4A000C9BE00BFDAB2002000F00320D747050064
:10C4B000BC910400C24705001FB501AA11F06AFC37
:10C4C00001A96B46032208460CF0CEF89DED000A48
:10C4D000B5EEC00AF1EE10FA04DBB1EEC00A05B009
:10C4E0005DF804FB9FED010AF9E700BF00000000C2
:10C4F00000B52DED028B85B001AAB0EE408A11F097
:10C5000049FC01A96B46032208460CF0ADF8DDEDAD
:10C51000007AF5EEC07AF1EE10FA0DDBF1EEE77A73
:10C52000B4EEE78AF1EE10FACCBF0120002005B08E
:10C53000BDEC028B5DF804FBDFED017AF0E700BF94
:10C540000000000008B5082009F01EFC48B1084BA7
:10C550004361084B83610323037400234374837492
:10C56000C374BDE8084004494FF4C25212F062BEE1
:10C57000A2EF0400965405004C8F040007B508484C
:10C5800001A91AF04AFE28B9064B01981B685840C9
:10C59000C0F38010003818BF012003B05DF804FB21
:10C5A000908A0400106F002070B5FFF7E7FF044683
:10C5B00019F087FD0C4BD3E9002552EA05060FD090
:10C5C0006CB9801A61EB0501332871F10002A4BF38
:10C5D000064AC2E9000100200146C3E9000170BD1E
:10C5E000002CFAD1F7E700BF8838002080380020FF
:10C5F0002DE9F843574B1C7800AF05460E46B4B9F9
:10C600006D4688B06A46544B5361544B93614FF466
:10C6100000739383524B42F8103F4FF4E45151485A
:10C6200013F050FDAD462046BD46BDE8F8834E4BA5
:10C6300099B143F82510EFF31188402383F3128852
:10C64000BFF36F8F494810F0FFFC80B9882248493A
:10C6500048481AF035FC1BF0AAFB474A52F8206004
:10C6600043F82060002EE6D16FF015045BE03F48F0
:10C6700010F00EFD414B00244FF0180C0CFB04F0A1
:10C68000C2181958002940D1DFF810911E503C4BB8
:10C69000536199F8003015614FF0FF304FF0FF31D2
:10C6A000C2E902014BB9374B186830B183680221E7
:10C6B0001B689847012389F8003020460AF060FA89
:10C6C0002A4810F0CFFC10B94FF49A72BFE788F3F4
:10C6D0001188BFF36F8F2C4B204643F825400AF09A
:10C6E0004FFA2A4B53F825306D468AB06A462849DE
:10C6F000C2E905134FF400739384264BC2E9076423
:10C700004FF4335142F8103F89E70134092CB5D179
:10C71000164810F0A7FC0028D6D088F31188BFF384
:10C720006F8F6FF00B040A2009F02EFB58B11A4BE3
:10C7300043610A4B0462C0E90635052303740023F4
:10C7400043748374C37407494FF4215212F072FD8D
:10C7500069E700BFFDB20020EF4705006E750500D8
:10C7600003000001BC9104004871002028720020E1
:10C7700062CE040045A40500DC9E0400783600204B
:10C78000ADC20200307200206C710020BC9F04001A
:10C7900016480500050000014B480500FCB20020CA
:10C7A000F8B5184E56F82050082D044628D8EFF357
:10C7B0001187402383F31288BFF36F8F124810F064
:10C7C00043FC30B98822114911481AF079FB1BF05B
:10C7D000EEFA0D4810F05CFC18235D430D4B0A483F
:10C7E00000225A5110F03EFC10B94FF49A72EAE759
:10C7F00087F31188BFF36F8F4FF0FF3346F8243073
:10C80000F8BD00BF6C7100202872002062CE0400C9
:10C8100045A40500783600202DE9F04FDFF864923A
:10C8200099F800608DB0002E40F03A82854C864821
:10C83000A0624FF46E21216006AA1BF089FA90B124
:10C84000082009F0A1FA40B1804B4361804B83611D
:10C850000323037446748674C6744FF4C2527D4930
:10C8600012F0E8FC1DE2079BE3600623238204F13B
:10C870001407C4E90766C4E90577A06A8368DB6822
:10C880009847E06228BB082009F07EFA40B1724B5D
:10C890004361724B83610323037446748674C674C8
:10C8A0004FF4C2526E4912F0C5FC6FF01505082016
:10C8B00009F06AFA50B16B4B4361654BC0E906352C
:10C8C00004230374002343748374C3744FF401522C
:10C8D000C5E7A06A19F0D8FD01381F2806D908203D
:10C8E00009F052FA0028DBD05F4BD1E7E568B5F5D7
:10C8F000803F13D90A2009F047FA60B15B4B4361CE
:10C90000564B4674C0E906354FF480330362052365
:10C9100003748674C6744FF42152C3E7A06A216879
:10C9200009AA1BF015FA30B1082009F02DFA0028E9
:10C93000B6D04F4BACE7E5682DB10A9BB5FBF3F2DF
:10C9400003FB12557DB1082009F01EFA0028A7D07C
:10C95000484B4361414B83610323037400234374B9
:10C960008374C3749CE7238A012B06D8082009F03E
:10C970000BFA002894D0404BEBE7E36A009593F85C
:10C9800005804FF0FF324FF0FF3338461BF0EFFACF
:10C99000082011F051FAAB460746238A1FFA85FAA0
:10C9A000534520D8238A5B456ED1062009F0ECF967
:10C9B00038B1324B43610223037400234374837400
:10C9C000C37427494FF4845212F034FC238AE2687E
:10C9D0002168A06A5A4319F043FD0546F0B1284882
:10C9E00019F052FC63E7E0682B04C01B13FA80F0D7
:10C9F00008224146009011F0EFFA68B1684611F044
:10CA00000BFA0BF1010B0098082241461FFA8BFB31
:10CA100011F0E2FA0028C5D00135BEE7E368228AAA
:10CA2000DB1B013A9BB203EB024300930098082200
:10CA30004146C01B11F0D0FA40BB684611F0ECF93A
:10CA400024E000BF48680020708B04007548050092
:10CA5000237605009491040091480500197605009D
:10CA6000AC9004008B490500B7480500D848050084
:10CA700005490500214905003949050060490500BF
:10CA80005C68002001B300205345CFD0684611F008
:10CA90002FFA05460028A2D1009B63604FEA134A93
:10CAA0004FEA0A4AC4F808A0D4E9010398420FD318
:10CAB00008220DEB020111F009FA054600288ED17B
:10CAC00002AB13F8012B904532D10135082DF8D176
:10CAD00063681B0C1B046846009311F09DF9E26823
:10CAE0000098414611F078FA051EFFF678AF6368AA
:10CAF0007CD007EB03084FF6FF7AE368CDF800809F
:10CB00001FFA88F2DB1B9A422DD34FF000086068B1
:10CB1000B8F1000F40D0000C00040090684611F0FE
:10CB20007BF9009814F0D8F80546002D79D056E727
:10CB300002A811F08FF918B96368DB1B6360B3E7D3
:10CB4000BDF80C50BDF80A00C4F808A0284411F044
:10CB500073F9636850449842A060EDD1002DEBD08A
:10CB60006FF01C0590E0082204A9404611F0AEF9D0
:10CB7000054600287FF433AF04A811F06BF930B1FB
:10CB8000BDF81030534502D1BDF814300BB1B84494
:10CB9000B3E74FF00108BAE714F09EF80546002805
:10CBA0007FF41DAF6368414AE16813400B44A3EB77
:10CBB00047031A40A2603E4A636008F101081FFA69
:10CBC00088F8B8F1800F42F8043FF6D114F0ACF8C1
:10CBD000AAE7121A414611F0FFF9051EFFF6FFAE53
:10CBE00008D0E36AA2681B681344A360D4E901205B
:10CBF0008242EED86068E36800EB47029A4294D123
:10CC0000DFF8A880A36800EA080293428DD014F0F0
:10CC100063F8054600287FF4E2AE636803EA080380
:10CC2000A36024484FF40072FF211BF0FDFC6368F1
:10CC300001934FF6FF7804A901A8DDF804A011F0D4
:10CC400083F9054600287FF4CAAEBDF810004045C0
:10CC50000DD01AF067F900F10C0554F825300133B6
:10CC600005D104A811F0F6F808B144F825A06368CE
:10CC7000019A9342DFD1E2689BB2A2EB4702934252
:10CC800007D114F00FF805460B4819F0FDFA1DB155
:10CC90000DE6094819F0F8FA0123A37489F8003069
:10CCA000012630460DB0BDE8F08F00BF0000FFFF49
:10CCB00074680020786800205C6800202DE9F04747
:10CCC000FFF7AAFD354C0546A8B90820247809F0DD
:10CCD0005BF848B1324B4361324B4574C0E90634CE
:10CCE000042303748574C574BDE8F0472E494FF4DE
:10CCF000015212F09FBA0820257809F045F840B19A
:10CD00002A4BC0E90535032303740023437483745D
:10CD1000C3742549264E4FF4C65212F08BFA4FF0D9
:10CD200000094FF00C0A23785FFA89F5AB4201D86D
:10CD300000232FE00AFB05F7F319D3E90112F05B9A
:10CD400014F0D6FFB0F1000809F10109EBDA0A206E
:10CD5000F75B09F019F860B1164B4361114BC0F84D
:10CD60002080C0E9063705230374002343748374CD
:10CD7000C3740D494FF4215212F05CFA45B1227888
:10CD80000B480C21521B4A4301FB05611BF032FC8E
:10CD900023785B1B2370BDE8F08700BFFFB2002043
:10CDA000AE490500C775050094910400E8490500E7
:10CDB00040720020034A0500F8B52C4DDFF8C4C0CE
:10CDC000044628780F46164600230C21DAB290421A
:10CDD00031D808283ED108F0D7FF50B1244B436129
:10CDE000244BC0E906340423037400234374837482
:10CDF000C37421494FF4015212F01CFA2B784BB343
:10CE0000FFF75CFF2B78072B24D9082008F0BCFF24
:10CE100050B11A4B4361174BC0E906340423037425
:10CE2000002343748374C374BDE8F84012494FF47F
:10CE3000015212F0FFB903FB011E5A1C3CF80EE030
:10CE4000A64505D10E4A01FB0323C3E90176F8BDCF
:10CE50001346BBE72B780A495A1C2A700C2253430D
:10CE6000CA18C2E90176CC52F1E700BFFFB2002038
:10CE7000324A0500F0750500949104006D4A0500E2
:10CE8000407200203472002010B54FF0FF3304468A
:10CE90004FF0FF320B481BF06AF80B4B83F86440ED
:10CEA0000A4B1B7833B9FFF7B7FC0122084910463B
:10CEB00014F01EFFF2F760F9BDE81040014819F0C8
:10CEC000E3B900BF0809002000F0032000B30020F0
:10CED00064F00320F8B50C46164607461D46FEF7DB
:10CEE000D3FDA64204D02A46314620461BF074FBEF
:10CEF00038462A462146FFF75FFFF2F73DF9BDE8C5
:10CF0000F840014819F0C0B90809002008B50848E0
:10CF10004FF0FF334FF0FF321BF029F8054B1B7821
:10CF20000BB1FFF7CBFEBDE80840014819F0ACB9E2
:10CF300008090020FFB200202DE9F84307461646F5
:10CF40003B484FF0FF3298464FF0FF330C461BF042
:10CF50000EF8FFF761FC0546E0B9082008F014FF61
:10CF600048B1344B4361344B4574C0E90637042360
:10CF700003748574C57431494FF4015212F05AF9A3
:10CF8000002C3AD04246314620461BF025FBF2F7F2
:10CF9000F3F832E024B14246314620461BF01CFB38
:10CFA00031464246384614F0A3FE061E0FDBDFF87A
:10CFB0009480DFF894C098F80030002216464FF0B5
:10CFC0000C099E421ED3B2B188F8003013E008204D
:10CFD00008F0DAFE50B11A4B4361174BC0E9063630
:10CFE00004230374002343748374C37413494FF4FC
:10CFF000015212F01FF9002CC9D1BDE8F8430C48CA
:10D0000019F042B909FB06F10CEB010E3CF80110D6
:10D01000B94203BF03F1FF3309FB03C207CA01365C
:10D0200009BF8EE80700F6B2DBB22A46C9E700BFA7
:10D0300008090020A94A0500E6750500949104003E
:10D04000DC4A0500FFB2002040720020F8B50F4610
:10D050004FF0FF33154606464FF0FF3231481AF0C5
:10D0600086FF2A46002138461BF0DEFAFFF7D4FB84
:10D070000446B8B9082008F087FE48B12A4B43613E
:10D080002A4B4474C0E90636042303748474C474C0
:10D090004FF40152264912F0CDF8BDE8F84021487E
:10D0A00019F0F2B82A463946304612F08FFF041EB6
:10D0B00024DAA31CF1D0082008F066FE50B11D4B05
:10D0C00043611A4BC0E906340423037400234374FC
:10D0D0008374C37416494FF4015212F0ABF8062062
:10D0E00008F052FE38B1144B43610223037400234D
:10D0F00043748374C3744FF48452CBE7A542CCD9F4
:10D100000A2008F041FE50B10C4BC0E90745C0E9C8
:10D11000053605230374002343748374C3744FF4EA
:10D120002252B7E708090020024B0500DD75050013
:10D1300094910400334B05005A4B0500704B0500D9
:10D140002DE973434FF08043894CD3F80034894D67
:10D15000DB075EBF884B01221A70884B40F66812CD
:10D1600021460020D3E900890AF04CF82368AB423D
:10D1700019D1834B984216D1C4E90289C4E90889C0
:10D18000062008F001FE002840F0E9807D494FF4B8
:10D19000865212F04FF8784B01221A70FFF73CFBD1
:10D1A000FAF74CFC56E040F67812714800211BF06B
:10D1B0003BFA754A25604FF0FF330025A3612386B3
:10D1C0004FF07E560023C4F87461C4F87861C4F847
:10D1D0007C61A4F8505984F8525984F8605913605E
:10D1E00053609360012384F8A834684BC4F8743901
:10D1F000C4E90289C4E90889C4F87059A4F86859D7
:10D20000C4F86C59062008F0BFFD30B1604B436193
:10D210000223037445748574C5745A494FF48452CB
:10D2200012F008F8FFF7F8FA0446B8B9082008F039
:10D23000ABFD40B1574B4361574B836103230374EC
:10D2400044748474C4744F494FF4C25211F0F2FF15
:10D25000F1F792FF002002B0BDE870834F49082229
:10D260000220FFF7F3FE4E4980221E20FFF7EEFE5C
:10D270004C490C220320FFF7E9FE4B490C22042005
:10D28000FFF7E4FE494930220520FFF7DFFE484959
:10D2900030220720FFF7DAFE464924221D20FFF73F
:10D2A000D5FEFAF7CBFB44490C220620FFF7CEFE51
:10D2B0002F4BD3ED5D7AF5EE407AF1EE10FA13D1F3
:10D2C000D3ED5E7AF5EE407AF1EE10FA0CD1D3EDA3
:10D2D0005F7AF5EE407AF1EE10FA02BFC3F874619E
:10D2E000C3F87861C3F87C613449214D04222020C1
:10D2F000FFF7ACFE32494FF48C622120FFF7A6FE07
:10D30000304930222220FFF7A1FE2F49042223209A
:10D31000FFF79CFE01220DF1070126208DF8072062
:10D3200012F054FE0028A8BF9DF80740274985F851
:10D33000A84401221F20FFF789FE2549012225204C
:10D34000FFF784FE234901222720FFF77FFE95F88F
:10D350009C34022B84BF002385F89C3478E71E4B55
:10D36000436102230374002343748374C3740DE781
:10D3700000F0032054FEE20C00B30020302A00200D
:10D380001CDF44219491040054F90320475444576E
:10D39000A54B0500B54B05000776050065F0032099
:10D3A0006DF00320F0F00320FCF0032014F10320C3
:10D3B00044F1032040F0032074F10320ACF4032077
:10D3C000B0F4032010F903204CF9032098F4032053
:10D3D0009BF403209CF40320FE4B050070B52F48FE
:10D3E0002F4E19F057FD4FF0FF324FF0FF332D480D
:10D3F0001AF0BDFD0024FFF70FFA2B4B2B481C70D1
:10D4000040F6781221461BF00FF9B57C002D3ED175
:10D41000082008F0B9FC40B1254B4361254B8361DE
:10D420000323037445748574C57423494FF4C252B1
:10D4300011F000FF214B00241C70214B1C701B4B72
:10D440004FF07E52C3F87421C3F87821C3F87C21D1
:10D450001C4A1A60F1F790FE124818F015FF0620DA
:10D4600008F092FC30B1184B4361022303744474FA
:10D470008474C474BDE8704014494FF4865211F0AE
:10D48000D9BE200413F028FC01340028D2D1328AFE
:10D49000A3B29A42F5D80023B374CBE70C4C050035
:10D4A0004868002008090020FFB2002000F0032097
:10D4B000FAE40400BD750500AC90040001B300203F
:10D4C000B1B2002060FEE20C284C050094910400EB
:10D4D0002DE9874800210420FFF78AF80024A04D99
:10D4E000DFF8A8A227462646D5E90032134316D016
:10D4F00018F0E7FDD5E90023801A61EB030133281A
:10D5000071F100010BDBDAF800305A0603D4012177
:10D510004020FAF761FD00210220FAF7D9FFDFF879
:10D520007082D8E90023332A73F1000326DBDAF88E
:10D5300000305B0603D401214020FAF74DFD08209E
:10D54000013608F021FC40B1864BC0E905360323C3
:10D550000374002343748374C37483494FF4C65225
:10D5600011F068FE00220023C8E9002318F0A9FD8D
:10D5700004460F4602200021FAF7AAFF7B4B1B78D6
:10D58000002B40F083807A4B93F800805FFA88F894
:10D5900054EA07033FD018F094FD40F2E933001B32
:10D5A00061EB0701984271F1000134DB082008F0BB
:10D5B000EBFB40B16F4BC0E9053603230374002336
:10D5C00043748374C37468494FF4C65211F032FE39
:10D5D000B8F1000F5DD0062008F0D6FB38B1664BDD
:10D5E000436102230374002343748374C3745E494C
:10D5F0004FF4865211F01EFE00210820FAF768FF52
:10D6000000210120FAF764FF00214020FAF7E4FC32
:10D61000002427462646D5E9003213432FD018F0C0
:10D6200050FDD5E90023801A61EB030140F2E93394
:10D63000984271F1000122DBFEF7A0FFF8B1B8F1CA
:10D64000000F3CD0062008F09FFB38B14B4B4361E4
:10D6500002230374002343748374C37442494FF458
:10D66000865211F0E7FD0022002300210820C5E9C1
:10D670000023FAF72DFF00214020FAF7ADFC04202B
:10D68000FEF7D8FE142018F007FD2DE74FF0010833
:10D690007EE7012EB4D1062008F076FB48B1384B66
:10D6A00043610223037480F8118080F8128080F8AF
:10D6B00013802D494FF4865211F0BCFDA0E718F0FD
:10D6C00000FDCDE90001062008F05EFB48B12D4BBE
:10D6D00043610223037480F8118080F8128080F87F
:10D6E00013804FF48652204911F0A4FD0020FFF76B
:10D6F000CBFB00210720FAF7EBFE40F2DC5018F0DC
:10D70000CBFCFEF73BFF70B100210846FAF7E0FEC4
:10D710004FF0000940F2F51BFEF730FF804640B99C
:10D720000146FAF7D5FE18F0D1FE1748F9F7E8F9E7
:10D73000A5E7B9F1000F0ED118F0C3FC009BC01A89
:10D74000019B61EB0301584571F1000104DB49467F
:10D750000420FAF7BDFEC146012018F09DFCDBE76E
:10D76000883800203F4C05009491040030140020BC
:10D77000F9B00020574C0500734C0500C44C05005F
:10D78000904C0500DF4C050090370020D04C002065
:10D790008038002008B5062008F0F6FA38B10E4BA4
:10D7A000436102230374002343748374C3744FF4EE
:10D7B00086520A4911F03EFD0020FFF765FB00216B
:10D7C0000720FAF785FE40F2DC5018F065FCBDE852
:10D7D000084018F07BBE00BFF74C05009491040090
:10D7E0002DE9F04F2DED048B85B00E460190002100
:10D7F0007948DFF810B2B0EE408AF0EE608AB0EE01
:10D80000419A10F033FA9FED757ADFED757A754B1A
:10D81000002808BFF0EE477AC3ED007A40231A468D
:10D820004C210020F7F7E4FCB5EEC08AF1EE10FAC7
:10D83000044600F39A804FF07E53CBF80030DFF8B7
:10D84000C8A1DFF8C891DFF8C881674F0198FF23AE
:10D85000F0EE490AB0EE680A31468AF8003089F8DD
:10D86000003088F800303B70FEF702FC04430120D2
:10D8700018F012FC10225F210020F7F781FC4022F3
:10D88000044316210020F7F77BFCB5EEC08AF1EEC9
:10D8900010FA44EA00044DDD0A2018F0FDFB0223D3
:10D8A00003AA2E210020F7F73FFCBDF80C50002DF5
:10D8B0007DD1062008F068FA30B14C4A426102225C
:10D8C000027445748574C57449494FF4845211F04B
:10D8D000B1FC4FF07E53012276210020CBF80030BE
:10D8E000F7F74EFC002283467B211046F7F748FCF1
:10D8F00000224BEA000B76211046F7F741FC4BEA79
:10D9000004040023044304224D211846F7F770FC59
:10D91000FF230443314601988AF80030F0EE490AAB
:10D92000B0EE680A89F8003088F800303B70FEF7E6
:10D930009FFB044394B1082008F026FA48B12D4B10
:10D9400043612D4B83610323037400234374837469
:10D95000C37427494FF4C25211F06CFC04EAE4701E
:10D9600005B0BDEC048BBDE8F08F9FED247AC8EEC6
:10D97000077A012276210020CBED007AF7F700FC30
:10D98000042207467B210020F7F7FAFB0022074319
:10D9900076211046F7F7F4FB2743042307431A4682
:10D9A0004D210020F7F724FC47EA000447E7082050
:10D9B00008F0EAF950B16BBA9BB283610323104AB5
:10D9C00003740023426143748374C37408494FF4A1
:10D9D000C65211F02FFCADE700366E0117B7D138F3
:10D9E000A69B443A50040020EB070020124D05008E
:10D9F0006C8F0400A2EF04008D5405000000FA466D
:10DA00004D4D05004C040020EE070020ED070020DE
:10DA1000EC07002013B52D210DF107020020F7F7C8
:10DA200099FB0022044665211046F7F7A9FB27223F
:10DA3000044350210020F7F7A3FB022204434E21A8
:10DA40000020F7F79DFB00224D2104431046F7F715
:10DA500097FB0443012018F01FFB042276210020CD
:10DA6000F7F78EFB082204434A210020F7F788FBD2
:10DA7000082204434B210020F7F782FB08224C21A7
:10DA800004430020F7F77CFB0443012018F004FB5B
:10DA9000002276211046F7F773FB07226621044324
:10DAA0000020F7F76DFB0443322018F0F5FA01224D
:10DAB00057210020F7F764FB044312D0082008F038
:10DAC00063F948B1084B4361084B83610323037436
:10DAD000002343748374C37405494FF4C25211F098
:10DAE000A9FB332002B010BDA2EF0400335405009F
:10DAF0006C8F04002DE9F04F2DED048B85B00E46A0
:10DB0000019000217E487F4FB0EE408AF0EE608A9F
:10DB1000B0EE419A10F0AAF89FED7B7ADFED7B7AA8
:10DB20007B4B002808BFF0EE477AC3ED007A402314
:10DB30001A464C210020F7F75BFB00230446102215
:10DB400064211846F7F754FBB5EEC08AF1EE10FADF
:10DB500044EA000400F399804FF07E533B60DFF805
:10DB6000CCB1DFF8CCA1DFF8CC91DFF8CC81019803
:10DB7000FF23F0EE490AB0EE680A31468BF8003018
:10DB80008AF8003089F8003088F80030FEF752F942
:10DB90000443012018F080FA13225F210020F7F7D8
:10DBA000EFFA4022044316210020F7F7E9FAB5EE18
:10DBB000C08AF1EE10FA44EA00044BDD0A2018F0A6
:10DBC0006BFA022303AA2E210020F7F7ADFABDF865
:10DBD0000C50002D7ED1062008F0D6F830B14D4A09
:10DBE00042610222027445748574C5744A494FF437
:10DBF000845211F01FFB4FF07E530122762100204A
:10DC00003B60F7F7BDFA002207467B211046F7F785
:10DC1000B7FA0022074376211046F7F7B1FA3C43E2
:10DC20000023044304224D211846F7F7E1FAFF23AD
:10DC30000443314601988BF80030F0EE490AB0EE0B
:10DC4000680A8AF8003089F8003088F80030FEF75A
:10DC5000F1F8044394B1082008F096F848B12F4B2E
:10DC600043612F4B83610323037400234374837444
:10DC7000C37429494FF4C25211F0DCFA04EAE4708B
:10DC800005B0BDEC048BBDE8F08F9FED267AC8EEA1
:10DC9000077A012276210020C7ED007AF7F770FAA3
:10DCA000042280467B210020F7F76AFA002248EA26
:10DCB000000876211046F7F763FA48EA04080423BF
:10DCC00048EA00081A464D210020F7F791FA48EA81
:10DCD000000444E7082008F057F850B16BBA9BB233
:10DCE00083610323104A03740023426143748374E5
:10DCF000C37409494FF4C65211F09CFAAAE700BF59
:10DD000000366E014404002017B7D138A69B443A70
:10DD100048040020124D0500648F0400A2EF0400A7
:10DD2000FB5305000000FA464D4D0500EA070020B0
:10DD3000E9070020E8070020E707002013B52D21A0
:10DD40000DF107020020F7F705FA002204466521CD
:10DD50001046F7F715FA4722044350210020F7F741
:10DD60000FFA022204434E210020F7F709FA00229D
:10DD70004D2104431046F7F703FA0443012018F03D
:10DD80008BF9042276210020F7F7FAF908220443E0
:10DD90004A210020F7F7F4F9082204434B21002020
:10DDA000F7F7EEF908224C2104430020F7F7E8F9D1
:10DDB0000443012018F070F9002276211046F7F78D
:10DDC000DFF90722662104430020F7F7D9F904435D
:10DDD000322018F061F9012257210020F7F7D0F91D
:10DDE000044312D0082007F0CFFF48B1084B43612D
:10DDF000084B836103230374002343748374C37447
:10DE000005494FF4C25211F015FA332002B010BD8B
:10DE1000A2EF040094530500648F04002DE9F04F35
:10DE2000D44BD54A00262DED048B1E70D34B1E70AB
:10DE3000D34B8BB01A60D34BCDE901013146D248A8
:10DE40001E70B0EE408AF0EE608AB0EE419A0FF09C
:10DE50000DFF07AA722130468DF81C60F7F77AF99A
:10DE6000074608209DF81C4007F08EFF38B1C74BCD
:10DE70004674C0E90534032303748674C674C44928
:10DE80004FF4C65211F0D6F99DF81C30E92B1BD087
:10DE9000E72B19D0082007F077FF48B1BD4B43614D
:10DEA000BD4B836103230374002343748374C374E1
:10DEB000B7494FF4C25211F0BDF94FF0FF300BB02B
:10DEC000BDEC048BBDE8F08F002221211046F7F74E
:10DED00057F9002206461D211046F7F751F9002296
:10DEE000064323211046F7F74BF93E430022064331
:10DEF00016211046F7F744F9002206431721104671
:10DF0000F7F73EF9B5EEC08AF1EE10FADFF8A88215
:10DF100046EA000600F381804FF07E53C8F80030D7
:10DF200043F6A023ADF824300322912309A97C20D5
:10DF30008DF826300FF0AEFE3B238DF825302423DC
:10DF40000DEB0301064303227C208DF826300FF0F1
:10DF5000A1FE3C2306438DF825300322102309A996
:10DF60007C208DF826300FF095FE172206433021D5
:10DF70000020F7F705F9022306430F223521002080
:10DF8000F7F736F946F2A27303220643ADF82430C0
:10DF900009A902237C208DF826300FF07BFEDFF8E4
:10DFA0001CB2DFF81CA2DFF81C927C4CFF23064356
:10DFB000F0EE490AB0EE680ADDE901018BF80030A5
:10DFC0008AF8003089F800302370FDF7BFFD0DF1AD
:10DFD0001D0146EA000300264AF2A64003938DF88D
:10DFE0001D608DF81E6018F044FB0DF11E01054602
:10DFF0004AF27B5018F03DFB054323D0082007F080
:10E00000C3FE38B1664A4674C0E90525032303748C
:10E010008674C6744FF4C45286E09FED627AC8EEEF
:10E02000077A062231210020C8ED007AF7F7A8F818
:10E03000202307461A4626210020F7F7D9F8074380
:10E040003E436DE79DF81D109DF81E20059121F0BF
:10E05000600722F003060C2047F02007049246F0E8
:10E06000010607F091FE78B10599049A4E4B436181
:10E07000C0E90617C0E90926012108220162C16230
:10E08000027445748574C57444F2C002404911F0AD
:10E09000D1F839464AF2A64018F005FB314607464A
:10E0A0004AF27B5018F0FFFA074311D0082007F01E
:10E0B0006BFE40B13D4BC0E90537032303740023D9
:10E0C00043748374C37432494FF4C45211F0B2F8EC
:10E0D00000270DF11F014AF2A6408DF81F708DF840
:10E0E000207018F0C6FA08A906464AF27B5018F0CC
:10E0F000C0FA064368D10A209DF81F509DF8207091
:10E1000007F042FE70B12A4A4674C5F34113C0E9D4
:10E110000525C0E9073707F00307062347620374A4
:10E120008674C6744FF44352194911F083F80026DF
:10E130000DF11D014AF2AC408DF81D608DF81E6096
:10E1400018F097FA0DF11E0105464AF2835018F0B7
:10E1500090FA054347D0082007F016FE38B1154A5B
:10E160004674C0E90525032303748674C6744FF40E
:10E17000C452ADE0E60700200000C841FAB200201A
:10E1800040040020F9B2002000366E01744D0500F5
:10E19000748F04009B4D050050530500E2070020DA
:10E1A000B64D05000000FA46D84D0500224E050088
:10E1B000414E0500A34E05003C040020E507002069
:10E1C000E4070020E3070020082007F0DDFD002819
:10E1D0003FF420AF874B4774C0E90536032303742F
:10E1E0008774C77416E79DF81D109DF81E200591D1
:10E1F00021F0070722F007060C2047F001070492E0
:10E2000046F0010607F0C0FD78B10599049A7A4BF3
:10E210004361C0E90617C0E909260121082201620D
:10E22000C162027445748574C57444F2C0027349B6
:10E2300011F000F839464AF2AC4018F034FA314691
:10E2400007464AF2835018F02EFA074311D00820EF
:10E2500007F09AFD40B16A4BC0E905370323037408
:10E26000002343748374C37464494FF4C45210F0A0
:10E27000E1FF00270DF11F014AF2AC408DF81F703D
:10E280008DF8207018F0F5F908A906464AF2835077
:10E2900018F0EFF9064340F088809DF81F309DF894
:10E2A000207004930A2007F06FFD78B1049B83610E
:10E2B00003F00703C0E90737524A426107F0070736
:10E2C00006234762037446748674C6744FF443523F
:10E2D0004A4910F0AFFF47221D210020F6F750FFFA
:10E2E000039E0F22064321210020F6F749FFB5EED9
:10E2F000C08AF1EE10FA46EA00063FDD062017F06C
:10E30000CBFE022308AA12210020F6F70DFFBDF86C
:10E310002070002F58D1062007F036FD30B13A4B5F
:10E3200043610223037447748774C77433494FF4FD
:10E33000845210F07FFF00224FF07E5331211046AF
:10E34000C8F80030F6F71CFF0023074620222621DC
:10E350001846F6F74DFFFF230743F0EE490ADDE9C3
:10E360000101B0EE680A8BF800308AF8003089F8B5
:10E3700000302370FDF7EAFB3E43064396B10820C8
:10E3800007F002FD48B1214B4361214B8361032318
:10E390000374002343748374C37418494FF4C25246
:10E3A00010F048FF06EAE67089E5082007F0ECFC6B
:10E3B00000283FF4DCAE174B4774C0E90536032351
:10E3C00003748774C774D2E6082007F0DDFC50B1EF
:10E3D000114B43617FBA0323BFB2037400238761EB
:10E3E00043748374C37405494FF4C65210F022FF7E
:10E3F000C4E700BF804E0500C54E0500748F0400C1
:10E400000F4F05002E4F0500124D0500A2EF04002E
:10E41000505305006D4F05004D4D050010B5FDF73B
:10E420006DF80E4AFF2313700D4A13700D4A1370D6
:10E430000D4A13700D4B0E4A1A600E4B002002223B
:10E440007F211870F6F79CFE0446022017F024FE88
:10E450001CB1BDE81040FBF79BBC10BDE5070020D8
:10E46000E4070020E3070020E2070020400400202A
:10E470000000C841F9B200202DE9F04F8DB0062A06
:10E4800080460591164611D9082007F07DFC50B151
:10E490007D4B43617D4BC0E90636042303740023A2
:10E4A00043748374C3744FF4015255E0784B1B7866
:10E4B0000493784B93F800A0774B1B780193774B2C
:10E4C0001B780293FDF71AF81E2373433C33039322
:10E4D00066F07F03DBB203274FF0000B06930222A6
:10E4E0000AA90E208DF828B08DF8298019F09DFC1E
:10E4F000324605990546332019F097FC06990543E5
:10E50000062019F0BDFC41210543162019F0B8FC86
:10E5100005430398FDF708FB4FF47A798DF827B08F
:10E520000DF12701182019F0DBFCB9F1010945EACA
:10E5300000051AD1082007F027FC58B1584A42615B
:10E54000524A82610322027480F8119080F812907E
:10E5500080F813904FF4C252524910F06BFE4FF006
:10E56000FF3528460DB0BDE8F08F9DF8274014F028
:10E570000102D5D114F03009079229D0013F4FF0A4
:10E58000080015D007F000FC48B1474B079AC4615A
:10E59000C0E905380423037442748274C27441498B
:10E5A0004FF4025210F046FE052017F075FD96E775
:10E5B00007F0EAFB00283FF476AF3C4B4361334B56
:10E5C0004774C0E90634042303748774C7746AE788
:10E5D00014F0020610D1082007F0D6FB00283FF403
:10E5E00062AF334B4361294B4674C0E906340423C0
:10E5F00003748674C67456E70DF126011A2019F0CB
:10E600006FFC9DF82620D30745EA000513D50820A6
:10E6100007F0BAFB60B1274A42611C4A80F81190AA
:10E62000C0E906280422027480F8129080F8139042
:10E630004FF4045290E7049B002B92D0002D90D110
:10E6400017F0EDFF0222019B8DF82C300BA90E2054
:10E650008DF82DA019F0E9FB029B062043F09001F4
:10E6600019F00EFC4121162019F00AFC084B01227A
:10E670001A70084B019A83F800A0074B1A70074BD9
:10E68000029A1A706DE700BF904F0500DE52050038
:10E69000FAB20020F8B20020F7B20020F6B2002053
:10E6A000B84F0500748F0400CF4F050000500500DF
:10E6B0001B500500405005002DE9F04F89B0012A9C
:10E6C000129E01930746144602D1731E0E2B17D9D2
:10E6D0000A2007F059FB58B19D4B43619D4B0662E0
:10E6E000C0E9063405230374002343748374C374A0
:10E6F0004FF42152984910F09DFD4FF0FF34A3E0F4
:10E70000DFF884B291F800909BF800309BB3934BF4
:10E710001B78834240F09C80914B1B784B4540F026
:10E720009780904B1B78B34240F09280002307A95A
:10E7300018208DF81C3019F0D3FB9DF81C30D90738
:10E7400062D5C82407A9182019F0CAFB013C57D18B
:10E75000062007F019FB30B1834B43610223037499
:10E7600044748474C4744FF484527B4910F062FD85
:10E7700000238BF800301923734350330393F3B213
:10E78000029366F06F03DBB24FF00308049302229A
:10E7900007A90E208DF81C908DF81D7019F045FB0F
:10E7A00004990446062019F06BFB4121044316200E
:10E7B00019F066FB04430398FDF7B6F900238DF8C2
:10E7C0001B304FF47A7A0DF11B01182019F088FBE9
:10E7D000BAF1010A44EA00043DD1082007F0D4FA56
:10E7E00058B1624A42615B4A82610322027480F836
:10E7F00011A080F812A080F813A04FF4C25279E75C
:10E800009DF81C30DA079DD49DF81C4004F03203BB
:10E81000022B0FD0082007F0B7FA40B1544BC0E9E3
:10E82000053403230374002343748374C3744FF4C7
:10E83000C4529AE7019932461B2019F02CFB412162
:10E840000446162019F01CFB204609B0BDE8F08FE5
:10E85000FCF754FE8FE79DF81B5015F00102B2D172
:10E8600015F0300A05922DD0B8F101084FF00800DC
:10E8700015D007F089FA48B13E4B059AC561C0E949
:10E8800005370423037442748274C27432494FF40E
:10E89000025210F0CFFC052017F0FEFB77E707F0DF
:10E8A00073FA60B1344B43612A4B80F81180C0E9A0
:10E8B00006350423037480F8128080F813804FF427
:10E8C000015217E715F0020806D1082007F05CFA9C
:10E8D0000028F4D0294BE6E70DF11A011A2019F0AF
:10E8E000FFFA9DF81A20D30744EA000415D50A2040
:10E8F00007F04AFA70B1224A4261164AC0F82090E5
:10E90000C0E906270522027480F811A080F812A041
:10E9100080F813A04FF42452ECE6019932461B20F4
:10E9200019F0B9FA04438FD1164B1B78002B8BD109
:10E930004121162019F0A4FA01238BF80030074B6F
:10E94000029A1F70064B83F80090064B1A707BE703
:10E9500066500500C9520500748F0400F8B200200B
:10E96000F7B20020F6B2002093500500EF500500EA
:10E97000BE50050005510500005005003551050049
:10E9800059510500E6070020FAB2002037B5FCF720
:10E99000B5FD00242B4B8DF803400DF1030201253A
:10E9A000102120461D70F6F7D5FB9DF8032012F0CC
:10E9B0000C0FC2F3810011D122F00C0242F00402CC
:10E9C00010218DF80320F6F7DBFB1F4AFF2313709D
:10E9D0001E4A04462846137017F05EFB43F6A04318
:10E9E000ADF804300322102301A97C208DF80630F5
:10E9F0000FF050F91722044330210020F6F7C0FB36
:10EA0000022304430F2235210020F6F7F1FB0443D3
:10EA100012D0082007F0B8F948B10D4B43610D4BF7
:10EA2000836103230374002343748374C3740A490A
:10EA30004FF4C25210F0FEFB084B094A1A60204600
:10EA400003B030BDE6070020E3070020E207002006
:10EA5000A2EF0400B9520500748F0400EC6F00208F
:10EA6000089F040013B500222A4B01937C21104615
:10EA7000F6F786FB04464FF4E170EBF755FA0922EE
:10EA800040210020F6F77CFB042204437D21002076
:10EA9000F6F776FB012204432F210020F6F770FBE6
:10EAA00004220DEB020104433C200FF0F3F8002296
:10EAB000044358211046F6F763FB0C22532104430C
:10EAC0000020F6F75DFB0443372017F0E5FA4022FB
:10EAD00056210020F6F754FB012204437C2100203C
:10EAE000F6F74EFB044312D0082007F04DF948B169
:10EAF000094B4361094B836103230374002343746F
:10EB00008374C37406494FF4C25210F093FB332050
:10EB100002B010BD00E040B8A2EF0400CF740500C1
:10EB20004C8F04002DE9F34700240DF1030221214D
:10EB300020468DF80340F6F70DFB064690B10820FD
:10EB400007F022F940B1694B4361694B83610323AC
:10EB5000037444748474C4744FF4C252654910F051
:10EB600069FB9CE09DF8033003F00703012B00F0E4
:10EB70009680082007F008F940B15F4B43615C4B79
:10EB800083610323037446748674C6745949DFF89D
:10EB900078A14FF4C85210F04DFBB6227E21002020
:10EBA000F6F7EEFA0446022017F076FA00227C21EE
:10EBB0001046F6F7E5FA002504434FF4E170EBF751
:10EBC000B3F92A4659212846ADF80450F6F7D8FA89
:10EBD000A94607466B11022201A95B208DF805307A
:10EBE0008DF804900FF056F80AEB0501804640229C
:10EBF0005E200FF04FF8403548EA0008B5F5005F99
:10EC000047EA0807E6D1012259210020F6F7B8FAB1
:10EC100007432AD0082007F0B7F858B1334B4361B7
:10EC2000364B83610323037480F8119080F81290AF
:10EC300080F813902F494FF4C25210F0FBFA3C4376
:10EC4000082007F0A1F848B1284B4361284B8361A5
:10EC500003230374002343748374C37425494FF45E
:10EC6000C25210F0E7FA264619E0002CE8D16625DA
:10EC700023E0013D17D1082007F086F840B1204B72
:10EC800043611B4B83610323037445748574C5740E
:10EC900018494FF4C25210F0CDFA4FF0FF3630460B
:10ECA00002B0BDE8F087012017F0F6F90DF103027C
:10ECB00021210020F6F74EFA04439DF8033003F0BB
:10ECC0000703012BD5D10820002CBAD107F05CF83E
:10ECD00040B10C4B4361064B8361032303744474BE
:10ECE0008474C4744FF4C85238E700BFA2EF040024
:10ECF000C57405004C8F040083510500B254050013
:10ED0000B3510500D1510500C55405002DE9F0416E
:10ED10002DED028B054682B046480E460121B0EE2D
:10ED2000608AF0EE418A0EF0A1FF434AFF23137080
:10ED3000424A137000227C211046F6F721FA07465A
:10ED40004FF4E170EBF7F0F8FFF7ECFE0446002813
:10ED50006CD102462F21F6F713FA0DF10702804617
:10ED60003C212046F6F7F6F958EA000855D008206D
:10ED700007F00AF840B1324B4361324B8361032301
:10ED8000037444748474C4742F494FF4C25210F055
:10ED900051FADFED2E7A2E4BC3ED007A2D4B412137
:10EDA0001A780020F6F7ECF92B4B04461A78432129
:10EDB0000020F6F7E5F9F0EE680AB0EE480A0443E1
:10EDC00031462846FBF774F83C43002204434821AF
:10EDD0001046F6F7D5F9C022044349210020F6F782
:10EDE000CFF9044312D0082006F0CEFF48B1144BEF
:10EDF00043611A4B836103230374002343748374B8
:10EE0000C37411494FF4C25210F014FA04EAE470CA
:10EE100002B0BDEC028BBDE8F0819DF8073043F3F2
:10EE2000060307EE903AFAEEEB7AB4E74FF0FF30C4
:10EE3000EEE700BF80969800D3070020D20700209D
:10EE4000A2EF0400567505004C8F0400000000007E
:10EE500024720020EF070020FBB20020657505003A
:10EE600030B5C0EBC00080B20C5C013004BB1E4C5E
:10EE70002478012C02D11D4C2478DCB11C4C0144B7
:10EE800003F10C004D7811F8022B42EA052212B270
:10EE900007EE902AF8EEE77AC3ED007A94ED007A57
:10EEA00067EE277AE3EC017A9842EBD1002030BD7F
:10EEB000012CE0D10F4C014402F10C004D7811F807
:10EEC000023B43EA05231BB207EE903AF8EEE77ADD
:10EED000C2ED007A94ED007A67EE277AE2EC017ACF
:10EEE0009042EBD1E2E700BFF4B20020F5B200207F
:10EEF0003404002038040020B2EE007AB4EEC70AD1
:10EF0000F1EE10FA47DCF1EE007AB4EEE70AF1EE2A
:10EF100010FA44DCB0EE007AB4EEC70AF1EE10FA53
:10EF2000CCBF08230023C8BFB0EE677ADFED207A9C
:10EF3000204AF4EEE70AF1EE10FA137031DCDFED4F
:10EF40001E6AF4EEE60AF1EE10FA2EDCDFED1B7A13
:10EF5000F4EEE70AF1EE10FACCBF04230023C8BF99
:10EF6000F0EE667A164ADFED176A137067EE266ACE
:10EF7000154BDFED165AC3ED006ADFED156A154B30
:10EF800067EEA66A86EEA56A83ED006A80ED007AD8
:10EF9000C1ED007A70470423B3EE007AC6E70C2374
:10EFA000C4E7DFED0D7A0C23DCE70823DAE700BFC6
:10EFB00000007A44000800200000FA4300007A4371
:10EFC000FF070020000000383804002000247449A6
:10EFD00000000C42340400200000FA44B2EE007A33
:10EFE000B4EEC70AF1EE10FA55DCF1EE007AB4EE99
:10EFF000E70AF1EE10FA52DCB0EE007AB4EEC70A7E
:10F00000F1EE10FACCBF01230023C8BFB0EE677A3F
:10F01000DFED2A7A2A4AF4EEE70AF1EE10FA1370CD
:10F020003FDCDFED286AF4EEE60AF1EE10FA3CDC94
:10F03000DFED257AF4EEE70AF1EE10FA37DCDFEDCA
:10F04000236AF4EEE60AF1EE10FA34DCDFED207A02
:10F05000F4EEE70AF1EE10FACCBF01230023C8BF9B
:10F06000F0EE667A1B4ADFED1C6A137067EE266AC3
:10F070001A4BDFED1B5AC3ED006ADFED1A6A1A4B1B
:10F0800067EEA66A86EEA56A83ED006A80ED007AD7
:10F09000C1ED007A70470323B3EE007AB8E702238C
:10F0A000B6E7DFED127A0C23DCE70423DAE703236B
:10F0B000F0EE667AD6E70223D4E700BF0000FA44F8
:10F0C000FB07002000007A440000FA4300007A4366
:10F0D0000000FA42FC07002000000038380400203D
:10F0E0000024744900000C423404002000007A45DA
:10F0F000DFED106A10B5B2EE046A00F109048378FE
:10F1000042781B0443EA022302781343C3F311023B
:10F110009B0348BFA2F5802207EE902AF8EEE77A1B
:10F12000033067EE867A844287EEA67AA1EC017AF4
:10F13000E5D110BD0050C34773B5002200926C4664
:10F14000451C10F8123015F8126003F0FE0343EA74
:10F150000623022A1BB219D15B10BDF90040ADF89D
:10F1600004308379C279DFEDA26A9B0814F5805FD1
:10F1700043EA821312D100220A60BDF9022012F57F
:10F18000805F0FD0002B40F0D2800BE0002BB8BF87
:10F190000733DB1024F8023B0132D2E7002B62D1A7
:10F1A00000220A60DFED937ABDF9045087EEA67A5B
:10F1B00015F5804F81ED017A00F017818E4AB2F982
:10F1C0000000002800F011818C4A1488002C00F007
:10F1D0000C818B4A1288002A00F00781002B00F076
:10F1E000048107EE903A874BB8EE677AB3F90030A6
:10F1F00007EE905AB8EEE76A07EE903A824BF8EEC7
:10F20000E77AB3F9003036EE676A07EE902A05EE2A
:10F21000903AF8EE677AF8EEE55A77EE677A67EE9D
:10F22000A57ADFED7A5A56EE257A06EE104AB8EE48
:10F23000466ADFED775A26EE077A06EE100AB8EE38
:10F24000C66A07EE256AB1EE007A26EE076A87EEF7
:10F25000867ADFED707A67EE277A87EEA67A81EDFF
:10F26000027A02B070BD664A1088BDF902200028FB
:10F2700000F0B88007EE900A9FED676A674807EED6
:10F28000103AF8EE677AF8EEC75A67EE867A90F988
:10F29000000087EEA57A05EE900A37EE467A6048C0
:10F2A000DFED607A007827EE076AF8EEE55A26EE81
:10F2B000276A07EE900AF8EE677A5B4867EE877A6E
:10F2C0009FED5A7A90F9000067EE877A45EE867ACC
:10F2D0009FED577A9FED576A77EE877A07EE100A0F
:10F2E000B8EEC77A544837EE067A90F9000067EE18
:10F2F000877A07EE104AB8EEC77AB2EE006A67EE78
:10F30000877A07EE100AB8EEC77A27EE067A9FEDE5
:10F310004B6A07EE867ADFED3F7A67EE277A87EE53
:10F32000A67A81ED007A12F5805F3FF43BAF344856
:10F33000008800283FF436AF07EE900A9FED366A4A
:10F34000364807EE103AF8EE677AF8EEC75A67EEDD
:10F35000867A90F9000087EEA57A05EE900A37EEDE
:10F36000467A2F48DFED2F7A007827EE076AF8EE0D
:10F37000E55A26EE276A07EE900AF8EE677A3048DB
:10F3800067EE877A9FED297A90F9000067EE877A19
:10F3900045EE867A9FED267A9FED266A77EE877A8C
:10F3A00007EE100AB8EEC77A37EE067AB2EE006AB8
:10F3B00067EE877A07EE102A224AB8EEC77A92F9EA
:10F3C000002067EE877A07EE102AB8EEC77A27EE9C
:10F3D000067A9FED1A6A07EE867ADFED0E7A67EEFF
:10F3E000277AE1E6002008609DE7DFED027A34E746
:10F3F0000000C84200000000B4770020B67700206B
:10F40000AE770020B0770020B277002000000048DF
:10F41000000000380000803D000080461FB300203F
:10F4200020B300200000803122B30020000080388B
:10F43000000080430000204324B300200000003976
:10F4400021B3002023B3002030B585B0044617F067
:10F45000EBF907EE900A9FED497A9FED496AF8EEC5
:10F46000E77AE01C67EE877ACDED017A17F0DCF9D8
:10F4700007EE900AF8EEE77AA01D67EE877A9FED17
:10F48000417ACDED027A17F0CFF907EE900AF8EE47
:10F49000E77A3D4B67EE877A03F10802CDED037AF8
:10F4A000D3ED0E7A01AC30EE670A0020F7EE007A59
:10F4B00092ED097AF0EE675A40EE075A1546B0EE23
:10F4C000E57AB4EEC67AF1EE10FA02D5002005B066
:10F4D00030BDD5ED036A94ED005A95ED007A76EED5
:10F4E000A76A043206EE857A01300328D2ED056A58
:10F4F00000EE267AC7EE256AE4EC016AD8D193EDD6
:10F50000105AD3ED0F4A45EE647AB0EEE77AB4EEC6
:10F51000C67AF1EE10FAD9D493ED116A93ED127A0E
:10F52000DDED026ADDED015AB0EE464A15EE074AFE
:10F53000012004EEC67A27EE267A14EE257A87EEAD
:10F54000276A9DED037A36EE076AB0EE657A04EE1F
:10F55000E67A45EE656A87EE274AC6EEA75A9FED22
:10F560000B7AC5EE877AC4EE074AC1ED017AC6EE82
:10F57000077AC1ED004AC1ED027AA8E748ABE73B44
:10F58000BD378635F61BEB3BA87200200000C84251
:10F5900010B5084B1B780C4623B900232360636029
:10F5A000A36010BD044B93ED000AFFF74DFF002848
:10F5B000F3D0F6E71AB30020640400209FED0D6A33
:10F5C000DFED0D6A30B50022451C15F8124010F829
:10F5D000123043EA04231BB207EE903AF8EEE77AC2
:10F5E000013267EE867A032A87EEA67AA1EC017AC9
:10F5F000EBD130BD9A99993E0000C8429FED0D6A4B
:10F60000DFED0D6A30B50022451C15F8124010F8E8
:10F61000123043EA04231BB207EE903AF8EEE77A81
:10F62000013267EE867A032A87EEA67AA1EC017A88
:10F63000EBD130BD9A99993D0000C8429FED0B7AFD
:10F6400030B50022451C15F8124010F8123043EA7C
:10F6500004231BB207EE903AF8EEE77A013267EE28
:10F66000877A032AE1EC017AEDD130BDA69BC43A3A
:10F670009FED0B7A30B50022451C15F8124010F8AA
:10F68000123043EA04231BB207EE903AF8EEE77A11
:10F69000013267EE877A032AE1EC017AEDD130BDC1
:10F6A0007A41993943780278DFED176A9FED177A2E
:10F6B0001B0143EA0233827984B043EA12130193B7
:10F6C000C37882781B0143EA0233C27943EA1213FA
:10F6D0000293437902791B0143EA0233027A43EA37
:10F6E0001213039301F10C0201ABF3EC017AF8EE73
:10F6F000677A77EEE67A67EE877AE1EC017A9142F3
:10F70000F3D104B0704700BF00000049000080380A
:10F710001FB5437804788279DFED166A9FED167A7B
:10F720009B0043EA842343EA92130193C3788478CD
:10F730009B0043EA8423C2F30114234302934379D9
:10F7400004799B00C2F3810243EA842313430393A9
:10F7500001F10C0201ABF3EC017AF8EE677A77EE77
:10F76000E67A67EE877AE1EC017A9142F3D104B050
:10F7700010BD00BF00000048000080389FED0B7AEC
:10F7800030B50022451C15F8124010F8123043EA3B
:10F7900004231BB207EE903AF8EEE77A013267EEE7
:10F7A000877A032AE1EC017AEDD130BD3EC3AE3950
:10F7B00008B5082006F0E8FA48B1084B4361084B49
:10F7C000836103230374002343748374C374BDE80B
:10F7D000084004494FF4C2520FF02CBDA2EF0400C0
:10F7E000B77F0500AC8F040008B5082006F0CCFAFE
:10F7F00048B1094B4361094B836103230374002320
:10F8000043748374C37406494FF4C2520FF012FD5F
:10F810009FED040A08BD00BFA2EF0400A97F050008
:10F82000AC8F04000000C07F08B5082006F0ACFAD9
:10F8300048B1084B4361084B8361032303740023E1
:10F8400043748374C374BDE8084004494FF4C25242
:10F850000FF0F0BCA2EF0400837F05003C8F040092
:10F8600008B5082006F090FA48B1084B4361084BF0
:10F87000836103230374002343748374C374BDE85A
:10F88000084004494FF4C2520FF0D4BCA2EF040068
:10F89000747F05003C8F040008B5082006F074FA58
:10F8A00048B1094B4361094B83610323037400236F
:10F8B00043748374C37406494FF4C2520FF0BAFC08
:10F8C0009FED040A08BD00BFA2EF0400677F05009A
:10F8D0003C8F04000000C07F08B5082006F054FAF1
:10F8E00048B1084B4361084B836103230374002331
:10F8F00043748374C374BDE8084004494FF4C25292
:10F900000FF098BCA2EF04000C7F0500548F040098
:10F9100008B5082006F038FA48B1084B4361084B97
:10F92000836103230374002343748374C374BDE8A9
:10F93000084004494FF4C2520FF07CBCA2EF04000F
:10F94000A17E05005C8F040008B5082006F01CFAB3
:10F9500048B1084B4361084B8361032303740023C0
:10F9600043748374C374BDE8084004494FF4C25221
:10F970000FF060BCA2EF04006C7E05007C8F0400D9
:10F9800008B5082006F000FA48B1084B4361084B5F
:10F99000836103230374002343748374C374BDE839
:10F9A000084004494FF4C2520FF044BCA2EF0400D7
:10F9B000587E05007C8F040008B5082006F0E4F9A5
:10F9C00048B1084B4361084B836103230374002350
:10F9D00043748374C374BDE8084004494FF4C252B1
:10F9E0000FF028BCA2EF0400167E0500848F0400EF
:10F9F00008B5082006F0C8F948B1084B4361084B28
:10FA0000836103230374002343748374C374BDE8C8
:10FA1000084004494FF4C2520FF00CBCA2EF04009E
:10FA2000027E0500848F040008B5082006F0ACF9BA
:10FA300048B1084B4361084B8361032303740023DF
:10FA400043748374C374BDE8084004494FF4C25240
:10FA50000FF0F0BBA2EF0400CC7D05008C8F0400FA
:10FA600008B5082006F090F948B1094B4361094BED
:10FA7000836103230374002343748374C3740649AE
:10FA80004FF4C2520FF0D6FB9FED040A08BD00BF31
:10FA9000A2EF0400BD7D05008C8F04000000C07F34
:10FAA00008B5082006F070F948B1084B4361084BCF
:10FAB000836103230374002343748374C374BDE818
:10FAC000084004494FF4C2520FF0B4BBA2EF040047
:10FAD000877D0500948F040008B5082006F054F9CE
:10FAE00048B1084B4361084B83610323037400232F
:10FAF00043748374C374BDE8084004494FF4C25290
:10FB00000FF098BBA2EF0400767D0500948F0400EF
:10FB100008B5082006F038F948B1094B4361094B94
:10FB2000836103230374002343748374C3740649FD
:10FB30004FF4C2520FF07EFB9FED040A08BD00BFD8
:10FB4000A2EF0400677D0500948F04000000C07FD1
:10FB500008B5082006F018F948B1084B4361084B76
:10FB6000836103230374002343748374C374BDE867
:10FB7000084004494FF4C2520FF05CBBA2EF0400EE
:10FB8000067D0500B48F040008B5082006F0FCF8D7
:10FB900048B1084B4361084B83610323037400237E
:10FBA00043748374C374BDE8084004494FF4C252DF
:10FBB0000FF040BBA2EF0400E57C0500B48F040009
:10FBC00008B5082006F0E0F848B1084B4361084B3F
:10FBD000836103230374002343748374C374BDE8F7
:10FBE000084004494FF4C2520FF024BBA2EF0400B6
:10FBF0009C7C0500BC8F040008B5082006F0C4F802
:10FC000048B1084B4361084B83610323037400230D
:10FC100043748374C374BDE8084004494FF4C2526E
:10FC20000FF008BBA2EF0400837C0500BC8F04002A
:10FC300008B5082006F0A8F848B1084B4361084B06
:10FC4000836103230374002343748374C374BDE886
:10FC5000084004494FF4C2520FF0ECBAA2EF04007E
:10FC60003D7C0500C48F040008B5082006F08CF820
:10FC700048B1084B4361084B83610323037400239D
:10FC800043748374C374BDE8084004494FF4C252FE
:10FC90000FF0D0BAA2EF0400287C0500C48F040046
:10FCA00013B5072304466A4667210120F5F73CFA9D
:10FCB000A8B1082006F068F848B10E4B43610E4B1E
:10FCC000836103230374002343748374C3740B4957
:10FCD0004FF4C2520FF0AEFA002002B010BD9DF8F2
:10FCE00000301B07F8D50DF101002146FFF7A6FCF7
:10FCF0000120F2E7A2EF0400DA7D05008C8F0400FA
:10FD00002DE9F84F2DED028BC74BB5EEC00AF1EE91
:10FD100010FAD3ED006A8146884640F2D080DFEDCC
:10FD2000C37AB4EE670AF1EE10FA00F0C880F7EE7D
:10FD3000007A87EE807ABDEEC77AB8EEC77AC7EE52
:10FD4000267AFDEEE77A17EE905A002D00F0B88083
:10FD5000DFEDB77AB4EEE70AF1EE10FA00F1B38006
:10FD60009FEDB47AB4EEC70AF1EE10FA00F1AF805D
:10FD7000DFEDB17AB4EEE70AF1EE10FA00F1A980F6
:10FD80009FEDAE7AB4EEC70AF1EE10FA00F1A5804D
:10FD9000DFEDAB7AB4EEE70AF1EE10FA00F19F80E6
:10FDA0009FEDA87AB4EEC70AF1EE10FA00F199803F
:10FDB000DFEDA57AB4EEE70AF1EE10FA00F19380D8
:10FDC0009FEDA27AB4EEC70AF1EE10FA00F18F802F
:10FDD000DFED9F7A0D2DB4BF10252025A8BFF0EED2
:10FDE000477AF5EEC00AF1EE10FAC7EEA68A40F2A5
:10FDF000D4809FED8E6AF4EE460AF1EE10FA7AD1C5
:10FE0000944B1E7840248027DFF874A29AF80030C3
:10FE100080EEA68A63B9904B1B78BB4208D18F4B0A
:10FE20001B78AB4204D18B4B1B78B34200F0F580BA
:10FE30008B4B1A7810212A430020F5F7A1F90022F4
:10FE4000834615211046F5F79BF9864B1A784BEA45
:10FE5000000B324311210020F5F792F93A464BEAA4
:10FE6000000B16210020F5F78BF922464BEA000B18
:10FE700013210020F5F784F946EA15124BEA000435
:10FE800009210020F5F77CF9044300F0BE8008202A
:10FE900005F07AFF48B1744B4361744B83610323CF
:10FEA0000374002343748374C37471494FF4C252C2
:10FEB0000FF0C0F9BDEC028B2046BDE8F88F00259D
:10FEC000DFED6C7A8DE7DFED6C7AA02589E7902570
:10FED00087E78025F0EE477A83E7702581E7602584
:10FEE000F8E750257DE7DFED577A402579E7DFED2C
:10FEF000567A302575E7F7EE007A87EEA07ABDEEE8
:10FF0000C77AB8EEC77AC7EE267AFDEEE77A17EE23
:10FF1000904A002C42D046DB9FED457AF4EEC70AAA
:10FF2000F1EE10FA45D4DFED437AF4EEE70AF1EE94
:10FF300010FA44D49FED407AF4EEC70AF1EE10FABD
:10FF400041D4DFED3E7AF4EEE70AF1EE10FA40D448
:10FF50009FED3B7AF4EEC70AF1EE10FA3DD4DFEDE7
:10FF6000397AF4EEE70AF1EE10FA3AD4DFED367A98
:10FF7000F4EEE70AF1EE10FA39D49FED347AF4EE9C
:10FF8000C70AF1EE10FA38D40C2C4FF000042746C3
:10FF900037DD2026F0EE470A36E70024DFED350A8C
:10FFA0002746264630E7002427462646F0EE460A36
:10FFB0002AE70024DFED310A2746A02624E70024A3
:10FFC00027469026E6E7002427468026F0EE670ABB
:10FFD0001AE7002427467026DCE70024274660261F
:10FFE000F4E70024DFED160A274650260CE700242C
:10FFF000DFED140A2746402606E700242746302670
:020000040003F7
:10000000E4E7DFED130A1026FEE6134B8AF8004002
:100010001F70124B1D700F4B1E70C9ED008A00241B
:1000200088ED008A46E700BF6C0400200000807F56
:1000300052499D3952491D3A52499D3A52491D3BF8
:1000400052499D3B52491D3C52499D3C52491D3DE0
:100050000AD7A33DE0070020DC070020E1070020CD
:1000600000080020FF070020A2EF0400188105000F
:10007000A48F04000000000052491D39A0711D39F1
:10008000DD07002038B540220546012128B30020B5
:10009000F5F776F81022044614210020F5F770F8E1
:1000A0000022044301211046F5F76AF8204390B17D
:1000B000082005F069FE48B10D4B43610D4B83618B
:1000C00003230374002343748374C3740A494FF4F5
:1000D000C2520FF0AFF8002038BDF5F751F80822F2
:1000E000044614212846F5F74BF82A460443D9E77D
:1000F000A2EF0400CA800500A48F040038B5402296
:100100000546012128B30020F5F73AF810220446ED
:1001100014210020F5F734F8002204430121104691
:10012000F5F72EF8204390B1082005F02DFE48B1D8
:100130000D4B43610D4B8361032303740023437410
:100140008374C3740A494FF4C2520FF073F800204D
:1001500038BDF5F715F82A46044614212846F5F768
:100160000FF82A460443D9E7A2EF0400FE7F0500FA
:10017000AC8F040008B5094BFF221A70084A00230F
:100180001370084A1370012233211046F4F7F8FF68
:1001900018B1BDE80840FFF747BB08BDFA070020CB
:1001A00028B3002027B300202DE9F041B5EEC00AA6
:1001B000DFF80881F1EE10FA98F80030074659D9B7
:1001C000DFED337AB4EE670AF1EE10FA26D0B7EE1F
:1001D000007AC7EE007AFDEEE77A17EE902A642ADD
:1001E00005DD0A2B2B4C47D00A252A461CE0322A73
:1001F00004DD082B284C3FD00825F6E7142A04DD3F
:10020000062B264C38D00625EFE70A2A04DD042BFE
:10021000234C31D00425E8E7002A26DC012B4FF0DF
:10022000000429D00125002242F060023221012081
:10023000F4F7A6FF064620B3FF23082088F8003015
:1002400005F0A2FD48B1174B4361174B83610323AF
:100250000374002343748374C37414494FF4C2526B
:100260000EF0E8FF3046BDE8F081022B104C03D0C1
:100270000225BAE7002413B93C600026F2E7002506
:10028000B3E70C4B88F8005018700B4B1870F3E76D
:100290000000807F0AD7A33B0AD7233C0AD7A33CA0
:1002A000CDCC4C3DA2EF04009B7F05003C8F0400A9
:1002B000CDCCCC3D28B3002027B30020FA07002086
:1002C00008B5064BFF221A70054A00231370054A31
:1002D0001370FFF769FF00EAE07008BDFA0700201D
:1002E00028B3002027B3002008B5094BFF221A705D
:1002F000084B00221A70084B4B2101201A70F4F7AA
:100300003FFF18B1BDE80840FFF7E6BA08BD00BFDF
:10031000F907002026B3002025B300202DE9F8437B
:10032000B5EEC00AF1EE10FA2DED028B8046B0EE6C
:10033000408A5DD99FED557AB4EE470AF1EE10FA86
:100340005DD0F7EE006AC6EE807A0023FDEEE77A14
:1003500017EE902A192A57DC142A5BDC0F2A5FDC7F
:100360000A2A63DC082A67DC062A6BDC022A6FDCB7
:100370009A42B6EE008AD5BF04260E26012704272E
:10038000D4BF07220122D8BFB0EE478ADFF83891E8
:1003900043EA820599F80030AB4221D06A004C2133
:1003A0000120F4F7EDFE0446002857D13A465121CA
:1003B0000120F4F7E5FE044600284FD132465221D1
:1003C0000120F4F7DDFE0446002847D1304B89F8C0
:1003D00000501F702F4B1E702F4B18702F4B187032
:1003E00088ED008A0024BDEC028B2046BDE8F8832E
:1003F00000269FED2B8A032337463246C6E70323A8
:10040000042601270722C1E79FED268A0E2604272E
:100410000722BBE79FED248A0E2604270622B5E7B4
:100420009FED228A0E2604270522AFE704279FEDC1
:10043000208A0E263A46A9E79FED1E8A0E2604273B
:100440001A46A3E70E2604270322B4EE008A9DE78E
:100450009FED198A0E260427022297E7FF23082022
:1004600089F8003005F090FC48B1144B4361144BFF
:10047000836103230374002343748374C374114999
:100480004FF4C2520EF0D6FEADE700BF0000807FF1
:100490001EB300201DB3002026B3002025B300208A
:1004A000000000008988083D0AD7233DCDCC4C3D93
:1004B0008988883DCDCCCC3DABAA2A3EA2EF040072
:1004C000397F0500548F0400F907002008B50B4B55
:1004D0004FF6FF721A80062104220120F4F750FE25
:1004E000074B01221A700028064B08BF00221A7021
:1004F00003D0BDE80840FFF70BBA08BD3407002061
:100500001CB300201BB3002008B5094BFF221A7052
:10051000084A00231370084A137001223221104642
:10052000F4F72EFE18B1BDE80840FFF70DBA08BD7C
:10053000F807002019B3002018B300202DE9F04778
:10054000B5EEC00ADFF84491F1EE10FA99F80030E8
:10055000824662D9DFED427AB4EE670AF1EE10FA14
:100560002ED0B7EE007AC7EE007AFDEEE77A17EEEE
:10057000902A642A07DD0A2B3A4D50D001221B270E
:100580000A26B04625E0322A06DD082B364D46D035
:10059000012224270826F4E7142A06DD062B334D12
:1005A0003DD0012224270626EBE70A2A06DD042B8C
:1005B0002F4D34D0012224270426E2E7002A24DC30
:1005C000012B4FF0FF452AD001221B2716464FF082
:1005D0000008520130210120F4F7D2FD044640BB4F
:1005E000424631210120F4F7CBFD044608BB3A46D0
:1005F00041210120F4F7C4FD0446D0B91D4B89F810
:10060000006018701C4B187009E0022B1B4D06D0BF
:1006100002222D2716469046DBE700252BB9CAF8A3
:10062000005000242046BDE8F08701221B27002649
:10063000A7E7FF23082089F8003005F0A5FB48B1A3
:100640000F4B43610F4B83610323037400234374F7
:100650008374C3740C494FF4C2520EF0EBFDE1E712
:100660000000807F0AD7A33B0AD7233C0AD7A33CCC
:10067000CDCC4C3D19B3002018B30020CDCCCC3DDF
:10068000A2EF04008E7E05007C8F0400F807002096
:1006900008B5064BFF221A70054A00231370054A5D
:1006A0001370FFF74BFF00EAE07008BDF807002069
:1006B00019B3002018B3002008B5094BFF221A70A7
:1006C000084A00231370084A137001223221104691
:1006D000F4F756FD18B1BDE80840FFF76DB908BD45
:1006E000F707002017B3002016B300202DE9F047CC
:1006F000B5EEC00ADFF84491F1EE10FA99F8003037
:10070000824662D9DFED427AB4EE670AF1EE10FA62
:100710002ED0B7EE007AC7EE007AFDEEE77A17EE3C
:10072000902A642A07DD0A2B3A4D50D001221B275C
:100730000A26B04625E0322A06DD082B364D46D083
:10074000012224270826F4E7142A06DD062B334D60
:100750003DD0012224270626EBE70A2A06DD042BDA
:100760002F4D34D0012224270426E2E7002A24DC7E
:10077000012B4FF0FF452AD001221B2716464FF0D0
:100780000008520130210120F4F7FAFC044640BB76
:10079000424631210120F4F7F3FC044608BB3A46F7
:1007A00041210120F4F7ECFC0446D0B91D4B89F837
:1007B000006018701C4B187009E0022B1B4D06D00E
:1007C00002222D2716469046DBE700252BB9CAF8F2
:1007D000005000242046BDE8F08701221B27002698
:1007E000A7E7FF23082089F8003005F0CDFA48B1CB
:1007F0000F4B43610F4B8361032303740023437446
:100800008374C3740C494FF4C2520EF013FDE1E738
:100810000000807F0AD7A33B0AD7233C0AD7A33C1A
:10082000CDCC4C3D17B3002016B30020CDCCCC3D31
:10083000A2EF0400387E0500848F0400F707002033
:1008400070B5194BFF222DED028B1A70174B002546
:100850001D700122164B064634211046B0EE408A28
:100860001D70F4F78DFC0446B0B1082005F08CFA39
:1008700040B1104B4361104B8361032303744574F3
:100880008574C5740D494FF4C2520EF0D3FC04EACE
:10089000E470BDEC028B70BD3046B0EE480AFFF745
:1008A00025FF00EAE070F4E7F707002017B3002007
:1008B00016B30020A2EF04004B7E0500848F0400D5
:1008C00008B50A4B4FF6FF721A80094A00231370CD
:1008D000084A2121137001200422F4F751FC18B1B9
:1008E000BDE80840FFF7DCB808BD00BF32070020B4
:1008F00015B3002014B300202DE9F843B5EEC00A6B
:10090000DFED6A7AF1EE10FA2DED028B0646B0EEBD
:10091000408AB4EE670A2BD9F1EE10FA6BD0B7EE2D
:10092000007AC7EE007AFDEEE77A17EE902AB2F56C
:100930000C7F65DCB2F5967F4FF000046ADC9B2AE1
:100940006EDC502A72DC282A234675DC142A78DCF7
:100950000A2A7BDC052A7EDC022A00F3818000F073
:100960008480012A40F085809FED518A032706E0AC
:1009700003240023F1EE10FA1A46274647D1DFF888
:100980007481920042EA471242EA4302B8F800300A
:1009900042EA04294B4526D042F080022021012062
:1009A000F4F7EEFB0546002868D1224622210120FB
:1009B000F4F7E6FB0546002860D1BA0023210120A8
:1009C000F4F7DEFB0546002858D1402224210120FF
:1009D000F4F7D6FB0546002850D1364BA8F8009016
:1009E0001870354B187086ED008A0025BDEC028B1F
:1009F0002846BDE8F883032400231A462746BEE7AD
:100A000000249FED2E8A012322462746B7E79FED5B
:100A10002C8AB4E701239FED2B8A22461F46AEE7BE
:100A20009FED298A012322460227A8E79FED278A06
:100A3000012322460327A2E79FED258A07220327E9
:100A40009DE79FED248A0622032798E79FED228ADF
:100A50000522032793E79FED218A042203278EE7CF
:100A600003229FED1F8A174689E79FED1E8A032701
:100A700085E79FED0E8A2246032780E74FF6FF7336
:100A80000820A8F8003005F07FF948B1164B436103
:100A9000164B836103230374002343748374C3746C
:100AA00013494FF4C2520EF0C5FB9FE70000807F50
:100AB000CDCC4C3F15B3002014B300206F12833A05
:100AC00000000000A10EEA3A0E745A3B0D68D33BB9
:100AD000CDCC4C3CCDCCCC3CCDCC4C3DCDCCCC3D90
:100AE000CDCC4C3ECDCCCC3EA2EF0400A37D050086
:100AF000948F04003207002070B51F4E1F4A4FF636
:100B0000FF732DED028B3380002313701C4A0546C2
:100B10001370202180220120B0EE408AF4F730FBD0
:100B2000044680B9202221210120F4F729FB044644
:100B300048B92846B0EE480AFFF7DEFE00EAE0704A
:100B4000BDEC028B70BD4FF6FF730820338005F0BB
:100B50001BF948B10B4B43610B4B836103230374B7
:100B6000002343748374C37408494FF4C2520EF0D7
:100B700061FB04EAE470E3E73207002015B30020CC
:100B800014B30020A2EF0400B37D0500948F04008D
:100B900008B50C4B4FF6FF721A800B4B0B4A002026
:100BA0000021C3E9000100231370094A1C211370BE
:100BB00001208022F4F7E4FA18B1BDE80840FEF7FE
:100BC000C7BF08BD30070020B838002013B300208D
:100BD00012B300202DE9F843B5EEC00AF1EE10FA89
:100BE0002DED028BDFED6B7AB0EE408A804629D97D
:100BF000B4EE670AF1EE10FA26D0B7EE007AC7EE2F
:100C0000007AFDEEE77A17EE903AFF2B23DC962B65
:100C10007FDC4B2B00F38680322B00F38B80142B70
:100C200000F38D800A2B00F38F80012B00F391805D
:100C300040F09480B0EE478A0022012417462346F4
:100C4000114611E0B0EE678A0024032227464FF4D4
:100C50004073214608E09FED508A0322FF2480273D
:100C600040F2FF334FF48061DFF8689141EA0306F8
:100C7000B9F80030B34244D01C210120F4F780FAC7
:100C8000054600286DD122461A210120F4F778FA92
:100C90000546002865D1002C14BFA02220221B216C
:100CA0000120F4F76DFA054600285AD1002C0CBF3C
:100CB00000221F223A431D210120F4F761FA054664
:100CC00000284ED1354BA9F8006000200021C3E96F
:100CD0000001334BB5EE408A1D70324BF1EE10FA35
:100CE0001D700BD0B5EEC08AF1EE10FA09DDDFED14
:100CF0002E7AB4EEE78AF1EE10FA02D82B4B83ED90
:100D0000008A88ED008A0025BDEC028B2846BDE8EC
:100D1000F8839FED278A0222FF24002740F2FF2359
:100D20003946A1E79FED238A0122962400274FF43C
:100D3000CB73F5E79FED208A00224B247EE79FEDE1
:100D40001F8A0022322479E79FED1D8A0022142495
:100D500074E79FED1C8A00220A246FE79FED0D8A3D
:100D600072E74FF6FF730820A9F8003005F00CF881
:100D700048B1154B4361154B836103230374002372
:100D800043748374C37412494FF4C2520EF052FA82
:100D9000BAE700BF0000807F6F12833AB8380020A6
:100DA00013B3002012B30020FFFF7F7FA472002046
:100DB0008180803B0E74DA3B0E745A3C0AD7A33C08
:100DC000CDCC4C3DCDCCCC3DA2EF0400547D0500F4
:100DD000B48F04003007002038B520222DED028B9F
:100DE00005461B210120B0EE408AF4F7C9F90446FC
:100DF000B0B1082004F0C8FF48B1184B4361184B4C
:100E0000836103230374002343748374C3741549FB
:100E10004FF4C2520EF00EFABDEC028B204638BDE4
:100E2000114A4FF6FF731380104A00211160104AD7
:100E30001370104B00200021C3E900010E4B1C7001
:100E40000E4B1C700E4B01221A70B0EE480ABDEC1E
:100E5000028B2846BDE83840FFF7BCBEA2EF040075
:100E6000F97C0500B48F040030070020A472002034
:100E7000F4070020B838002013B3002012B300207C
:100E8000F507002008B50C4B4FF6FF721A800B4B8C
:100E90000B4A00200021C3E9000100231370094A16
:100EA0000A21137001208022F4F76AF918B1BDE815
:100EB0000840FEF785BE08BD2E070020B038002090
:100EC00011B3002010B300202DE9F041B5EEC00AA7
:100ED000F1EE10FA2DED028B9FED507AB0EE408AC4
:100EE00007467FD9B4EE470AF1EE10FA59D0F7EE73
:100EF000006AC6EE807AFDEEE77A17EE904AC82CBB
:100F000052DC642C55DC322C58DC142C5BDC0A2CB3
:100F10005EDC012C61DC65D10022B0EE668A404EB9
:100F2000338844EA0228434533D00A210120F4F7EC
:100F300027F9054600285AD1231E18BF012344EA89
:100F4000C30242F0F0020B210120F4F719F9054623
:100F500000284CD1334BA6F8008000200021C3E9C3
:100F60000001314BB5EE408A1D70304BF1EE10FAA6
:100F70001D700BD0B5EEC08AF1EE10FA09DDDFED81
:100F80002C7AB4EEE78AF1EE10FA02D8294B83ED01
:100F9000008A87ED008A0025BDEC028B2846BDE85B
:100FA000F08103220024BAE79FED238A032207245D
:100FB000B5E79FED228A03220624B0E79FED208A41
:100FC00002220524ABE79FED1F8A01220424A6E735
:100FD0009FED1D8A00220324A1E79FED1C8A0022B9
:100FE00002249CE703220024B0EE478A97E74FF6DD
:100FF000FF730820338004F0C7FE48B1144B4361EF
:10100000144B836103230374002343748374C374F8
:1010100011494FF4C2520EF00DF9BDE70000807F78
:101020002E070020B038002011B3002010B300209C
:10103000FFFF7F7FA07200206F12833A0AD7A33B85
:101040000AD7233C0AD7A33CCDCC4C3DCDCCCC3DDC
:10105000A2EF0400D67C0500BC8F040038B5202226
:101060002DED028B054609210120B0EE408AF4F7F0
:1010700087F80446B0B1082004F086FE48B1184B4A
:101080004361184B83610323037400234374837407
:10109000C37415494FF4C2520EF0CCF8BDEC028B6C
:1010A000204638BD114A4FF6FF731380104A0021C5
:1010B0001160104A1370104B00200021C3E9000199
:1010C0000E4B1C700E4B1C700E4B01221A70B0EEB2
:1010D000480ABDEC028B2846BDE83840FFF7F4BE55
:1010E000A2EF0400937C0500BC8F04002E070020B3
:1010F000A0720020F2070020B038002011B30020B9
:1011000010B30020F307002008B50C4BFF221A7023
:101110000B4B00200021C3E900010A4B00221A708A
:10112000094B1A70094B092101201A70F4F728F8AD
:1011300018B1BDE80840FEF77BBD08BDF1070020EF
:10114000A83800200EB300200DB300200CB30020FF
:101150002DE9F041B5EEC00AF1EE10FA2DED028B4B
:10116000DFED3D7AB0EE408A074643D9B4EE670A18
:10117000F1EE10FA43D0B7EE007AC7EE007A0126FE
:10118000FDEEE77A17EE903A642B3BDC322B3DDC28
:101190000A2B3FDD9FED318A3246DFF8F48046EAC4
:1011A000820298F8003042F01004A3424FD0AEBB48
:1011B000324609210120F3F7E3FF054680B30820FA
:1011C00004F0E2FD48B1264B4361264B83610323C3
:1011D0000374002343748374C37423494FF4C252CD
:1011E0000EF028F8FF2388F80030BDEC028B28466B
:1011F000BDE8F08100260322B0EE678ACDE7002625
:101200000322CAE79FED198A0322C6E79FED188AD9
:101210000222C2E79FED178A0022BEE72246C8E7F6
:10122000154B88F8004000200021C3E90001134B52
:101230001D70134B1D70134B1D7046B1DFED127AFC
:10124000124B68EE277AFDEEE77AC3ED007A87ED60
:10125000008A0025C9E700BF0000807F0AD7A33CB1
:10126000A2EF0400617C0500C48F04000AD7A33BF1
:101270000AD7233CCDCCCC3DA83800200EB30020AB
:101280000DB300200CB3002000007A44600400205D
:10129000F107002070B5234B2349FF222DED028B6F
:1012A0001A70224B002400221C700023C1E9002385
:1012B0001F490C701F490C701F490C701F49C1E970
:1012C0000023012206460B211046B0EE408AF3F7B8
:1012D00057FF0546A8B1082004F056FD40B1184B51
:1012E0004361184B83610323037444748474C4748E
:1012F00015494FF4C2520DF09DFFBDEC028B2846FC
:1013000070BD41220A210120F3F73AFF054600286B
:10131000E1D1B0EE480ABDEC028B3046BDE870402A
:10132000FFF716BFF1070020A83800200FB30020F8
:101330000EB300200DB300200CB30020A038002015
:10134000A2EF0400757C0500C48F040013B51C4B8C
:101350001A788318013B93FBF2F3034403EB430336
:101360009BB28DF804300222C3F3022301A90620A8
:101370008DF805300CF08EFC0A2204460D21002069
:10138000F3F7FEFE802204430B210020F3F7F8FE62
:10139000044312D0082004F0F7FC48B1094B436124
:1013A000094B836103230374002343748374C37460
:1013B00006494FF4C2520DF03DFF332002B010BD7C
:1013C000F4B20020A2EF04004A8105009C8F0400C3
:1013D00013B5194B8DF805001A78184B1B789A42F3
:1013E00094BF00220122C0F3012343EA421301A962
:1013F00002220B208DF804300CF04CFC40220446F5
:101400000D210020F3F7BCFE044312D0082004F0A5
:10141000BBFC48B10A4B43610A4B8361032303744D
:10142000002343748374C37407494FF4C2520DF010
:1014300001FF332002B010BDE0070020E1070020CB
:10144000A2EF04002E800500AC8F04002DE9F04FC0
:101450002DED028BB5EEC00AF1EE10FA87B0814691
:1014600088463DD9DFED887AB4EE670AF1EE10FACE
:1014700036D0B7EE007AC7EE007A84490022FDEE3E
:10148000E77A13460B2B02F1010208D0F1EC016A56
:10149000B8EEE76AB4EEE66AF1EE10FAF1D97C4AEA
:1014A000D65C7C4A02EB8303D3ED006AC7EE267A52
:1014B000794BF5EEC00A93ED007AF1EE10FAC7EE23
:1014C000878A40F2CF80DFED707AF4EE670AF1EEA2
:1014D00010FA09D1714B1D780427DFED717A23E0F2
:1014E000DFED6F7A0026E3E7F7EE006AC6EEA07A3A
:1014F00066490022FDEEE77A13460B2B02F101024A
:1015000008D0B1EC016AF8EEE75AF4EEC65AF1EEF3
:1015100010FAF1D95E4AD55C5E4A02EB830393ED83
:10152000006AC6EE867A0027DFF894B19BF8003097
:1015300087EE878A63B95B4B1B78BB4208D15A4B55
:101540001B78B34204D1554B1B78AB4200F0958019
:1015500046EA051A5FFA8AF30C2045EA071401935C
:1015600004F012FC68B1514BC562C0E90536002396
:10157000C0E90736C0E9094708220274437483743E
:10158000C3744B4944F2C0020DF054FE32461021A0
:101590000020F3F7F5FD2246824611210020F3F7E3
:1015A000EFFD019A4AEA000409210020F3F7E8FD63
:1015B0004FF0000A04430DF11702102150468DF838
:1015C00017A08DF816A08DF815A0F3F7C3FD0DF147
:1015D0001602044311215046F3F7BCFD0DF115022C
:1015E000044309215046F3F7B5FD9DF817109DF807
:1015F00016209DF81530039104430A2002920193AE
:1016000004F0C2FB78B12B4B4361019B0399029A12
:10161000036205238161C261037480F811A080F820
:1016200012A080F813A022494FF423520DF002FEBD
:10163000DCB1082004F0A8FB48B11F4B43611F4BED
:10164000836103230374002343748374C3741849B0
:101650004FF4C2520DF0EEFD204607B0BDEC028BF8
:10166000BDE8F08F00252F4637E70E4B8BF8004082
:101670001F700D4B1E70094B1D70C9ED008A0024B0
:1016800088ED008AE8E700BF0000807F00A004002A
:101690004A750500FC9F040068040020E007002054
:1016A00000000000DC070020E10700203076050084
:1016B000AC8F04008B760500A2EF04007980050052
:1016C000DD07002007B51A210DF107020120F3F70D
:1016D00041FD20B1FEF7E0F803B05DF804FB9DF991
:1016E00007309FED067A07EE903AF8EEE77A87EE3C
:1016F000870AF3EE0E7A30EE270AEDE79A99D9BF02
:10170000F0B52DED028B064683B034480F4600211C
:10171000B0EE608AF0EE418A0CF0A8FA7422122131
:101720000020F3F72DFD054690B1082004F02CFBB6
:1017300048B12B4B43612B4B83610323037400237C
:1017400043748374C37428494FF4C2520DF072FD80
:10175000264AFF231370264A6321137000200DF1DF
:101760000702F3F7F7FC9DF90730DFED226A07EE79
:10177000103AB8EEC77AF7EE007A47EE267A1E4B9B
:1017800004463946F0EE680AB0EE480A3046C3ED2A
:10179000007AFEF7B5FA062204430A210020F3F787
:1017A000EFFC2C43044312D0082004F0EDFA48B1BA
:1017B0000B4B43610B4B836103230374002343747E
:1017C0008374C37408494FF4C2520DF033FD04EA28
:1017D000E47003B0BDEC028BF0BD00BF80969800B2
:1017E000A2EF04002B810500A48F0400E107002074
:1017F000E0070020A69BC43A6C0400202DE9F04FBE
:101800002DED048B054683B00620F0EE608AB0EE25
:10181000419A0E4604F0B8FA38B1C14B4361022335
:101820000374002343748374C3744FF48652BD4918
:101830000DF000FD0021BC480CF018FABB4B002451
:101840001C70BB4B8DF807400DF107020F2120469D
:101850001C70F3F77FFC074608209DF8078004F012
:1018600093FA38B1B34B4474C0E9053803230374C9
:101870008474C4744FF4C652AA490DF0DBFC9DF881
:101880000730A3F17002012A19D9082004F07CFA6C
:1018900048B1A94B4361A94B83610323037400231F
:1018A00043748374C3749F494FF4C2520DF0C2FC59
:1018B0004FF0FF3003B0BDEC048BBDE8F08FA04AC1
:1018C000137000220D211046F3F75AFC0022044643
:1018D0005E211046F3F754FC0022044350211046C9
:1018E000F3F74EFC3C430022044309211046F3F772
:1018F00047FC002204430A211046F3F741FC914BB8
:101900001B68002B14BF5822182204430321002017
:10191000F3F736FC0DF1060204434F210020F3F7E4
:1019200019FC9DF90680884B07EE908AB8EEE77A9D
:10193000DFED867AB7EE008A07EE278A04430A2095
:1019400083ED008A04F020FA074670B1804BC0E9AD
:10195000053818EE100ADAF7A5FF0623C7E90801D3
:101960003B7400237B74BB74FB7438466D494FF4A1
:1019700043520DF05FFC774AFF231370764A1370D1
:10198000764A1370764AF0EE490AB0EE680A31469C
:1019900028461370FFF75AFD724B1D7845F020055D
:1019A00004432A4615210020F3F7EAFB01220443F1
:1019B00016210020F3F7E4FB6B4B1E7804433246FC
:1019C00017210020F3F7DCFB082204431821002034
:1019D000F3F7D6FB002704430DF105021521384625
:1019E0008DF805708DF804708DF803708DF8027015
:1019F000F3F7B0FB01AA044316213846F3F7AAFB1C
:101A00000DF10302044317213846F3F7A3FB0DF150
:101A10000202044318213846F3F79CFB04430C20D0
:101A20009DF805B09DF804A09DF803909DF80280F4
:101A300004F0AAF968B14D4BC0F82C80C0E907BA90
:101A4000C0E90969C0E90535082303744774877440
:101A5000C774344944F2C0020DF0ECFB94B1082085
:101A600004F092F948B1424B4361344B8361032344
:101A70000374002343748374C3742A494FF4C2521D
:101A80000DF0D8FB06220A210020F3F779FB002590
:101A9000384B8DF8015006460DF101020A21284607
:101AA0001D70F3F757FB0643082034439DF801608F
:101AB00004F06AF948B1304B43610623C0E90636A9
:101AC0000423037445748574C57416494FF4035296
:101AD0000DF0B0FBACB1082004F056F948B1274B2B
:101AE0004361164B8361032303740023437483749F
:101AF000C3744FF4C2520B490DF09CFB04EAE4702E
:101B0000D8E6062004F040F930B11D4B43610223B2
:101B1000037444748474C4744FF48652EBE700BFBA
:101B2000D4760500AC8F0400809698002CB300207A
:101B3000FE070020EC7605009B4D0500888005001F
:101B4000FD070020EC6F002068040020C364AA3A5F
:101B500013770500DD070020DC070020E1070020E7
:101B6000E0070020FC070020FB0700203E7705006F
:101B7000B17705002DB30020E17705000978050055
:101B8000377805002DE9F74F534FDFF868A1064677
:101B90000D464FF00008062D1AD9022301AA3A215A
:101BA0000020F3F7C1FA0446B0B1082004F0ECF8C5
:101BB00048B14A4B43614A4B8361032303740023BA
:101BC00043748374C37444494FF4C2520DF032FB22
:101BD000404603B0BDE8F08F9DF8053019070FD5DA
:101BE000062004F0D1F830B13E4B43610223037468
:101BF00044748474C4744FF4845239460DF01AFB53
:101C00009DF805309A0610D5062004F0BDF838B1CD
:101C1000022303740023C0F814A043748374C374B4
:101C20004FF4845239460DF005FB9DF805305B06F4
:101C300010D5062004F0A8F838B12B4B43610223DD
:101C40000374002343748374C3744FF4845239467D
:101C50000DF0F0FA9DF805309DF804201B0203F406
:101C6000407352EA030942EA0304B1D04FF0070B74
:101C7000B5FBFBFB5C4514D9082004F085F850B196
:101C8000A9EB0B0383610323184A03740023426109
:101C900043748374C3744FF4C45239460DF0CAFAC6
:101CA0005C46C4EBC40B07235A46314678200BF040
:101CB0007FFB30B1082004F067F8002883D00C4B7C
:101CC00078E7C4EB443304EBC3032B4444445E4441
:101CD0009DB21FFA84F85EE7A48F040057780500D0
:101CE000068105007678050095780500CD4305004E
:101CF000A2EF04008B78050013B5062304466A465C
:101D000028210020F3F710FAC0B1082004F03CF8B5
:101D100048B1384B4361384B83610323037400237C
:101D200043748374C37435494FF4C2520DF082FA80
:101D3000002323606360A36002B010BD304B1B78AA
:101D4000712B2FD1BDF9003007EE903ABDF902306A
:101D5000F8EEE77AC4ED027A07EE903ABDF9043066
:101D6000F8EEE77AC4ED017A07EE903AF8EEE77AFA
:101D7000C4ED007A234BD4ED007A93ED007A67EE40
:101D8000877AC4ED007A93ED007AD4ED017A67EE9C
:101D9000877AC4ED017AD4ED027A67EE877AC4EDD2
:101DA000027AC9E79DF801209DF8003043EA02233A
:101DB0001BB207EE903A9DF803209DF80230F8EE32
:101DC000E77A43EA02231BB29DF80520C4ED007AAE
:101DD00007EE903A9DF80430F8EEE77A43EA0223E2
:101DE0001BB2C4ED017A07EE903AF8EEE77AC4ED43
:101DF000027ABFE7A2EF04004B800500AC8F04001D
:101E0000FD0700203804002037B5062304466A4643
:101E100022210020F3F788F9C0B1082003F0B4FFB5
:101E200048B1174B4361174B8361032303740023AD
:101E300043748374C37414494FF4C2520DF0FAF919
:101E4000002323606360A36003B030BD204604F12B
:101E50000C010E4C6A46557812F8023B43EA052302
:101E60001BB207EE903AF8EEE77AC0ED007A94EDF7
:101E7000007A67EE277AE0EC017A8142EBD1E3E762
:101E8000A2EF04003D800500AC8F04003404002064
:101E90002DE9FF47234B884659780229814617468A
:101EA00038D002F1020A5646002509EB05013346F7
:101EB0006A46C9B20120F3F737F9044630BB023E47
:101EC00008EB050032460DF10201354416F084FBA3
:101ED000AF421BD9AAEB0503102B1E4628BF1026C4
:101EE000022BE2D8082003F04FFF40B10E4B4361B4
:101EF0000E4B83610323037444748474C4740C49CB
:101F00004FF4C2520DF096F94FF0FF34204604B062
:101F1000BDE8F0871346424604B0BDE8F047F3F74A
:101F200087B800BFD0B20020A2780500F77E050078
:101F30004491040007B51E4B1B78C3B1032201A9CD
:101F40003A20FFF7A5FFB8B1082003F01DFF48B104
:101F5000184B4361184B83610323037400234374BC
:101F60008374C37415494FF4C2520DF063F99FEDA9
:101F7000140A03B05DF804FB01A814F055FC07EE49
:101F8000900A104BDFED106A9FED107A93ED000A76
:101F9000F8EEE77A17EEA67AD3ED017A0C4BF7EE5E
:101FA000006A77EEA67A07EE270A83ED000AE0E7DB
:101FB0001AB30020A2EF0400B27E05005C8F04007B
:101FC0000000C07FA87200205C9E803A85EBCB4168
:101FD0006404002038B50C4BFF221A700B4A002312
:101FE00013700B4A00240025C2E90045094A13700A
:101FF000094A1370094A1370094BC3E9004503F0FD
:10200000CFFF00EAE07038BDF007002005B30020E4
:102010009838002004B3002003B3002002B300204E
:102020009038002038B5104BFF221A700F4B00205B
:102030000021C3E900010E4B00251D700D4B1D70E2
:102040000D4B80220B2101201D70F3F799F82A46D1
:1020500004460B210120F3F793F8044303D0BDE8B5
:10206000384004F057B938BDF007002098380020F8
:1020700004B3002003B3002002B300202DE9F04F89
:10208000B34B93F80080ABB008F101080023029035
:1020900089465FFA88F80193B9F1060F40F244814E
:1020A00014F00DF8042304460E4605AA3A21002038
:1020B000F3F73AF8054614F002F8A64B001BA0FB14
:1020C000030761EB060103FB0177A34B10F5804684
:1020D00047F100070024B34274EB070317D20A202C
:1020E00003F052FE70B1F60B9C4B436146EA474643
:1020F000FF0B9B4B8361C0E908670623037444749C
:102100008474C47497494FF444520DF093F89DB110
:10211000082003F039FE48B1934B4361904B836133
:1021200003230374002343748374C3748D494FF4F1
:10213000C2520DF07FF8F7E09DF815309DF814209D
:102140001B0203F4E06342EA030A1A4300F0EC8046
:102150009DF817309DF816601B0203F440731E4370
:102160000323B6FBF3F39CB203EB4303F61AB6B2B8
:1021700046B3062003F008FE30B17C4B43610223D6
:10218000037445748574C574C6F1030775494FF42B
:102190008452BFB20DF04EF87B0006AA3E2100200B
:1021A000F2F7C2FFBA45054640F2BE800134AAF1FB
:1021B000030AA4B25644B4FBF8F308FB13441FFA15
:1021C00086FAA4B24FF0030B0726BAFBFBF7B9FB64
:1021D000F6F6B74240F2A080082003F0D5FD48B1E2
:1021E000634B4361BF1B0023876180F810B04374C9
:1021F0008374C3745B494FF4C4520DF01BF8B9F1FA
:10220000E60F40F2A3800A2003F0BEFD002840F054
:102210008F8054494FF424520DF00CF82027182FCA
:102220003E4628BF182613F04AFFB6B20623734372
:1022300082468B4606AA3E2100200393F2F774FFE4
:1022400005437FF465AF13F03AFF424BB0EB0A0051
:1022500061EB0B01A0FB030B03FB01BB3E4B10F535
:10226000804A4BF1000B534575EB0B031BD20C203E
:1022700003F08AFD90B13F4B4361394B83614FEAD4
:10228000DA3343EA4B434FEADB32C0E90832039BBF
:1022900083620723037445748574C57431494FF410
:1022A00064520CF0C7FF029B06205A1C0023E11861
:1022B000B1FBF8FC08FB1C1102F8011C0DF1180C15
:1022C00000FB03F10DF1180E8C445EF80110116053
:1022D0000133BCF80410918099B2B14202F10702B7
:1022E000E5D33444029AB4FBF8F308FB1344C6EB7D
:1022F000C6031A44C6EB463306EBC3034B441FFA2E
:1023000083F9019B0292BF1B1E44B3B2BFB2A4B2B9
:102310000193002F83D1BFE6BAF1620F3FF673AF8E
:10232000BAF1020F3FF67BAF01982BB0BDE8F08FFA
:10233000114B43610A4BC0E9063A2023036205238F
:102340000374002343748374C37462E7374666E7FB
:10235000F4B2002040420F00FF7FE803C878050078
:102360005D8105009C8F0400A2EF0400F178050058
:10237000CD4305003B7905000279050010B55C22CC
:1023800010210020F2F7FCFE102204461521002047
:10239000F2F7F6FE7422044317210020F2F7F0FE54
:1023A0001022044358210020F2F7EAFE01225B21AB
:1023B00004430020F2F7E4FE04430C2013F06CFE0B
:1023C000902258210020F2F7DBFE202204435E21F8
:1023D0000020F2F7D5FE3022044312210020F2F74C
:1023E000CFFE044312D0082003F0CEFC48B1084BC6
:1023F0004361084B83610323037400234374837494
:10240000C37405494FF4C2520CF014FF332010BDC1
:10241000A2EF0400388105009C8F040010B55C22F7
:1024200010210020F2F7ACFE1022044615210020F6
:10243000F2F7A6FE8022044314210020F2F7A0FE4A
:10244000F422044317210020F2F79AFE10220443DD
:1024500056210020F2F794FE01225B210443002064
:10246000F2F78EFE04430C2013F016FE8022582152
:102470000020F2F785FE202204435E210020F2F7BF
:102480007FFE3022044312210020F2F779FE04433C
:1024900012D0082003F078FC48B1084B4361084B88
:1024A000836103230374002343748374C374054955
:1024B0004FF4C2520CF0BEFE332010BDA2EF040058
:1024C000F4800500A48F04000C4B0D4A002010B5C9
:1024D00018700C4B1870FF2313700B4A12211370E5
:1024E0000122F2F74DFE0446022013F0D5FD1CB187
:1024F000BDE81040FDF75CB910BD00BF2CB3002053
:10250000E10700202DB30020E007002070B54E4BFE
:10251000FF222DED028B1A704C4B00261E700122FB
:102520004B4B86B005464B211046B0EE408A1E70DC
:10253000F2F726FE0446A0B1082003F025FC40B1C6
:10254000444B4361444B8361032303744674867494
:10255000C67442494FF4C2520CF06CFE04EAE470B7
:102560005DE0022013F098FD022301AA5D21012005
:10257000CDE90244ADF804400494ADF81440F2F7FC
:10258000D3FD044600284ED1042302AA6221012073
:10259000F2F7CAFD0446002845D10A2303AA6821A0
:1025A0000120F2F7C1FD044600283CD12C4B9DF8D8
:1025B00004201A702B4B9DF805201A702A4B9DF8A9
:1025C0000A201A70294B9DF80B201A70284BBDF871
:1025D0000E201A80274BBDF80C201A80264BBDF820
:1025E00012201A80254BBDF808201A80244B9DF834
:1025F00015201A70234B9DF814201A709DF8113085
:102600009DF810201B0203F4FE4313431E4A284684
:10261000B0EE480A1380FDF781FE00EAE07006B0D4
:10262000BDEC028B70BD082003F0AEFB002890D0FB
:10263000084B4361154B83610323037400234374E8
:102640008374C37485E700BFF907002026B3002018
:1026500025B30020A2EF04005D7F0500548F040025
:1026600024B3002023B3002022B3002021B3002094
:10267000B6770020B4770020B2770020B077002032
:1026800020B300201FB30020AE770020497F050053
:102690002DE9F0412DED028B434FB5EEC00AF1EE6E
:1026A00010FA3B78804626D9DFED407AB4EE670A0F
:1026B000F1EE10FA2BD0B7EE007AC7EE007AFDEEFD
:1026C000E77A17EE902A322A25DC142A27DC9FEDC0
:1026D000388ADFED387A0B2AA8BFB0EE678AB4BF1C
:1026E00000250125AD0045F080059D4207D0FF2B58
:1026F00025D1012628E0032B15D19FED2F8A88EDE7
:10270000008A0024BDEC028B2046BDE8F0819FEDDD
:10271000288A0025E6E79FED298A0325E2E79FED59
:10272000288A0225DEE7032260210120F2F728FD36
:10273000044610BB9FED208A03253D70DFE703F0C0
:102740000303033B5E425E411E4B5B78002B0CBFD4
:102750003422102262210120F2F712FD044660B9F2
:102760002A4660210120F2F70BFD044628B9002E0D
:10277000E3D00A2013F090FCDFE7FF2308203B7032
:1027800003F002FB48B1104B4361104B83610323FC
:102790000374002343748374C3740D494FF4C2520D
:1027A0000CF048FDAEE700BFF60700200000807F78
:1027B000CDCCCC3DCDCC4C3D000000000AD7233C15
:1027C0000AD7A33CD0B20020A2EF0400E87D0500A8
:1027D0008C8F040010B5402201210020F2F7D0FCBC
:1027E0000822044614210020F2F7CAFC002201212D
:1027F00004431046F2F7C4FC04434FF4AF70E7F70C
:1028000093FB5C2210210020F2F7BAFC0022044363
:1028100015211046F2F7B4FC0443052013F03CFCEC
:1028200094B1082003F0B0FA48B10A4B43610A4B57
:10283000836103230374002343748374C3740749BF
:102840004FF4C2520CF0F6FC054B064A1A602046C3
:1028500010BD00BFA2EF0400E2800500A48F0400B9
:10286000EC6F00202CA00400B0B500AF6C4688B01F
:102870006A461E4BC2E905304FF4007393831C4B2C
:1028800042F8103F1B484FF4E4510DF01BFC0022AE
:10289000A5460A211046F2F773FC04464FF4AF70C8
:1028A000E7F742FB06220A210020F2F769FC044305
:1028B0004FF4AF70E7F738FB0F4B00251D708CB15C
:1028C000082003F061FA40B10C4B43610C4B83616B
:1028D0000323037445748574C57406494FF4C252CA
:1028E0000CF0A8FC2046BD46B0BD00BF63790500D2
:1028F00003000001AC8F04002DB3002076790500A1
:10290000918005002DE9F341022306460F4601AAF6
:102910001B210020F2F708FC0546B8B1082003F09F
:1029200033FA48B1384B4361384B83610323037456
:10293000002343748374C37435494FF4C2520CF0BE
:1029400079FC0025284602B0BDE8F0819DF80520FD
:102950009DF80440130203F480731C43F1D012F07D
:10296000080813D0062003F00FFA30B1294B436159
:102970000223037445748574C57425494FF4845249
:102980000CF058FC2448FFF76FFFDAE70723B7FB8A
:10299000F3F7BC42A5B215D9082003F0F5F958B1F8
:1029A0001E4B4361E41B03238461037480F8118090
:1029B00080F8128080F8138015494FF4C4520CF04F
:1029C00039FC3D46C5EBC5039BB232467821002059
:1029D000F2F7AAFBA0B1082003F0D6F948B1104BDA
:1029E00043610A4B8361032303740023437483749C
:1029F000C37407494FF4C2520CF01CFC0948C2E7EB
:102A0000094B18709EE700BF577805006B800500E2
:102A1000AC8F04008D790500B7790500C9790500F0
:102A2000FC790500197A05002DB3002070B5C0EBC4
:102A3000C00080B20D5CED08052D76D8DFE805F00A
:102A4000705603707070494B1B78712B3AD101445A
:102A500088784B7843EA00231BB207EE903AF8EEF1
:102A6000E77AC2ED027A0879CB7843EA00231BB2F9
:102A700007EE903AF8EEE77AC2ED017A88794B7961
:102A800043EA00231BB207EE903AF8EEE77AC2ED74
:102A9000007A374BD2ED007A93ED007A67EE877AB1
:102AA000C2ED007A93ED007AD2ED017A67EE877A73
:102AB000C2ED017AD2ED027A67EE877AC2ED027A30
:102AC000002070BD0130014402F10C0410464D7825
:102AD00011F8023B43EA05231BB207EE903AF8EEE9
:102AE000E77AE0EC017A8442F1D1D2E70130214C5F
:102AF000014403F10C004D7811F8022B42EA052243
:102B000012B207EE902AF8EEE77AC3ED007A94ED60
:102B1000007A67EE277AE3EC017A9842EBD1CFE7AF
:102B2000154B00221A700120CBE7134E3478013484
:102B3000E4B20A20347003F027F958B10F4B436117
:102B40000F4B0462C0E90635052303740023437468
:102B50008374C3740B494FF424520CF06BFB33782D
:102B6000032BE0D90848FFF77FFEDCE7FD070020D4
:102B700038040020340400202DB300202F7A0500F3
:102B80005A800500AC8F04006B7A050010B5402216
:102B900001210020F2F7F4FA002204461421104625
:102BA000F2F7EEFA0022012104431046F2F7E8FAA8
:102BB00004434FF4AF70E7F7B7F908221021002063
:102BC000F2F7DEFA0443052013F066FA58220321D7
:102BD0000020F2F7D5FA044312D0082003F0D4F80D
:102BE00048B10C4B43610C4B8361032303740023F6
:102BF00043748374C37409494FF4C2520CF01AFB36
:102C0000074B00201870074B01221A70064B074A29
:102C10001A6010BDA2EF040012800500AC8F040002
:102C20002CB30020FE070020EC6F0020F09F040072
:102C300010B50C4C2378A3B1402201210020F2F7FB
:102C40009FFA002214211046F2F79AFA002201217D
:102C50001046F2F795FA4FF4AF70E7F765F90023E5
:102C6000237010BD2CB3002038B5FFF7E1FF3C4BBB
:102C70003C4A00251D70FF2313703B4A13703B4AEA
:102C800013703B4A0D21137028462A46F2F778FA52
:102C90002A4604465E212846F2F772FA2A46044381
:102CA00050212846F2F76CFA2A46044309212846A7
:102CB000F2F766FA2A4604430A212846F2F760FA38
:102CC0002A46044311212846F2F75AFAE222044325
:102CD00017212846F2F754FA4722044310212846C8
:102CE000F2F74EFA5022044318212846F2F748FA28
:102CF0001022044356212846F2F742FA04225B21AF
:102D000004432846F2F73CFA04430B2013F0C4F9BD
:102D1000802250212846F2F733FA202204435E2114
:102D20002846F2F72DFA1822044303212846F2F729
:102D300027FA044311D0082003F026F840B10D4BC8
:102D400043610D4B83610323037445748574C5741B
:102D50000A494FF4C2520CF06DFA332038BD00BF5F
:102D60002DB30020DD070020DC070020E107002054
:102D7000E0070020A2EF040020800500AC8F0400D3
:102D8000022A2DE9F34105460F4610D0082002F033
:102D9000FBFF48B15B4B43615B4B836103230374CF
:102DA000002343748374C3744FF4C25275E040220D
:102DB00001210020F2F7E4F96B00002604468DF8AB
:102DC000043003223B788DF8053001A915208DF8D9
:102DD00006600AF05FFF7A78044321213046F2F75B
:102DE000CFF94C22044314213046F2F7C9F9324698
:102DF000044301213046F2F7C3F90DF10302044305
:102E000029213046F2F7A6F98DF80260044313F049
:102E100058F910F1500841F100079DF8020010F038
:102E2000010642D0402201210020F2F7A9F9002337
:102E300044EA00068DF8023013F043F910F114044F
:102E400041F100079DF90230002B3BDA08221421E2
:102E50000020F2F795F904464FF4AF70E7F764F8F5
:102E6000002201211046F2F78BF99DF8023034431D
:102E7000204313F0040432D0082002F085FF50B143
:102E8000224B4361204BC0E9063504230374002321
:102E900043748374C3744FF404521D490CF0CAF98F
:102EA0004FF0FF3002B0BDE8F08113F00AF9404561
:102EB000B941B7DA0DF102021E213046F2F74AF9A4
:102EC0000443AAE713F0FDF8A042B941BEDA0DF1C0
:102ED000020222210020F2F73DF90643B2E71B0669
:102EE000E0D4082002F050FF00283FF45DAF094B0A
:102EF0004361054B83610323037444748474C47475
:102F000052E700BF897A0500B88005009F7A050066
:102F1000A48F0400CA7A05002DE9F347012A0A9F0D
:102F2000054690461E4602D17B1E072B17D9082066
:102F300002F02AFF48B16A4B43616A4B8361032365
:102F40000374002343748374C37467494FF4C252FB
:102F50000CF070F94FF0FF3002B0BDE8F08791F847
:102F60000090402241460020F2F70AF96B0043F03E
:102F700001030446032201A915208DF804308DF8C1
:102F800005908DF806700AF085FE4C22044314214A
:102F90000020F2F7F5F80022044341461046F2F70C
:102FA000EFF80DF10302044329210020F2F7D2F8D3
:102FB000002340EA04098DF8023013F082F810F182
:102FC000500441F1000A9DF8028018F001084FD02A
:102FD00000238DF8023013F074F810F1140441F15D
:102FE000000A9DF8028018F0010850D0402201210B
:102FF0000020F2F7C5F84FF0000804460DF1010279
:10300000222140468DF80180F2F7A4F8082214210D
:103010004046F2F7B5F849EA040404434FF4AF70B0
:10302000E6F782FF9DF8019019F004093ED00820D0
:1030300002F0AAFE60B12D4B43612A4B80F811804B
:10304000C0E906350423037480F8128080F81380E9
:1030500025494FF404520CF0EDF8002201211046EE
:10306000F2F78EF83A460021304615F0DDFA71E7A6
:1030700013F027F8A04271EB0A01A9DA0DF1020260
:103080001E214046F2F766F849EA00099BE713F073
:1030900018F8A04271EB0A01A8DA0DF102023921F9
:1030A0004046F2F757F849EA00099AE79DF802808E
:1030B00018F0010806D1082002F066FE0028C7D0EB
:1030C0000B4BB9E73B46324602214846F2F72CF853
:1030D0004A46044301214846F2F752F820433BE7B1
:1030E000DC7A0500A1800500A48F0400F77A0500B2
:1030F0001C7B0500022A2DE9F34105460E4610D03F
:10310000082002F041FE48B15C4B43615C4B836197
:1031100003230374002343748374C3744FF4C252B3
:1031200078E0FFF785FD402201210020F2F728F822
:103130006B008DF8043033788DF805300446A023F9
:10314000032201A915208DF806300AF0A3FD72783C
:10315000044321210020F2F713F8442204431421F0
:103160000020F2F70DF80022044301211046F2F787
:1031700007F80DF10302044329210020F1F7EAFFCB
:10318000002304438DF8023012F09BFF10F1500829
:1031900041F100079DF8020010F0010642D04022E4
:1031A00001210020F1F7ECFF002344EA00068DF82E
:1031B000023012F086FF10F1140441F100079DF96E
:1031C0000230002B3BDA002214211046F1F7D8FF21
:1031D00004464FF4AF70E6F7A7FE00220121104627
:1031E000F1F7CEFF9DF802303443204313F004047E
:1031F00032D0082002F0C8FD50B1224B4361204B71
:10320000C0E9063504230374002343748374C37434
:103210004FF404521C490CF00DF84FF0FF3002B08F
:10322000BDE8F08112F04DFF4045B941B7DA0DF12C
:1032300002021E213046F1F78DFF0443AAE712F087
:1032400040FFA042B941BEDA0DF102022221002066
:10325000F1F780FF0643B2E71B06E0D4082002F036
:1032600093FD00283FF45AAF084B4361044B836140
:103270000323037444748474C4744FE7897A05008B
:10328000F07F05009F7A0500AC8F0400CA7A050024
:103290002DE9F04F89B0012A129D06461446984642
:1032A00002D16B1E072B15D9082002F06DFD48B125
:1032B000A64B4361A64B836103230374002343742D
:1032C0008374C374A3494FF4C2520BF0B3FF4FF0A1
:1032D000FF3423E0A04B0F781B781BB39F4B1B7868
:1032E00083421FD19E4B1B78BB421BD19D4B1B7849
:1032F0009D4217D1214640220020F1F741FF2B4685
:103300000646424602210020F1F70EFF0022064346
:1033100021461046F1F734FF40EA0604204609B082
:10332000BDE8F08FFFF784FC402201210020F1F777
:1033300027FF730043F00103DBB201938DF81830CF
:10334000EBB2039365F05F03DBB20446032206A9E8
:10335000152002938DF81A308DF819700AF09AFC36
:103360004422044314210020F1F70AFF0022044301
:1033700001211046F1F704FF0DF117020443292142
:103380000020F1F7E7FE002304438DF8163012F019
:1033900098FE10F1500941F1000B9DF816A01AF0AB
:1033A000010A50D000238DF8163012F08AFE10F179
:1033B000140941F1000B9DF816A01AF0010A50D033
:1033C000402201210020F1F7DBFE4FF0000A834686
:1033D0000DF11502222150468DF815A0F1F7BAFE25
:1033E000524614215046F1F7CBFE44EA0B0B40EA5B
:1033F0000B094FF4AF70E6F797FD9DF8154014F0F8
:1034000004043CD0082002F0BFFC60B1564B43617D
:103410004F4B80F811A0C0E906360423037480F8EE
:1034200012A080F813A04B494FF404520BF002FF96
:10343000002201211046F1F7A3FE2A460021404652
:1034400015F0F2F843E712F03CFE484571EB0B0132
:10345000A8DA0DF116021E215046F1F77BFE044357
:103460009BE712F02EFE484571EB0B01A8DA0DF137
:10347000160248215046F1F76DFE04439BE79DF884
:1034800016A01AF0010A06D1082002F07DFC0028DF
:10349000C9D0364BBBE72B46424602212046F1F706
:1034A00043FE224649EA000901212046F1F768FE61
:1034B00059EA00047FF432AF2D4B1B78002B7FF4C8
:1034C0002DAF402201212046F1F75AFE019B8DF8D5
:1034D0001C308046029B8DF81E30032207A9152060
:1034E0008DF81D700AF0D6FB042248EA000814216A
:1034F0002046F1F745FE224648EA00080121204611
:10350000F1F73EFE58EA00087FF408AF124A0123A3
:103510001370124B039A1E70114B1F70114B0A202F
:103520001A7002F031FC58B1124B4361124B4474D3
:10353000C0E90875C0E90636062303748474C474B0
:1035400004494FF444520BF075FEE7E6DC7A0500BF
:10355000DD7F0500AC8F04002CB300202BB30020CE
:103560002AB3002029B30020F77A05001C7B050050
:10357000FE070020487B0500C47F05000E4BFF229C
:1035800010B532211A7001206122F1F7F9FD0446CD
:1035900012F097FD094BC3E90001094B01221A7093
:1035A000002C084B08BF00221A7003D0BDE8104061
:1035B000FCF756B910BD00BFFA070020E038002024
:1035C00028B3002027B300202DE9FF41444E357871
:1035D0000446002D65D0434B1A7832B10022327078
:1035E0001A70002004B0BDE8F0813F4AD2E90037EC
:1035F00013F1020847F100070C2301AA1021012052
:10360000F1F792FDA8B1082002F0BEFB48B1374B9C
:103610004361374B83610323037400234374837432
:10362000C37434494FF4C2520BF004FE00233370CC
:10363000D7E79DF8045015F0010513D112F041FDB4
:103640004045B941D8DB082002F09EFB0028E8D0B5
:10365000294B4361264B83610323037445748574AE
:10366000C574DEE730709DF80F3013F00303B8D156
:10367000224D01A801468678CA784978120442EAA8
:1036800006220A43AA4203F1010300F10300A8D075
:10369000032BEFD10DF105002146FBF729FD012099
:1036A000A0E70C2301AA10210120F1F73DFD90B104
:1036B000082002F069FB40B10C4B43610C4B836165
:1036C0000323037445748574C5740A494FF4C252C8
:1036D0000BF0B0FD85E79DF80430DB0781D5C2E72C
:1036E00028B3002027B30020E0380020A2EF040018
:1036F0008F7F05003C8F0400917B0500FFFF0100D8
:10370000234BFF2270B54C211A70012002230622A0
:10371000F1F76EFD1F4B1A784FF4FA7302FB033674
:103720001D4B1C784FF491735C431C4B01221A70A3
:10373000021E1B4B18BF01221A70054612F0C1FC75
:1037400004F64C0433194FF47A74B3FBF4F31B18EA
:1037500041F10001134A013341F10001C2E9003196
:1037600000249DB1082002F00FFB40B10E4B4361D5
:103770000E4B83610323037444748474C474BDE8E2
:1037800070400B494FF4C2520BF054BD70BD00BFE6
:10379000F90700201DB300201EB3002026B300202F
:1037A00025B30020D8380020A2EF0400287F0500B0
:1037B000548F0400F7B5444D2C780646002C59D0A0
:1037C000424B1A78EAB9424F6A464C210120F1F780
:1037D000C1FC0446D8B1082002F0D6FA48B13D4BEE
:1037E00043613D4B8361032303740023437483745B
:1037F000C3743A494FF4C2520BF01CFD00232B70E6
:1038000002E000222A701A70002003B0F0BD9DF87B
:10381000003003F00603022B15D112F052FCD7E959
:10382000002390429941CFDB082002F0ADFA002836
:10383000DFD02B4B4361284B836103230374447413
:103840008474C474D5E7287008236A464221012095
:10385000F1F76AFC90B3082002F096FA18B31D4BFA
:1038600043611D4B836103230374002343748374FA
:10387000C37418E01B4B5B78022BE5D06A464821E5
:1038800001208DF80040F1F765FC90B1082002F0AE
:103890007BFA40B10F4B43610F4B836103230374E9
:1038A00044748474C4740D494FF4C2520BF0C2FCCA
:1038B000AAE79DF80030DB07C6D4A5E76846314685
:1038C000FBF73AFC0120A0E726B3002025B3002037
:1038D000D8380020A2EF04001A7F0500548F04009E
:1038E000917B0500D0B2002008B5164B4FF6FF7251
:1038F0001A80154A00231370144A1370144A502179
:10390000137001208022F1F73BFC50B1082002F037
:103910003BFA58B9BDE808400E494FF4C2520BF0CB
:1039200089BC13F005F80028F0D108BD0A4B4361AB
:103930000A4B836103230374002343748374C374A9
:10394000E8E700BF340700201CB300201BB30020B1
:103950001AB300205C8F0400A2EF0400DF7E050094
:103960002DE9F0419FED7A7AB4EE470AF1EE10FAB4
:103970002DED028B8046B0EE408A32D0B5EEC00A03
:10398000F1EE10FACCBF012000202BDDDFED717AC3
:10399000B4EE670AF1EE10FA24DCF7EE006AC6EE28
:1039A000807A01266C4F35023988B5EEC08AF1EE77
:1039B00010FA1BD89FED698A45F0FF058D4263D050
:1039C000002012F0B5FF0446002840F0A280002E2F
:1039D00040F0B680624A3D8000231370614A137044
:1039E00052E00120DFED5D7A0026DBE7B4EE478A86
:1039F000F1EE10FA50D09FED5C7AF4EEC77AF1EE5A
:103A000010FA4CDC9FED597AF4EEC77AF1EE10FA19
:103A10004ADC9FED577AF4EEC77AF1EE10FA48DCF3
:103A2000B3EE097AF4EEC77AF1EE10FA46DCB2EEA4
:103A3000097AF4EEC77AF1EE10FA44DCB1EE097AB5
:103A4000F4EEC77AF1EE10FA42DCB0EE097AF4EE49
:103A5000C77AF1EE10FA4FF003033EDCB7EE097AB5
:103A6000F4EEC77A9FED438ADFED437AF1EE10FA68
:103A7000CCBF09220A22D8BFB0EE678A42EA0312FD
:103A800078B315438D422FD188ED008A0024BDEC18
:103A9000028B2046BDE8F08100230322EEE79FED74
:103AA000378A00230222E9E79FED358A01230322AA
:103AB000E4E79FED348A02230422DFE79FED328A98
:103AC00003230522DAE79FED318A03230622D5E797
:103AD0009FED2F8A03230722D0E79FED2E8A08222D
:103AE000CCE745F0FF0569E704210120F1F748FB29
:103AF000044670B9022206210120F1F741FB044679
:103B000038B91421022012F0E5FE044600283FF4E3
:103B100057AF4FF6FF7308203B8002F035F948B1EC
:103B20001D4B43611D4B83610323037400234374C6
:103B30008374C3741A494FF4C2520BF07BFBA6E79F
:103B4000304612F0F5FE044600283FF443AFE0E7AC
:103B50000000807FFFFF7F7F34070020000000000F
:103B60001CB300201BB30020000048430000C842E3
:103B7000000048420AD7A33E0AD7233F0AD7233B77
:103B80000AD7A33B0AD7233C0AD7A33C0AD7233D35
:103B90000AD7A33D0AD7233EA2EF0400CF7E05003B
:103BA0005C8F04002DE9F04FCC4FCD4ACD4D4FF640
:103BB000FF732DED028B3B8000231370CA4A2B70DC
:103BC0001370CA4BCA4A1A6093B00646B6227E21C9
:103BD0000120B0EE408AF1F7D3FA0446D0BB18209A
:103BE00012F05AFA204601220DF103018DF803402C
:103BF000FEF74EF9044668BB9DF80330332B40F0C6
:103C00006A810DF10809804648F02002D2B25021A5
:103C10000120F1F7B5FA0446E0B94FF0030A8346F4
:103C20004FF49670E6F780F9012201A955208DF82E
:103C300004B0FEF72DF9044660B99DF804301F2B3F
:103C400027D8DB071FD5022201A95220FEF720F951
:103C5000044608B34FF6FF73002608203B802E7001
:103C600002F092F848B1A34B4361A34B4674C0E9FC
:103C70000634042303748674C674A0494FF40152B9
:103C80000BF0D8FA21E1BAF1010AC9D16FF073043F
:103C9000E0E76FF00404DDE7BDF8043008F1010847
:103CA0005BBAB8F1200F29F8023BADD18022502138
:103CB0000120F1F765FA04460028CBD112F038FE56
:103CC00004460028C6D1072012F032FE0446002820
:103CD000C0D1052012F02CFE04460028BAD186225D
:103CE0002E210120F1F74CFA04460028B2D1072218
:103CF00005210120F1F744FA04460028AAD1BDF8B5
:103D000024207F4BBDF82600BDF828109FED7D6A6A
:103D100042F30B0407EE904A12119DF8264002F47C
:103D200070622243F8EEE77A82F40062A2F5006244
:103D3000C3ED027A07EE902A00F470629DF8280025
:103D40000243F8EEE77A82F40062A2F50062C3ED66
:103D5000037A07EE902A9DF92200BDF82220F8EEA2
:103D6000E77AF1EE046AC3ED047A07EE900AF8EE02
:103D7000E77A090A87EEA67A81F0800180399DF9F9
:103D80002A00120A82F08002803A0DF12A0407EE1E
:103D9000901A83ED007AF8EEE77A9FED5B7ABDF832
:103DA0002A1067EE877A06EE900AC3ED057AF8EEE0
:103DB000E66ADFED567A46EE877A090A81F08001DD
:103DC0008039C3ED067A07EE901AF8EEE77ADFED58
:103DD000506A67EE877A9FED4F7AC3ED077A07EE58
:103DE000902AF8EEE77A03F1200067EEA67A032125
:103DF000C3ED017A34F8022F4FFA82FC07EE90CA25
:103E0000F8EEE77A120A67EE867A82F08002803A4C
:103E1000E0EC017A07EE902AF8EEE77A013967EED6
:103E2000877AC0ED027AE5D1D3ED0D7ABDF938205D
:103E30009FED397A9DF9321077EEC77A07EE102A96
:103E4000B8EEC77AC3ED0D7AF3EE077A47EE267A1D
:103E5000BDF832209FED317AC3ED0E7A07EE901A4D
:103E6000F8EEE77A120AC7EE876A82F08002803A9B
:103E70009DF93410304607EE902AF8EEE77AC3ED4C
:103E80000F6AC7EE876ABDF83420120A82F08002FA
:103E9000803A07EE901AF8EEE77AC3ED106AC7EEA3
:103EA000876A07EE902AF8EEE77AC3ED116AC7EE4B
:103EB000876AB0EE480AC3ED126A01232B70FFF740
:103EC0004FFD044600287FF4C5AE204613B0BDEC7C
:103ED000028BBDE8F08F6FF01204BBE634070020C0
:103EE0001CB300201AB300201BB300206404002080
:103EF0000000C841A27B0500ED7E05005C8F040038
:103F0000A87200200000003D0000803B0AD7233C3F
:103F10000000003B0000803817B7D138000048444B
:103F20002DE9F041404B1B7888B0064643B13F4C29
:103F300023784BB13E4B1A7832B1002222701A70AE
:103F4000002008B0BDE8F08112F0BBF810F11407B2
:103F500041F100080D2204A93020FDF799FFA8B116
:103F6000082001F011FF48B1324B4361324B8361AD
:103F700003230374002343748374C3742F494FF4E1
:103F8000C2520BF057F900232370D9E79DF8105067
:103F900015F004051BD12378002BD1D012F091F835
:103FA000B84271EB08010EDB082001F0EDFE00289D
:103FB000E4D0234B4361204B836103230374457496
:103FC0008574C574DAE76420E5F7AEFFC2E72070B8
:103FD0000DF11A0012F028FC07EE900ADFED196AC5
:103FE000194B9FED1A7AD3ED003AF8EEE77A01A962
:103FF00017EEA67A0DF11100D3ED017AF7EE006A03
:1040000077EEA67A47EE273AB0EE630AFBF71CFA82
:10401000002895D00E4BC3ED003A019B3360029B04
:104020007360039BB3608CE71AB300201CB30020BD
:104030001BB30020A2EF0400C17E05005C8F0400CA
:10404000917B05005C9E803AA872002085EBCB41F5
:10405000640400200E4BFF2210B51A700122104696
:104060003121F1F78DF8044612F02BF8094BC3E922
:104070000001094B01221A70002C084B08BF0022D6
:104080001A7003D0BDE81040FBF77ABC10BD00BF2A
:10409000F8070020D038002019B3002018B3002002
:1040A0002DE9F341384D2C788046002C4DD0374B0C
:1040B0001A7832B100222A701A70002002B0BDE8CE
:1040C000F081334AD2E90076053746F1000607232E
:1040D0006A4610210120F1F727F8A8B1082001F065
:1040E00053FE48B12B4B43612B4B83610323037475
:1040F000002343748374C37428494FF4C2520BF0F5
:1041000099F800232B70D8E79DF8004014F00104C3
:1041100013D111F0D6FFB842B141D8DB082001F02D
:1041200033FE0028E8D01E4B43611B4B8361032301
:10413000037444748474C474DEE728700DF10100C4
:104140004146FBF73BFA0120B8E707236A461021F6
:104150000120F0F7E9FF90B1082001F015FE40B111
:104160000C4B43610C4B83610323037444748474CC
:10417000C4740A494FF4C2520BF05CF89DE79DF8F5
:104180000030DB0799D5D9E719B3002018B3002018
:10419000D0380020A2EF04007D7E05007C8F040053
:1041A000917B05000E4BFF2210B51A7001221046BC
:1041B0003121F0F7E5FF044611F083FF094BC3E915
:1041C0000001094B01221A70002C084B08BF002285
:1041D0001A7003D0BDE81040FBF70ABC10BD00BF49
:1041E000F7070020C838002017B3002016B30020BE
:1041F0002DE9F341384D2C788046002C4DD0374BBB
:104200001A7832B100222A701A70002002B0BDE87C
:10421000F081334AD2E90076053746F100060723DC
:104220006A4610210120F0F77FFFA8B1082001F0B5
:10423000ABFD48B12B4B43612B4B836103230374CC
:10424000002343748374C37428494FF4C2520AF0A4
:10425000F1FF00232B70D8E79DF8004014F0010413
:1042600013D111F02EFFB842B141D8DB082001F084
:104270008BFD0028E8D01E4B43611B4B8361032359
:10428000037444748474C474DEE728700DF1010073
:104290004146FBF7B3F90120B8E707236A4610212E
:1042A0000120F0F741FF90B1082001F06DFD40B111
:1042B0000C4B43610C4B836103230374447484747B
:1042C000C4740A494FF4C2520AF0B4FF9DE79DF846
:1042D0000030DB0799D5D9E717B3002016B30020CB
:1042E000C8380020A2EF0400277E0500848F040058
:1042F000917B0500104B4FF6FF7210B51A8001221A
:1043000022211046F0F73CFF0C4B021E18BF012281
:104310001A700B4B01221A70044611F0D2FE094BA1
:10432000143041F10001C3E900011CB1BDE81040A7
:10433000FBF7D2BB10BD00BF3207002014B3002032
:1043400015B30020C0380020F7B53E4D2B78064647
:10435000002B62D03C4B1A782AB100222A701A70C6
:10436000002003B0F0BD0123384F8DF800309DF8D8
:10437000003003F0030001281DD000232B70072319
:104380006A4627210120F0F7CFFE00284ED00820F2
:1043900001F0FAFC48B12E4B43612E4B836103239D
:1043A0000374002343748374C3742B494FF4C252C3
:1043B0000AF040FFD4E76A462221F0F7CBFE04461C
:1043C000A8B1082001F0E0FC48B1214B4361214B2A
:1043D000836103230374002343748374C3741E49ED
:1043E0004FF4C2520AF026FF00232B70B8E711F0F9
:1043F00068FED7E9002390429941B8DB082001F01C
:10440000C3FC0028EBD0154B4361124B836103239F
:10441000037444748474C474E1E7114B1B884FF631
:10442000FF7293429CD01B0AA9D099E79DF80030F7
:104430001B0795D50DF101003146FBF719F9012055
:104440008FE700BF15B3002014B30020C038002050
:10445000A2EF0400957D0500948F0400917B050078
:104460003207002010B5114B4FF6FF721A80104B27
:104470001B78002B0CBF012221221B210120F0F709
:104480007FFE0C4B021E18BF01221A700A4B01223C
:104490001A70044611F015FE084BC3E900011CB167
:1044A000BDE81040FBF770BB10BD00BF3007002017
:1044B000F507002012B3002013B30020B838002005
:1044C0002DE9F043384E337885B08146CBB1374A79
:1044D000137833B1002333701370002005B0BDE8AA
:1044E000F083334A8DF80430D2E9003713F1040821
:1044F00047F100079DF8044014F040041DD000234C
:104500003370092301AA00210120F0F70DFE0028D5
:1045100043D0082001F038FC48B1264B4361264BBC
:10452000836103230374002343748374C374234996
:104530004FF4C2520AF07EFECFE701AA18210120F3
:10454000F0F708FE0546A0B1082001F01DFC40B1BF
:10455000184B4361184B83610323037444748474C0
:10456000C47416494FF4C2520AF064FE002333703B
:10457000B3E711F0A6FD4045B941BBDB082001F0CF
:1045800003FC0028EDD00E4B43610B4B83610323EA
:10459000037445748574C574E3E701A84946FBF7C5
:1045A00081F801209AE700BF13B3002012B3002066
:1045B000B8380020A2EF0400437D0500B48F04004A
:1045C000917B050010B5114B4FF6FF721A80104B0E
:1045D0001B78002B0CBF0122212209210120F0F7BA
:1045E000CFFD0C4B021E18BF01221A700A4B01228C
:1045F0001A70044611F065FD084BC3E900011CB1B7
:10460000BDE81040FBF7F8BA10BD00BF2E07002030
:10461000F307002010B3002011B30020B0380020B1
:104620002DE9F743374E33788146CBB1364A1378BC
:1046300033B1002333701370002003B0BDE8F08362
:10464000324A8DF80030D2E9003713F1020847F101
:1046500000079DF8004014F001041DD000233370C2
:1046600007236A4600210120F0F75EFD002843D0B1
:10467000082001F089FB48B1254B4361254B83613C
:1046800003230374002343748374C37422494FF4D7
:10469000C2520AF0CFFDCFE76A4608210120F0F7A9
:1046A00059FD0546A0B1082001F06EFB40B1184B42
:1046B0004361184B83610323037444748474C4748A
:1046C00015494FF4C2520AF0B5FD00233370B3E729
:1046D00011F0F7FC4045B941BBDB082001F054FB69
:1046E0000028EDD00D4B43610A4B83610323037413
:1046F00045748574C574E3E768464946FBF708F8D6
:1047000001209AE711B3002010B30020B038002038
:10471000A2EF0400C97C0500BC8F0400917B05005A
:1047200010B51D2209210120F0F72AFD0B4BFF22B5
:104730001A70021E0A4B18BF01221A70094B01227F
:104740001A70044611F0BDFC074BC3E900011CB10F
:10475000BDE81040FBF788BA10BD00BFF10700208C
:104760000DB300200EB30020A83800202DE9F34738
:10477000774D2C780746002C7FD0764A137833B1DA
:1047800000232B701370002002B0BDE8F087724E3A
:104790008DF80030D6E9003213F10A0A42F1000820
:1047A0009DF8003013F001091DD0002000210022E7
:1047B00013F002032A70C6E90001684D46D02C7838
:1047C0007CB9062001F0E0FA30B1654B4361022369
:1047D000037444748474C47462494FF486520AF0BA
:1047E00029FD01231CE06A4606210120F0F7B2FCF6
:1047F0000446B8B1082001F0C7FA58B15A4B4361DA
:104800005A4B83610323037480F8119080F812904F
:1048100080F813904FF4C25252490AF00BFD002366
:104820002B70B0E711F04DFC504571EB0801B7DB80
:10483000062001F0A9FA30B14D4B43610223037405
:1048400044748474C4744FF48452E5E72B700623D7
:104850006A4600210120F0F767FCA0B3082001F0B0
:1048600093FA18B3404B4361404B836103230374B5
:10487000002343748374C37418E03E4B5B78022BAF
:10488000E5D06A46062101208DF80040F0F762FC71
:1048900090B1082001F078FA40B1334B4361334BBB
:1048A00083610323037444748474C4742D494FF4E6
:1048B000C2520AF0BFFC66E79DF8003003F0030324
:1048C000012BC4D05FE7DFF8BC802B4E11F0F9FB61
:1048D00098F8003004460D464BB328490622684636
:1048E00013F0FAFF18BB264BD6E900201B68B4EB87
:1048F00002094FF00A0193FBF1F1194465EB000C3A
:104900004FEAE17E89457CEB0E0CFFF63CAF9A182E
:1049100040EBE3714FEA430EB4EB020C65EB010090
:1049200043F38073E6458341A4BF14460D46134B01
:104930000098BDF804201860C6E9004568460124C7
:1049400039469A8088F80040FAF718FF20461BE79E
:104950000EB300200DB30020A83800200FB30020B4
:10496000DB7B0500C48F0400A2EF04004F7C050030
:10497000C07B0500D0B20020A038002006B3002084
:10498000600400200CB3002037B50A20F7F7CCF8FC
:10499000142400250DF10702602101208DF8075035
:1049A000F0F7D8FBD0B99DF807309B0616D50A2042
:1049B000F7F7BAF8013CEDD1062001F0E5F930B186
:1049C000074B43610223037444748474C47405491F
:1049D0004FF484520AF02EFC4FF0FF3003B030BD8C
:1049E000F17B05008C8F040038B5234B2DED028B35
:1049F000FF22B0EE408A05461A7011F0ACFF044663
:104A0000B0B1082001F0C0F948B11C4B43611C4B08
:104A1000836103230374002343748374C3741949AB
:104A20004FF4C2520AF006FCBDEC028B204638BDA2
:104A3000154B5B78002B0CBF342210226221012021
:104A4000F0F79EFB044630B1082001F09DF90028E4
:104A5000E5D00E4BDAE7032261210120F0F790FB4D
:104A600004460028F0D12846B0EE480AFDF710FEB3
:104A700000EAE074D8E700BFF6070020087C0500D4
:104A8000F87D05008C8F0400D0B20020A2EF040056
:104A900008B5054BFF221A7011F05DFF18B1BDE893
:104AA0000840FAF7C1BF08BDF607002010B508227C
:104AB0001B210120F0F764FB0446A0B1082001F09F
:104AC00063F948B10A4B43610A4B836103230374C2
:104AD000002343748374C37407494FF4C2520AF02D
:104AE000A9FB204610BD4FF47A70F7F71DF8F8E7E0
:104AF000A2EF0400177D0500B48F04002DE9F043F8
:104B00002DED028B8DB007460DF107020921012022
:104B1000F0F720FB0646C8B1082001F035F948B18E
:104B2000514B4361514B836103230374002343744E
:104B30008374C3744E494FF4C2520AF07BFB9FED5D
:104B40004D0A0DB0BDEC028BBDE8F083DFF8448167
:104B50009DF8079098F800304B4571D0464BDFED3B
:104B6000477A93ED008AB4EEE78AF1EE10FA67DD3A
:104B70009FED430A434D02A8FCF72CF82E70044623
:104B800038B1012302A8B0EE480A2B70FCF722F8D6
:104B9000C2E710221B210120F0F7F2FA90B10820A1
:104BA00001F0F2F840B1304B4361374B836103238E
:104BB000037444748474C4742D494FF4C2520AF0CF
:104BC00039FBDEE74FF47A70F6F7AEFFFFF74AFCE9
:104BD00006A8FFF775FC0028D3D0FFF767FF06464D
:104BE0000028CED1FFF73EFC09A8FFF769FC00289A
:104BF000C7D003A909AA06AB0C46B6EE007AF2ECC0
:104C0000017AF3EC016A77EEA67A013667EE877ACD
:104C1000032EE1EC017AF2D1012302A8B0EE480A9A
:104C20002B70FBF7D7FF00287FF476AF234603CB2A
:104C3000386018689DF807307960B86088F80030EF
:104C400022221B210120F0F79BFA00287FF464AF99
:104C500007EE909A9FED0D7A9FED0D0AF8EE677AB8
:104C600017EE870A6DE700BFA2EF0400317D050053
:104C7000B48F04000000C07FA47200200AD7A33CB8
:104C80000000807FF5070020237D0500CDCC4C3F40
:104C900000009642F407002010B5082209210120E7
:104CA000F0F76EFA0446A0B1082001F06DF848B1A3
:104CB0000A4B43610A4B836103230374002343744B
:104CC0008374C37407494FF4C2520AF0B3FA204602
:104CD00010BD0120F6F728FFF9E700BFA2EF04009E
:104CE000A97C0500BC8F04002DE9F0432DED028B5B
:104CF0008DB007460DF1070207210120F0F72AFACF
:104D00000646C8B1082001F03FF848B1504B436156
:104D1000504B836103230374002343748374C3746F
:104D20004D494FF4C2520AF085FA9FED4C0A0DB07E
:104D3000BDEC028BBDE8F083DFF840819DF8079061
:104D400098F800304B4570D0454BDFED467A93ED37
:104D5000008AB4EEE78AF1EE10FA66DD9FED420AB2
:104D6000424D02A8FCF7B0F82E70044638B101237A
:104D700002A8B0EE480A2B70FCF7A6F8C2E7102292
:104D800009210120F0F7FCF990B1082000F0FCFFA8
:104D900040B12F4B4361364B83610323037444744A
:104DA0008474C4742C494FF4C2520AF043FADEE70B
:104DB0000120F6F7B9FEFFF705FC06A8FFF730FC67
:104DC0000028D4D0FFF768FF06460028CFD1FFF7B0
:104DD000F9FB09A8FFF724FC0028C8D003A909AAF9
:104DE00006AB0C46B6EE007AF2EC017AF3EC016AFF
:104DF00077EEA67A013667EE877A032EE1EC017A28
:104E0000F2D1012302A8B0EE480A2B70FCF75CF83F
:104E100000287FF477AF234603CB386018689DF8ED
:104E200007307960B86088F800302222092101201B
:104E3000F0F7A6F900287FF465AF07EE909A9FED92
:104E40000D7A9FED0D0AF8EE677A17EE870A6EE786
:104E5000A2EF0400BB7C0500BC8F04000000C07FF3
:104E6000A07200200AD7A33C0000807FF307002037
:104E7000B17C0500CDCC4C3F00009642F2070020EB
:104E80009FED0B7A30B50022451C15F8124010F842
:104E9000123043EA04231BB207EE903AF8EEE77AA9
:104EA000013267EE877A032AE1EC017AEDD130BD59
:104EB0006F128339F0B5094E016802460A270020B7
:104EC0000B4601311C78355D6D0701D41360F0BDD0
:104ED00007FB0043A3F13000F2E700BF9AA40500EE
:104EE0002DE9F84F15469A46D378234A12F803B0B5
:104EF0006F2B81460F460BF0030B2BD026D8582B77
:104F00000CBF10260A26DDF82880324600234846CA
:104F10003946D8F767F8092A08F1FF38D4B21ED805
:104F20003034B145E4B277F1000788F8004001D38E
:104F3000D04511D82B789B0605D5082E15D1AB7816
:104F400043F00803AB704046BDE8F88F03F0F70369
:104F5000702BD5E70826D6E781460F46D5E7BBF18B
:104F6000010F0CBF37345734DBE7102EEBD1AB7891
:104F700043F01003E6E700BF9AA4050010B44368AD
:104F80001B685A681069044A52F8204018680F22BA
:104F900023465DF8044B184710A104000E4A012374
:104FA000C2F840354FF080424FF08051C2F878355A
:104FB000D1F83001082808D1D1F83411052904D8D6
:104FC0000648415C09B1C2F838364FF080430122EF
:104FD000C3F880250020704700E001404E8A05009C
:104FE000044B05493F22C3E90012044A0020136024
:104FF000704700BF70730020FFFF07006C73002034
:105000000EB403B503AB014653F8042B04480193D7
:10501000DFF77EFF02B05DF804EB03B0704700BF1E
:105020003D720300CA0605D48B064CBF02490349F2
:10503000FFF7E6BF704700BF332505007581050007
:1050400030B5144B144A1A62002403F1180285B0DB
:10505000C3E90622C3E900445C621C635C630F4D34
:105060000F49019400220023CDE902230E2300936F
:105070004FF480620B4B28460CF088F80A491F2237
:1050800005F16D0013F038FC204685F88C4005B022
:1050900030BD00BFD04A002055730300D84900201E
:1050A000800F0120B57503007881050000B52DED56
:1050B000028B9FED098A83B001A88DED018A08F06B
:1050C000F7FB30B99DED010A03B0BDEC028B5DF832
:1050D00004FBB0EE480AF7E7000000009FED0A0A63
:1050E00000EB8101884207D1B5EEC00AF1EE10FA5B
:1050F00007DBB1EEC00A7047F0EC017A07EEA70AB1
:10510000F0E79FED010A70470000000008B50A466D
:105110000346FFF7E3FFDFED097AB4EEE70AF1EEAD
:1051200010FA09D4F7EE007A1946184687EE800A7D
:10513000BDE8084003F0B6BA08BD00BF0000003467
:105140002DE9F04F89B09246129C0193D4E90023D7
:105150008B460546194610468DED020ACDED040A30
:10516000D7F792FED4E902894FEA8B06002876D061
:1051700042464B4640464946D7F786FE04F11007A3
:10518000002865D000214FEACB02384613F04CFAD4
:105190005A490020DDF84CB0C4E9020105EB0609CC
:1051A000D846D7E9002355F8040BCDE90623D7F7F5
:1051B00079FBDDE90623D7F717FA02460B46E7E845
:1051C0000223D4E90223D7F7EFFCD7F7BBFEA945AA
:1051D00048F8040BE5D10498D7F764FBD4E902231F
:1051E000D7F7B8FB804602988946D7F75BFB0246A3
:1051F0000B4640464946D7F733FE30B3139B3F4F2B
:105200009D1900265BF8040BD7F74CFBDAE9002365
:105210008046894630463946D7F7E4F942464B4640
:10522000D7F798FBC4E90001019BDAE90401D3E94F
:105230000223D7F7D7F942464B46D7F78BFBAB454E
:10524000C4E9020104F11004DCD109B0BDE8F08F1B
:105250002A4B002240464946D7F7C6F99AE7139FE2
:105260002E4455F8040BD7F71DFBDAE900238046DE
:105270008946D7F76FFBD4E90023D7F7B5F9DAE908
:105280000223CDE9020140464946D7F763FB019B63
:10529000CDE90401D3E90023DDE90201D7F75AFB88
:1052A00002460B46DDE90401D7F79CF9D4E9022355
:1052B000D7F79AF9C4E900014046DAE904234946E0
:1052C000D7F748FB019B8046D3E902238946DDE9F5
:1052D0000201D7F73FFB02460B4640464946D7F747
:1052E00081F9C4E90201DDE90201D7F72BFEAE42E4
:1052F00047F8040B04F11004B3D1A6E70000F03F17
:1053000008B5054811F0C6FD044811F0C3FD044876
:1053100011F0C0FD002008BD80810500BD810500A1
:10532000F08105000CB430B585B008AB044653F8E5
:10533000042B0291CDE90030002501A90648039510
:10534000DFF7E6FDDDE902309842B8BF255405B02D
:10535000BDE8304002B07047C369040073B54368CC
:10536000124A1B681C6842F20F738B4228BF0B461F
:10537000684605212568FFF7D5FF63680C495B681F
:1053800006460B22284611F0A2FB636832466946A6
:1053900028465B6811F09BFB636806495B681B222B
:1053A000284611F094FB02B070BD00BFE1840500F7
:1053B000198B0500FD8A050008B5074B1B783BB922
:1053C0000649074840F2463211F07AFD12F0EFFC30
:1053D000044B986808BD00BFE8B20020C332050046
:1053E00045A40500446F002070B58D68CB6005F0C2
:1053F0000305032D4FF0000602D02DB18E6002E0B0
:105400004D688E603DB970BD05490648452211F0D2
:1054100057FD12F0CCFCAC46BDE87040604700BFC1
:105420001E82050045A405002DE9F04F89460E882F
:105430004F6859F8104B4B888BB005460592C6F360
:1054400082168A685FB9C3F30B13C4F34A24C846B3
:105450000493002C40F0A8803EB3A246B4E0B749C4
:105460007F1A47F3CF07002F0ADAC3F30B13C4F3F5
:105470004A24C8460493002C73D1B6B12746ECE702
:10548000AF48401AB7EBD00FEFD2C3F30B13C4F3FE
:105490004A2451F837700493C846002C40F08880A5
:1054A000002EDAD1012F00F02381049B002B00F0A5
:1054B0007E8100273C46DFF8D092DFF8D0B2474427
:1054C000049B0599102B28BF102328469846FFF708
:1054D000A9FD4FF0000A544500F329813A78594656
:1054E0002846FFF78DFD4FF0010A1AF0070F03D190
:1054F00049462846FFF784FDD04540F2498117F818
:105500000A2059462846FFF77BFD0AF1010ABAF145
:10551000100FEAD18B4928464FF0000AFFF770FDC3
:105520005246BA5C884B995C11F0970F08BF2E2247
:1055300086492846FFF764FD0AF1010ABAF1100F07
:1055400000F02B811AF0070F03D149462846FFF7D8
:1055500057FDD0455246E4D849462846FFF750FD4E
:10556000EAE77EBBDFF8E8A1B34698F8037098F845
:10557000003098F801207F0007EB830798F802308D
:105580001F44474400239A4200F2BB80D8F804200D
:1055900008F1080329465046DFF7BAFC002880F2DC
:1055A000BF8040F2A72213E0002EDBD0CA460BE0FA
:1055B000002EFBD1664A674BB346012F14BF9246BB
:1055C0009A46D2E7CA460027042E07D940F24D2258
:1055D0006149624811F074FC12F0E9FB059B03F08D
:1055E00001030893059B03F008030693059B03F44E
:1055F00080730993059B13F0020B07D013F0440F3F
:105600002FD157492846FFF7FBFC8346089B53B12F
:10561000544B554953F82620544B2846002A08BFBE
:105620001A46FFF7EDFC099B002B48D0069B002B88
:105630005CD04F4B4F4953F826202846FFF7E0FC3B
:1056400003469B44BAF1000F57D1049B002B6BD14A
:10565000059BDB0700F1B18005992846FFF7E2FCC6
:10566000A5E0454B18680028CFD0444B4FF47A7B17
:105670001B68B2FBF3F24FF4616CB2FBF0F100FB7C
:105680001122B1FBFCF30BFB02F20CFB13114FF0E8
:105690003C0CB2FBF0FE079300FB1E22B1FBFCF3B7
:1056A0000CFB13110BFB02F20091B2FBF0F2344938
:1056B000CDE901E22846079AFFF7A2FCA5E7069B81
:1056C00093B12B4B2B4953F826202846FFF798FC23
:1056D0000346002FB5D02B4906933A462846FFF7DC
:1056E0008FFC069B0344ACE7069BF2E7069BA8E70A
:1056F000049B002B5BD03746DDE6D046DFF854A094
:1057000033E717F8011B48F821703846CDE9062326
:10571000D7F767FE079B069A01300744013332E74B
:10572000049B002B40D0C84627465C46C3E649464A
:105730002846FFF765FC0AF1010ACCE63C8F04001D
:10574000CC910400AD8205009AA40500AF8205004B
:105750003F7104003D7203004482050045A405002A
:105760007382050034A1040074D904003DBF040015
:1057700020A1040098820500887300208473002013
:105780007C8205009E820500AB820500A382050095
:105790000D492846FFF734FCB7E6049BB3EB08033A
:1057A000474404937FF48CAE002E7FF451AF28461B
:1057B0000BB0BDE8F04F11F098B9044A04492846EF
:1057C000FFF71EFC48E700BFA98205003DBF0400AB
:1057D00074D9040010B5436807481C6810F003FE34
:1057E00030B906490648992211F06AFB12F0DFFA37
:1057F00023685B685C6010BDB08A0400B28205005B
:1058000045A4050008B5EFF31183402383F3128804
:10581000BFF36F8FEFF3108372B600224FF4802135
:105820004FF0005009F09CF9094801224FF48051D3
:1058300009F096F907480122042109F091F94FF087
:1058400080430122C3F80025BFF34F8F20BFFDE73F
:1058500000F003207C7F00202DE9F84F0446084625
:10586000A38B1907164612D4022803F0070162D150
:10587000204611F0FEF888B10138042800F2E380D8
:10588000DFE810F05900E1007A00AA00C500012805
:105890000CBF43F0100143F02001A18304F1140078
:1058A00007F0E0FB002800F0938086F31188BFF337
:1058B0006F8FBDE8F88F03F00702501F01281ED834
:1058C0000020062A2768C4E9000014D13A4603E004
:1058D000E08B0130E0831268002AF9D123F007033E
:1058E00043F00202A283204611F0C3F890B342F0C5
:1058F0002002A2832EE023F007039AB2F2E7042AE3
:1059000032D123F007039AB2A283204611F0B1F8F6
:1059100010B142F02002A283A38B03F0070989454E
:1059200040F09480A18BCA0640F1D48021F010038E
:10593000A38301F00701D4F81880A38BB8F1000FFE
:10594000B9DA0022276823F00703C4E9002243F0F4
:105950000103A383A38B03F00709894577D1002FA7
:10596000E0D00025AA4629E040F21B125E495F48BC
:1059700011F0A6FA12F01BFA11B14FF4AB72F5E771
:10598000236813B940F25712F0E723691D6815B96F
:105990004FF4AD72EAE7A38B23F0070343F006034D
:1059A0009BB2A3830F4688464FF00609A268002ADF
:1059B0004FD1002F50D1002DB4D0BA4643F0080388
:1059C00004F1140BA383584607F04CFB002845D183
:1059D0004FF49A724649CAE7022902D040F25D129A
:1059E000C4E7E78B17B14FF4AF72BFE723695D6877
:1059F00015B940F26112B9E7A38B23F0070343F016
:105A000004039BB2A383B8464FF00409CEE70129F3
:105A100002D04FF4B272A9E7236813B940F26512BD
:105A2000A4E723699D6815B94FF4B4729EE7A38B70
:105A300023F0070343F005039BB20027A383B84676
:105A40004FF00509B2E740F26B128FE700270025FF
:105A5000ACE74FF0010AB1E79246AFE786F3118851
:105A6000BFF36F8FBAF1000F11D11FBB15B12149E0
:105A70002046A847EFF31186402383F31288BFF333
:105A80006F8F584607F0E0FAE0B98822A2E7A168D4
:105A90000029EAD00E680029E7D0D1F804A04346D7
:105AA0004A462046D0471EB1336831461E46F2E7CB
:105AB0003346FAE7394643464A4620463F68FFF7F1
:105AC00093FCD2E7584607F0E3FAA38B23F00803D0
:105AD000A38327E78B067FF5E1AE21F02003A383A4
:105AE00001F00701C4E600BF3ED5040045A405004F
:105AF00062CE0400F95A0300F8B504460D4600F1E1
:105B00001406EFF31187402383F31288BFF36F8FDE
:105B1000304607F099FA30B908490948882211F04F
:105B2000CFF912F044F9304607F0B2FAA5613A46CF
:105B300020460121BDE8F840FFF78EBE62CE04008A
:105B400045A405002DE9F84F0D460446002874D001
:105B50008B6803F00303012B04D0032B6DD14B683A
:105B6000002B6AD04FF0000BC5F80CB0AB68032BCC
:105B700063D804F11409EFF3118A402383F31288E8
:105B8000BFF36F8F484607F05FFA074610B98822C7
:105B90002B492EE0484607F07BFAE38BA68B4FF6A5
:105BA000FF72934206F0070634D0022E09D101336A
:105BB000E383B046484607F055FA88BB4FF49A7223
:105BC000E6E7062E12D8DFE806F0080411110828CF
:105BD00008006FF004080027ECE7C5F800B0636820
:105BE00063B9C4E9005566B1B046F4E715494FF40E
:105BF000E472154811F064F912F0D9F81D6065607F
:105C0000F1E7524602212046FFF726FEB046404605
:105C1000BDE8F88F6FF00A08DDE76FF08508DAE776
:105C20008AF31188BFF36F8F002FF0D00023324624
:105C300029462046FFF7D8FBE9E76FF01508E6E7AD
:105C400062CE04003ED5040045A405002DE9F843CA
:105C5000074615461C4690461E46EFF31189402321
:105C600083F31288BFF36F8F1E4807F0EDF930B948
:105C700088221D491D4811F023F912F098F819489F
:105C800007F006FAB4F1FF3F08BFB5F1FF3F06D1B8
:105C9000144807F0E7F9F8B94FF49A72E9E7002CD5
:105CA0000ADB012D74F100042A46BCBF0122002644
:105CB00012F1FF3846F1FF3638460BF09DFADDE968
:105CC0000823C7E90A2300233B634246334638468C
:105CD00007490BF0A3F9DBE789F31188BFF36F8F56
:105CE000BDE8F8839C73002062CE040045A4050043
:105CF000D917040070B504460BF07EFA00283CD199
:105D0000636A0BB120469847EFF31186402383F373
:105D10001288BFF36F8F194807F096F930B98822BF
:105D20001749184811F0CCF812F041F8134807F061
:105D3000AFF954F8185FA54206D1104807F092F960
:105D4000B8B94FF49A72EBE7002DF6D0284608F068
:105D500061FC0A4807F086F90028F2D086F3118822
:105D6000BFF36F8F28460BF0C1FBBDE8704008F011
:105D700095BC86F31188BFF36F8F70BD406F002014
:105D800062CE040045A405002DE9F04F804C636A03
:105D900085B09842009000F2F88000252F460195CA
:105DA000EFF311830293402383F31288BFF36F8FC5
:105DB000784807F049F9064640B98822764977487D
:105DC00011F07EF811F0F3FF4746E9E7714807F05C
:105DD0005FF96DB12A463946204611F088F8D4F8AB
:105DE0000080404525D12369276023F00803236103
:105DF0002269D4F8008012F0080527D0009B6BB30D
:105E00004FF00009D4F80CA0D4F820B01BF82A10E9
:105E100001F0030102290BEB8A0750D15BF82A102D
:105E200089084CD0204611F070F8E368A360002583
:105E300043E0226AAB0043F0020342F827302046D9
:105E400061682A4611F053F86060D1E7E36898452D
:105E50002AD2A3EB0809009B4B45D3D8236A03EB56
:105E60008802019213F8282022F0030203F8282068
:105E700020462168009A11F03AF8E36820609842C1
:105E800008BF23694FF0000508BF43F00803B84678
:105E900008BF23612F462E463E4807F0E3F800284E
:105EA00061D14FF49A7289E7606A009BA0EB080009
:105EB0008342D3D908F076F9B8462F46ECE712F0C2
:105EC00002054AD0E269384690471BF82A2012F0B2
:105ED0000106054644D012F002021DD0B9F1000FB0
:105EE00002D0484608F05EF961682A46204610F064
:105EF000FEFFD4E902319942606005D124482A4668
:105F000010F0F5FF0026A060A3682360E36023691A
:105F100043F0080323618AE701462046039210F00C
:105F2000F4FFE168A160B9F1000F04D02068216A94
:105F3000039A41F820204D4421682A46204610F05B
:105F4000D6FF2269206042F0080222611BF82A2055
:105F50006FF300020BF82A209EE72F462E469BE7A0
:105F60003546374698E7029B83F31188BFF36F8F5E
:105F700027B1A36913B1394620469847002E7FF414
:105F800023AF019805B0BDE8F08F00230193F8E737
:105F9000240800203808002062CE040045A4050033
:105FA0002DE9F041B5EEC00AF1EE10FA2DED028BAD
:105FB000DFED427AB0EE408A07464CD9B4EE670A6C
:105FC000F1EE10FA4CD0B7EE007AC7EE007A012657
:105FD000FDEEE77A17EE903A642B44DC322B46DC78
:105FE000192B48DC012B4ADD9FED358A3346DFF85B
:105FF000048146EA03151A0198F80030AB4259D0E3
:1060000042F008020B210120EFF7BAF8044638B934
:1060100046F040020A210120EFF7B2F8044690B39F
:106020000820FFF7B1FE48B1264B4361264B836140
:1060300003230374002343748374C37423494FF40C
:10604000C25209F0F7F8FF2388F80030BDEC028B4C
:106050002046BDE8F08100260423B0EE678AC6E73B
:1060600000260423C3E79FED1A8A0423BFE79FEDB0
:10607000198A0323BBE79FED188A0223B7E70023A1
:10608000B0EE478AB3E7154B88F800500020002196
:10609000C3E90001124B1C70124B1C70124B1C7098
:1060A00046B1DFED127A124B68EE277AFDEEE77A01
:1060B000C3ED007A87ED008A0024C7E70000807FE7
:1060C000CDCCCC3DA2EF0400688B0500CC8F040042
:1060D0000AD7A33B0AD7233C0AD7A33C9838002011
:1060E00004B3002003B3002002B3002000007A4470
:1060F00074040020F00700202DE9F347774D2C7839
:106100000746002C7FD0764A137833B100232B70DA
:106110001370002002B0BDE8F087724E8DF8003099
:10612000D6E9003213F10A0A42F100089DF8003066
:1061300013F001091DD000200021002213F00203FA
:106140002A70C6E90001684D46D02C787CB906203B
:10615000FFF71AFE30B1654B4361022303744474A8
:106160008474C47462494FF4865209F063F80123C1
:106170001CE06A4609210120EEF7ECFF0446B8B1A5
:106180000820FFF701FE58B15A4B43615A4B836117
:106190000323037480F8119080F8129080F8139014
:1061A0004FF4C252524909F045F800232B70B0E772
:1061B0000FF087FF504571EB0801B7DB0620FFF7B2
:1061C000E3FD30B14D4B4361022303744474847486
:1061D000C4744FF48452E5E72B70012106236A460C
:1061E0000846EEF7A1FFA0B30820FFF7CDFD18B3D6
:1061F000404B4361404B836103230374002343748A
:106200008374C37418E03E4B5B78022BE5D06A467A
:10621000092101208DF80040EEF79CFF90B1082085
:10622000FFF7B2FD40B1334B4361334B836103232E
:10623000037444748474C4742D494FF4C25208F03A
:10624000F9FF66E79DF8003003F00303012BC4D08B
:106250005FE7DFF8BC802B4E0FF033FF98F800307B
:1062600004460D464BB328490622684612F034FB1B
:1062700018BB264BD6E900201B68B4EB02094FF08F
:106280000A0193FBF1F1194465EB000C4FEAE17E42
:1062900089457CEB0E0CFFF63CAF9A1840EBE3719E
:1062A0004FEA430EB4EB020C65EB010043F380733D
:1062B000E6458341A4BF14460D46134B0098BDF834
:1062C00004201860C6E900456846012439469A80D2
:1062D00088F80040FEF7D4FD20461BE704B30020F9
:1062E00003B300209838002005B30020DB7B0500B5
:1062F000CC8F0400A2EF04005B8B0500C07B05007F
:10630000D0B200209038002031B300207404002067
:1063100002B3002008B50820FFF736FD48B1084B4E
:106320004361084B83610323037400234374837424
:10633000C374BDE8084004494FF4C25208F07ABF64
:10634000A2EF04004E8B0500CC8F040008B5082096
:10635000FFF71AFD48B1084B4361084B83610323E3
:106360000374002343748374C374BDE80840044974
:106370004FF4C25208F05EBFA2EF04003E8B05004E
:10638000CC8F040010B542220A210120EEF7F8FE5E
:106390000B4BFF221A70021E0A4B18BF01221A7003
:1063A000094B01221A7004460FF08BFE074BC3E91C
:1063B00000011CB1BDE81040FFF7C8BF10BD00BF11
:1063C000F007002003B3002004B300209838002019
:1063D00008B50820FFF7D8FC48B1094B4361094BC9
:1063E000836103230374002343748374C3740649D5
:1063F0004FF4C25208F01EFF6FF00C0008BD00BF42
:10640000FAE40400258B0500AC900400F8B50546BD
:1064100008200F461646FFF7B7FC48B1724B4361A0
:10642000724B836103230374002343748374C37426
:106430006F494FF4C25208F0FDFE6E4B9B6ADB06BB
:1064400063D50820FFF7A0FC48B16B4B4361674B55
:10645000836103230374002343748374C374644906
:106460004FF4C25208F0E6FE1120624B9B6A1C07F3
:1064700013D50820FFF788FC48B1604B43615B4BA4
:10648000836103230374002343748374C3745849E2
:106490004FF4C25208F0CEFE1220564B9B6A990769
:1064A00035D50820FFF770FC48B1554B43614F4B81
:1064B000836103230374002343748374C3744FF410
:1064C000C2524B4908F0B6FE4A4B5C6B9B6A1A06F7
:1064D0007BD50820FFF758FC50B14A4B4361434B32
:1064E000C0E9063404230374002343748374C37423
:1064F0003F494FF4015208F09DFE27B13D4A936A8F
:1065000023F080039362132003E01020ADE76FF0C7
:106510001504384B9B6ADB0713D50820FFF734FCC2
:1065200048B1394B4361314B83610323037400232A
:1065300043748374C3742E494FF4C25208F07AFE38
:1065400014202C4B9B6A9F0613D50820FFF71CFCD8
:1065500048B12E4B4361254B836103230374002311
:1065600043748374C37422494FF4C25208F062FE2C
:106570001520204B9A6AD10602D49A6A920715D543
:106580005B681F0512D5224B9B680BB314F1160FE5
:10659000D3F8943005D0A3F18002944218D39C42E2
:1065A00016D29D4214D283F309880220114B9A6AB5
:1065B000920642BF5A6A22F400525A629A6A42F024
:1065C000FF029A6200233370F8BD6FF015049AE75A
:1065D000084B9B6AD906E9D50E490F4840F22712AD
:1065E00010F06EFC11F0E3FBF0820500A18A0500BB
:1065F000FC90040000ED00E00A83050041830500E3
:1066000058830500748305008E830500B18305005F
:10661000446F0020E483050045A4050010B504463E
:106620000820FFF7B1FB50B1094B4361094BC0E9AA
:10663000063404230374002343748374C37406492B
:106640004FF4015208F0F6FD6FF0150010BD00BFC9
:1066500016840500548A0500F4900400F8B54768D4
:10666000056938680FF0BFFE0446A8B90820FFF797
:106670008BFB40B1284B4361284B83610323037498
:1066800044748474C47426494FF4C25208F0D2FD95
:106690006FF012042046F8BD386883681B6898477D
:1066A000041E14DA0820FFF76FFB50B11D4B436145
:1066B0001A4BC0E906340423037400234374837423
:1066C000C37417494FF4015208F0B4FDE2E7D7E96B
:1066D00001631E44A64217D90A20FFF755FB58B1A3
:1066E000114B43610D4B0462C0E906360523037468
:1066F000002343748374C37409494FF4215208F092
:1067000099FD6FF01504C5E72B1D0024C5E903446E
:10671000C5E90133BEE700BF408405002F8A0500AC
:10672000349104005F840500858405002DE9F74F4E
:106730000E464979357915F0200224D096F8069056
:10674000B9F17F0F08BF4FF0FF0905F01F05072DB6
:106750001CD90820FFF718FB50B19B4B43619B4BA2
:10676000C0E9063504230374002343748374C3749F
:106770004FF40152964908F05DFD6FF01504204674
:1067800003B0BDE8F08F4FF0FF09DEE734780C2C42
:106790001ED8DFE804F00808081D071D151D1D1789
:1067A000191D1B0003247378032B22D0042B36D031
:1067B0000820FFF7E9FAC8B1864B4361864B0EE02B
:1067C0000424F0E70524EEE70624ECE70724EAE7D3
:1067D0000820FFF7D9FA48B1804B4361804B8361B1
:1067E00003230374002343748374C3744FF4C252AD
:1067F000C0E701230093738844F20A00834263D800
:1068000043F6FE7083420CD8002B6CD00820FFF7B3
:10681000BBFA0028EAD0734B4361734BDFE70023D8
:10682000E8E7A3F57F533F3B0B2BEFD801A050F8CF
:1068300023F000BFF36803000D6803000D68030038
:106840000D680300656803000D680300C36803005A
:106850000D6803000D6803000D6803000D68030058
:10686000E76803004FF0000B60484FF0010808FA9A
:1068700005F790F85030FFB2002A42D096F806C0D3
:10688000BCF17F0F38D13B4380F85030337990F81A
:1068900051C003F01F0308FA03F343EA0C03DBB211
:1068A00080F851304FF00008DFF850A19AF82E30F0
:1068B000A3BB4FF4EA724E494E4810F001FB11F0B1
:1068C00076FA4FF0010BCFE744F2140083420DD06B
:1068D00044F2280083420CD044F20F00834295D149
:1068E0004FF0030BC0E74FF0020BBDE74FF0040B76
:1068F000BAE74FF0050BB7E723EA070380F85030FB
:10690000D2E73B4380F85030337903F01F0308FA95
:1069100003F890F8513023EA0803C1E7019106F02B
:1069200053FB00284DD10199FF2901D1E622C2E78E
:10693000084602F061F8D0B96FF0150435790A20E5
:1069400005F01F05FFF720FA58B12B4B43611F4B91
:106950000462C0E90635052303740023437483747D
:10696000C3741B494FF4215208F064FC07E705F19A
:106970000C030AEB43018871B8F1000F1FD04846A1
:10698000019302F039F8019B0028D5D00AEB4303AC
:106990002402D871009B2D0144EA033405F180459F
:1069A00044EA0B4405F5E04544EA0854C5F81845A7
:1069B0009AF830301F438AF830700024DFE64046F2
:1069C000E4E76FF00F04B9E7C9840500188A0500F1
:1069D000DC8F040007850500FD890500E4840500BF
:1069E000F48905002F8505000B8A0500780000203A
:1069F0005E85050045A405009B85050034730020D5
:106A000070B5C4697CB10C4D22796D5CAA420DD081
:106A10000A4E735C93420CD1A3689847002801DBAF
:106A20002571002070BD6FF05700FBE76FF0770015
:106A3000F8E76FF08500F5E7F98A0500F58A0500AB
:106A400038B543681C68074B65681979012902D17C
:106A50000548FFF7D5FF01232B752068BDE83840B6
:106A600010F043B840010020B08A040038B50C4C47
:106A70000D460023227882420AD00133052B04F10F
:106A80001004F7D16FF0010038BD2C600020FBE747
:106A9000E0680FF0A8FC0028F7D16FF01200F3E7D0
:106AA00060A0040040F6CD43F7B5C018224A41F17A
:106AB00000034FF0FF340021156845B1D2E90265AB
:106AC000864275EB0307BEBF0C4630462B460131AC
:106AD000092902F11802EFD1184A0128546373F111
:106AE00000026FF0010222DB82426FF0004474EB7F
:106AF0000301BCBF104623464FF0FF31121A61EB71
:106B000003034FF0FF304FF0FF31CDE900010B4898
:106B1000FFF79CF80A4B1B7863B10A4B18680A4BC5
:106B200019688368DB6803B0BDE8F04018474FF090
:106B3000FF33E6E703B0F0BD783600205037002081
:106B4000FCB20020307200202C72002010B5406B87
:106B5000431C05D0182309494343CA18CB582BB905
:106B600007F076FEBDE81040FFF79CBF53691BB1EC
:106B7000BDE810401169184707F05AFA783600202E
:106B800008282DE9F041044626D807F0FDFD07F05E
:106B90005FFE18225443124B53F804E01F190024DF
:106BA0004FF4004C05460E4640F2E73021464FF4C4
:106BB0007A720023EEFB0C01D6F714FA401946EB6B
:106BC0000101C7E9020128463146FFF76BFF0BF0D0
:106BD00047FA2046BDE8F0816FF01500FAE700BFE4
:106BE00078360020054B9A699B689A421FBF044A79
:106BF000536843F080535360704700BF446F0020D8
:106C000000ED00E008B5EFF30583064A103B02EB08
:106C1000C30152F8330049688847BDE80840FFF7D0
:106C2000E1BF00BF20A7050072B6002383F31388DD
:106C30001B49D1F890201846C2F307229A4228DC5B
:106C4000184B4FF0FF32C3F88020C3F88420C3F8FC
:106C50008820C3F88C20C3F89020C3F89420C3F890
:106C60009820C3F89C20C3F88021C3F88421C3F87E
:106C70008821C3F88C21C3F89021C3F89421C3F86C
:106C80009821C3F89C2162B6BFF34F8FBFF36F8F7B
:106C90007047C1F89830C1F8A0000133CEE700BFBB
:106CA00000ED00E000E100E0002807DB044A4109B4
:106CB000012300F01F00834042F82130704700BFDD
:106CC00000E100E000280CDB4309064900F01F004A
:106CD00020330122824041F82320BFF34F8FBFF3BE
:106CE0006F8F704700E100E00028ACBF00F160400A
:106CF000064B4FEA4111ACBF00F5614000F00F00B8
:106D0000C9B2B4BF195480F80013704714ED00E005
:106D100008B5027B12F0020F0346254A03D190F812
:106D2000ED10C90629D4516B41F080415163D3F86D
:106D3000EC2010075CBF42F00802C3F8EC201A7B7D
:106D400042F002021A73D3F894301A48803B036071
:106D5000194B8022C0E90123184B0022197808F052
:106D60007BFB10F1160F15D0154A0021D2F8903098
:106D7000C3F30723984215DB08BD516B21F0804116
:106D80005163D0F8EC20110744BF22F00802C0F88C
:106D9000EC20D8E70B490C4840F2A71210F090F80D
:106DA00011F005F8C2F89800C2F8A0100130DDE734
:106DB00000EF00E07873002000000B152EB30020D8
:106DC00000ED00E0BF85050045A4050010B40F4CA0
:106DD000D4F89030C3F30723013B984203D95DF800
:106DE000044BFFF71BBCC4F898000B6823F01F038B
:106DF000034343F01003C4F89C308B6843F0010355
:106E0000C4F8A0305DF8044B704700BF00ED00E00F
:106E10002DE9FF48B04AB14B22F07F029A60BFF3E0
:106E20004F8FBFF36F8FD3F8882022F47002C3F81E
:106E30008820D3F8882042F4A002C3F888204FF0BD
:106E40004042C3F83422BFF34F8FBFF36F8F00244B
:106E5000E1EE104AA248A34A2146121A11F0E4FBBF
:106E6000A148A24AA249121A11F0B6FBA148A24AAF
:106E7000A249121A11F0B0FB60B202210134FFF7EF
:106E800033FF302CF8D1002007F0E2FA9C4F87F353
:106E90000888924B5A6942F400725A61E02283F8E2
:106EA00022202022DA7700221A765A769A7683F800
:106EB0002020596A41F4E021596283F8232059695E
:106EC00041F010015961596921F008015961102000
:106ED0004FF0FF3118619962D962D3F89010090A16
:106EE00011F0FE0F07D140F20122864986480FF0CB
:106EF000E7FF10F05CFFBFF35F8F8449C3F8942075
:106F0000C3F89820C3F89C00C3F8A0100121C3F86F
:106F100098107F49C3F89C107E4C7F49C3F8A0109D
:106F200002212170D3F89000C0F3072081420FDBCB
:106F30000522C3F89420BFF34F8FBFF36F8FD3F8B0
:106F40009030C3F30723082B08D040F27322CCE71C
:106F5000C3F89810C3F8A0200131E3E721786F4807
:106F6000012208F079FA2070163002D14FF4C47271
:106F7000BBE76B4B6B4A00241C706B4B1C606B4B6C
:106F80001C606B4B1A606B4B01251D606A4B4FF404
:106F900000421A60694B18222146184611F044FB42
:106FA000674AC261674A8261674A02624FF480623F
:106FB000C0E909240322026100F12C02C0E90B227E
:106FC000624B634A63491060C0E90D4518468B4225
:106FD0000AD9614940F2271288E71A1A5C6812112F
:106FE000013222711033F2E7F7D35C4B5C4C40F274
:106FF00001129A810022C3E925225A4AC3F8A0202F
:10700000A360594A594B934204D95949CC226DE7A0
:107010002033F8E7FCD3012007F01AFA022007F02A
:1070200017FA544B544EDFF868A1A661C4E9073340
:1070300000254FF0010B514B514905934FF400626D
:107040005346CDE9035BCDE901550095304607F085
:1070500067FA737BDFF83C8123F0040381463046F6
:1070600073730AF043FA474B4749CDE904B30F2342
:10707000CDE90253CDE90045444B4FF4C072404680
:1070800007F04EFA98F80D30C4F80C8023F0040392
:1070900088F80D3025746760E1EE105AEFF3148321
:1070A00023F0040383F31488BFF36F8FBFF36F8F54
:1070B0003046A660FFF72CFE544689F3098800206D
:1070C000034B98472046002100220023014C204713
:1070D00043700400DB6E040000C2000000ED00E01D
:1070E000E0090020B8B8002000000020E0090020DE
:1070F000A0A805000000002000000020A0A80500B6
:10710000800F0120BF85050045A40500270002026D
:10711000110000202EB3002023000B11F0A004006A
:107120002FB300203F6B040098730020947300205D
:10713000700400208473002088730020240800203D
:10714000AB6A0400A1720300E8380020CC9104006F
:1071500090730020DC910400EE850500702C002067
:10716000446F002064080020508C0400508A040002
:107170001B860500606F0020E84800203C86050063
:1071800080FE00204186050080FC0020B5E403005D
:107190000D210400602D002008B505480FF07AFE8F
:1071A000002383F31188BFF36F8F0423184602DF97
:1071B00046860500BFF34F8F0549064BCA6802F4A7
:1071C000E0621343CB60BFF34F8F00BFFDE700BF0A
:1071D00000ED00E00400FA0510B5094C0A449142A4
:1071E00000D110BD11F8013B584003090001E35CD8
:1071F000C0B2434018091B01205CDBB25840EEE7E7
:107200003E8A050030B50C4DC0430A4411F8013BDD
:1072100083EA000404F00F048A4255F8244084EA0B
:10722000101080EA131303F00F0355F8233083EA9C
:107230001010EBD1C04330BDB0A0040038B54B688E
:107240001A68CB689A4205460C4602D108460FF0F0
:107250004CFC60680EF001FFA3681D5463681A6857
:10726000E3689A4206D90449044872220FF028FEC6
:1072700010F09DFD002038BD4482050045A40500A6
:1072800010B5064C20460EF0E8FE18B9BDE81040D7
:1072900008F0A6B86FF00F03636210BD78000020FD
:1072A00008B507480EF0D9FE06480FF058FE06480C
:1072B000FEF720FDBDE8084004480EF028BF00BFDF
:1072C0009873002094730020D04A002068090020A1
:1072D00010B5044C237813B903480EF018FF0123AE
:1072E000237010BD30B30020680900202DE9F84359
:1072F000174F044606464FF0010814B93046BDE862
:10730000F88394FAA4F0B0FA80F008FA00F30501CB
:1073100007EB00106FEA030924EA0304037B002B48
:10732000EBD07B591B6973B97B1904205A68D07163
:1073300011685A6811605B6883F8058006EA0906DF
:10734000FFF7C6FFD9E798470028D6D1ECE700BF82
:10735000CC91040001480EF0DABE00BF680900209D
:107360002DE9F047874B1878002800F00981864FF7
:107370004FF00008A7F11405EFF31189402383F3C0
:107380001288BFF36F8F384605F05EFE064630B9AF
:1073900088227E497E480FF093FD10F008FD3846A4
:1073A00005F076FE2B69A968180702D46B688B423A
:1073B00000D26B6A5B1A002B36D0286A10F8213095
:1073C00013F0030200EB810431D0022A04D150F8FB
:1073D00021205FEA920A05D1DA0715D4EB6920462D
:1073E00098478246A968524628460FF080FD5146CC
:1073F000A86028460FF089FDB046384605F032FEF9
:10740000B8B94FF49A72C4E743F0020300F8213090
:107410002046EB69AE6898473146024628460FF091
:1074200066FD0026A860E8E71E463446E5E71646F6
:10743000FBE789F31188BFF36F8F002E9CD1B8F161
:10744000000F1CD03CB1534D534EB54224D94FF4DC
:10745000007252499EE752480EF059FE514D524C6F
:107460002B68002B66DCD4E9003213F57A7342F105
:107470000002C4E90032BDE8F04707F0ADBD002CC2
:10748000ECD0E0E76B685B7923B12B6821461B6881
:10749000284698471035D8E7F4D3444B1D6820465A
:1074A000EB69984705F114070646EFF3118840236E
:1074B00083F31288BFF36F8F384605F0C5FD0028AF
:1074C0003FF466AF384605F0E3FD23786FF3000321
:1074D00023702B699B0705D5EA682B6A03EB8203AF
:1074E0009C4222D123786FF341032370D5E9023106
:1074F000994204D1324628460FF0F9FCA860314683
:1075000028460FF002FD384605F0ACFD00283FF498
:1075100078AF88F31188BFF36F8F05F12C000EF060
:10752000F6FD23480FF01BFD98E7236866F39F03E1
:107530002360E8E70EF0C5FDD4E90032C01A40F23E
:10754000E93361EB0201984271F100018BD32846C7
:1075500000210EF095FD0F4D0F4F0646BD4202D99A
:107560004FF4037275E7BFF47EAF6B685B792BB1A4
:107570002B685B6813B13146284698471035EDE714
:10758000BDE8F08730B300203808002062CE040048
:1075900045A40500CC910400DC910400EE850500B3
:1075A0005008002098730020C84A002090730020E3
:1075B00094730020DFF8B490264BA9EB03031B095A
:1075C00080B507D140F2A932234924480FF078FC56
:1075D00010F0EDFB002007F0D3FD044630B340F27D
:1075E00067650026FDF7E8FE1D4B186030B11D4BA6
:1075F0001B68092B02DD1C480EF089FDDFF868A02E
:1076000000273CB12046FFF771FE044610B94FF049
:10761000FF352E46FFF7A4FE804628B957B92A4603
:10762000334650460EF071FD4746EAE74FF0FF350E
:107630002E46D7E7074F08E0F1D23B689B691BB1A4
:10764000002211463846984710374F45F4D940F28A
:107650009D32B9E7CC910400EE85050045A40500F4
:107660008C7300209473002068090020DC910400D2
:107670002DE9804885B0064600AF0C46002900F091
:10768000A6800A20D1E900988D68FEF77DFB60B1E5
:10769000AB4B4361AB4BC0E90885C0E90639062313
:1076A0000374002343748374C374A7494FF4415295
:1076B00007F0C0FD0A20D4E903986569FEF764FB72
:1076C00060B1A24B43619F4BC0E90885C0E9063910
:1076D00006230374002343748374C3749A494FF4DC
:1076E000415207F0A7FD0820E569FEF74DFB50B1B8
:1076F000974B4361934BC0E9063504230374002381
:1077000043748374C3749049DFF8A092DFF834A205
:107710004FF4015207F08EFDA0460025D8F8201046
:10772000D8F82420D8F82830D8F82CB07960102068
:10773000BA60FB60FEF728FBA8B1FB680363EB1C93
:107740007968BA680162C0E90D3BC0E9059A0B236C
:10775000691C82620374AA1C0023C5614162C26273
:1077600043748374C374784945F64002043507F0C6
:1077700061FD102D08F11008D0D10820256EFEF70C
:1077800003FB50B1734B43616E4BC0E906350423D4
:107790000374002343748374C3746B494FF4015220
:1077A00007F048FD0820A569FEF7EEFA50B16A4BD4
:1077B0004361644BC0E9063504230374002343741A
:1077C0008374C37460494FF4015207F033FD012EF6
:1077D000624D40F08180EFF305880820FEF7D4FA6F
:1077E00060B15F4B43615F4B8361A8F11003C361DC
:1077F00004230374002343748374C37452494FF405
:10780000015207F017FDEFF31183402383F3128831
:10781000BFF36F8FD5F80880534B53F82630297C7F
:10782000E9468CB06A46514D51485061C2E9083171
:1078300040F2024313854F4B4348C2E906564FF4CA
:10784000515142F8103F08F03DFCCD46ACB1E36920
:10785000C3F308038BB10820FEF796FA40B1464BFC
:10786000C0E9053503230374002343748374C37490
:1078700035494FF4C25207F0DDFCB8F1000F38D0A3
:1078800098F86D30002B34D008F16D036C468AB047
:107890006A463A492C48C2E9078340F2024393847E
:1078A000374BC2E9051542F8103F4FF4315108F04B
:1078B00009FCA546334D2B786BBB012007F060FC1B
:1078C000314C324EB4421FD93149324840F2C512D0
:1078D0000FF0F6FA10F06BFAEFF31183402383F305
:1078E0001288BFF36F8F042ED5F8088094D92A4BE5
:1078F00095E72A4BCAE763685B791BB1236820468A
:107900009B6898471034DDE7F5D3FFF729FD002881
:10791000FBD101232B700820FEF736FA48B1204B2B
:107920004361204B836103230374002343748374F6
:10793000C3741D494FF4C25207F07CFCFFF73AFCB8
:107940005D860500B28A0500FC9004009086050063
:10795000C38605001D87050030870500446F0020A1
:1079600062870500E38A0500FCA00400D58A0500B3
:107970007987050006000001A5870500CA87050074
:10798000050000012FB30020CC910400DC9104001D
:10799000EE85050045A405004F86050079CA040060
:1079A000E6870500BB8A05008C900400D68605009A
:1079B0002DE9F041A24B9CB05C6800AF0546C4F3D2
:1079C0000803002686F31188BFF36F8F02F07F4013
:1079D000B0F17F4F14D102F00C00082818D1FEF747
:1079E000D3F940B1974B4361974B836103230374F1
:1079F00046748674C67495494FF4C25207F01AFC57
:107A000040F21442924993480FF05AFA10F0CFF91D
:107A100012074CBF0D460126002DF1D00022FA714D
:107A2000DA1E092A00F2E580DFE812F00A00CC0035
:107A3000CF00C300E300E300E300E300E300D20073
:107A40000820FEF7A1F948B1834B4361834B836162
:107A500003230374002343748374C3747B494FF47A
:107A6000C25207F0E7FB4FF00008754B87F807801C
:107A7000DC6A14F0020416D00820FEF785F958B12C
:107A8000774B4361754B83610323037480F8118046
:107A900080F8128080F813806C494FF4C25207F0CE
:107AA000C9FB002449E0DA6A002A0EDA0820FEF752
:107AB0006BF90028F0D06B4B4361684B8361032363
:107AC000037444748474C474E6E7DB6A5B0076D59F
:107AD0000820FEF759F940B1634B43615F4B836166
:107AE0000323037444748474C47458494FF4C25219
:107AF00007F0A0FB524BA9695A6942F480725A619F
:107B0000BFF34F8FBFF36F8F5A6931F8021C22F415
:107B100080725A61BFF34F8FBFF36F8F4DF60272C1
:107B2000914223D108202C68FEF72EF940BB47492B
:107B30004FF4015207F07EFB2C68FB79002B7AD1C1
:107B40006822294607F1080010F046FD7B6A002EE6
:107B50006CD0C3F3080222B96FEA53236FEA4323C0
:107B60007B6207F108012046FFF782FD9A6AD2B2D4
:107B700092B1FA1D01212846FEF748FC0446DCE7D5
:107B80003A4B4361354BC0E90634042303740023A8
:107B900043748374C374CAE79A6A12F47F4F04D0A3
:107BA000F91D012007F05EFDE8E79B6AB3F5803F11
:107BB00002D307F093FCE1E740F2ED2222E74FF415
:107BC0003C721FE7FA1D0021D5E7F91D0020E9E707
:107BD0000820FEF7D9F800283FF45EAF244B43613C
:107BE000244B836103230374002343748374C3749D
:107BF00052E7214A214914F4F87F6C468AB018BF35
:107C000011466A461E485061103B13621D4840F2FF
:107C1000013393841C4BC2E9060142F8103F0B4824
:107C20004FF4315108F04EFAA5463AE723F4FF73BA
:107C300023F0010394E77037BD46BDE8F08100BF33
:107C400000ED00E0298805006D8A0500FC90040025
:107C5000E483050045A4050058880500758A0500E1
:107C60007388050098880500AA880500CD8805005E
:107C7000ED880500808A050010880500FB87050057
:107C8000158905008E8A05000500000137B50C46F0
:107C90000A490B4A411A40230093491105462346DD
:107CA00008480FF066FA011E05DA2846234603B09D
:107CB000BDE83040184703B030BD00BF344C002051
:107CC000DB710400508A0400014B00201B68184738
:107CD000E8740020014B1B68184700BFE8740020BF
:107CE0000029036909DC1B6823B943689968044BC0
:107CF000B3FBF1F31360002070476FF0150070477D
:107D000000CA9A3B024B0B6001231360704700BF0F
:107D1000B87400200048704778A90400074B01227E
:107D2000C3E90033C3E902224FF08052044B51698A
:107D3000196012695A600020704700BFC0740020AB
:107D4000B8740020B0F5A47F09D1054B1A68D2F8A9
:107D5000003223F4806323F00403C2F8003270473A
:107D6000F40400200A4B0B481A7801239340C0F812
:107D70000835D30003F1804303F5F83302F511729F
:107D80000021C3F81015C3F8141540F822107047ED
:107D9000D9B3002000F001400F4B1A780F4B1B782D
:107DA000012101FA02F09940D200DB00014302F107
:107DB00080420B4803F1804302F5F83203F5F833B3
:107DC000C0F808150021C2F81015C2F81415C3F840
:107DD0001015C3F81415704742B3002041B30020BA
:107DE00000F00140024AD2F80034002BFBD070476B
:107DF00000E001404FF08053D3F83021082A06D12B
:107E0000D3F83431052B02D8024AD05C70470020E9
:107E1000704700BFB5940500034A430900F01F00F6
:107E2000D35C1844C0B27047A5940500034611F016
:107E3000010030B5CCB213D1A207C4F3400020D565
:107E4000124AD2F8200558604FF08053C2F820053E
:107E5000D3F83031082B15D0003818BF012010E0BE
:107E60004FF0A0414FF08055D1F820251A60C1F89D
:107E70002025D5F83051082D08BFD1F82015002A4B
:107E8000DAD030BDD2F82035E6E700BF000300505D
:107E900038B505460A200C46FDF776FF58B10A4B67
:107EA00043610A4B0462C0E90635052303740023CD
:107EB00043748374C37406494FF4215207F0BAF92E
:107EC0006FF0150038BD00BF778B0500B595050034
:107ED000A49004004FF08053D3F83031082B20D108
:107EE0004FF08042D2F81015CB071AD5D2F81035D2
:107EF00001F01E0123F01F030B43C2F81035D2F826
:107F000008315BB1D2F8103523F01F030B4343F067
:107F10000103C2F810356FF08B007047024B01224D
:107F20001A700020704700BFDBB300204FF0804282
:107F3000D2F81015D2F8103501F01E0123F01F03FE
:107F40000B4343F00103C2F81035024B00221A70B4
:107F5000704700BFDBB300202DE9F0410B4E0C4F02
:107F60000C464FF001080CB9BDE8F08194FAA4F575
:107F7000B5FA85F52B1D56F8233013B1294638463E
:107F8000984708FA05F524EA0504ECE7FC0300200D
:107F9000D08A0400F8B50F4D2B68D3F804430126AE
:107FA000002704B9F8BD94FAA4F3B3FA83F3980058
:107FB00006FA03F300F5807024EA03042B681A58CC
:107FC000002AEED01F501B586B68002BE9D0A9681F
:107FD0009847E6E7F404002080B500AF8AB0036854
:107FE0006A460A4951610A490A48C2E9061340F241
:107FF00001331384084B42F8103F4FF4115108F03D
:1080000061F86FF00400BD4680BD00BF988B05008D
:10801000E4950500DC8F04000400000138B5044637
:108020000D46082005F08AF93DB9202005F086F9B3
:10803000BDE83840082005F081B90A480EF02AFF53
:108040002544EDB2607804F8010B05F077F9E3B24E
:10805000AB42F7D1202005F071F9BDE83840024865
:108060000EF018BFBC8B0500C08B0500002810B5B2
:108070001A491B4840F2044408BF4FF48064D4F707
:108080009BF9C0B9D4F78CF9164B17491A78D3006D
:1080900003F1804303F5F833C3F810151349C3F80F
:1080A000141501239340124AC2F80435114B1B6882
:1080B000C3F8004210BD104BDB7C002B0B4B0CBFF8
:1080C00081222822C3F848250022C3F84821D3F88A
:1080D00048214FF48022C3F80423E7E7C4040020BA
:1080E000DC040020D9B300201841014000A000406A
:1080F00000F00140F40400206C7400201FB5002241
:108100000123CDE90223094ACDF800D06B46CDF812
:1081100004D00FF05BF8002805DB4FF48042002309
:1081200068460DF0F2FF05B05DF804FB49790400E4
:1081300008B506480EF057F920B105480AF0A6FD2B
:10814000002008BD6FF01200FBE700BFB08A0400FA
:10815000D57504000D4B1868010A0006BFF35F8F48
:108160000B4BD3F80435181841F10001B3F5801F0B
:108170000AD2084BD3E90023904271EB030303D2E8
:1081800010F1807041F10001704700BFAC74002015
:1081900000100140284B00204FF08053D3F83021CD
:1081A000082A06D1D3F83431052B02D8024AD05C14
:1081B00070470020704700BFD39405001FB50446E8
:1081C0000D220021684610F02FFA0A4B00930A4B4B
:1081D0005B7CE0B2013B8DF808008DF809008DF85A
:1081E0000A30684601238DF80B3005F045FF04B0D6
:1081F00010BD00BF00010100AC040020F8B5424DE5
:10820000424C012004F07CFFFFF7ACFDEB7C33B166
:10821000236801225A60DA600022C3F80022D4F7F2
:10822000D7F83B493B483C4ED4F7CCF823683B4950
:10823000D3F8002222F4806222F00402C3F8002264
:1082400040F21312C6F80022354A12680D32C1F806
:108250004025EA7C002AAA890CBF81202820121A16
:10826000C1F84425002740F20222C3F80022C3F8D7
:108270004071D3F84021C3F84471D3F84431294BFD
:1082800029481B78DA0002F1804202F5F832A1F5A4
:108290000E41FC39C2F8101501F50F410C31C2F83E
:1082A0001415224A1178CA0002F1804202F5F83210
:1082B000C2F81005A0F511403038C2F814050122AB
:1082C00002FA03F38A401343194AC2F80435FFF750
:1082D00063FDC6F80C712878D6F80C3108B9FFF7A1
:1082E0006DFF144BC6F80435BFF35F8FEB7C1BB1F9
:1082F00022680123136073600F4B104A1A60104B01
:1083000005221A70F8BD00BF6C740020F404002030
:10831000C4040020940400200010004000A000408D
:108320005474002044B3002040A1004043B3002017
:1083300000F001408FB3002060740020E1B303001F
:108340002D7800200146C80708B506D52C480FF047
:10835000CCF82C4B00BAC3F81C058A0706D52A486E
:108360000FF0C3F8274B00BAC3F820054B070AD516
:10837000264824490FF0B9F8C1F8240524480FF025
:10838000B4F8C1F82805FFF707FFB8B31C4B214A22
:108390005B7C052B1B4BD3F81C15D3F8200518BFAD
:1083A0004FF07F424140114228D1D3F82415D3F831
:1083B0002825C1F30720CBB2834214D0C1F3074074
:1083C000834210D0B3EB116F0DD0D1B28B420AD0E3
:1083D000C2F307218B4206D0C2F307418B4202D081
:1083E000B3EB126F0AD1074AD2F8743723F08073C7
:1083F00023F0010343F08073C2F8743708BD00BF57
:10840000AC04002000100040B0040020B4040020A0
:10841000B80400200000FFFF2DE9F041564E3378EC
:10842000002B00F0A2803378012B00F0A180534B89
:1084300000241C60524B93F800C0524B1878524BEA
:108440001F78524B1978524B01251A7805FA0CFE09
:1084500005FA00F34EEA030305FA07F843EA0803B6
:1084600005FA01F843EA080305FA02F843EA0803AB
:10847000DFF82C8198F8008005FA08F843EA080331
:10848000DFF82081C8F808354FEACC0303F18043B8
:1084900003F5F833C000C3F81045C3F81445FB00DA
:1084A00000F1804003F18043C900D2000CF5117C3B
:1084B00000F5F83003F5F83307F5117701F1804145
:1084C00002F1804201F5F83102F5F83248F82C400B
:1084D000C0F81045C0F81445C3F81045C3F814455A
:1084E00048F827402B4BC1F81045C1F81445C2F895
:1084F0001045C2F81445C8F81045C8F814451B7853
:10850000254F9B0003F1804303F5F833D3F800288F
:1085100022EA0E02C3F800283B681D61D3F75EFF14
:10852000D3F756FFFFF71EFC0320D3F75DFFD3F709
:108530003DFF1A4B4FF0FF32C3F80042C3F8082347
:10854000C3F81041D3F810211D61D3F81021002A7F
:10855000FBD03B6800204FF0FF32C3F80002C3F8A5
:10856000082301233370BDE8F0816FF00C00FAE7B7
:108570006FF07700F7E700BF2D78002060740020CF
:1085800040B3002042B30020D9B3002044B3002000
:1085900043B300203FB30020F4040020001000404B
:1085A00041B3002000F0014030B50D46816887B02E
:1085B000102302AA103904460EF022FD002802DA28
:1085C000012007B030BD20460EF02DFD02AA002389
:1085D00012F8011B88423AD10133102BF8D1032342
:1085E0002B70A168183921F0070101230DF1070252
:1085F000103920460EF004FD0028E1DB9DF807301D
:1086000003F00F021B092B716A7020460EF00BFD60
:108610009DF80730834202D06B78042B03D90123E5
:108620006B7000232B71A268183A22F00702083AF7
:10863000A91C20460FF036F80028C1D1A268183ACC
:1086400022F00702E91C20460FF02CF8B9E7054993
:10865000102202A810F040F900280CBF01230223C9
:10866000BEE700BFBCAE040091ED017AD0ED017A07
:1086700090ED006AD0ED026A67EE877A91ED007A9C
:10868000E6EE077A032A91ED027AE6EE877A1EBFBC
:10869000D0ED036A91ED037AE6EE877AC3ED007AB6
:1086A000704700BFD0ED007A67EE807A032AC1EDF3
:1086B000007AD0ED017A67EE807AC1ED017AD0EDD3
:1086C000027A67EE807AC1ED027A1EBFD0ED037A9E
:1086D00067EE807AC1ED037A704700BFDFED3A7A2A
:1086E0009FED3A6A3A4A9FED3B7A60EE277A00B5F1
:1086F000F0EEE77AFDEEE76AF0EE002AF8EEE66AC1
:10870000B0EE081A77EEE67AB5EEC00A67EE867A22
:10871000F1EE10FAFCEEE76A16EE903AC3F30803A6
:1087200006EE903A02EB830E03F1800C9EED016A97
:10873000DEED004AF8EE666ACCF3080C02EB8C031F
:1087400077EEE67A93ED014AF1EE646AB0EE465AAE
:1087500036EE642A76EEC63A96EEA25A26EE876A7E
:10876000D3ED006AF0EE445AE6EEA25A74EE661AB1
:1087700032EE023A71EEA12A36EE844A67EE655A6D
:10878000D3EE872A27EE455AF0EE433AD4EE073A65
:10879000E2EE015AA1EE815AE7EEA35AA7EEA25AE1
:1087A00026EE877AA7EE856AA7EEA57AE7EE866AB7
:1087B000E7EE874AC1ED006A48BFF1EE644AC0EDBA
:1087C000004A5DF804FB00BF610B363B000000442B
:1087D0006CA10400DB0F493C022980ED000A80ED0A
:1087E000010A11D0032980ED020A0DD0082980ED7D
:1087F000030A80ED040A80ED050A80ED060A80ED8B
:10880000070A18BF80ED080A704700BF10B54FF087
:108810008053D3F83021082A4ED14FF080420021F6
:10882000C2F80C11C2F81011C2F8381502F5404216
:10883000D3F80414C2F82015D3F80814C2F824158C
:10884000D3F80C14C2F82815D3F81014C2F82C155C
:10885000D3F81414C2F83015D3F81814C2F834152C
:10886000D3F81C14C2F84015D3F82014C2F84415EC
:10887000D3F82414C2F84815D3F82814C2F84C15BC
:10888000D3F82C14C2F85015D3F83014C2F854158C
:10889000D3F83414C2F86015D3F83814C2F864154C
:1088A000D3F83C14C2F86815D3F84014C2F86C151C
:1088B000D3F84434C2F87035FFF76EFC18B1474B5B
:1088C000474AC3F88C26FFF767FC18B1454BFB22DB
:1088D000C3F81825FFF760FC70B14FF080414FF0EE
:1088E0008053D1F8E42ED3F8583222F00F0203F06F
:1088F0000F031343C1F8E43EFFF74EFC20B13A4B9F
:108900004FF40072C3F840264FF08053D3F8303153
:10891000082B09D14FF08043D3F80024D20744BF7D
:108920006FF00102C3F80024304AD2F8883043F4D3
:108930007003C2F88830BFF34F8FBFF36F8F4FF0D3
:108940008053D3F83021082A0ED1D3F83431052BC7
:1089500002D8274AD35C3BB14FF01023D3F808224A
:108960004FF08043C3F858254FF01021D1F80C3256
:10897000DB0714D51F480123C0F80435FFF732FA8E
:10898000D1F80C3223F00103C1F80C32FFF72AFAB8
:108990000023C0F80435FFF725FAFEF70BFCD1F8E9
:1089A0000032002B03DBD1F80432002B14DA11491A
:1089B00001234FF01020C1F804351224FFF712FAFA
:1089C000C0F80042FFF70EFAC0F80442FFF70AFAB7
:1089D0000023C1F80435DEE710BD00BF00500040A1
:1089E0004881030000F000400090024000ED00E0EC
:1089F000BB94050000E0014080F08003042B04D804
:108A0000054B034413F8800C704707289ABF034BAB
:108A1000185C0020704700BFA094050098940500E2
:108A2000C9B2012908B506D9074908487E220EF0C7
:108A300047FA0FF0BCF903690C2201FB0233986C72
:108A400000F0070008BD00BFC48B050045A4050069
:108A500010B5EFF31182402383F31288BFF36F8FB9
:108A60002A48016841F002040460C8070ED482F36A
:108A70001188BFF36F8F264B1B794BBB254940F202
:108A8000051225480EF01CFA0FF091F94FF08041C5
:108A9000D1F80C04D1F80C14C907E8D5EFF3118014
:108AA00083F31288BFF36F8F1C498B6C03F0C003F4
:108AB00043F002038B6480F31188BFF36F8F82F35E
:108AC0001188BFF36F8F0020BDE8104004F07CBB1D
:108AD00013490B7913B913497722D2E74FF080433A
:108AE0000022C3F80021D3F8002101221A6009688E
:108AF00011B1C3F8042310BDD3F80021002AFBD024
:108B00000022C3F80021D3F80031F4E7F07400200C
:108B1000E8740020018C050045A40500344C0020B9
:108B2000E07400203E8C050070B5C9B201290369CC
:108B300007D9164916484FF4E8720EF0C1F90FF044
:108B400036F9EFF31185402484F31288BFF36F8F59
:108B50000C2606FB0134A46C14F0C00408D0A24219
:108B600006D085F31188BFF36F8F4FF0FF3070BDD3
:108B700071430B4401229A6485F31188BFF36F8F10
:108B800043680B445B6898470020F0E7C48B0500FE
:108B900045A4050070B50D460649411A0446491121
:108BA00005484022FFF7C0FF2B4601462046BDE89E
:108BB00070401847344C0020508A0400012808B542
:108BC00006D0032808D078B9094B9B6C5B070ED1FF
:108BD000BDE8084004F0F8BA40F2FA220549064818
:108BE0000EF06EF90FF0E3F84FF44172F6E708BDAE
:108BF000344C0020C48B050045A4050070B503214A
:108C000004460020FEF770F81F4B1A7912B16FF07E
:108C1000040070BD1D491E4A0D791A6001221A71A7
:108C2000002DF4D11B4B0B600A71FFF7E3F800B184
:108C30004D71194B1A79002AE9D11849196001219F
:108C400019714FF08043C3F81825154B1868084078
:108C500001D1FEF729F8236993B12022002118469B
:108C60000FF0E2FC0F4E0661012585642469202285
:108C70000021A0180FF0D8FC266365650020C8E726
:108C80006FF01500C5E700BFE8740020E074002015
:108C9000BD8B0300C97C0300F4740020D57C030065
:108CA00000E100E080A9040010B5036931B94F224A
:108CB000184919480EF004F90FF079F8486808B916
:108CC0005022F5E75868F8B1884219D19C680868C5
:108CD0005860A14200D19860002008602AB15A680B
:108CE0000A609A68596002B99960002010E08142D8
:108CF00006D10868206098688142EDD19C60EBE75E
:108D0000044600680028F2D1002AE8D16FF015006F
:108D100010BD00BF818C050045A40500420970B557
:108D2000034602D0012A18D070BD114E3269516835
:108D30000029F9D003F01F0301250C689D4000298C
:108D4000F2D08A682A400CD04B6843B909490A48D6
:108D500074220EF0B5F80FF02AF8084EE6E7304618
:108D600098471CB1236821461C46E8E72346FAE7EA
:108D7000908A0400818C050045A40500708A0400D7
:108D800038B50468054620460DF08EFB38B94FF41F
:108D900074720A490A480EF093F80FF008F804F0CC
:108DA0001F0364092B6004D0012C05D040F2D93296
:108DB000EFE74FF0A04038BD0248FCE7EE32050077
:108DC00045A40500000300502DE9F84F7E49D1E984
:108DD0000030D41AE31840F1000022F07F45C1E9C9
:108DE0000030A5F50013B3F5400F09D2774B1B688F
:108DF0001A0A1B065819764B42F10001C3E900011B
:108E0000EFF31187402383F31288BFF36F8F71480C
:108E100004F01AF930B988226F4970480EF050F802
:108E20000EF0C5FFDFF8D091DFF8D08169486C4EB5
:108E300004F02EF9C8F80040D9F800404FF0000ABD
:108E40004C4508BF00244FF0000BD6E9002CD8F8A1
:108E50000030002C3ED0D4E90451D817AB4270EB5F
:108E6000010E05DAED1A61EB0001C4E9045131E0AD
:108E7000AA184CEBE5732046C4E904ABC6E900230D
:108E800004F00EF9534804F0EDF810B94FF49A725B
:108E9000C2E787F31188BFF36F8FA3682046984716
:108EA000EFF31187402383F31288BFF36F8F494894
:108EB00004F0CAF80028AED0464804F0E9F8D8F823
:108EC0000030D9F800405B1B4C45C8F80030BCD1DD
:108ED000D6E9002C9A184CEBE373C6E90023002670
:108EE0003046C8F8006004F0F1F808F071F839482D
:108EF00004F0B8F80028C9D087F31188BFF36F8F4A
:108F0000EFF31187402383F31288BFF36F8F354847
:108F100004F09AF800283FF47EAF3248324C04F057
:108F2000B7F8324BA5681A6895420DD1284608F06B
:108F3000AFF92C4804F096F80028A7D087F31188E1
:108F4000BFF36F8FBDE8F88F294A1E60237CD35C86
:108F5000002BEED0284604F05FF80028E9D06B7BA8
:108F6000DB06E3D12B68216A8D4214BF1A4600222A
:108F700069680B605960A368216A2AB91D4AC3E970
:108F800000210B6023620CE093F90E0092F90E6051
:108F9000B04214D0864212DD5168C3E900210B6053
:108FA0005360E669134B9E4200D006B9E668A36899
:108FB000B34202D0304608F06BF9A661B6E79142A1
:108FC000DCD01268D9E700BF204B0020AC74002031
:108FD000284B0020A874002062CE040045A40500A0
:108FE000184B0020406F0020446F0020A074002028
:108FF000DAB30020606F002004050020A474002074
:10900000F8B5404C404BC4F80833C4F8483300234B
:10901000C4F808353D4B4FF0FF304FF0FF31C3E946
:1090200002014FF48033C4F804330223C4F804333C
:10903000374B4FF40032C3F8802103211120FDF794
:1090400053FE1120FDF730FE0125324BA5600021B3
:10905000256031481D6007F02BFF304829460DF090
:109060000FF880B92E494860C8602E488D60FCF723
:1090700069FD002807DA2C492C4840F2A3220DF0A4
:109080001FFF0EF094FEEFF30584CCB1EFF31184D3
:10909000402383F31288BFF36F8F01264FF0804582
:1090A0000027D5F81824D5F81834D20313D59B0718
:1090B00011D11EB384F31188BFF36F8F0020F8BD68
:1090C0001B4B1B78002BE1D04FF080430222C3F8EA
:1090D00008232646E2E76EB172B687F31188BFF324
:1090E0006F8FBFF34F8F20BF84F31188BFF36F8F53
:1090F00062B6D6E701200CF0CFFFD2E70223C5F815
:109100000433DBE70010014003000F00084B002090
:1091100000E100E098740020FFFF7F0094740020BD
:1091200084740020544C0020C48B050045A4050025
:10913000E8B2002070B504698B0701F0010563797E
:10914000206BC5F1010558BF45F00805B3B3022BEC
:1091500037D0460C4FF47A72C00300233146D3F760
:1091600041FFB6F57A7F06D32C22174917480DF038
:10917000A7FE0EF01CFE2368C3F80C55C3F80405C7
:10918000A36863B125680023C5F8003145F30730B3
:10919000D5F80031FDF788FD0123C5F804332379A4
:1091A00013B16379012B01D0BB22DEE72268136083
:1091B0000222627184F83530002070BD6FF07600B5
:1091C000FBE76FF00F00F8E7BD8C050045A4050034
:1091D00070B5036993F83520002A47D10A7B022A2B
:1091E00047D10A68AAB993F834004A6870B922488E
:1091F000541E84420DD81A635A79012A0CD01F4993
:109200001F48D7220DF05CFE0EF0D1FD186B904286
:10921000F2D06FF0150024E0EFF31184402080F3CA
:109220001288BFF36F8F1879072814D8451C1D7159
:109230001D68D5F8086582403243C5F8082584F3D7
:109240001188BFF36F8F8A6862B993F834200132B6
:1092500083F8342005E084F31188BFF36F8F6FF03B
:109260000B0070BD011D43F82120EEE76FF00F00E9
:10927000F7E76FF08500F4E7FEFFCF07BD8C050030
:1092800045A4050008B5036993F83420914215D22E
:1092900093F83520AAB15A79022A07D00A490B4817
:1092A00040F201120DF00CFE0EF081FD1B68084A21
:1092B00001F5C071002043F8212008BD6FF01500B2
:1092C000FBE76FF00A00F8E7BD8C050045A4050038
:1092D0003546526E10B5046903211020FDF704FDD8
:1092E00034B90949094854220DF0EAFD0EF05FFD3A
:1092F000074B6079A3600023E36010B90123637119
:1093000010BD6FF07700FBE7BD8C050045A405009C
:10931000597F03001FB5154B93F90A001B7A013BD7
:10932000DBB2032B9CBF124AD25C124BDB7C4FF0AA
:10933000000188BF0522009103F5166303A9D3F746
:109340005FF89DF80D00D3F755F838B10A490B487E
:109350004FF485620DF0B4FD0EF029FD9DF80C2050
:10936000074BC3F80C2505B05DF804FB6C740020B6
:10937000CF940500AC040020F88C050045A405003E
:109380000010004008B50EF0C2F830B1034904489F
:1093900035220DF095FD0EF00AFD08BD198D050072
:1093A00045A4050038B51420FDF78CFC274C01209E
:1093B000FDF788FC0A20FDF785FCFFF72DF8237BDD
:1093C00033B99B22224923480DF07AFD0EF0EFFCC1
:1093D000206840F30730FDF775FC23680025D3F8BB
:1093E0000022C3F800524FF0FF32C3F80823227B5B
:1093F0000AB9BA22E6E701221A612573164B174C07
:1094000019782068FFF7BEFF154B20681978FFF721
:10941000B9FF144B20681978FFF7B4FF124B20688E
:109420001978FFF7AFFF114B20681978FFF7AAFFF3
:109430000F4B20681978FFF7A5FF0E4B20681978AD
:109440000430FFF79FFF0C4B1D7038BDF404002063
:10945000558D050045A4050040B300206C73002025
:1094600042B30020D9B3002044B3002043B300200E
:1094700041B300203FB300202D780020F8B54FF015
:109480008043D3F80423D20713D5D3F8002182B147
:109490000022C3F800210121D3F80021C3F80813EA
:1094A000FEF7A8FC1A4B10B15A7912B959711B6812
:1094B00098474FF08043174FD3F80443012504F039
:1094C0001A04002604B9F8BDB4FA84F0C0F11F00F4
:1094D000830003F580739BB203F1804305FA00F229
:1094E000196824EA02040029ECD01E601B684FF0C2
:1094F00080430128C3F8082307D0074907484FF4E1
:10950000F5720DF0DDFC0EF052FC3B689847D9E790
:10951000E0740020F4740020928D050045A405003D
:10952000072808B507D90649064840F2A7320DF0CA
:10953000C7FC0EF03CFC800000F5807008BD00BF49
:10954000D58D050045A405002DE9F843D0F8048029
:10955000D8F808500746002D39D095F88C40B4BB98
:109560006022214605F114000FF05EF82E68A14636
:10957000E0B2FFF7D5FFA0F580739B081F2B08BF53
:1095800046F8009004F1010408BF3358082CEFD1CD
:109590000024C6F87C4146F30730D6F87C31FDF74D
:1095A00083FB012385F88C30AB67D8F808303BB9D2
:1095B0000A490B4840F271420DF082FC0EF0F7FBB5
:1095C000084A0721C3E903240620FDF78DFB38462E
:1095D0000549BDE8F8430DF0EDBC00BF0A8E05005B
:1095E00045A405001D8D0300737204002DE9F04FA2
:1095F000804689B038B97349734840F25C620DF017
:109600005FFC0EF0D4FB8146082259F804BBDBF85E
:109610000413C9B241F0004158460EF068F9051E26
:109620002BDA0023032106A8CDE90633FEF7FEFB63
:10963000664B01930DF1180A0023019A009312F86A
:10964000013B63490192DA0803F007038A5C22FABE
:1096500003F3DA071AD4009B0AF1040AA3B14FF00E
:109660000041002258460EF042F9032106A8FEF7F9
:10967000DDFB0028DCD125F000450124002D40F061
:109680008A8009B0BDE8F08F0123D6E7009B514ADC
:1096900013440293DAF800100029DCD0029B91FAFF
:1096A000A1F11C78B1FA81F141EA44142046FEF799
:1096B000B3FB08EB40000594878AC808BB081AF87A
:1096C0000020039301F00701012303FA01F122EACC
:1096D00001020AF8002005A8EFF7F6F8059A039BA7
:1096E00002F5E072C7F3820650F822205B07374686
:1096F000C2F3014233D5D6B221463A4648460DF070
:1097000046FF05A80594EFF7DFF8059B03F5E07326
:1097100050F82330C3F301439E4207D10021204675
:109720000CF024FF314620460CF020FF05A80594DC
:10973000EFF7CAF8059B012202FA03F3C0F82035BF
:109740004FF08053D3F83031082B01BFD0F82035CB
:10975000D0F82035D0F82035D0F820359AE7022A05
:109760000DD1032120460CF001FF06F00503012B6B
:10977000DCD13A46214648460DF009FFD6E70221E2
:10978000204603920CF0F2FE032EF2D0039A032A35
:10979000CCD1022EECE795FAA5F3B3FA83F304FAE1
:1097A00003F225EA020503F5A27208EB43035BF816
:1097B0002220B3F87C10C2F3014248460DF0E7FEC8
:1097C0005CE700BF0A8E050045A40500B3950500BF
:1097D00074A90400B395050010B504460846FEF7C9
:1097E0001BFB00B204EB4000838ADA051CD5C3F3EF
:1097F000432123F4F853838204F1120204F172002E
:1098000032F8023F13F4807F03D0C3F3432399421D
:109810000AD09042F4D104EBC10300225A6004F153
:1098200078000DF074FE00B910BD044904484FF4EF
:10983000DB720DF045FB0EF0BAFA00BF0A8E050090
:1098400045A405002DE9F34104460D4616460DF0EA
:1098500086FE38B940F235422D492E480DF030FBD6
:109860000EF0A5FA20460DF06FFE276818B32046CB
:109870000DF082FE8046F0B90846FEF7CDFA04EB03
:109880004000808A450B2846FFF74AFE47F80080D3
:109890003B58236803EB8503D3F8102542F00102FF
:1098A000C3F8102526B122680123AB40C2F8043367
:1098B00002B0BDE8F081D7F80433002BA4BF4FF00D
:1098C0000043C7F8043316B940F24F42C4E72846B4
:1098D000FEF7A2FA04EB4004A38AC3F38203042B2D
:1098E00012D0052B12D001A80195EEF7EDFF019BD8
:1098F000D0F81015D94001F001010231284602B01C
:10990000BDE8F0410CF032BE0321F7E70221F5E794
:109910000A8E050045A405002DE9F0430E4685B0EA
:109920001746044638B95D495D4840F25E420DF085
:10993000C7FA0EF03CFA0846FEF76EFAD7F8008038
:109940000546B8F1000F1FD020460DF015FE18B1E6
:1099500020460DF0F9FD30BB0023CDE900338DF832
:109960000E308DF80F300DF10F0243460DF10E0150
:1099700030460CF0AEFD2AB204EB4202938A23F08B
:10998000020343F0010393827B68002B34D03146FD
:10999000204693F80080D3F804900DF0EDFD28B137
:1099A000B9F1000F1FD06FF0150028E028B204EBCA
:1099B0004000838A23F4604323F020038382B9F1BB
:1099C000000F10D0B8F1030FEDD87B6821685B68F9
:1099D00093F800C001EB8C01B8F1000F12D1C1F86F
:1099E0001085C1F810852AB204EB4202938A23F055
:1099F0001C0343EA88039382BB684BBB002005B07D
:109A0000BDE8F083D1F8102522F00302C1F810253B
:109A1000226802EB8C03D3F8102522F44F3222F493
:109A20004072C3F810253202D3F8101502F47C52AC
:109A300042EA08420A43C3F8102504EB4C03A3F89A
:109A40007C60838A43EA4C3343F020038382CAE775
:109A5000D3E9007831462046FFF7BEFE002FCDD077
:109A600063689F4206D004F178000DF0EEFE0028F6
:109A700004DAC4E7A3689845F5D1002004EBC003DD
:109A8000C3E901782DB204EB4505C0B2AB8A43EAC5
:109A9000402343F48073AB82B0E700BF0A8E050019
:109AA00045A4050070B51546044638B90B490C4865
:109AB00040F27A420DF004FA0EF079F90DF044FD0F
:109AC00048B10846FEF7A8F904EB40040020A38A39
:109AD0005B0B2B7070BD6FF01500FBE70A8E050065
:109AE00045A4050008B538B90649074840F2A44224
:109AF0000DF0E6F90EF05BF9BDE8084003480DF003
:109B000006BD00BF0A8E050045A4050078040020AC
:109B10002DE9F04F4668337CD70689B001F01F0568
:109B200045EA431554BFC2F3401303238DF80A30AE
:109B300040F206331340B3F5837F14463FD00DD86F
:109B4000062B16D005D8A3B1022B3AD06FF0150022
:109B500032E0B3F5807FF9D101230AE040F202221E
:109B6000934230D0B3F5407F2FD0B3F5007FEDD1D5
:109B700002238DF8093020034FF0010303FA01F1AD
:109B800025D57368C3F80815B06830BBC4F34043EB
:109B90008DF8143084F480340DF10903C4F30044CB
:109BA0000190009303AA0DF10A0305A928468DF838
:109BB0000C400CF08EFC002009B0BDE8F08F0723AC
:109BC000D7E70423D5E70523D3E70323D1E76203CF
:109BD00044BF7368C3F80C15D6E70DF10B02294694
:109BE000FFF760FF14F4403980463AD1B7683FB9B7
:109BF00040F29D424F4950480DF062F90EF0D7F8FF
:109C00002846FEF709F904B207EB4404A38ADB07F0
:109C10001AD5294638460DF079FD294638460DF00B
:109C200093FC40B1A28A3B68520B03EB8203C3F85A
:109C30001095C3F8109538462946FFF7CDFD00234F
:109C4000A38228460CF026FCB8F1000FB3D19DF892
:109C50000B10B068FFF746FF0028ACD03749FC2254
:109C6000C9E70DF10C0B0DF1140A002303930593C2
:109C7000CBF80430CAF80830CDF818B0B0685246B6
:109C80002946FFF749FE002895DB14F40033D6F887
:109C9000089041D09DF809308DF8143014F48034C8
:109CA0000CBF012300238DF815309DF80A308DF884
:109CB0001630B9F1000F02D14FF48D629AE72846B1
:109CC000FEF7AAF82946074648460DF055FC28B984
:109CD00048460DF039FC00287FF46DAF2946484610
:109CE0000DF03DFC10B1002C3FF465AF01238DF861
:109CF0000C300023CDE900A30DF115020DF1160380
:109D0000594628460CF0E5FB3BB209EB43039A8A1F
:109D100042F003029A8297E7CDE9063352460DF1ED
:109D20000A03294648460593FFF7F6FD0028FFF68B
:109D300042AF89E70A8E050045A40500488E05005C
:109D400010B50C4638B90849084840F2AB420DF04E
:109D5000B7F80EF02CF806480DF077FD0028A4BFE8
:109D60002070002010BD00BF0A8E050045A405002C
:109D70007804002008B5044904484FF4A5620DF0AA
:109D80009FF80EF014F800BF0A8E050045A40500E8
:109D900070B54468207C01F01F0545EA4015A068B5
:109DA00086B0002871D0B2F5001F04D129460DF00D
:109DB000ADFC00204CE06068667CC0F8246501A81A
:109DC0000026B2F5800F0196466030D1B3F1007FD6
:109DD00014BF052304238DF804300023CDE90403C8
:109DE0000393E368CB40D90734D4B2F1A07F31D1DB
:109DF00068460095EEF768FD009B03F5E07350F8A8
:109E00002330DB0726D4A0686A462946FFF74AFEBE
:109E1000163017D0CDF808D0A06803AA2946FFF75E
:109E20007BFD002814DBA06850BBFFF7A3FFB3F154
:109E3000C06F05D0B3F1007F14BF01230223CAE72E
:109E40000323C8E7A0686946FFF77AFF0028E1DA34
:109E500006B070BDA0686A462946FFF723FE0028B9
:109E6000DAD19DF80010A068FFF73CFE0028D3D09F
:109E70000749084840F2F1120DF022F80DF097FF63
:109E800001222946FFF7DEFC93E76FF08500DFE74C
:109E9000488E050045A4050010B513683BB94FF482
:109EA0005C72164916480DF00BF80DF080FF00EBC0
:109EB0004114C4F82035938813B94FF45F72F0E76A
:109EC00013F4004F02D040F28132EAE7C4F824359F
:109ED0009368B3F1807F02D340F28A32E1E700EB6E
:109EE0004110C0F82835D368B3F1807F02D340F227
:109EF0009232D6E7C0F82C3510BD00BF748E050035
:109F000045A4050010B5044608B1037B3BB90B49D5
:109F10000B484FF4ED720CF0D3FF0DF048FF43688F
:109F200033B9006802210DF0AEFC08B101232373A0
:109F3000207B023818BF012010BD00BFA68E05008F
:109F400045A4050070B5044638B91D491D484FF4B5
:109F5000F2720CF0B5FF0DF02AFF0068B2210DF08F
:109F600092FCC306054607D523695E0704D56368DE
:109F700013B1A16801209847A80607D523691907DE
:109F800004D5636813B1A168022098472A0607D553
:109F9000206910F0100003D163680BB1A1689847E5
:109FA000AB070CD523680022C3F8002501232373D7
:109FB000636823B1A1680320BDE87040184770BDF5
:109FC000A68E050045A4050038B5431EFE2B06D914
:109FD0000E490F489A220CF073FF0DF0E8FE0D4B6E
:109FE000012493F8305000220823204203D0254258
:109FF00008D00132D2B2013B4FEA4404F5D10A70D5
:10A00000184638BD6FF01500FBE700BF5E85050000
:10A0100045A40500347300202DE9F04F0F464FF0A2
:10A02000FF33A94887B04FF0FF320CF06EF8D7F835
:10A0300004A00AF1FF33FE2B0FD90820FBF7A4FE82
:10A04000002853D0A14B4361A14B836103230374C8
:10A05000002343748374C37448E0DFF8B48200249F
:10A0600098F82E3098F8302025462AFA04F1C907CE
:10A070002BD53BB94FF4F072964997480CF020FF6E
:10A080000DF095FE22FA04F616F001061BD1082009
:10A09000FBF77AFE48B1914B43618D4B4674C0E9A2
:10A0A0000634042303748674C6744FF401528C4939
:10A0B00005F0C0F86FF0150483480CF028F820462E
:10A0C00007B0BDE8F08F0135EDB20134082CCCD1DA
:10A0D0007DB92046FBF758FE40B1824B43617C4B73
:10A0E00083610323037445748574C5744FF4C252AD
:10A0F000DDE73C7CA4F10802062A1BD8DFE802F069
:10A100002B1A2E1A041A17004FF0020B012D97F884
:10A11000119026D0B9F1000F00F0AE800820FBF7B7
:10A1200033FE0028E2D0704B4361704B8DE74FF057
:10A13000030BEBE70820FBF727FE0028B5D06C4B9C
:10A1400043616C4BC0E90634042303740023437459
:10A150008374C374A9E74FF0000BD7E74FF0010BEE
:10A16000D4E7B9F1080F06D8DFE809F01010101095
:10A170001010101010000820FBF706FE002894D0E5
:10A180005D4B4361594BC0E90639DDE73A68002A67
:10A1900072D0516800296FD11668721E7F2A6BD861
:10A1A000564A4FF0010182F8981013B94FF40A7221
:10A1B00062E702F009FF00285BD10DF1170150465C
:10A1C000FFF702FF044600287FF476AF9DF81730B2
:10A1D0000293012B4AD8B9F1000318BF01233601BD
:10A1E0000393B6B203464A465946504603F012F866
:10A1F000A6F15103B3F5F66F03D3414940F2AA52D9
:10A200003BE7013E3F4B46F48056B6B2C3F8F865D3
:10A21000029B88F832304FF0010388F83530039BF9
:10A2200088F83630042388F82E303B686C0013B170
:10A230009B8903FB0444FE68A6426BD20A20FBF70D
:10A24000A3FD58B1304B4361304B0462C0E9063680
:10A2500005230374002343748374C37420494FF4AB
:10A26000215204F0E7FF6FF00B0425E76FF085043F
:10A2700022E76FF00F041FE7204A002182F89810B0
:10A2800013B94FF4FC72F7E602F09EFE0028F0D1FD
:10A290000DF117015046FFF797FE044600287FF4A2
:10A2A0000BAF184BC3F8F805B9F1000318BF012331
:10A2B0004A465946504602F0ADFF9DF8173088F8DF
:10A2C00032300223AFE700BF7C000020E18E0500A2
:10A2D0006A9605005E85050045A40500038F05000C
:10A2E000DC8F0400218F0500648F05004A9605006D
:10A2F0003B8F05005B9605009A8F050078000020D3
:10A30000C18F050000700040F58F050038960500EC
:10A3100034730020424E86F8525096F89830B86850
:10A32000B065E3B13B689989013189B203F05CFF04
:10A330000446B0B10820FBF727FD50B1394B43610B
:10A34000394BC0E906340423037400234374837437
:10A35000C37436494FF4015204F06CFFACE6294651
:10A36000E4E7BC46BCE80F00314D0FC5DCF8003017
:10A370002B6074623B68002B4ED00FCB2F1D87E8FB
:10A380000F00F36BB762A6F84C40002B44D0214677
:10A39000A5F138000BF074FE96F89810E9B9F06B4F
:10A3A000244C254A4FF40047E0FB07410023204698
:10A3B000D2F718FE0022CDE90001002305F12800A4
:10A3C000FBF744FC1D484FF0FF324FF0FF330BF01A
:10A3D0009CFE00B17062746A6EE603F053FF05469E
:10A3E0000028EFD00820FBF7CFFC48B1144B4361A5
:10A3F000144B4474C0E90635042303748474C47494
:10A400000A494FF4015204F015FF6FF004030B48A2
:10A4100073620BF07CFED5E704F0E2FFD2E700BFE9
:10A42000780000201E9005006A960500DC8F04006D
:10A43000A00000203F420F0040420F008C0000208F
:10A440003B9005001F960500F8B5324E324C334B59
:10A4500096F82E50C4F8803004F178020023C4E945
:10A460001E22C4E918330746C4F88430C4F890307B
:10A47000C4F894301DB1BDE8F840FDF7ADBD4FF014
:10A48000010C96F8301086F82EC0FF2393FAA3F241
:10A49000B2FA82F20CFA02F006EB4202834321EA9E
:10A4A0000001D583F2D11E4886F83010C0F8003183
:10A4B000D0F80021C0F80431D0F80421C0F81031E0
:10A4C000D0F81021C0F81431D0F814314FF48E7543
:10A4D0002A4633210DF083F92A1F083592B2ADB216
:10A4E0000DF07DF9B5F5AE7FF2D10720FCF7DCFB6E
:10A4F0000023032107203360FCF7F6FBE36813B960
:10A5000008480BF004FE38460749BDE8F8400CF057
:10A5100051BD00BF34730020780000208172030019
:10A52000007000407C0000206F7104002DE9F843AA
:10A530000D462846194617461C460CF054FE0646A2
:10A54000C0B90A20FBF720FC50B13D4B43613D4BA5
:10A550000462C0E906350523037446748674C67424
:10A5600039494FF4215204F065FE6FF0150420467E
:10A57000BDE8F88345EA04039E0711D00A20FBF7E3
:10A5800003FC0028ECD0314B43612E4B0462C0E940
:10A59000063505230374002343748374C374DFE713
:10A5A000002CE4D02A48DFF8AC80DFF8B4904FF0FC
:10A5B000FF324FF0FF330BF0A8FD24F003042C44CE
:10A5C0002E46B44209D1234AD2F80034DB07FBD52A
:10A5D00000241F480BF09BFDC9E7FDF77BFC58BB2F
:10A5E0007B1B4FF080529959136952695343B34210
:10A5F00004D8A6F11023B3F5427F01D2B00707D0EB
:10A600001549164840F27D120CF05AFC0DF0CFFBB4
:10A610000123C8F80435D8F80034DA07FBD53160D7
:10A62000BFF35F8F0023C8F8043599F800300BB1F1
:10A63000FDF77CFC0436C4E76FF08B04C9E700BF6C
:10A64000778B0500D4950500A4900400599005006F
:10A65000C074002000E001407B90050045A4050087
:10A66000DBB300202DE9F8430E464FF08058114629
:10A670003046D8F8109015460CF0B5FD3746044624
:10A68000002866D0B6FBF9F309FB136323B9B5FBC9
:10A69000F9F409FB1454BCB10A20FBF775FB58B15F
:10A6A000344B4361344B0562C0E90636052303741D
:10A6B000002343748374C37430494FF4215204F06F
:10A6C000B9FD6FF015042AE04D4528D32C482D4ED6
:10A6D000DFF8C0904FF0FF324FF0FF330BF015FD65
:10A6E000D8F81080FDF7F6FB044678BB4FF0805396
:10A6F0001A6959694A43974214D21A69B7FBF2F3AF
:10A7000002FB1373ABB199F800300BB1FDF70EFCEF
:10A71000B5EB08054744E5D119480BF0F8FC204695
:10A72000BDE8F88318491948D2220CF0C9FB0DF096
:10A730003EFB0223C6F80435C6F80875D6F8003487
:10A74000DB07FBD50023C6F80435DCE76FF08B048C
:10A75000E2E70A20FBF718FB0028ADD00C4B436161
:10A76000054B0562C0E906360523037444748474FE
:10A77000C474A1E7B7900500C4950500A490040037
:10A78000C074002000E001407B90050045A4050056
:10A79000778B0500DBB30020F8B50378002B40F081
:10A7A000A480644CE56A94F850602E4207D1A36AF5
:10A7B000002B3ED16048BDE8F8400BF0A8BC0189F1
:10A7C00094F89800A36D94F85120A0B90121EDB23E
:10A7D0000D420BD00E4208D012EA0107B3F9000077
:10A7E00023D000EBD070401018800233490089B2AA
:10A7F000B142EDD9DBE72A4015D003EB41018B4292
:10A80000D5D0B3F9002002EBD272521023F8022BFC
:10A81000F5E733F91250002DB8BF23F812000132CA
:10A820008A42F6DBC3E71046FAE70028B8BF1F806C
:10A83000DBE7236CB4F84C2033B1404940489847DB
:10A84000012835D0022843D0B4F84C30B4F8482061
:10A850009A423DD90133A4F84C3094F898305BBB50
:10A86000A36D94F8522003EB4203A36594F85210B1
:10A87000A06D03F0B9FC0546F0B10820FBF784FA9F
:10A8800050B1304B4361304BC0E9063504230374AB
:10A89000002343748374C3742C494FF4015204F0B1
:10A8A000C9FC6FF00403244863620BF030FC03E042
:10A8B00094F89830002BD9D0E36B1BB9BDE8F84071
:10A8C00004F08EBD1B480CF04AFB0128F6DCF8BDF5
:10A8D000E36B002B3FF46EAF94F89830002B7FF4BD
:10A8E00069AF1B48FBF706FA64E7022B1ED103F0A1
:10A8F000C9FC04460028EAD00820FBF745FA50B10D
:10A90000144B4361144BC0E9063404230374002341
:10A9100043748374C3740D494FF4015204F08AFCEC
:10A9200004486FF004034362143044E7052BCED192
:10A9300040E700BF780000208C000020A00000202D
:10A94000D08B04001E900500EF950500DC8F0400FD
:10A95000D80000203B9005001196050010B5204C52
:10A96000237933B91F492048E5220CF0A9FA0DF0EC
:10A970001EFA4FF08043D3F81814D3F81824C903F3
:10A9800015D5900701D00CF0E2FF4FF08043002274
:10A99000C3F81825C3F80421D3F8042101229A60D2
:10A9A000226872B9D3F80421002AFBD011E0D3F851
:10A9B0001424D107E9D5D3F81C249207E3D12268E7
:10A9C0001AB10222C3F8042310BDD3F80421002ACF
:10A9D000FBD00022C3F80421D3F80431F4E700BF10
:10A9E000F4740020928D050045A4050008B5074BBE
:10A9F0001B793BB9064907484FF491720CF060FA95
:10AA00000DF0D5F9BDE808400CF0A1BFF4740020AA
:10AA1000928D050045A40500F8B5EFF3118740239A
:10AA200083F31288BFF36F8F1E4A136823F002016D
:10AA300013F00103116029D11B4A12793AB91B495D
:10AA400040F22B121A480CF03BFA0DF0B0F9194EF7
:10AA5000327912B918498922F4E74FF08044012273
:10AA6000C4F808236260C4F80031D4F8003142F21F
:10AA70001075D4F80C24D4F80C34D2030BD5DB07B2
:10AA800009D50120F1F750F8013DF2D187F3118883
:10AA9000BFF36F8FF8BDFDF7ADF90028F6D00023A6
:10AAA0007371F3E7F0740020E8740020018C050056
:10AAB00045A40500E07400203E8C05002DE9F0411E
:10AAC000044647680D46EFF305838BB14FF040080D
:10AAD000EFF311810E4688F31288BFF36F8F204683
:10AAE0000CF031FC48BB81F31188BFF36F8FEFE7A7
:10AAF000184B1B78002BE9D04FF040086426204605
:10AB00000CF021FC68B90120F1F70EF8013EF6D1F6
:10AB100001200BF0C1FAF1E781F31188BFF36F8FC9
:10AB2000F6E7EFF311810E4688F31288BFF36F8FBB
:10AB300020460CF008FC0028EED0BB691D70B969F6
:10AB4000012220460CF00FFC86F31188BFF36F8FB3
:10AB5000BDE8F081E8B200207FB5002906694568AC
:10AB600042DC3368D5E900017BB9AA68AB89009360
:10AB70005308D7F731F9044620B9288AF0F7D4FFF3
:10AB800001233371204604B070BD836802AA5B685C
:10AB9000984704460028F5D103463268DDE90201F2
:10ABA000D2F720FA1A430FD00620FBF7EDF830B1A8
:10ABB0000F4B43610223037444748474C4740D49BD
:10ABC0004FF4845204F036FB3268DDE902010023C1
:10ABD000D2F708FAAC890246D5E9000183680094EF
:10ABE0001C685308A047C6E76FF01504CAE700BF0A
:10ABF000DA9005004490040008B508480BF03AFAD2
:10AC000058B10748436A0133082B28BF0023436229
:10AC1000BDE8084028300CF0A2B908BDB84C0020AF
:10AC2000904C0020F8B5064626480D460BF022FA57
:10AC3000072844DC244B254F1A78012A08D13B7899
:10AC4000482B3CD8224A116A52F82120137006E0A2
:10AC50001F4A116A52F82120597871BB11701C4C9F
:10AC60001C49236A54F8230010F8052B0DF0B4FC9E
:10AC7000236A54F823305E70174B226AD3F84835A4
:10AC800054F8222003F07F039370236A54F8233092
:10AC90001D71236A54F823207B78DB4303F0010302
:10ACA000D370236A0133082B28BF002304F1280046
:10ACB00023620BF0D2F90120F8BD5B7CC6E70020CF
:10ACC000FAE700BFA84B00206C7400208FB300206F
:10ACD000804B002091B300200010004008B5134BBA
:10ACE0001A78E2B11B78012B1CD111480BF0C2F984
:10ACF00008B9002008BD0E480CF096FD0D4B00224F
:10AD0000C3E908220C4B082101391A719A6003F13A
:10AD10000C03F9D1202209480DF086FCE9E76FF019
:10AD20000C00E7E76FF00F00E4E700BF2D7800208C
:10AD3000B84C0020904C0020D073002030740020CC
:10AD40002DE9F34791480CF0C5FB00284ADD8F4FF1
:10AD50008F4E38460CF0A3FB002843DD38460CF03C
:10AD600074FB00283EDB4AD001220DF10701384672
:10AD70000CF023FB002827DB336853B385480BF026
:10AD800079F982079DF8074040F1C2808148356813
:10AD90006FF004010CF0FFF8430731D57E4BDFF86C
:10ADA00004821B5D13F0040F1FD10123C8F800308B
:10ADB000482C60D8422C4DD9433C052C4AD8DFE8BA
:10ADC00004F0806F499E498F02B0BDE8F04702F061
:10ADD000FBBF724B18680022002307F095FC30601F
:10ADE0000028CBD102B0BDE8F0876A4808210CF0FA
:10ADF000C3F86B4B303C0022C8F800401A60A8E74B
:10AE000064480BF037F90007D2D5634B1B5D590737
:10AE10000ED560480BF02EF910F0100F14BF604AE9
:10AE2000604A13680A2101FB0343303B1360E6E7E5
:10AE30003B2C15D1574810210CF09EF8C206DED5E8
:10AE40006FF0080153480CF0A6F852486FF010015B
:10AE50000CF0A1F86FF002014E480CF09CF8CEE720
:10AE60006FF008014B480CF096F86FF0100149485C
:10AE70000CF091F89CE77E2CECD14B4C2378002B06
:10AE8000E8D04A4801210CF005F8494B21781878A0
:10AE900005350139C9B228442170FDF7BFF8D9E75B
:10AEA0004348404A037811688B42D3D33E4C227802
:10AEB0005B1A52FA81F203703E4822700BF0EAFFEF
:10AEC000C8E73948374B027819688A42C2D3CBB2F7
:10AED000D21A0270364A1078034413703348EDE7F3
:10AEE000334C21780029B5D032480BF0D3FF2E4ADD
:10AEF000137821780B44137000232370AAE72A4C9F
:10AF000021780029A6D029480BF0C4FF284AEFE792
:10AF100020486FF001010CF03EF8C3070BD55B2C05
:10AF20007FF46DAF02211B480CF026F8042119486C
:10AF30000CF022F863E7184B1B5D13F0970F70D1EC
:10AF40000D2C0AD8072C19D9A4F10803052B15D804
:10AF5000DFE803F00756341414381B2C11D07F2C73
:10AF60000CD1134A13784BB1013BDBB2137030683C
:10AF70000D4A053311781844FDF750F80E4B1C703C
:10AF80003DE7012103480BF0F7FFF7E7B08A040023
:10AF9000DC740020D87400209AA4050030670020DB
:10AFA000D0740020D4740020DDB300201E91050071
:10AFB000DEB3002018910500DCB30020314B1B7874
:10AFC0000D2BDBD0DFF8CC90DFF8C48099F80010AF
:10AFD000336898F800200B44134400255D710D2060
:10AFE00002F0ACF90A2002F0A9F9274B3168186881
:10AFF00089F8005088F8005006F020FB3560BDE766
:10B00000224B1B68002BB9D0214A1278002AB5D1F7
:10B01000204D30682978053098472B7818442870DF
:10B02000ACE71B4A1B4B157893F800A005EB0A020E
:10B030007E2AA3DCD6F800900AF1010220461A709D
:10B0400002F07CF909EB0A030DB95C7196E793F8FD
:10B05000058011485C710BF01DFF0AF1060A013DE5
:10B06000D144EDB2013D4046EDB202F067F94346EE
:10B07000FF2D99F8008009F8013BF3D107480BF048
:10B0800009FF7BE7DCB300202C6700202867002045
:10B09000DDB30020DEB30020BC8B0500C08B0500B3
:10B0A0002DE9F043324CD4F80433990785B020D50C
:10B0B000002303934FF4A0752A46043503AB022105
:10B0C0002046ADB20CF097FBB5F5A87FF4D14FF454
:10B0D0008072022126480CF08EFB25484FF48272C4
:10B0E00002210CF088FB039B1BB1224A1368013339
:10B0F0001360D4F80433DA031BD51F486FF0010145
:10B100000BF049FFC30702D4D4F840318BB10025BE
:10B11000C4F84051D4F84031FDF71CF8EFF3108229
:10B1200072B6164BD3E90267B042B94104D282F33A
:10B13000108805B0BDE8F0834FF0FF384FF0FF39BD
:10B14000C3E90289D3E900101D604FF48033C4F8CD
:10B150004833C4F84051D4F8403182F310880029B4
:10B16000E7D0009032463B4628468847E1E700BFDB
:10B1700000100140AC7400209C740020084B00209B
:10B180002DE9F0416C4BDFF8EC815A6A6B4F98F86F
:10B19000004053F822506A4E3D60FCB1012C4CD067
:10B1A00001243B68674D5A78C5F82C255B786648C2
:10B1B000012707FA03F3DBB2C5F83035C37C40F64C
:10B1C000C41203F51663934240F284805F496048DD
:10B1D00040F67F020BF074FE0CF0E9FD98F81100C8
:10B1E0003480FCF7EBFF33782A79304662F30103B1
:10B1F00000F8023B294611F8052B0DF0EDF998F8FF
:10B200001320504BB2B140F21312C3F800220022B7
:10B21000C3F81021D3F810211022C3F804234D4B9A
:10B22000B8F80E201A604C4B4C4A1A604C4B042262
:10B230001A70B5E740F21B12E7E7EA780023338083
:10B240001AB198F8124084F001042B7833702B79EE
:10B2500044485B0003F00603002A08BF43F00103E3
:10B26000727822F0070213432946737011F8052BF8
:10B270000DF0B2F9334B3849394ADCB198F8130074
:10B28000A8B140F21310C3F80002324BB8F80E0018
:10B290001860324B0B60042313702A4B0022C3F852
:10B2A0001021D3F810211022C3F8042378E740F2CC
:10B2B0001B10E8E740F21310C3F800022A480860A8
:10B2C00003211170C3F81041D3F810211022C3F8E4
:10B2D000042366E7A3F51663C5F808356FF001018E
:10B2E00014300BF058FEFEF715F8C5F80465BFF3EF
:10B2F0005F8F1E4B0222C3F880213846FBF7D4FC37
:10B300000023C5F80431D5F80421C5F80831D5F873
:10B310000821C5F81031D5F81021C5F80C312046A8
:10B32000D5F80C3102F0D4FE2046FCF79FFE104BFE
:10B330009F61BDE8F08100BF904C00206874002040
:10B3400045B3002000100040AC040020249105000B
:10B3500045A405006474002060740020FD81030092
:10B360002D78002047B3002079B3030000E100E00E
:10B37000004001406C74002010B5D1F729F8124B41
:10B380001B6801241C61FCF7EDFCD1F70FF80020CD
:10B3900001F0B6FE0D4B0E481C6021460BF0ECFD93
:10B3A000FFF72AFC0B480AF065FE0B4B4FF48012A6
:10B3B00020B90A490C70C3F8002110BDC3F8002160
:10B3C000BDE81040FFF7DCBEF40400205C740020F0
:10B3D00058740020B84C002000E100E02D780020D7
:10B3E000F8B5994B994C1A78994B9A4D1B780121D5
:10B3F00001FA02F09940D200DB00014302F18042E1
:10B40000954803F1804302F5F83203F5F833C0F8AC
:10B4100008150021C2F81015C2F81415C3F810154C
:10B42000C3F81415D0F7DAFFD0F7C0FF8B4BD3F871
:10B430000C21002A54D0D3F80034DB0750D5884BB8
:10B440001A684AB12378012B3BD1864B5B78C3F352
:10B4500041031279934243D1012183480BF08CFDC3
:10B460002A68E3899B1A814A0133136003F0F0F9DB
:10B470007F4B1860FFF7C0FB23788BB1794B1A78AC
:10B4800072B1764A5978D2F82C05C1F3410100F027
:10B490000700FFF7C7FB18B1734804210BF06CFDE0
:10B4A00074480AF0E7FD0028734B02DD227C012A74
:10B4B0000ED1724A012111704FF48012C3F800219D
:10B4C000F8BD002BC8D1674B1B7803F00303C0E71E
:10B4D0004FF48012C3F80021BDE8F840FFF750BEDA
:10B4E0002B68664F5A1E2A60654D6BB92B685F4A00
:10B4F0005D4801251D61E38902212B4413600BF097
:10B500003BFD5D4B3D70D7E7544E0023C6F800313C
:10B51000D6F80031E37C002B00F0908040F213134A
:10B52000C6F80032237813B9607CFCF747FE554B10
:10B53000C6F80435BFF35F8F534B544A1A60042397
:10B540003B70FDF7E7FEE37C2A685148D2F84425BA
:10B550005049002B0CBF812328231344C3604E4B5A
:10B560001A78D30003F1804303F5F833C3F81015BC
:10B570004A49C3F8141501239340374A4849C2F891
:10B580000435D0F719FF20B92B6840F20442C3F804
:10B590000022444E444945480023C6F81831D6F8E5
:10B5A0001831434B1B78DA0002F1804202F5F83281
:10B5B0000124C2F8101501F5973101F58471C2F824
:10B5C00014153C4A1178CA0002F1804202F5F832A3
:10B5D00004FA03F3C2F810052048C2F8140504FA6F
:10B5E00001F11D4A0B43C2F804352B68D3F84421FE
:10B5F0003AB3D0F85035DBB2092B3FF461AFD0F845
:10B600000031002B7FF45CAFFCF7ACFBD0F7E0FE21
:10B610000320D0F7E9FE2A68D2F8003223F48063D1
:10B6200023F00403C2F80032FCF7B6FB204602F018
:10B630004FFD2046FCF71AFDB46141E740F21B13B1
:10B640006EE71C603CE700BF44B300206C74002030
:10B6500043B300206474002000F00140001000405B
:10B66000687400208FB30020587400205C740020A0
:10B67000CC4B0020B84C002000E100E02D780020E9
:10B68000F404002045B3002060740020FD81030015
:10B690007C04002018410140D9B3002000A00040E4
:10B6A000C4040020004001401011004044A10040AB
:10B6B00042B3002041B300202DE9F041454E3378DC
:10B6C0000446002B7AD0444D6B78022B03D14FF007
:10B6D000FF30BDE8F08103785A1E472A71D82A78D6
:10B6E00012B96A7C9A426CD33C480AF0C3FC072822
:10B6F0006ADC6378072B6AD86A782B786ABB1BB937
:10B700006A7C23789A4262D1354F3B6A57F823808E
:10B710004D22214640460CF05FFF6178314A535C70
:10B72000013303F0030353546378D35C88F8043087
:10B730003B6A0133082B28BF002307F128003B6236
:10B740000AF08BFC6B782A7C134304D13378012BED
:10B7500001D1FFF715FD0020BBE7002BB7D0224A2F
:10B76000002310461179E9B90C225343C7184D2222
:10B77000C058B9604FF00108214687F804800CF0EA
:10B780002BFF4046FBF79EFA6178184A52F82130A9
:10B7900073B942F8217011480AF05FFC0120FBF7F1
:10B7A00083FACFE70133082B02F10C02DAD1C9E7A3
:10B7B0001A469B68002BFBD19760ECE76FF00C00FA
:10B7C00087E76FF0790084E76FF00B0081E76FF097
:10B7D00015007EE72D7800206C740020B84C002006
:10B7E000904C002037B30020D0730020307400202C
:10B7F00010B50C4B1B78012B0AD10B4B5C7854B95C
:10B800000A480AF037FC48B1FFF7BAFC204610BDE1
:10B810006FF00F00FBE74FF0FF30F8E76FF03C00F0
:10B82000F5E700BF2D7800206C740020B84C002094
:10B830002DE9F041BDF818C04768046903290646A0
:10B840000D4690460CF0010C11D90820FAF79CFA2D
:10B8500050B16C4B43616C4BC0E906350423037453
:10B86000002343748374C3744FF4015222E0BA7D01
:10B87000012A4FF0010104BF5B084FEA5808A940B4
:10B88000002B75D0984576D9A26990452AD0207FA3
:10B89000884316D00820FAF777FA48B15B4B43612A
:10B8A0005B4B836103230374002343748374C37469
:10B8B0004FF4C252574903F0BDFC6FF01500BDE8CC
:10B8C000F0814246B2F5004F43D2C4F81880607749
:10B8D000D4F800E097F81680CEF80C05CEF8048571
:10B8E000CEF80825627F23FA02F292B24FF0010EE1
:10B8F00070688CF00108006A42EAC83220F815200E
:10B900005FFA81F8BEF1000F3DD1226805F5AC75F4
:10B9100052F82500002808DBBCF1000F6ED0B3FA06
:10B9200083F35B0963BB0BF0BDFB237F23EA0803B2
:10B9300023776BB3A37F07F1200583BB237B002B09
:10B9400035D1354935484FF4B1720BF0B9FA0CF0E6
:10B950002EFA013008284FEA5202B3D1FAF714FA4E
:10B96000002881D02E4B4361294BC0E9063875E78A
:10B970009E461A46BCE74FF0000E47F6FF72B7E747
:10B980000BF083FBD1E7237F48EA03032377D1E75A
:10B99000306903F0BFF80123A37700208FE700236D
:10B9A000A3772046FEF7AEFA0028FAD0C6E73B6A36
:10B9B000206803F06043B3F1005FC2D12A46002142
:10B9C000FEF76AFA2A4601212068FEF765FA226826
:10B9D0000123C2F8143522680021C2F80012102198
:10B9E0002161216802222273C1F80035616811B11A
:10B9F0002168C1F800232268D360CEE7003B18BF5E
:10BA000001238FE758910500979505007191050076
:10BA10007E9505001C910400A68E050045A4050036
:10BA20008A9105002DE9F74F4368027A03EBC202C1
:10BA30009A4204D86FF0010003B0BDE8F08F5C7942
:10BA40008C4200F088800833F2E733685904C3F36E
:10BA5000C322C3F3080478D44C4518F802A04FEA77
:10BA600013630BD0192B18D94E2B71D1C5F814457F
:10BA700020460BF00AFB4FF0010B2AE0192B0AD9E4
:10BA80004E2B65D14FF0FF33C5F814350436B7425D
:10BA9000DBD10020D0E74FF0FF34192B58D8DFE876
:10BAA00003F00D12293E2C333E575757575757571F
:10BAB0005757575757575757414B4E51C5F80C4595
:10BAC000631CD5D1E2E7C5F81445621CDED04FF007
:10BAD000000B59463368CDF800A003F40042002A59
:10BAE000C3F341230EBF5A4601220021204602F033
:10BAF00071F9CBE7C5F80845E2E7601CC5F80845D1
:10BB0000C4D04FF0000B05E0611CC5F80C45BDD05A
:10BB10004FF0010B20460BF0C5FA0121DAE7C5F81A
:10BB20001045D2E7C5F86045621C3368AED0C3F358
:10BB30000043002BECD09BE7C5F86445F4E7C5F85B
:10BB40006845F1E7C5F86C45EEE76FF0150073E75F
:10BB50006FF0850070E71E681F790568DFF80C80BC
:10BB600006EB870740F2FF1991E700BFAB95050090
:10BB70002DE9F04786B04568D0F8108000AF064642
:10BB80000121686BFFF74EFFD5F83CA0BAF1FF3FEB
:10BB900051D00123BB700223D5F838903B71FB18BC
:10BBA000FB603B1DF91C3B6148460023B9607B618B
:10BBB000FEF7C6F8041E0BDB07F10C02514648469F
:10BBC000FDF7AAFE041E36DAF9784846FDF78AFF2B
:10BBD00014F1130F19D10820FAF7D6F848B1334BF6
:10BBE0004361334B836103230374002343748374E1
:10BBF000C37430494FF4C25203F01CFB6FF01204BF
:10BC000020461837BD46BDE8F087631D13D10820D4
:10BC1000FAF7BAF848B1284B4361254B83610323F7
:10BC20000374002343748374C37422494FF4C252D3
:10BC300003F000FBE4E7EB6A9847D8F83050D8E906
:10BC40000C3203EBC2039D4209D308F128000BF02C
:10BC5000CDFE1A4930460BF0ADF90446D0E728680E
:10BC60000AF0C1FBC0B92B686C468AB019682B7901
:10BC70006A46134850611362124840F201339384BC
:10BC8000114BC2E9060142F8103F0A484FF4315106
:10BC900004F018FAA546B1E74FF4B0112846E2F7D0
:10BCA0001BFC041EACDB0835C9E700BFB8910500DA
:10BCB000F69405007C910400E7910500637A040086
:10BCC00008920500D9940500050000012DE9F04116
:10BCD000032106460220FBF707F80220FAF7E4FFEB
:10BCE00074680121E068FFF79DFE73681A68236994
:10BCF000C2F82435A17D637D0B43217D0B43C2F83F
:10BD00006C357768D7E9004313F0010355D0384B01
:10BD1000D6F81080186830B9364937483B220BF006
:10BD2000CFF80CF044F80BF090FD051E0BDA08205C
:10BD3000FAF72AF8B0BB31494FF4C25203F07AFA4D
:10BD40002846BDE8F081EBB2DB0003F1804303F548
:10BD5000F83304F5907288F80C50C3F8102504F1FC
:10BD60000C02C3F8142598F80C302549012202FA78
:10BD700003F3C1F804350823C4F80035BB69C4F8DF
:10BD800044350023C4F84835A260D4F85831002B5C
:10BD9000FBD00023C4F8003530461A49BDE8F04115
:10BDA0000BF008B9184B4361184B836103230374EC
:10BDB000002343748374C374BDE70822C4F80025CC
:10BDC000BA69C4F84425C4F848350123A360D4F8FF
:10BDD0002031002BFBD00023C4F82031D4F82031CF
:10BDE0000123E3604FF48073C4F80433CDE700BF50
:10BDF0006C730020198D050045A40500B491040062
:10BE000000F001409B7A0400309205005A9505002D
:10BE10002DE9F04F85B00569446802AF064635B993
:10BE20004949B22249480BF04BF80BF0C0FF2B7B7D
:10BE3000D3B16C468AB0036802AA454951614549AD
:10BE40004548C2E9061340F201331384434B42F8DC
:10BE5000103F4FF4115104F035F96FF07700A5460B
:10BE60000C37BD46BDE8F08F3D4BC5E90135002CD0
:10BE700063D094F81CA085F814A0BAF1000F1ED16D
:10BE800004F10C03A4F1040804F110097B6058F8D4
:10BE900004BFBBF1FF3F0DD099F8003058466BB39B
:10BEA0000BF0F3F80122CDF800A00023114658460C
:10BEB00001F090FF7B68984509F10109E7D194F8FA
:10BEC0001D80218B94F815E094F816C0A27EE07EC8
:10BED0002B68B8F1000F0BD1D4E900A9D4E9028492
:10BEE000C3F860A5C3F86495C3F86885C3F86C45CA
:10BEF0000C0406D51B4940F2593293E70BF0D2F8F7
:10BF0000D0E742EA0022C3F80CE5C3F804C5C3F841
:10BF10000815C3F8102528680022C0F81021D0F8B1
:10BF20001011C0F80821D0F80811C0F80C21D0F881
:10BF30000C2140F30730FAF7B7FE01230A492B73AF
:10BF400030460BF037F88BE7A68E050045A40500B8
:10BF5000988B0500709505001C91040004000001F9
:10BF600077720400748E0500B97B04002DE9FF4749
:10BF70000469226FA36F81464068002A4AD1002BD2
:10BF800000F01E81058ED4F86CA0D4F874809D4218
:10BF900028BF1D46616FE76E94F8203000295BD101
:10BFA000C4F88050002F66D1002B76D03D4694F81F
:10BFB0002130002B40F00181636813B1012384F824
:10BFC0002130606A461CC4E904A7C4E9068505D08F
:10BFD00094F82230990768D50BF057F82668BAF123
:10BFE000000F04D00AF06043B3F1005F07D1B8F14D
:10BFF000000F5DD008F06043B3F1005F58D000231C
:10C0000084F821306FF00C01484604B0BDE8F047D9
:10C010000BF015BDE16ED4F87480058E8A46BBB175
:10C02000934228BF13469D4228BF1D460029B1D028
:10C0300001F06043B3F1005FACD0082D28BF0825A4
:10C04000D4F888002A460CF0C7FAD4F888A0A1E7F3
:10C05000954228BF1546E9E7A26F4AB108F0604251
:10C06000B2F1005F04D0082DD4F88C8028BF0825D9
:10C07000C4F8805027B1276F002F18BF2F4609B191
:10C08000A26F02B9002543B1BAF1000F00D127B960
:10C09000B8F1000F8BD1002D89D04A494A484FF49E
:10C0A00064720AF00DFF0BF082FE0AF0FBFF95E7C9
:10C0B00000F098FF30B3454B9E4223D14FF08043B0
:10C0C000D3F8002E424B1A60E7B1424A2AF4FF53DC
:10C0D00023F01F0393425AD8C3F34F3101223E4845
:10C0E0008A4007EB0A0C002103F500539C4541EA06
:10C0F00002014FEA420201D98342F5D34FF0804357
:10C10000C3F8001E0023C6F85035C6F84035C6F8FF
:10C1100044A5C6F84875C6F83485C6F83855C6F83B
:10C120001831D6F81831D6F8003594F82220073B9C
:10C1300018BF012363F38202072384F82220C6F884
:10C14000003562680123CDE900A7CDE9028533619E
:10C1500002B363685BBB00F045FF40B11B4B9E42DE
:10C1600001BF1B4B1A684FF08043C3F8002E606A72
:10C17000421C05D094F822309B0715D50AF092FF97
:10C18000211D304604B0BDE8F0470BF019BE4FF456
:10C190008071B3E7D6F81831002BFBD06A464021F6
:10C1A00030460BF073FDD4E70AF06FFFE8E7402359
:10C1B000C6F8043304B0BDE8F0876FF00F0123E741
:10C1C000194621E75392050045A4050000F00240FE
:10C1D000B4740020FFFF00200020012010B5027879
:10C1E0000346002A7FD10C69D4F8802032B9E06F71
:10C1F0006FF07301BDE810400BF021BC606F48B1D7
:10C20000A16F39B1DB682BB1834203D0D4F88C1015
:10C210000CF0E2F9236FD4F88020A3B19A4230D910
:10C220000820F9F7B1FD48B12F4B43612F4B8361D3
:10C2300003230374002343748374C3742C494FF4A1
:10C24000C25202F0F7FFA36FD4F88020A3B19A4244
:10C2500030D90820F9F798FD48B1234B4361254BAD
:10C26000836103230374002343748374C3742049DC
:10C270004FF4C25202F0DEFFE06FBDE81040FFF75E
:10C2800075BE9B1A23677BB9E36D0833E365236EA4
:10C29000013B236604F1700204F1600104F15C00CB
:10C2A0000BF043FDE066CEE7E36E002BCBD01344EA
:10C2B000E366C8E79B1AA3677BB9636E08336366BE
:10C2C000A36E013BA36604F1780204F1680104F156
:10C2D00064000BF02AFD6067CEE7636F002BCBD0C4
:10C2E00013446367C8E710BD8F92050044950500AD
:10C2F0007C9104002E9505002DE9F04F93B000AF1E
:10C30000C7E9093243683B628B880569F963804657
:10C31000980441D44FF0FF334FF0FF3205F138005D
:10C3200009F0F3FEFB6BEB62D8F81040D8F804304C
:10C3300094F88520196822B1A26AF86B904200F047
:10C340002B82FA6BB2F8049019F4006F2CD00820FD
:10C35000F9F71AFD48B1A94B4361A94B8361032347
:10C360000374002343748374C374A6494FF4C25208
:10C3700002F060FF6FF08504AB6A13B19B889B04E9
:10C3800005D40023EB6205F1380009F0C0FE204619
:10C390004C37BD46BDE8F08F2B6C002BBAD1EB6A51
:10C3A000FA6B9A42B6D1BFE719F0010A18D06C4671
:10C3B0008AB0D8F800306A46934951619049914853
:10C3C000C2E9061340F201331384904B42F8103F48
:10C3D0004FF4115103F076FEA5466FF01504CBE73C
:10C3E00019F0080615D00820F9F7CEFC58B1884B93
:10C3F0004361834B83610323037480F811A080F8A9
:10C4000012A080F813A07F494FF4C25202F012FF2D
:10C41000E3E7C9F3451008280ED00820F9F7B4FC6B
:10C420000028F0D07B4B4361754B83610323037479
:10C4300046748674C674E6E7FA6BD2F800C0764A92
:10C44000944505D8F9F7A0FC0028DCD0734BEAE747
:10C450005A68FA619A68BA61DA687A611A69FA62A6
:10C460001A7DBA639A7DBA609A7F7A601A6A3A61D5
:10C4700093F8242093F8256093F826A03A6093F867
:10C48000272093F82830FB6061450B4664493A63E6
:10C4900028BF63468B4254D262498B4251D26249D3
:10C4A0008B424ED261498B424DD861498B424DD867
:10C4B00060498B424DD860498B424DD85F48604AF5
:10C4C0006049834294BF93468B4619F0020F09F0EE
:10C4D000040344D0002B14BF032302237B6323688F
:10C4E000D3F80805411C04D019F0020F3BD10AF023
:10C4F000D9FD94F885302BB1204602F0A5FD00232C
:10C5000084F8853094F82030002B40F069814E4B40
:10C510009B454E4B00F0BA8028D84D498B4500F022
:10C52000B08059D846498B4540F0A180C4E9013814
:10C5300026B94FF0020A8B4540F0A0804FF0007BF7
:10C540002CE08B46C1E7DFF80CB1BEE7DFF8F8B0AE
:10C55000BBE7DFF804B1B8E7DFF8F4B0B5E7003BBC
:10C5600018BF0123BAE70AF090FDC2E72D498B45B9
:10C5700074D00BD837498B4537D1002EC4E9013828
:10C5800008BF4FF0020A4FF0804B07E0C4E90138C2
:10C59000002E08BF4FF0020A4FF0A05B94F8223043
:10C5A0003A6B62F30003BA6B62F3410384F8223002
:10C5B0003B6B002B7ED0002E40F0AE80FB6ABA6B46
:10C5C000636294F8223062F3410384F822304FF022
:10C5D000FF33FB620023A3E0002EC4E9013808BF4B
:10C5E0004FF0020A4FF0805BD8E7002EC4E9013813
:10C5F00008BF4FF0020A4FF0004BCFE7B1920500A1
:10C60000249505007C910400CF92050004000001F0
:10C61000F59205001893050047E801004B930500CB
:10C620000048E8010024F40000127A00FF083D00F1
:10C630007F841E003F420F001FA107008FD0030020
:10C6400048E8010090D0030080841E00DDC1030093
:10C6500020A1070000093D0040420F00C4E9013855
:10C660004FF0206B002E08BF4FF0020A96E7C4E996
:10C670000138002E7FF45FAF4FF0020A4FF0806B5D
:10C680008CE7C4E901384FF0006BEBE7C4E90138EF
:10C6900094F82230002E32D13E6BBA6B66F3000361
:10C6A00062F3410384F822304FF0020A4FF0005B3E
:10C6B000002E83D17B6BF869012B94BF00230123EB
:10C6C000002201210BF00FFC0023B8691A4601215A
:10C6D0000BF009FC00237A68786919460BF003FC1B
:10C6E000BB6BF86A83F00103002201210BF0FBFB16
:10C6F00001233869002219460BF0F5FB5BE73A6B22
:10C7000062F30003BA6B62F3410384F822303B6B9F
:10C710004FF0005B002BCDD04FF0FF336362BB6B5B
:10C72000F968226891B9F969C2F80815B969C2F8BF
:10C730000C157969C2F810153969C2F86C15F96AD7
:10C74000C2F81415C2F86835C2F864A5796BBB68E5
:10C75000C2F8C0350229C2F824B5C9F3001339D094
:10C7600003293AD0012901D143F00203C2F854351C
:10C770003B68C2F86035636823B1206840F3073036
:10C78000FAF792FA002384F82130012384F820304C
:10C7900084F88530FB6BA362012385F884303B6A03
:10C7A000DC6B621C00F08D8020469E6B09F07CFEE5
:10C7B00040B1214630460AF0DFFE18B930460AF093
:10C7C000CEFE30BBC04940F2E912C0480AF078FB07
:10C7D0000BF0EDFA43F00403C8E743F00603C5E7A6
:10C7E0000820F9F7D1FA60B1B94B4361B94B8361C5
:10C7F0006FF07703C36104230374002343748374CD
:10C80000C374B5494FF4015202F014FD6FF0770480
:10C81000B2E530460AF098FE002800F0DF8020469E
:10C82000FBF7FAFA06EB4000808A400BFCF778FE33
:10C830008146002221463046FDF704F87C6407F16A
:10C840004400FCF79DFA7B6C00EB8300A34BD0F80F
:10C850000027134043F00C03C0F800370AF0E0FF54
:10C860008246336853F80930002B00F0BD804FF04A
:10C870000009214630460AF049FF7C6407F1440074
:10C88000FCF77EFA7B6C00EB8300944BD0F800271A
:10C89000134043F0040319F1740FC0F8003710D1AE
:10C8A0000620F9F771FA38B18D4B43610223037406
:10C8B000002343748374C37487494FF4845202F095
:10C8C000B9FCBB6A002B40F09980EB6500232B6616
:10C8D00005F1700205F1600105F15C000BF025FA2D
:10C8E0007B6AE866002B40F092806B660023AB66A3
:10C8F00005F1780205F1680105F164000BF015FA05
:10C90000002405F128062246686701213046AC65FF
:10C910000BF04CF84046FFF729FB286E22462346D1
:10C9200083427DD10023AC6E1946A1427FD19A4249
:10C9300038BF1A464FF4FA5303FB02F4AB6A4FF0C8
:10C9400000091B68B4FBF3F44FF40046C83440F20E
:10C95000E73049464FF47A720023E4FB0601D0F732
:10C9600041FB05F1480602460B46304609F0CDFB77
:10C970000246002862D00820F9F706FA58B1594B50
:10C980004361594B83610323037480F8119080F84D
:10C99000129080F8139050494FF4C25202F04AFCB2
:10C9A00000242846C5F8804002F04EFB85F88540FB
:10C9B0006FF0730140460BF042F8EFF311894FF02E
:10C9C000400B8BF31288BFF36F8F484800F03CFB9D
:10C9D0008046002840D188224549F6E60EB9FDF789
:10C9E000C9F94FF4BE7924E70AF01AFFA0EB0A0058
:10C9F00006287FF636AF6FF073093AE7BB6A1B680B
:10CA0000EB65002B3FF462AFBB6A5B685FE77B6A54
:10CA10001B686B66002B3FF469AF7B6A5B6866E757
:10CA2000E96D01EBC301013349680A4478E7686E98
:10CA300000EBC10001314068034476E7AC6D14F1AE
:10CA4000740FADD0002C3FF497ACD8F8100011460D
:10CA500028300AF0ABFF8FE4244800F019FB6FF098
:10CA60000A0A2346EFF311828BF31288BFF36F8F0C
:10CA700082F31188BFF36F8F12B91E49A622A4E674
:10CA8000AC6CA6420ED06CB1204601F031FD04F131
:10CA9000180004F0B1FBC4F8A8A0204604F026FD5D
:10CAA0004346DFE700222A6533B11048494601F0CA
:10CAB0003DFE6FF073045FE40C4800F0D3FAD8B980
:10CAC0004FF49A7288E700BF0A8E050045A405005E
:10CAD00080930500249505007C910400F0F8FCFF8C
:10CAE000A9930500D393050004950500B0740020B8
:10CAF00062CE04009FCE040089F31188BFF36F8FCC
:10CB0000D7E700BF684620F007018D4601B5214BED
:10CB1000D3F80423D1060BD5D3F8102142B100225B
:10CB2000C3F81021D3F810311B4B1B6803B1984791
:10CB3000184BD3F8042312071FD5D3F80C21E2B108
:10CB4000164A5278022A1ED1D3F80804144B597899
:10CB5000C0B2C1F34101FEF765F840B111480421AC
:10CB60000AF00AFA104B4FF48012C3F80021094B67
:10CB70000022C3F80C21D3F80C31FAF733F8BDE8E2
:10CB8000014085467047044B1B68002BEFD0984747
:10CB9000EDE700BF00100040607400206C740020BE
:10CBA0008FB300205874002000E100E0684620F0B8
:10CBB00007018D4631B5144B14481B68144D82B0E3
:10CBC00001930AF031FE2B680446B3B1C10704D5C6
:10CBD00000228DF8002068469847A20705D501235A
:10CBE0008DF8003068462B689847630705D5022307
:10CBF0008DF8003068462B689847F9F7F3FF02B0CC
:10CC0000BDE83140854670475C74002058740020B0
:10CC1000507400202DE9F04186B00D1E69460CBF0E
:10CC200017462F460446FBF7BFFC78B99DF8006015
:10CC3000022E4CD0032E0CD0012E4AD135B19DF8D6
:10CC40000330032B02D120460AF047FD06B0BDE8B1
:10CC5000F081002DFAD1A56820460AF0E4F9204BB6
:10CC6000103D02AA25F0070503F1100E9046186842
:10CC700059689446ACE80300083373456246F6D120
:10CC8000002D01DA0120E1E7A3689D42FAD25B1B87
:10CC90000F2BF7D96168E06810234246294409F058
:10CCA000D8FB0028EED187B120460AF016FD0028F7
:10CCB000CCD1A1688DF80860183921F007014246EF
:10CCC0001039204603F05CFFC0E70226F1E7E81CBC
:10CCD000BCE7044B044A054840F2B32107F038FC96
:10CCE000BCAE04001ED10400C1940500FD930500F4
:10CCF00010B5164A16490020C2F8000591F82F40D9
:10CD0000D2F8043381F82E400C6823F033030CB1C1
:10CD100043F02303C2F81C01D2F81C41C2F81801E9
:10CD2000D2F81841C2F80801D2F8082191F833204E
:10CD3000D00791F8342048BF43F08003D207034A5C
:10CD400048BF43F04003C2F8003310BD00700040FC
:10CD50003473002008B5054B1B682BB9FBF7FAF9B3
:10CD6000034B1B68C01A08BD0020FCE7A474002018
:10CD7000204B0020F7B5284D0023044601934FF4C3
:10CD8000807201AB0F46014628460AF034FD01AB24
:10CD90004FF48A72214628460AF02DFD01AB064663
:10CDA0004FF48272214628460AF025FD18B117B1CA
:10CDB0000EB1D5F83436184801AB4FF484722146D1
:10CDC0000AF019FD01AB4FF48672214612480AF0B1
:10CDD00012FD01AB10484FF4887221460AF00BFD9A
:10CDE0000E4B2340A3B10C4E4FF48E752A4601AB77
:10CDF000214630460AF0FFFC2A1F083501AB92B2EB
:10CE000021463046ADB20AF0F6FCB5F5AE7FEDD165
:10CE1000019803B0F0BD00BF00700040C0FF3F00AC
:10CE20007FB56449634E3320FFF7A4FF10F0100F65
:10CE300005460BD0604B1022C3F80823B218C3F884
:10CE40002C260222C3F8302601221A605B4CAA0667
:10CE500094F82E300ED5072B574A05D0D2F8343629
:10CE60009BB2E36000232361D2F80433DB0601D5D3
:10CE7000FFF73EFFA8071AD594F82E20A16802916B
:10CE80000023E1688DF80430062AADF80C101AD0A2
:10CE9000072A39D0032A0AD1474AC2F80035C2F816
:10CEA0000035022384F82E30236801A89847E9074B
:10CEB00051D594F82E30033B042B4CD8DFE803F017
:10CEC0005C4B2B43600094F8353023B1236913B1D8
:10CED000394B01221A60236801A89847384B93E820
:10CEE000030086E8030000232361A368002BDED142
:10CEF000314AC2F80035C2F80035042384F82E30D8
:10CF000005238DF80430CFE7FFF7F2FE02238DF8FA
:10CF100004306368C9E704238DF8043001A823684E
:10CF20009847254BD3F8F825D20444BF01225A6014
:10CF30002269062384F82E302AB11F4B6169C3F899
:10CF40002C26C3F8301623692BB903238DF804303F
:10CF500001A82368984794F82E30072B0AD0164B67
:10CF60001848D3F8043300211840FFF703FF0126C7
:10CF700085094DB904B070BD0F4B01225A60EAE734
:10CF80000D4B01229A60E6E795FAA5F3B3FA83F315
:10CF900006FA03F225EA02055A08DB4303F001030F
:10CFA0008DF809308DF8046023688DF8082001A8F9
:10CFB0009847DEE73C730020007000403473002087
:10CFC00044730020C0FF3F00054B93F82E00431E22
:10CFD000012B03D9043818BF012070470020704787
:10CFE000347300204FF08053D3F83021082A06D143
:10CFF000D3F83431052B04D8034AD05C70470020A5
:10D0000070470120704700BF0FA40500014B9868CE
:10D0100090307047446F0020437B024613F01F009E
:10D020000DD1084B9A420BD0D3897F2B08D892F9A7
:10D030000E30002BB4BF00204FF424707047002046
:10D04000704700BF602D0020006838B1044B1B7C86
:10D0500000F00300C01A18BF01207047012070477C
:10D06000446F0020002302680360EFF30581074B43
:10D0700019B19968497BC90706D4197C9868084397
:10D08000831A58425841704701207047446F00206E
:10D09000024B1A7C9B68134303607047446F002067
:10D0A00030B470B1084B5B6898420AD0036843B152
:10D0B000D3E90421D0E90445121941EB0501C3E984
:10D0C000042130BC0AF022BE040500200B4B1A6874
:10D0D0009A420FD072B1D2E904321B1A62EBE072AD
:10D0E000B3F1004F72F1000104DA002AACBF184618
:10D0F000002070476FF00040704700BF040500201B
:10D10000F0B52C4B2C4E1C782C4B1A78012101FACF
:10D1100002F301FA04F51D4304F51177E3004FEA29
:10D12000C20C18BB03F1804303F5F833C6F8085569
:10D13000C3F81005C3F814050CF1804303F5F83368
:10D1400046F82700C3F81005C3F814051C4B1B78DC
:10D150009B0003F1804303F5F8330121D3F8002845
:10D16000A14022EA0102C3F80028F0BD154A127856
:10D1700003F18043914003F5F8332943C6F80815BD
:10D180000021C3F81015C3F814150CF1804303F502
:10D19000F83346F82710C3F81015C3F81415D30058
:10D1A00003F1804303F5F833C3F81015C3F81415E1
:10D1B000CCE700BF40B3002000F0014042B30020A4
:10D1C0003FB30020D9B3002030B4104B0C2202FB37
:10D1D000003301460020D3E910521864EFF31180A8
:10D1E000402484F31288BFF36F8F9C6C04F0C0045A
:10D1F00044F002049C6480F31188BFF36F8F1DB16B
:10D200002B46034830BC184730BC7047344C0020D4
:10D21000508A04002DE9F04F4FF0805491B0D4F8BB
:10D220003051082D3FD1D4F83441052C02D83F4D60
:10D230002C5DC4B3EC4608AF3D4D3E46E0460024AD
:10D2400005EB041E0134DEF8189548F8049B082C01
:10D25000DEF81CE546F804EBF2D100244FF0010A99
:10D26000D5F8F065D5F84096D5F84486D5F848E667
:10D27000C5F8FC4FC5F8FCAF2D4D5CF804BB05EBC1
:10D28000041A0134CAF818B557F804BBCAF81CB51B
:10D29000082CF2D1F6B2C5F84096C5F84486C5F818
:10D2A00048E6C5F8F065234C214F234E2660002543
:10D2B00084F8335084F83450A560256184F8310037
:10D2C000A583C7F8F015C7F8F4252322C7F8002373
:10D2D0004FF0010C0CFA05F202404FEA05111CD088
:10D2E00001F1804202F5E042E67F94F81EE0C2F8C8
:10D2F00010E5C2F814651A4639440135D1F81865AD
:10D3000026F0807646EA0262082DC1F8182504F15D
:10D310000204DFD111B0BDE8F08F01F1804606F5BF
:10D32000E046C6F81025C6F81425E5E709A405006F
:10D33000007000403473002099A7030001460148A3
:10D34000FDF7BCBBB08A040010B58CB0002300937D
:10D350000368019343680293836814480393D0EDF4
:10D36000017A03680493F1EE677ACDED057AD0ED8A
:10D37000027AF1EE677ACDED067AD0ED037A0C46AB
:10D38000F1EE677A08AA6946CDED077A09F09DF9B2
:10D390006A4604A908A809F098F9019B2360029B3A
:10D3A0006360039BA3600CB010BD00BFCC030020E2
:10D3B000F8B515460F4A074610780E4640F2FF3280
:10D3C00043F6FF71002808BF0A46B2FBF3F202FBE6
:10D3D00003F40DB92846F8BDAC4228BF2C462346BD
:10D3E000324639460020E7F79FFE0028F3D1264455
:10D3F0002D1BEEE7D0B2002070B52DED068BD0EDE1
:10D40000007AF5EE407AF1EE10FA8AB0B0EE408A7A
:10D4100005460ED1D0ED017AF5EE407AF1EE10FA24
:10D4200007D1D0ED027AF5EE407AF1EE10FA00F075
:10D430007581D54C06AA214604F1100009F08EFB37
:10D440002946D24D03AA06A809F0C1FBAB7A002BEE
:10D4500000F0F880032103A8F7F740FE9FEDCC7A97
:10D4600084ED850AB4EEC70AF1EE10FAF0EE407AC8
:10D4700000F154819DED057A87EE270AFFEE007AD0
:10D48000B4EEE70AF1EE10FA40F35281F7EE000A2B
:10D49000B4EEE00AF1EE10FA40F1478180F24581E6
:10D4A000B4EEE70AF1EE10FA40F2428140EE400A93
:10D4B000F5EEC00AF1EE10FAC0F23481F1EEE00AA6
:10D4C000F7F7F4FDB1EE400A84ED860A95ED0D0AFA
:10D4D000B5EEC00AF1EE10FA0CDDAE48019000F195
:10D4E0000C030093AC4BF0EE480AA3F118020221A2
:10D4F000F7F726FED4ED7E7A94ED855A95ED0F7AF6
:10D50000D4ED865AA54E35EE674A67EE876AB0EECF
:10D51000C46AB4EEE66AF1EE10FA40F10C81D4ED83
:10D520007F6A95ED106A9FED9E3A75EEE64A26EE0B
:10D53000036AF0EEE43AF4EEC63AF1EE10FA40F186
:10D54000FA8094ED806AD5ED143A38EE066AB4EEAE
:10D55000E36AF1EE10FA84ED806A0CDB96ED286A3E
:10D5600044EE067A002384F8253044EE866AC4ED42
:10D570007E7AC4ED7F6AD4ED828A35EE68AA27EE02
:10D58000287AF0EECA7AF4EEC77AF1EE10FA40F19A
:10D59000D98094ED839AD5ED107ADFED816A75EE2E
:10D5A000C99A67EEA67AB0EEE97AB4EEE77AF1EEC0
:10D5B00010FA40F1C7807B480321F7F78FFD9FEDFC
:10D5C0007A7AD5ED137ADFED796A94F8253067EE33
:10D5D000877A87EEA67AB4EEC70AF1EE10FAA2BFF8
:10D5E000D4ED847A77EE887AC4ED847AD6ED287A01
:10D5F0004AEE278A09EEA79AC4ED828A84ED839ABF
:10D6000003B3D4ED847A95ED117AF4EEC77AF1EE96
:10D6100010FA0DDA94ED7E7AB5EEC07AF1EE10FADA
:10D6200010D895ED127AF4EEC77AF1EE10FA09DB14
:10D63000002384F825302B6DC4ED7E8A84ED7F9A1B
:10D64000C4F80032DDED040A9DED030AF7F72EFD64
:10D65000D4ED087A9FED545A30EE670AB4EEC50A4D
:10D66000F1EE10FA76DD9FED567A30EE470A4B4B1D
:10D6700084ED1C0A93ED0E7AAB7ABBB194F8253099
:10D68000D4ED816A002B71D095ED156AB4EEE66A8F
:10D69000F1EE10FAB5BFD5ED166A9FED457A87EE2B
:10D6A000267A78EE266AA8BFC4ED816AD4ED1B6A9B
:10D6B000F5EE406AF1EE10FA19D0F7EE005A76EE68
:10D6C000A55AF4EE476A86EEA56AF1EE10FAC8BFD5
:10D6D000B0EE667AD5ED016A84ED1B6A26EE266A05
:10D6E000B4EEC68AF1EE10FAC4BF0023E366D4EDAF
:10D6F0001C6A27EE267AC7EE086A77EE877AC4EDB1
:10D700001D6AF4EEC57AF1EE10FAC4ED087A59DD1F
:10D710009FED2B7A77EEC77AC4ED087A0AB0BDEC9C
:10D72000068B70BDDFED220ACAE69FED220AC9E62C
:10D730009FED210AC6E60023C4F80032012384F8D5
:10D74000253018E70023C4F8103284ED825AC4ED66
:10D75000835A77E79FED197AB4EEC70AF1EE10FA13
:10D7600044BF9FED177A30EE070A80E795ED166A01
:10D7700048EE466AF5EEC06AF1EE10FAD8BFDFED6A
:10D780000C6AC4ED816A91E7202F00203C700020D4
:10D790000000003434310020102F0020502E0020D3
:10D7A00035FA8E3C84300020DB0F494000003443C2
:10D7B00000000000DB0FC93FDB0FC9BFDB0F49C012
:10D7C000DB0FC9401FED037AF4EEC77AF1EE10FAD1
:10D7D000A4D51FED057A77EE877A9DE7034628B139
:10D7E0002E4A03CA18605960106898602C4BD3ED1C
:10D7F000216AD3ED227A93ED247A93ED286AF0EE34
:10D80000E77AF0EEE66A76EEA76AD3ED237AF0EED9
:10D81000E77A76EEA76AD3ED257AB0EEC77AF0EE16
:10D82000E77A37EE277AD3ED267AF0EEE77A37EE0D
:10D83000277AD3ED277AB0EEC66AF0EEE77A77EE74
:10D84000867A93ED296A174BF4EE476AB0EEC66A02
:10D85000F1EE10FA77EE867AC8BFB0EE667AF4EE93
:10D86000477AF1EE10FA93ED0F0A48BFF0EE477ACF
:10D87000B4EE670AF1EE10FAC8BFB0EE670AB5EE73
:10D88000C00AF1EE10FA06DBB1EEC00ADFED067A4F
:10D8900020EE270A70479FED050AF7E7982F002032
:10D8A000202F0020502E0020D40237390000000025
:10D8B000F5EEC00AF1EE10FA14DC56D4F5EE400A8B
:10D8C000F1EE10FA40F03181B5EEC00AF1EE10FA37
:10D8D00000F3948040F12981DFEDA87AC0ED007A51
:10D8E00000207047C0EE207AF7EE006AF5EEC07AAD
:10D8F000F1EE10FA48BFF1EE677AF4EEE67A4CBF2B
:10D9000001230023F1EE10FA7BDD86EEA77ADFED2E
:10D910009C2A9FED9C3ADFED9C3A9FED9C4ADFEDFF
:10D920009C4A9FED9C5ADFED9C5A9FED9C6ADFED6F
:10D930009C6ADFED9C7AA7EE223AE7EE033AA7EE67
:10D94000234AE7EE044AA7EE245AE7EE055AA7EE6B
:10D95000256AE7EE066AE7EE667A002BBED0F1EEA6
:10D96000677AC0ED007A00207047B5EEC00AF1EE8C
:10D9700010FA6BDDC0EE207AF7EE006AF5EEC07AA1
:10D98000F1EE10FA48BFF1EE677AF4EEE67A4CBF9A
:10D9900001230023F1EE10FA40F39F8086EEA77A70
:10D9A000DFED772A9FED773ADFED773A9FED774A03
:10D9B000DFED774A9FED775ADFED775A9FED776A73
:10D9C000DFED776ADFED777AA7EE223AE7EE033AEA
:10D9D000A7EE234AE7EE044AA7EE245AE7EE055ADB
:10D9E000A7EE256AE7EE066AE7EE667A0BB1F1EE7E
:10D9F000677A9FED6D7A77EE877A6FE7DFED697A68
:10DA00006CE7DFED5F6A9FED5F7A9FED5F4ADFEDC8
:10DA10005F4A9FED5F5ADFED5F5A9FED5F6AA7EEA9
:10DA2000A67ADFED5E6AA7EE874A9FED5D7AE7EEA4
:10DA3000844AA7EEA45AE7EE855AA7EEA56AE7EE58
:10DA4000866AA7EEA67A67EE877A86E702D4DFEDCC
:10DA5000567A43E7C0EE207AF7EE006AF5EEC07A18
:10DA6000F1EE10FA48BFF1EE677AF4EEE67A4CBFB9
:10DA700001230023F1EE10FA5ADD86EEA77ADFEDDE
:10DA8000402A9FED403ADFED403A9FED404ADFEDFE
:10DA9000404A9FED405ADFED405A9FED406ADFED6E
:10DAA000406ADFED407AA7EE223AE7EE033AA7EEAE
:10DAB000234AE7EE044AA7EE245AE7EE055AA7EEFA
:10DAC000256AE7EE066AE7EE667A0BB1F1EE677A51
:10DAD0009FED357A77EEC77A00E7DFED296A9FED93
:10DAE000297A9FED294ADFED294A9FED295ADFED7A
:10DAF000295A9FED296AA7EEA67ADFED286AA7EEDC
:10DB0000874A9FED277AE7EE844AA7EEA45AE7EE0C
:10DB1000855AA7EEA56AE7EE866AA7EEA67A67EEB3
:10DB2000877A002B3FF465AF61E76FF00300704721
:10DB3000DFED136A9FED137A9FED134ADFED134A71
:10DB40009FED135ADFED135A9FED136AA7EEA67AE5
:10DB5000DFED126AA7EE874A9FED117AE7EE844A5D
:10DB6000A7EEA45AE7EE855AA7EEA56AE7EE866A05
:10DB7000A7EEA67A67EE877AA7E700BFDB0FC9BFDB
:10DB8000A59204BDE745093E08B732BEEBFCA9BC2F
:10DB90003C695D3E435690BBE565AABEC90CC0B763
:10DBA0000100803FDB0FC93FDB0F4940D0ED007A19
:10DBB000F4EEE07AF1EE10FA2EDCB4EEE70AF1EEC4
:10DBC00010FAA8BFF0EE407AC1ED007AD0ED017AEC
:10DBD000F4EEE70AF1EE10FA1BD4B4EEE70AF1EE28
:10DBE00010FAA8BFF0EE407AC1ED017AD0ED027ACA
:10DBF000F4EEE70AF1EE10FA08D4B4EEE70AF1EE1B
:10DC000010FAB4BFF0EE670AF0EE400AC1ED020A66
:10DC10007047F0EE607AE7E7F0EE607AD4E700BF95
:10DC2000044B00EBC1010022884200D17047E0E8BC
:10DC30000223F9E70000F87F91ED007AD0ED007A39
:10DC400077EE877AC2ED007A91ED017AD0ED017A14
:10DC500077EE877AC2ED017AD0ED027A91ED027A01
:10DC600077EE877AC2ED027A704700BF064A034614
:10DC7000107828B9054A12685360054B196070473F
:10DC80004FF0FF30704700BFD0B20020D46F0020AB
:10DC90003475002013B50F4B8DF8070014461A7821
:10DCA0002AB1012A13D04FF0FF3002B010BD0A4B49
:10DCB0000DF1070018600120C3E901010749DC608C
:10DCC00002234B60064B186808F0EFFAEDE70023DB
:10DCD0001B68FFDED0B20020DC6F0020F0020020C5
:10DCE000D46F0020F7B5214F3F5C012F0D4616463B
:10DCF0001C461ED0022F1FD0002F33D11C4A1160AA
:10DD00001C49012353604B601B4B1C4A1A601C4A80
:10DD1000DC6052F820200132C3E90126194A0223AF
:10DD20005360194B53F8200003B0BDE8F04008F0F1
:10DD3000BCBA00231B68FFDE1448006890B1077A64
:10DD4000BB4208D80093446811481346007801226A
:10DD5000A04703B0F0BD2878002103B0BDE8F04033
:10DD6000E7F766B94FF0FF30F3E700BFD0B200200D
:10DD7000DC6F0020F002002024750020B0B80020E5
:10DD80003475002014050020D46F0020EC6F0020B3
:10DD9000D2B2002091ED007AD0ED007A77EEC77A0A
:10DDA000C2ED007A91ED017AD0ED017A77EEC77A73
:10DDB000C2ED017AD0ED027A91ED027A77EEC77A60
:10DDC000C2ED027A704700BF014809F050BB00BFA6
:10DDD000B08A04002DE9F341019001A898460F464E
:10DDE0001646EAF771FD019B9DF82040094D00EBB6
:10DDF00083002402D0F800371D4044EA880343EA38
:10DE0000070141EA46022A43C0F8002702B0BDE8F4
:10DE1000F08100BFF0F8FCFF0368064A03F5803389
:10DE20000360118A1A0CB1EB134F04BFA3EB02433A
:10DE30000360704748680020054BDB6A1B68012BB4
:10DE400081BF03F1FF3280185B421840704700BF6A
:10DE50004868002010B5014604460722FF20F9F764
:10DE6000BBF9E37983420DD10820FFF7E5FFA288D3
:10DE700063881344044AD268121A93422CBF0020CC
:10DE8000012010BD0020FCE74868002010B50446C2
:10DE9000FFF7E0FFA0B1A08898B922884FF6FF7382
:10DEA0009A420DD10820FFF7C7FF074B6288DB6855
:10DEB0009B1AB3FBF0F202FB1030B0FA80F040097D
:10DEC00010BD0020FCE700BF4868002070B4074C7C
:10DED00013462268E668050C12FA80F00A4606FB33
:10DEE0000501A06A70BC08F0ADBA00BF4868002008
:10DEF0002DE9F34106460820FFF79EFF3468DFF85E
:10DF00004480241A0746346004EA0805AC4203D86A
:10DF1000002002B0BDE8F081082269462046FFF7E4
:10DF2000D5FF0028F5D16846FFF794FF40B1BDF852
:10DF30000230BDF80420346005EA080513441D448E
:10DF4000E41BE3E70000FFFFF7B504460820FFF7F6
:10DF500073FF082207462068FFF7B8FF0546002830
:10DF600034D123681B4EF8182060F26881B2D21BAE
:10DF700091422BD1020C03BF328A02F1FF3200EB37
:10DF80000240A0F58030206008226946FFF79EFF1E
:10DF9000D8B9F36A5A796B4613F8011B8A420CD13F
:10DFA00001300828F8D1736805E02368BDF8022025
:10DFB0001B0C1B041344236008E06846FFF766FF50
:10DFC0000028F2D12046FFF793FF0546284603B00C
:10DFD000F0BD00BF486800202DE9F041134BDB6A1B
:10DFE0001D686D4288B007468846144605F0200536
:10DFF0001CB9204608B0BDE8F081A5422E4628BFD6
:10E000002646324669463846FFF760FF0028F1D1C0
:10E010006B46864202D1A41B3744E9E713F8012B73
:10E02000424501D10130F4E70120E3E748680020D0
:10E0300008B5EFF31183402383F31288BFF36F8F8A
:10E04000EFF3108372B6094C012363601120F8F7D7
:10E0500039FE074BC4F80833C4F84833054B4FF476
:10E060000032C3F88021F9F7A5F800BF0010014085
:10E0700003000F0000E100E0837842781B0443EACC
:10E08000022302781343C27843EA0253027943EA37
:10E090008253427943EA0263827943EA8263C27916
:10E0A00043EA4273094AC2F81435837A417A1B0461
:10E0B00043EA0123017A0B43C17A43EA0163017BFE
:10E0C00043EA4163C2F81835704700BF00100040B2
:10E0D000F0B5294B29491B78294FDA001144294A08
:10E0E0000024C2F81841D2F81821274A274C157885
:10E0F000EA0002F1804202F5F832C2F81075C2F867
:10E100001445234A05F5117442F82410214A224986
:10E110001678F20002F1804202F5F8320124C2F8CA
:10E12000101501F5973101F58471C2F8141504FA40
:10E1300006F604FA05F1314368B1184A184E107812
:10E14000C20002F1804202F5F8328440C2F8107534
:10E150002143C2F814659B0003F1804303F5F833B3
:10E160000122D3F80008AA400243C3F80028084B54
:10E17000C3F80415F0BD00BF3FB3002004F0014018
:10E18000184101400040014040B300200010004011
:10E1900000F0014042B3002010110040D9B300202C
:10E1A00000A0004038B50F4C83002168226A43F07C
:10E1B000020342F82130054621680246204608F055
:10E1C00096FEE36861682060984208BF23690548AD
:10E1D00008BF43F008032A4608BF236108F087FE02
:10E1E000606038BD2408002070B5224A92F82E5095
:10E1F00004463DB9204821494FF4197208F060FEE9
:10E2000009F0D5FD13695BBB00F06043B3F1005F1B
:10E2100029D192F83260B1FBF6F306FB131028BB4C
:10E220000BB2002B22DD052D06D8032D0BD8022DB5
:10E230000ED06FF0760070BD062DFAD1104BC3F8EA
:10E240002C46C3F8301693683BB1C2E90441F2E7AB
:10E250008E420BD1C2E90246EDE7C2E90241EAE78C
:10E260006FF07700E7E76FF00C00E4E76FF006006F
:10E27000E1E700BF3473002045A405005E8505007A
:10E28000007000402DE9F341584C94F82E20012AEB
:10E2900007D85748574940F29D2208F011FE09F06F
:10E2A00086FDA368002B00F09E80022A06D0042A77
:10E2B00036D06FF0760002B0BDE8F0814E4A012101
:10E2C000C2F800152568E06845B1032584F82E5092
:10E2D000C2F82C36C2F8300611601FE0C2F82C36A6
:10E2E000C2F83006116000210120FEF743FD00282E
:10E2F000F9D0414C414D0123636029460220FEF7CD
:10E3000039FD0028F9D00023C4F80831D4F80821D9
:10E31000C4F80C31D4F80C21C4F800350020CAE749
:10E32000354A0121C2F80015206820B1052084F883
:10E330002E00E068CCE7A58B94F83200019003EB47
:10E3400045030093C2F82C36C2F830061160002154
:10E350000120FEF70FFD0028F9D094F8363063BB9A
:10E36000254D01236B6069460220FEF703FD00285E
:10E37000F9D00023C5F80831D5F80821C5F80C31CB
:10E38000D5F80C21A18B94F832200A44E16892B2AE
:10E390008A42A28321BF194AA383D2E902012361E1
:10E3A00024BFC2E900011846134B4FF0000238BFEA
:10E3B0006FF00F00C3F800257DE70F4FD7F8F45535
:10E3C0004FF00108EDB208FA05F50026013DB5420F
:10E3D000C6D9C7F8048000210420FEF7CBFC002832
:10E3E000F9D00136F3E76FF00B0064E734730020D7
:10E3F00045A405005E850500007000403C730020C8
:10E4000037B5044638B9104810494FF4927208F0F5
:10E4100057FD09F0CCFC0068002301934FF4807293
:10E4200001AB0121D0F8045409F0E5F9019BDB07A9
:10E4300008D5D4E9023229464FF4807003B0BDE814
:10E440003040184703B030BD45A40500BD8C050021
:10E45000154B70B553F82050013053F82060AE4290
:10E4600000D870BD6C68E4B1237EDB0717D4636904
:10E4700083B12046984768B100F1FF03FE2B06D90F
:10E480000A480B49212208F01BFD09F090FCE368C3
:10E4900040421870E268537843F001035370083526
:10E4A000DDE72B689847FAE7D0A9040045A40500EA
:10E4B0007596050008B50B4B9B6893F90E30002B41
:10E4C00009DB4024EFF3118384F31288BFF36F8FCD
:10E4D00008F0BEFDF6E7044804491C2208F0F0FCF1
:10E4E00009F065FC446F002045A4050098960500DE
:10E4F00008B5836833B9084808498F2208F0E0FC62
:10E5000009F055FC09F002FC437B23F0020343733E
:10E510000023836008BD00BF45A405009FCE040012
:10E52000F8B5099D0F2D0E4604460B9959D1344874
:10E5300083425AD1A573D51D25F00705FF350A9FE3
:10E54000277304F1580025F07F05C4E9160004275D
:10E5500000207F2DC4E90600A0606773E07306F118
:10E56000800CA5F1800205D880F31188BFF36F8F6E
:10E57000384602DF3544C4E925C200264FF47D4207
:10E58000C4F8EC20C4F89C6045F8203C069B45F894
:10E590001C3C079B45F8183C1A4A089B45F8143C5C
:10E5A0004FF0807345F8043C22F00102A5F12003EE
:10E5B00045F8082C2365C4F8A460666584F86C608F
:10E5C000D9B11F2204F16D000AF096F984F88C602D
:10E5D0000D4B9B680BB1D3F8A030C4F8A03028468F
:10E5E000F8BD05F110001E28A4D90848084940F2DA
:10E5F0004B2208F065FC09F0DAFB84F86D10E7E7C0
:10E60000B5E40300DB6E0400446F002045A4050060
:10E61000B996050008B5836833B9084808498F22C0
:10E6200008F04EFC09F0C3FB09F070FB437B23F0BC
:10E63000020343730023836008BD00BF45A40500A7
:10E640009FCE040008B5114A936850B1597B11F070
:10E65000090F06D10E480F49D22208F031FC09F00B
:10E66000A6FB6FF00A01C3F8A8100B49C3F8A40079
:10E670004B6843F080534B60002383F31188BFF352
:10E680006F8F9368D3F8A80008BD00BF446F0020C7
:10E6900045A40500DC96050000ED00E0EFF31183D2
:10E6A000402282F31288BFF36F8F4BB9EFF30580DE
:10E6B00030B9064A91699268914201D0FFF7C2BF12
:10E6C00083F31188BFF36F8F704700BF446F002042
:10E6D00010B50146EFF31184402383F31288BFF392
:10E6E0006F8F0F48FEF7B0FC30B988220D480E49F5
:10E6F00008F0E6FB09F05BFB0948FEF7C9FC8B68F4
:10E7000013B10846FFF786FF0548FEF7ABFC10B9CA
:10E710004FF49A72EAE784F31188BFF36F8F10BD4C
:10E72000406F002045A4050062CE040038B50346C2
:10E730000C46B9B9EFF30585A5B9104A91699268FD
:10E7400091420FD0FEF78EFC38B94FF4B7720C48E7
:10E750000C4908F0B5FB09F02AFB2846BDE8384013
:10E76000FFF770BF1846FEF77DFC10B94FF49A72A0
:10E77000EDE784F31188BFF36F8F38BD446F00203D
:10E7800045A4050062CE040010B5EFF311844023C8
:10E7900083F31288BFF36F8F1448FEF755FC10B94E
:10E7A0008822134908E01148FEF772FCEFF3058355
:10E7B0003BB140F23B320F490F4808F081FB09F0B2
:10E7C000F6FA0E4B9A68D37B012B02D14FF44F72AD
:10E7D000F1E7013BD373FEF745FC10B94FF49A7291
:10E7E000DFE784F31188BFF36F8F10BD406F002007
:10E7F00062CE0400D42B050045A40500446F002020
:10E8000008B568B10D4B98420AD303F11802904243
:10E8100006D2C01A1822B0FBF2F302FB130333B185
:10E82000074808493F2208F04BFB09F0C0FA064BA5
:10E83000C0105843054B01221A5408BD304B00202C
:10E8400045A4050006970500ABAAAAAADAB30020E2
:10E8500070B5EFF31186402383F31288BFF36F8FF7
:10E860001148FEF7F1FB30B988221048104908F032
:10E8700027FB09F09CFA0C48FEF70AFCFEF76AFA3F
:10E880000C4AD2E90045041945EBE0750648FEF74D
:10E89000E9FB10B94FF49A72E7E786F31188BFF3EA
:10E8A0006F8F2046294670BDA874002045A405003E
:10E8B00062CE0400184B00202DE9F74F051D80F0B3
:10E8C000A680EFF31187402383F31288BFF36F8F85
:10E8D000504A1046FEF7B8FB30B988224E484F49DF
:10E8E00008F0EEFA09F063FA1046FEF7D1FB50F893
:10E8F000146C3DB9FEF7B6FB002840F084804FF45D
:10E900009A72EBE705F007030B33ED0805EBD3052F
:10E91000B3689D4228BF1D46B5FA85F8C8F11F02AD
:10E9200006EB8209D9F810B0BBF1000F10D1F368E3
:10E93000C8F120084FF0FF3202FA08F21A4060D006
:10E9400092FAA2F2B2FA82F2131D56F823400BE0BB
:10E950004FF0030AD9F8104001922146304608F0E2
:10E9600008FA8542019A41D82146304608F006FA55
:10E97000002C46D02146304608F0FBF985424FEA8C
:10E98000C40906EBC40A17D22C446B00AAF8023063
:10E99000A0EB050806EBC4034FEA48025A80214663
:10E9A00026F83450304608F0E4F92044214626F891
:10E9B0003080304608F00CFABAF80230154843F0BF
:10E9C000010309F10409AAF8023006EB0904FEF775
:10E9D00049FB002893D087F31188BFF36F8F104B4A
:10E9E00046F80930201D03B0BDE8F08F06EBC404E3
:10E9F000BAF1010AE388C9F8103098D09B45A9D133
:10EA000095E7044876E787F31188BFF36F8F0020FE
:10EA1000E9E700BF7808002045A4050062CE0400A5
:10EA2000640800202DE9F047354FDFF8E4904FF0FF
:10EA300000084F455FD9334925220DE0D7E901632E
:10EA400007F10C02B3F5802FC7E90322C7F8148041
:10EA500007D340F213222C492C4808F031FA09F070
:10EA6000A6F9042B02D840F21A22F4E7043BF51D64
:10EA70001E4425F0070526F00706761B172E4FEAE1
:10EA8000D60A02D840F22322E5E7BAFA8AF4C4F1A2
:10EA90002002C4F12404A4000734E408631C9A454E
:10EAA0003D60C5E902A802D24FF40E72D3E792008E
:10EAB000002105F1100009F0B7FD630043F00103E8
:10EAC0006B8005EBC402AAEB04035900A5F8008093
:10EAD0005180AA1925F83440A2F80280AB5305EB07
:10EAE000CA0321465A8842F001025A80284608F09B
:10EAF0006FF918379DE7A1D30020BDE8F08700BF6C
:10EB000064080020519705002E97050045A40500D4
:10EB10007C08002038B5044608B1037B3BB90E4899
:10EB20000E494FF4DD7208F0CBF909F040F90368A3
:10EB30000022C3F80022036801255D6043682BB9F9
:10EB40000068022108F09FFE00B12573207B023887
:10EB500018BF012038BD00BF45A40500A68E0500E2
:10EB6000F8B500F06043B3F1005F00D131B914484B
:10EB70001449672208F0A4F909F019F900F160407E
:10EB800001390144104D040B090BFF230127A14259
:10EB900000D2F8BD2E5D9E420BD0300906F00F0367
:10EBA00007FA00F01B01000403F1804322B1C3F80F
:10EBB000040901343346EAE7C3F80809F9E700BF5E
:10EBC00045A405007397050058A30500F8B5054650
:10EBD0000E46EFF31187402383F31288BFF36F8F44
:10EBE0001448FEF731FA30B988221348134908F067
:10EBF00067F909F0DCF80F48041DFEF749FA94E8BC
:10EC00000F0085E80F0004F1100393E8070086E881
:10EC10000700002104F12C0007F032FA201FFEF754
:10EC200021FA10B94FF49A72DFE787F31188BFF326
:10EC30006F8FF8BDF84C002045A4050062CE04009B
:10EC400008B5074B186830B906480749572208F03D
:10EC500037F909F0ACF8BDE8084008F0F6BD00BF90
:10EC60006C73002045A40500198D05002DE9F04FB7
:10EC7000064689B01D4616F00303884610460093E9
:10EC800040F09F81341D36B1072909D86FF01B0071
:10EC900009B0BDE8F08F01F007084444C8F1080846
:10ECA00000210427421E8B4601238A46B946002EC6
:10ECB00040F01C81012B00F02F81DFF814C3604568
:10ECC00080F03281BBF10F0F00F21A81CDE90231E1
:10ECD0000192CEF786FB08F10208DDE90231019AC4
:10ECE000804430E14FF0000A12F8015F002D00F07F
:10ECF0003081BAF1000F07D1252DF5D14FF0010A6F
:10ED000004274FF00409EFE77A2DEBD84B2D0CD8F0
:10ED1000472DE7D8292D72D8202DE5D0A5F1230065
:10ED2000D0F1000A4AEB000ADEE74C3D2E2DD9D87F
:10ED300001A050F825F000BFE9EC0300E5EC03006A
:10ED4000E5EC0300E5EC0300E5EC0300E5EC030073
:10ED5000E5EC0300E5EC0300E5EC0300E5EC030063
:10ED6000E5EC0300E5EC030053EE0300E5EC0300E3
:10ED7000E5EC0300E5EC0300E5EC0300E5EC030043
:10ED8000E5EC0300E5EC0300E5EC03006DEE0300A9
:10ED9000E5EC030053EE030053EE03006DEE0300B9
:10EDA0006DEE03006DEE0300E9EC030053EE03008B
:10EDB00095EE0300E5EC0300E9EC0300E5EC03004D
:10EDC000F5ED030053EE0300F5ED0300E5EC030061
:10EDD000E5EC03009DEE030001ED030053EE03009C
:10EDE000E5EC0300E5EC030053EE0300E5EC030063
:10EDF00001ED030000254FF0000A042734E0A5F1DF
:10EE00002A00C0B2012505FA00F010EA0E0F7FF4C7
:10EE10006BAF10F0625529D110F0010A3FF464AFD6
:10EE2000013C3C44B4FBF7F47C43002E48D0A9EBF2
:10EE3000060020448045FFF429AF002D51D1B9F1DF
:10EE4000040F30D1654655F8040B20600434AC46FD
:10EE500057E712F8010C6C2822D112F8020C002599
:10EE60006C28AA46C9D10827B946D9E70CF107058D
:10EE700025F0070C0734BCEC027B24F0070436B104
:10EE80000198204440453FF601AF84ED007B0834F3
:10EE90004FF0000A08274FF0080925E75546AAE772
:10EEA0000025AA46BCE7B9F1080F4FD10CF10705C0
:10EEB00025F0070CBCEC027B84ED007B0834EAE70C
:10EEC0007DB9B9F1040F02D10CF10405BEE7B9F127
:10EED000080F3BD10CF1070525F0070505F1080CDB
:10EEE000ECE76546013B55F8040BE0E6012B20609A
:10EEF00012D0DFF8DCC060450AD2BBF10F0F18D981
:10EF000040F281223048314907F0DAFF08F04FFF24
:10EF1000DFF8C0C06045F0D2C6F108000434AC464A
:10EF200001904FF6DA7EDFE6DFF8A8C06045F3D344
:10EF3000C8E60BF12000A4EB060C68444FEA9C0CD9
:10EF400000F810CC01310BF1010BE5E740F2C622CD
:10EF5000D8E7A31BB3F5806F02D340F2D222D1E7EA
:10EF60001EB9A8F10800184492E69B083560C6F166
:10EF7000010933707170009B5B4501D1A01B87E6CE
:10EF800004AA009BD35C0193009BD25C56F822A09C
:10EF900046F822505046CEF724FA09EB0402471CEB
:10EFA0003A449045FFF472AE019B04F8013B3A46A7
:10EFB0002046514609F010FB009B01333C4400936E
:10EFC000D9E76FF00D0063E645A40500AF97050093
:10EFD00028890400A0A8050038B5EFF31185402367
:10EFE00083F31288BFF36F8F1448FEF72DF830B902
:10EFF00088221348134907F063FF08F0D8FE0F4832
:10F00000FEF746F850F8042C50F80C4C1307A0F10A
:10F01000140002D44268A24200D2426A0748141B7C
:10F02000FEF720F810B94FF49A72E2E785F31188E1
:10F03000BFF36F8F201E18BF012038BD3808002095
:10F0400045A4050062CE040070B590F82030044657
:10F050003BB92248224940F27D2207F031FF08F0F7
:10F06000A6FE006840F30730F7F72CFE636843B153
:10F0700021461C4A51F8043BC3F80823206808F0D5
:10F080009FFE2368D3F80805D3F80C55D3F8106514
:10F0900094F82230DB0714D408F0F3FD304608F072
:10F0A000F0FD284608F0EDFD606A08F0EAFD2368EF
:10F0B000D3F86C05D3F8145508F0E3FD284608F0A2
:10F0C000E0FDFDF78FFF28B1074A2368934204BF94
:10F0D00001225A60002384F8203070BD45A4050049
:10F0E000539205005201080000F0024070B504463A
:10F0F00038B94FF472721E481E4907F0E1FE08F05D
:10F1000056FE0246402152F8105B284608F0BEFD2C
:10F1100060B3FDF767FF40B1174B9D4201BF174B2E
:10F120001A684FF08043C3F8002E636813B940F2A9
:10F13000FF32E0E7606A421C05D094F822309B075A
:10F1400011D507F0AFFF94F821301BB1211D2846DF
:10F1500008F036FE2046002300F80C3FD4E90131C8
:10F16000BDE87040184707F090FFECE770BD00BFA6
:10F1700045A405005392050000F00240B47400203D
:10F180002DE9F047DFF8A880254CA8EB04038F2B6E
:10F19000064607D94FF4A6722248234907F090FE8D
:10F1A00008F005FE214806F058FF824648B30025C6
:10F1B0002846BDE8F087237B9BB12368DB680BB151
:10F1C0002046984763689F7123681B698BB9636801
:10F1D00083F807901A6863681A6063685F71F8F7CC
:10F1E00077F80AF1010A103444450FD94FF4AC7294
:10F1F000D2E7204698470028E9D007FA0AF31D43D2
:10F20000EFE7054601274FF00409EDE7D3D3002EC1
:10F21000CED0002DCBD02846F8F768F80546F8E7A1
:10F22000CC91040045A40500EE8505003C75002046
:10F23000DC91040073B5054658B9474806F00DFF48
:10F240004648F6F757FD464802B0BDE8704006F064
:10F250005EBFC0E90021434B434C1B689847A86040
:10F26000E369284698470146EFF31186402383F36C
:10F270001288BFF36F8F04F11400FDF7E5FE30B97B
:10F2800088223A483A4907F01BFE08F090FD04F145
:10F290001400FDF7FDFE2B7843F001032B700A46A6
:10F2A0002046616807F023FE236960605A0711D584
:10F2B0001B07D4E9091014D4E26823689A429CBF62
:10F2C000521802F1FF32D31A0139C91A81422CBFF8
:10F2D000A162A0622748FDF7C5FE20B94FF49A72DB
:10F2E000CFE70023F0E786F31188BFF36F8F224842
:10F2F00006F0B3FE214B1B78DBB1EFF31184402302
:10F3000083F31288BFF36F8F1D48FDF79DFE002821
:10F31000B6D01B48FDF7BCFEF8F722F81848FDF7F9
:10F32000A1FE0028DAD084F31188BFF36F8F02B0FA
:10F3300070BD144B1B68002BF9D050B9002200237C
:10F34000CDE9002305484FF44D720023F6F77EFC0B
:10F35000EDE70928EBD173E798730020D04A00202D
:10F3600068090020700400202408002045A405003E
:10F3700062CE040038080020947300202FB30020D0
:10F38000207500208C73002010B5FEF77BFF04462B
:10F39000E0B10820F6F7F8FC50B10D4B43610D4B7E
:10F3A000C0E9063404230374002343748374C374D4
:10F3B00009494FF40152FFF73DFF08486FF004037D
:10F3C0004362BDE81040143006F0A1BE10BD00BF7E
:10F3D0003B900500EEA30500DC8F040078000020C0
:10F3E00008B5174B93F83A302BB3164A92F82E1003
:10F3F00039B91548154940F2293207F061FD08F086
:10F40000D6FCFDF7E1FDA8B9072382F82E30104B9A
:10F410005360104B82F82F100121C3F80015D3F868
:10F420000423C3F8000322F0C00242F03302D96083
:10F43000C3F8002308BDBDE80840FFF7A5BF00BF23
:10F44000780000203473002045A405005E85050087
:10F4500099A703000070004030B50346406885B0AE
:10F460000C4610B9084605B030BD92B91A689D68BF
:10F47000019207F0FAFD01A9054320460395F7F72D
:10F48000A5FC10F1160F02D16FF01500EBE701306B
:10F49000E9E7421E104209D00820F6F775FC58B97A
:10F4A0000B494FF40152FFF7C5FEEDE77F28F3D972
:10F4B00019680A42DAD0EFE7064B4361064B8361D5
:10F4C00004220023C361027443748374C374E7E7A6
:10F4D000F4900400DD970500D8A3050008B50820C6
:10F4E000F6F752FC48B1554B4361554B83610323FA
:10F4F0000374002343748374C37452494FF4C2529B
:10F50000FFF798FE504B9B6A990140F194800820C8
:10F51000F6F73AFC48B14D4B4361494B83610323F5
:10F520000374002343748374C37446494FF4C25276
:10F53000FFF780FE1E20444B9B6ADA0113D508209A
:10F54000F6F722FC48B1424B43613D4B83610323F4
:10F550000374002343748374C3743A494FF4C25252
:10F56000FFF768FE1F20384B9B6A1B0313D508204A
:10F57000F6F70AFC48B1374B4361314B83610323F3
:10F580000374002343748374C3742E494FF4C2522E
:10F59000FFF750FE21202C4B9B6A590313D50820FE
:10F5A000F6F7F2FB48B12C4B4361254B83610323F3
:10F5B0000374002343748374C37422494FF4C2520A
:10F5C000FFF738FE2220204B9B6A9A0313D50820B0
:10F5D000F6F7DAFB48B1214B4361194B83610323F2
:10F5E0000374002343748374C37416494FF4C252E6
:10F5F000FFF720FE2320144B9B6ADB0313D5082062
:10F60000F6F7C2FB48B1164B43610D4B83610323F0
:10F610000374002343748374C3740A494FF4C252C1
:10F62000FFF708FE2420084A936A6FEA03436FEA53
:10F630001343936208BD1D207DE700BF04980500B9
:10F64000CCA30500FC90040000ED00E0209805002C
:10F65000379805005598050077980500A098050093
:10F66000BE98050070B5054608200C46F6F78CFBE1
:10F6700048B1644B4361644B8361032303740023EB
:10F6800043748374C3744FF4C2526049FFF7D2FDD0
:10F690005F4B9B6ADA0440F19C800820F6F774FB0C
:10F6A00048B15C4B4361584B8361032303740023CF
:10F6B00043748374C37455494FF4C252FFF7BAFDC3
:10F6C0001720534B9B6A1B0513D50820F6F75CFBEC
:10F6D00048B1514B43614C4B8361032303740023B6
:10F6E00043748374C37449494FF4C252FFF7A2FDB7
:10F6F0001820474B9B6A9E0532D50820F6F744FB3D
:10F7000048B1464B4361404B83610323037400239C
:10F7100043748374C3743D494FF4C252FFF78AFDAA
:10F720003B4B9E6B9B6A190419D50820F6F72CFBFE
:10F7300050B13B4B4361344BC0E90636042303749C
:10F74000002343748374C37430494FF40152FFF7AC
:10F7500071FD25B12E4A936A23F400439362192068
:10F760002B4B9B6A5A0513D50820F6F70DFB48B1C1
:10F770002C4B4361244B83610323037400234374A4
:10F780008374C37421494FF4C252FFF753FD1A200A
:10F790001F4B9D6A15F480751DD00820F6F7F4FA0A
:10F7A00048B1214B4361184B836103230374002349
:10F7B00043748374C37415494FF4C252FFF73AFD82
:10F7C0001B20134A936A43F47F4393620023237000
:10F7D00070BD162075E79B6A9B04F2D50820F6F7EA
:10F7E000D3FA40B1114B4361074B83610323037488
:10F7F00045748574C57405494FF4C252FFF71AFD6C
:10F800001C20DEE7ED980500C2A30500FC90040073
:10F8100000ED00E007990500418305001C990500F3
:10F82000399905005299050071990500B1830500C9
:10F8300030B5062089B0F6F7A7FA38B16A4B4361B4
:10F8400002230374002343748374C37467494FF421
:10F850008652FFF7EFFC664B1C7814B9654B1B789A
:10F860009BB10620F6F790FA38B1634B436102234F
:10F870000374002343748374C3745C494FF4865249
:10F88000FFF7D8FC012009B030BDE9F707FAEDF722
:10F890003DFBECF7F9F803A8DEF79EFE069DDEF7C8
:10F8A00011FE564B70BB564AC2F8A0005860DFF7F5
:10F8B00063FC544806F0E8FCE6F71AFB0020E7F783
:10F8C00001FB58BBE8F758FB4F4B1B689B6A9847F6
:10F8D0000446E8F74BFBFF2C24D10820F6F754FA36
:10F8E00048B14A4B43614A4B8361032303740023AD
:10F8F00043748374C3743D494FF4C252FFF79AFCBA
:10F90000E9F770FB002D03DDFE2DD4BFECB2FF2420
:10F91000404A82F8A444079A1A60C8E7E8F70CF84E
:10F920000446D8E70620F6F72FFA38B13A4B436180
:10F9300002230374002343748374C3742B494FF46C
:10F940008652FFF777FC0A20F6F71EFA60B1334BB8
:10F95000436101220D23C0E906230523037400231C
:10F96000046243748374C374002520494FF4235206
:10F97000FFF760FCC4F307132A4629462D200095A3
:10F98000FEF728FA2D2004F00F0106F0EFFD062007
:10F99000F6F7FAF930B1224B436102230374457440
:10F9A0008574C57411494FF48652FFF743FC062055
:10F9B000F6F7EAF938B11B4B4361022303740023C5
:10F9C00043748374C3744FF486520849FFF732FCC2
:10F9D000154B1978154BB3F90000E9F74FF9E8F723
:10F9E00097FFF5F70FFF00BF8D9905000C910400FC
:10F9F00030140020F9B00020A3990500A0F40320E2
:10FA000000F4032008090020E4020020BE9905004C
:10FA1000BAA3050000F00320FA990500119A050029
:10FA2000339A050038400500E6B200202607002082
:10FA30002DE9F04F814B93B01B88ADF824300AAA12
:10FA40000123CDE90C2309AA0E9203220F920EAADC
:10FA50000024CDE910230B93022304938DF8264054
:10FA60000A9423462646764A7649D25C11F806B0B7
:10FA7000009201330293029F8B190393A046914693
:10FA80004FF0000AD3452CDC009A029B6C480136EB
:10FA9000134414445E440122934500F3C580049A44
:10FAA000012A1BD1684C2578FF2D00F0C380082067
:10FAB000F6F76AF940B1654BC0E9053503230374D5
:10FAC000002343748374C37461494FF4C452FFF735
:10FAD000B1FBFF232370FFF7ABFFA0E001220492EC
:10FAE000C1E7039B13F8012F0393574B8DF8232095
:10FAF0001B78FF2B0CD003F07F039A4208D04F44B1
:10FB00004F4BC84413F8079001370AF1010AB9E7CF
:10FB10000DF1230342F0800508200A938DF823504D
:10FB2000F6F732F950B14B4B43614B4BC0E9063508
:10FB300004230374002343748374C37444494FF44F
:10FB40000452FFF777FB454810AA0CA906F0ADFB5D
:10FB500005460820F6F718F950B1414B43613E4B7A
:10FB6000C0E9063504230374002343748374C3740B
:10FB700037494FF40452FFF75DFB9DF825309DF89F
:10FB800026200C20002B14BF19461146CDE9062370
:10FB90009DF8243001910593F6F7F6F888B1059B9E
:10FBA000C361079B0362019B2E4983620723069A68
:10FBB0004161037428498161002342624374837464
:10FBC000C37423494FF46452FFF734FB002D9CD1DA
:10FBD0001B4B3B444D4592D013F8012BFF2A21D0FB
:10FBE000019991421ED1184B9DF823401C700820AA
:10FBF000F6F7CAF850B11C4BC0E90534019BC3614C
:10FC000004230374002343748374C37410494FF4B2
:10FC10000352FFF70FFBA844144B53F8280013B00E
:10FC2000BDE8F08F0135D5E7C15C01330B440C44CE
:10FC3000013231E74FF0FF30F1E700BF10920400CE
:10FC4000162E05002E2E0500D5070020C59A0500AA
:10FC500064910400891B0500AAA30500C0020020CE
:10FC60004F9A05005B9A05008B9A0500A89B04003B
:10FC70002DE9F041054606F022FA012871F1000154
:10FC800034DB06F01CFA10F5004441F10006DFF801
:10FC90009880204FD8E90023C7E90023D8E9001352
:10FCA000D7E90002884272EB030323D2002200232B
:10FCB000C7E9002306F003FAA042B14123DB082084
:10FCC000F6F762F848B1144B4361144B8361032388
:10FCD0000374002343748374C37411494FF4C252F4
:10FCE000FFF7A8FA4FF0FF30BDE8F0814FF4004471
:10FCF0000026CCE706F0E3F9A042B141D6DA0120B4
:10FD0000DAF712F9CAE7074B93E8070085E807001E
:10FD10000020E9E718360020EC9A050098A30500BA
:10FD20000C90040088660020F02600202DE9F04F9A
:10FD30002DED028B89B005AD4FF40042002328461B
:10FD4000FFF796FF044600283AD10C20DDF8149006
:10FD5000DDF81880079FF6F717F80646A8B1504B54
:10FD600043614846CCF79EFDC6E906014046CCF704
:10FD700099FDC6E908013846CCF794FDC6E90A01A9
:10FD8000082333747474B474F4744649DFF814812E
:10FD90009FED458A44F2C0023046FFF74BFA002738
:10FDA0004FF4FA7006F078F902AE0720ECF742FB48
:10FDB0004FF4004200233046FFF75AFF824638B125
:10FDC0004FF00009484609B0BDEC028BBDE8F08F4A
:10FDD000DDED037ADDF808B0CDED007ADDED047AD3
:10FDE0000C20CDED017AF5F7CFFF8146C8B12C4B41
:10FDF00043615846CCF756FDC9E906010098CCF797
:10FE000051FDC9E908010198CCF74CFDC9E90A0187
:10FE1000082189F8101089F811A089F812A089F832
:10FE200013A0484644F2C0024146FFF703FAB0EE81
:10FE3000480A29463046ECF75BFB814668B306204A
:10FE4000F5F7A2FF38B1194B436102230374002375
:10FE500043748374C3744FF486524146FFF7EAF942
:10FE6000002FAFD1012796E807000134BB1D9C424B
:10FE700085E8070094DB0620F5F786FF38B10C4BC8
:10FE8000436102230374002343748374C3740549DC
:10FE90004FF48652FFF7CEF992E70746E3E700BF3B
:10FEA0000D9B05000C900400CDCCCC3D2B9B050098
:10FEB00034F004002DE9FF41002501A8CDE90155EA
:10FEC0000395E3F7C1FBE6F713F80C20DDF8048097
:10FED000029F039EF5F758FF0446A8B10F4B4361FC
:10FEE0004046CCF7DFFCC4E906013846CCF7DAFC23
:10FEF000C4E908013046CCF7D5FCC4E90A0108235F
:10FF000023746574A574E574054944F2C002204663
:10FF1000FFF790F904B0BDE8F08100BF129D050025
:10FF20003C910400044B1B780BB1FFF7C3BF034A9D
:10FF300082F88031DFF720B9C9B2002000F0032039
:10FF4000002370B50B6005460E4601461A48DEF7E1
:10FF50001BFB0446B0B10A20F5F716FF58B1174B4A
:10FF60004361174B0462C0E906350523037400237F
:10FF700043748374C37413494FF42152FFF75AF941
:10FF8000204670BD0820F5F7FFFE38B10E4B4474D3
:10FF9000C0E90535032303748474C47409494FF41C
:10FFA000C652FFF747F9002DEAD0022006F074F898
:10FFB0004FF08E433360E3E7E09F04003A9D050075
:10FFC00026A3050094910400649D05002DE9F043EB
:10FFD000384DAC7C064685B0884617460820ACB93B
:10FFE000F5F7D2FE40B1344B4361344B83610323B8
:10FFF000037444748474C47431494FF4C252FFF7DB
:020000040004F6
:1000000019F96FF00C0005B0BDE8F083FDF714FF9F
:10001000EB68A3EB40039F4248D8304606F082FFCE
:100020000C3055F820400194631C29D16FF0010079
:10003000E9E702A8FDF70EFF6B68003818BF012042
:100040004B451ED16A68019B9A4203D1BDF8083026
:10005000B342EBD1BDF80C30002BE7D0BB42BDF86A
:100060000A004FEA144428BF3B4624041A4641467E
:100070002044FDF72BFF0028C5D1BDF80C00C2E7D6
:100080000020019B0028DDD11C4602A901A8FDF734
:100090005BFF0028B7D1BDF80830DDF80490B3420B
:1000A000C7D06B684B45CDD04C46EEE76FF01500DE
:1000B000A9E700BF48680020FAE4040018A305007F
:1000C000AC9004002DE9F04F8BB002AF0D46786084
:1000D0009146C1F34A280C0DB8F1000F56D04FF0ED
:1000E000000A07F10C06C7E905AAC7F81CA007F12A
:1000F0001403009652464146484600F0B5FBB0F561
:10010000006FC34603461AD36C468AB0D9F8043050
:1001100002AA26492648C2E9051340F2FF73D361BB
:100120004FF400731384234B42F8103F4FF41251E5
:10013000FFF7C8FFA5462437BD46BDE8F08FC0F3E2
:100140000A0804F11700184420F0070080083B60FB
:10015000F5F71AFE68F353250446F8B13B68164AD2
:1001600000F11001C7E9063A796107F1140300961E
:100170005946484600F078FB00280FDA0F4810492E
:100180004FF4A37206F09CFE07F011FE04F1170075
:1001900020F007008008F5F7F7FD044668F35325C3
:1001A00079682A462046FFF745F8C4E77A9D05009E
:1001B000C490040004000001116B040045A4050074
:1001C000B99D05002DE9F043A14DA24E8BB00FCD96
:1001D00000AF07F110040FC495E80300337884E8FA
:1001E00003001BB133780BB1F9F7DCF89A4A9B4B4B
:1001F00013607B610823BB76994BFB61022387F870
:10020000203040F201137B8407F110040FCC954D90
:10021000DFF8B0820FC594E8030085E80300924838
:1002200007F002FB00212022904808F0FDF9904BD6
:10023000002408F128001C605C60C8E9084407F04D
:10024000F3FA8C48C0E90844283007F0EDFA8A49EF
:10025000103D0B460134082C48F8043B03F14D03D4
:10026000F8D1864A834800230133082B40F8042B39
:1002700002F14D02F8D10022814B10460132082ACA
:1002800019601871986001F14D0103F10C03F5D16B
:100290007C482022002108F0C7F995F80880B5F8BD
:1002A0000C90EC7C404607F0C2FAC0B94FF6FF74E0
:1002B000A1451ED129786B7A01298CBF002000F05E
:1002C0000100012B00F08C80022B3FD0002B40F06E
:1002D000AE806D4AC2F83C35C2F834353EE0002CA1
:1002E0000CBF8123282300F10D041C44A4B2A145B6
:1002F00025D20820F5F748FD50B1644B4361644BAB
:10030000C0E9063404230374002343748374C37464
:100310004FF401525F49FEF78DFF6FF0150408207E
:10032000F5F732FD002840F04B825B494FF4015253
:10033000FEF780FF01210220E7F74EFE3BE2574B1C
:100340001860514B0120C3F81085B3E74E4A4FF6B1
:10035000FF74C2F83C45C2F83435514BC2F8383509
:10036000002864D0687C002943D1F7F727FF464B6B
:10037000DFF854914FF0E732C3F81C254FF04332B9
:10038000C3F82025474AC3F82425474AC3F828253F
:1003900099F80C30002B40F0D980444AD9F800403D
:1003A000C9E90123424B9C4200F0908003F5805341
:1003B0009C4200F08B8003F580539C4200F08680C5
:1003C00003F580339C4200F0818003F580539C420A
:1003D0007CD038497022384806F072FD07F0E7FCFF
:1003E000294AFF24C2F83C45C2F8343540F20713CD
:1003F000B4E70023C7F80930C7F80130C7F8053063
:100400000323BB7008233B702C4B5B7C0122013B18
:10041000BB7290454FF04803FA723B7202D0B8F1BC
:10042000040F00D17A713846FDF726FE9FE70820B9
:10043000F5F7AAFC48B1224B4361154B83610323B6
:100440000374002343748374C3744FF4C25261E78E
:10045000149204002D7800205074002079DD0000F3
:10046000360102006C74002058740020567500207C
:1004700037B30020804B002048B60020E0B30020B6
:10048000D07300203074002000100040E59D05006E
:10049000F6A20500649004006C90040054740020DF
:1004A00021100100E743C323A363E313457D030049
:1004B00000800040558D050045A40500AC040020D7
:1004C000309E0500904C0020F4040020D4F8043540
:1004D00023F00303C4F80435D4F8083523F00303EC
:1004E000C4F808350423C4F810354FF4A078424608
:1004F00008F104084FF47C1120461FFA88F807F031
:100500006EF9B8F5AC7FF2D144F30730F6F7CCFBC7
:10051000012389F80C30FEF793FB041E42DA082011
:10052000F5F732FC50B1AC4B4361AC4BC0E906343B
:1005300004230374002343748374C374A8494FF4E1
:100540000152FEF777FE6FF012046AE00820F5F71B
:100550001BFC60B1A34B4361A34B83616FF0770336
:10056000C36104230374002343748374C3749C49DC
:100570004FF40152FEF75EFE0820F5F705FC48B186
:100580009A4B43619A4B83610323037400234374A2
:100590008374C37492494FF4C252FEF74BFE6FF05E
:1005A0000D04BCE6934B1C70FEF74AFB041EB6DB41
:1005B000914B1C70FEF744FB041EB0DB8F4B1C708C
:1005C000FEF73EFB041EAADB8D4B1C70FEF738FBCA
:1005D000041EA4DB8B4B1C70FEF732FB041E9EDB5B
:1005E000894B1C70894B186810B989498622F2E63C
:1005F000043007F02AF9041E27DA0820F5F7C4FBB7
:1006000050B1844B4361754BC0E906340423037435
:10061000002343748374C37471494FF40152FEF78D
:1006200009FE0820F5F7B0FB48B17B4B4361704BE6
:10063000836103230374002343748374C374684980
:100640004FF4C252FEF7F6FD69E6744B744A1C7013
:10065000744BE97C5A60D2F84035A2F5887223F0D9
:100660000103002948D1C2F850367C2381226E490B
:10067000CB606E4B012404211420DA603470F6F74D
:1006800033FB20460321F6F72FFB04210A20F6F75F
:100690002BFB1420F6F708FB2046F6F705FB0A2093
:1006A000F6F702FB624B93F89844631E632B2AD93A
:1006B0000820F5F769FB48B15E4B43615423836121
:1006C00003230374002343748374C3744FF4C6522A
:1006D0005949FEF7AFFD3378012B02BF574B542227
:1006E000DA74534B93F89824FF2A28D0FF2283F81A
:1006F0009824DEF741FD22E043F00103C2F85036B2
:1007000028231A46B3E70820F5F73EFB40B14C4BCF
:10071000C0E9053403230374002343748374C37452
:1007200045494FF4C652FEF785FD414B93F8983486
:10073000642B04D83278012A01D1404AD37433782B
:10074000012BD8B205D13F4B1A683C4B1A60F7F722
:10075000F9FD3378012B06D13B4B1A68374B022049
:100760005A60F7F7EFFD3378012B0DD13749334A43
:100770000868496802F1080303C3082313740420BE
:10078000FF239374F7F7DEFD6C4688B06A46304B62
:100790005361304B93614FF4007393832E4B42F8B7
:1007A000103F25484FF4E651FFF78CFC2B4B0122FC
:1007B000A5461A70002420462C37BD46BDE8F083BC
:1007C000274B4361274BC0E90634042303740023FD
:1007D00043748374C374A8E5D39E0500E9A20500A1
:1007E00064900400569E0500DAA20500839E050071
:1007F000F6A2050040B3002042B30020D9B3002088
:1008000044B3002043B3002041B300206C730020A8
:10081000198D0500AD9E0500FB9E05003FB300202D
:1008200010110040C404002094040020DC040020C7
:1008300000F003203A9F05006C900400AC040020F7
:10084000189F0500C9770020C5770020BD770020DC
:10085000579F0500D3B1040003000001CE770020AC
:10086000719F0500FFA205002DE9F04F93B000AF86
:1008700088461646FB61044638B940F299328F48E3
:100880008F4906F01DFB07F092FA90F802A049B9D3
:1008900090F8019000780AEB80002044C14548D8C8
:1008A000A0EB0408E3787B61002B4BD02378BB607E
:1008B0001D460AEB85059B00FB60254463683B6190
:1008C0000235002E62D1DFF80CA2C346B04615F8FF
:1008D000012C15F8029C54F822307A4A934201D335
:1008E00053453AD33869FB61494606F0AEFAFB69D5
:1008F00000283CD0C7F81CD08AB06A464FF400717B
:100900003B691184704871495061C2E906397048E9
:1009100042F8101F4FF41251FFF7D4FBD7F81CD048
:10092000ABF1020B7B690136B34205F10205CED86B
:100930000EE0451C2846CCF754FD0130284408F150
:100940000108ABE71EB1FA6941462046B047C346ED
:1009500058464C37BD46BDE8F08F3869494606F029
:1009600074FAABF102020028C4D19346DAE71846C4
:10097000CCF737FD3B6F3BB1B8F1030F9EBF421C74
:1009800023F8182008F101088344CBE74FF0000951
:10099000C7F8189015F801BC4A4A54F82B3015F8DE
:1009A000021C38697D60934202D34A4A934242D383
:1009B00006F04BFA002841D07B6909F101094B454B
:1009C00005F10205E6D894F80190BB69FA69F96867
:1009D0004B4400256370A570E5702046B047B0F128
:1009E000000BB5DBBB6823707B6984F80190FA6962
:1009F00084F802A0E370294607F13800B047B0F14F
:100A0000000957DB7A69FB68786803EB42015144BF
:100A1000FA69A8EB0101B04700284DDBD94409EB86
:100A2000000B07F1280ABB699D4219D30021FA691E
:100A30000846B0478CE706F008FABDE7BB690F2B04
:100A400002D940F24D421AE7BA69BB69283207F170
:100A5000200101330A44DBB202F820BCBB61ABE7E2
:100A600015F80A203B6F54F8229087F82720F3B13D
:100A7000032D1CD833F81580FA69012107F12700EE
:100A8000B047002818DB8344B8F1000F06D1484670
:100A9000CCF7A7FC00F101081FFA88F8FA69414673
:100AA0004846B047002807DB83440135BBE74FF0D9
:100AB0000008E1E7CB464BE7834649E745A405003C
:100AC000AF97050028890400939F050004000001EA
:100AD00034900400A0A805002DE9F3410F46054617
:100AE00050B301910B46024610210020FEF7BEF8DC
:100AF000041E07DA40F265121D481E4906F0E0F9AF
:100B000007F055F9B4F5006F17DB0820F5F73CF94D
:100B100050B1194B436140F2FF73836103230374A7
:100B2000002343748374C37414494FF4C45202B055
:100B3000BDE8F041FEF77EBB044604F1170020F04B
:100B400007008008F5F720F94FEA4428064658B117
:100B500055B13B462A4621461030FEF787F800285B
:100B600002DA4FF4C472C7E7424600213046DEE79E
:100B700045A40500B99D050036A00500C4900400F9
:100B8000F7B50446C0680D46174605F07DFC4642A1
:100B90000640082E06D9144B144A15484FF4D47158
:100BA00003F0D6FC204606F03EFA3B788DF8003084
:100BB0000146721E0DF1010007F036FD002D11DB1C
:100BC000A3689D420ED25B1B9E420BD86168E06811
:100BD00033466A46294405F03CFC003818BF012022
:100BE00003B0F0BD0120FBE71ED1040037A30500D0
:100BF000FD9305002DE9F041884688B015461AB9E5
:100C0000002008B0BDE8F081164F3968FA68030C7F
:100C100011FA80F002FB0304FB6AB86A1E68764290
:100C20002E400AD033464246214605F012FC0028E9
:100C3000E7D1AD1BE4D03444B0442A46414668466F
:100C400007F0CAFCFE6A32687179521B0DEB050091
:100C500007F0EAFC3368B86A6A46214605F0F9FBFA
:100C6000CFE700BF4868002070B50D4C054601462F
:100C700008226068FFF7BEFF064628884FF6FF731C
:100C8000984205D006F04EF90C30636844F82030E5
:100C90000820FDF7D1F863681B1A6360304670BD09
:100CA0004868002007B54FF6FF73ADF800308DF8A7
:100CB0000630084B00229B68ADF804206846ADF86A
:100CC000023006F017FA6846FFF7CEFF03B05DF872
:100CD00004FB00BF48680020F8B5124C2346E268C8
:100CE00053F8301B050C000C02FB00112D0481226F
:100CF0004FF0FF36013A0FD1E268A06A05F0B0FB71
:100D000048B9E36AE26859792846FDF765F9002891
:100D100018BF6FF00500F8BD5F88B84208BF1E60BD
:100D20000433E7E7486800202DE9F04F5F4C95B0A9
:100D30000820FDF781F863681B0C1B04064603A816
:100D40000393FDF769F8DDF80CA0E5685544AD1B89
:100D500006A9082228460495FDF7B8F8011EC0F23E
:100D6000A080E36A06AA5979002312F8010B814298
:100D700040F088800133082BF7D1A36862683344C0
:100D80009A4279D25046FFF7A7FF014689E0BDF8A5
:100D90001A302D0C2D041D44049508A904A8DDF873
:100DA0001090FDF7D1F8014600287AD108A8FDF788
:100DB00051F818B9019B4B45EFD1DEE7BDF8200093
:100DC00006F0B0F80C3054F820300593013304BF1E
:100DD000636805930AA905A8059DFDF7B5F80146C6
:100DE00000285ED1BDF82820BDF820309A4203D1FA
:100DF0000AA8FDF72FF818B96268059B9A42E9D155
:100E0000A945D7D1BDF82450002DD3D0BDF822700C
:100E1000A368ADF822304FEA1942120408A817441B
:100E200006F068F9E26A1268C2F10008AB4608F001
:100E30002008C3455D4628BF45460CA92A463846CA
:100E4000FDF744F8014660BB2A460CA9A068FFF7ED
:100E5000D1FE01462846FCF7EFFFA2680244A260DB
:100E6000F9B9BBEB050B2F44E3D108A8FFF7FCFE53
:100E7000014600289ED014E0FFF714FF0146002829
:100E800080D00EE0AB1B06A80193FCF7FFFF002803
:100E90007FF47DAF04A8FDF72BF8014600283FF44E
:100EA0007CAF084615B0BDE8F08F00BF4868002051
:100EB0002DE9F0473E4C06460F464FF480386FF060
:100EC00001013C4806F067F8C4F80883BFF35F8F60
:100ED000BFF36F8F00F00105F7F73CF9B04271EBFB
:100EE000070340D2344B301A67EB0101984271F18D
:100EF000000159D2314BD3E902239F4208BF9642E9
:100F000035D04FF0000CC4F84883C4F840C126F037
:100F10007F40D4F84031DFF8B490824603216FF06F
:100F2000020E2AF07F43C4F84035C4F84483D4F855
:100F30000425AEEB0203534423F07F434B4516D9FF
:100F4000D4F840315BB1D4F80425131A23F07F4361
:100F5000B3F5000F0BD9C4F840C1D4F8403101EB10
:100F6000020A0131DDE71648012106F005F8134BAE
:100F7000144A1A60C3E9026700265E608DB1012140
:100F80000C4805F0F9FF4FF48033C4F804330C48E3
:100F900005F070F8C30742BF0B4B4FF40032C3F8A3
:100FA00000213046BDE8F0876FF01506E6E700BF88
:100FB000001001409874002001008000084B0020C0
:100FC0009C740020C98D030000E100E0FDFF7F005C
:100FD000431C10B50F4C05D08442A8BF0446012C19
:100FE000B8BF0124F7F7B6F80B4AD2E90031C01AAE
:100FF000B0F5000F074A0AD22044904228BF10469D
:10100000C018BDE8104041F10001FFF751BF104684
:10101000F6E700BFFFFF7F00204B0020B3F1FF3F4A
:1010200008BFB2F1FF3F2DE9F74F04469A46154637
:10103000984600F09480066836B14A4970224A48C2
:1010400005F03EFF06F0B3FE8160EFF311830193DC
:10105000402383F31288BFF36F8F4448FBF7F4FFFC
:10106000814610B988224249E9E74048DFF80CB1CF
:10107000FCF70EF8BAF1000F1BDBFBF76BFE013536
:101080004AF1000A2D184AEBE0730746DBE900102D
:10109000C4E904536D1843EB0008364B19685A68CD
:1010A000994218BF0E46DEB9C4E9003214605C6094
:1010B00028E0DBE900126FF001035B1A4FF0FF310B
:1010C00061EB02025B1B62EB0A02012B72F1000171
:1010D000BCBF01233246C4E904324FF00009DCE70B
:1010E000D6E9040ED4E9041C81427CEB0E0B23DA12
:1010F000401A6EEB0C01C6E904017168C4E9006195
:101100000C607460196899420FD08C420DD11A4B53
:101110001B6853B9B9F1000F02D1FBF71BFE07465C
:101120003846FBF7D3FFFFF753FF1048FBF79AFF52
:1011300058B94FF49A7296E7091A6CEB0E00964272
:10114000C4E90410B0D03668ADE7019B83F3118881
:10115000BFF36F8F2846414603B0BDE8F08F0025EE
:10116000A846F7E76EA0050045A40500A874002076
:1011700062CE040004050020A4740020184B002057
:1011800001491830FFF74ABF177F04002DE9F041ED
:1011900086B0DDE90E768046EFF305853DB1144853
:1011A000144940F21A3205F08BFE06F000FE0D9C49
:1011B00004940C9C0595CDE90254CDE90055FDF74A
:1011C000AFF9B6F1FF3F08BFB7F1FF3F05D056EAD0
:1011D000070306D14046E7F73DF9404606B0BDE8B3
:1011E000F0813A4633464046FFF7CAFFF5E700BFB5
:1011F00045A40500B9960500F8B50146EFF3118541
:10120000402383F31288BFF36F8F1D48FBF71CFF49
:1012100030B988221B481C4905F052FE06F0C7FD74
:101220001748FBF735FF0B680BB3184B1C689C4243
:1012300008464FF000064FF000470BD1FBF730FF98
:10124000C0E9046700240E48FBF70CFF90B94FF487
:101250009A72DFE7FBF724FFA042C0E90467F1D1EF
:10126000FBF778FDFBF732FFFFF7B2FEEAE76FF01E
:101270001504E8E785F31188BFF36F8F2046F8BDAA
:10128000A874002045A4050062CE040004050020D7
:1012900070B50D4B0D4D1E7CFBF7BEFE06EB4603F5
:1012A00005EBC30504462846FFF7A6FF084B0022BE
:1012B0009A553CB1621E28460649BDE87040D317D6
:1012C000FFF7ACBE70BD00BF446F0020304B002064
:1012D000DAB3002001E80300F8B5846894F90E3011
:1012E0008B4200F09780EFF31187402383F312883D
:1012F000BFF36F8F4848FBF7A7FE10B98822474914
:1013000012E04548FBF7C4FE637B03F01F02002A8E
:101310000CBF012600264ED1414A03F07F039442C0
:10132000637306D15A223F493F4805F0C9FD06F0D4
:101330003EFDD80701D55B22F5E7204606F0E6FC26
:10134000637B43F0800349B2DA07A173637301D56D
:101350005322E8E7354D2A4652F81C3F934228D1E4
:10136000286AC4E9002004602C620FE09842F8D09B
:101370001B68002BF5D093F90EC06145F6D08C4563
:10138000F4DD5968C4E900310C605C60EC6994429A
:1013900000D004B9EC68AB68A34202D02046FFF746
:1013A00077FFAC611C48FBF75DFE68BB4FF49A7297
:1013B000A5E7286ADDE79B0724D5A56815B91C4970
:1013C0008F22B1E7204649B206F0A0FCA1732B683A
:1013D0009D4209D16B68C4E900531C606C60E1E771
:1013E0006A689A42F6D01B68002BF3D093F90E205E
:1013F0009142F5D08A42F3DD5A68C4E900321460A4
:101400005C60CFE7A173CDE787F31188BFF36F8FDF
:101410003046F8BD0026FBE7406F002062CE040096
:10142000602D0020D42B050045A40500446F00204A
:101430009FCE040070B590F90D20437B002A48DB55
:10144000DC0646D1244A43F080039042437306D120
:1014500052222249224805F033FD06F0A8FCD907A4
:1014600001D55322F5E71F4C2246216A52F81C3F52
:10147000934207D1C0E900210860206211E099423F
:10148000F8D01B68002BF5D090F90E5093F90E6040
:10149000B542F4D0AE42F2DD5968C0E900310860CF
:1014A0005860E569954200D005B9E568A36813B9AD
:1014B0000D49EA22CEE75A7BD20604D1DA897F2A87
:1014C00001D9AA6932B1AB4202D02846FFF7E0FE4B
:1014D000A56170BDA361FCE7602D0020D42B050041
:1014E00045A40500446F002092A0050010B50146F8
:1014F000EFF31184402383F31288BFF36F8F0E48FC
:10150000FBF7A2FD30B988220C480D4905F0D8FC44
:1015100006F04DFC0848FBF7BBFD0846FFF78AFFC5
:101520000548FBF79FFD10B94FF49A72ECE784F37E
:101530001188BFF36F8F10BD406F002045A40500D8
:1015400062CE0400F8B50446EFF3058737B1D72221
:101550003449354805F0B4FC06F029FC8368002BBB
:1015600059D0324A9268934258D1C3680BB9EF22DE
:10157000EEE7012B03D0013BC3600020F8BDEFF381
:101580001186402585F31288BFF36F8F2848FBF73B
:101590005BFD10B988222749DBE72548FBF778FD7A
:1015A00021692046FFF798FEEFF3118385F3128837
:1015B000BFF36F8F83F31188BFF36F8F13B91E4989
:1015C000A622C6E72568A54209D10023C4E9023353
:1015D0001748FBF747FDC8B94FF49A72DBE7002DB7
:1015E000F3D02846FCF784FF05F11800FFF704FE4E
:1015F000A56095F90E3023612846C5F8A870FFF75D
:1016000075FF0B483146FDF791F8B6E786F3118870
:10161000BFF36F8FB1E76FF01500AFE74FF0FF300A
:10162000ACE700BFBEA0050045A40500446F002044
:101630004075002062CE04009FCE04002DE9F041E9
:1016400005460C4600F10807EFF31188402181F3AD
:101650001288BFF36F8F3846FBF7F6FC10B988226B
:101660002F4910E03846FBF713FD6B68EFF311824A
:1016700081F31288BFF36F8F82F31188BFF36F8FEE
:1016800032B92849A622284805F01AFC06F08FFB3B
:101690002A4652F80C6F964214D09EB13046FCF7A1
:1016A00027FF06F11800FFF7A7FD00233046C6F814
:1016B000A8303461FFF71AFF41463846BDE8F041D3
:1016C000FDF734B80022226033B92B6823606B68C1
:1016D0002C6043B96C6006E01A68032A10D86A6867
:1016E00042B9C5E900443846FBF7BCFC88B94FF461
:1016F0009A72B5E7136803F0030323431360E9E725
:1017000022F0030222601A6802F0030214431C60F4
:10171000E9E788F31188BFF36F8FBDE8F08100BF60
:1017200062CE04009FCE040045A4050038B50146F2
:10173000EFF31185402484F31288BFF36F8F2248A2
:10174000FBF782FC10B9882220490FE01E48FBF706
:101750009FFCEFF3118384F31288BFF36F8F83F341
:101760001188BFF36F8F33B91949A622194805F0C4
:10177000A7FB06F01CFB0C68A14213D094B12046D5
:10178000FCF7B6FE04F11800FFF736FD00232046F3
:10179000C4F8A830FFF7AAFE29460B48BDE8384038
:1017A000FCF7C4BFD1E902329A4218BF01330648A0
:1017B0008B60FBF757FC10B94FF49A72C4E785F3BE
:1017C0001188BFF36F8F38BDB074002062CE040063
:1017D0009FCE040045A40500F8B50646EFF3118737
:1017E000402383F31288BFF36F8F5048FBF72CFC24
:1017F00030B988224E484F4905F062FB06F0D7FA0F
:101800004A48FBF745FC326832B1FBF72BFC002855
:1018100071D14FF49A72EDE7D6E90A54691C44F18C
:101820000003022973F1000334D3013D44F1FF3476
:10183000002CBCBF15462C4604F041FC013041F1A0
:101840000001401944EB0101012871F1000149DB5D
:1018500004F035FC013041F100016FF00203401942
:1018600044EB010183426FF000438B413FDB04F006
:1018700026FC013041F100016FF00102401944EBF8
:101880000103121A4FF0FF3161EB03032A4930467E
:10189000FFF7C4FB336B01333363336AD3B123489F
:1018A000FBF7E0FB0028B4D087F31188BFF36F8FFC
:1018B000336A30469847EFF31187402383F3128849
:1018C000BFF36F8F1948FBF7BFFB002891D0174873
:1018D000FBF7DEFB304650F8184F844200D07CB94D
:1018E000124892E76FF001024FF0FF33CEE700227B
:1018F0004FF00043CAE787F31188BFF36F8FF8BD3D
:101900002046FCF7E5FE00230848C4F8A830FBF7A2
:10191000A9FB00283FF47DAF87F31188BFF36F8FD9
:101920002046BDE8F840FFF7E1BD00BF9C730020F2
:1019300045A4050062CE0400D917040038B504465A
:10194000EFF31185402383F31288BFF36F8F19489B
:10195000FBF77AFB30B988221748184905F0B0FA2E
:1019600006F025FA1348FBF793FB94F86C00627BB2
:10197000002384F86C3038B131B10E48FBF772FBAC
:1019800090B94FF49A72E7E712F0280FF5D1A368E7
:1019900013B12046FCF73EFE637B23F00403637320
:1019A0002046FFF747FDE8E785F31188BFF36F8F07
:1019B00038BD00BF406F002045A4050062CE040082
:1019C00038B590F90D20437B002A014612DA194AF6
:1019D00003F07F039042437306D15A2216491748F9
:1019E00005F06EFA06F0E3F9DC0701D55B22F5E7B6
:1019F00006F08CF9124D2A46AB6852F81C4F9442FF
:101A000000D004B9EC688B420BD013B90D49EA221F
:101A1000E5E75A7BD20604D1DA897F2A01D9A26987
:101A20002AB1A34202D02046FFF732FC2346AB6125
:101A300038BD00BF602D0020D42B050045A4050053
:101A4000446F002092A005002DE9F041224E234B67
:101A50000D461146B2681A60214A9042DDE90687B8
:101A6000044607D11F4940F29E221F4805F028FA7C
:101A700006F09DF9EFF31183402383F31288BFF33F
:101A80006F8F1046FBF7E0FA10B988221749ECE790
:101A90001046FBF7FDFAB668304606F040FAB7F19B
:101AA000FF3F08BFB8F1FF3F04D042463B463046F7
:101AB000FFF766FB2046FBF7D5FA10B94FF4B77273
:101AC000E4E70748FBF7CEFA0028F7D02846BDE840
:101AD000F041FCF7B7BD00BF446F0020A0740020A8
:101AE000406F0020D42B050045A4050062CE040001
:101AF0002DE9F341044617461E46EFF3058535B13F
:101B00004A496F224A4805F0DBF906F050F9EFF335
:101B10001188402383F31288BFF36F8F4548FBF78A
:101B200093FA10B988224449ECE74248FBF7B0FA2F
:101B3000424BE2689B688AB1A16899421BD057EA80
:101B4000060220D1FBF78EFA90B188F31188BFF31B
:101B50006F8F6FF00F0002B0BDE8F08193F90E10A7
:101B6000344821610132C4E90232FBF77BFA20B923
:101B70004FF49A72D7E72169F2E788F31188BFF32F
:101B80006F8F0020E7E791F90E2093F90E10914234
:101B9000A8BF11466FF07E039942B8BF19468A422A
:101BA00003DD2046FFF798FB0546CDE90076214886
:101BB00022464146FFF748FF0028E2D0EFF31186A6
:101BC000402383F31288BFF36F8F1A48FBF73CFA68
:101BD0000028A7D01748FBF75BFAA368CBB12368AE
:101BE00021699C420AD04BB193F90E309942A8BFAB
:101BF00019466FF07E039942B8BF19462046FFF799
:101C00006BFB30B10B483146FCF790FD6FF00A00DA
:101C1000A1E7002DF6D10748FBF724FA0028A7D04A
:101C200086F31188BFF36F8FF0E700BFBEA00500F9
:101C300045A405004075002062CE0400446F0020DA
:101C400013B54FF0FF3201244FF0FF3322488DF8D7
:101C5000074006F08CF9214805F01BFBD0B91E485F
:101C600004F012FB6FF015040820F4F78DF850B162
:101C70001B4B43611B4BC0E9063404230374002350
:101C800043748374C37418494FF40152FDF7D2FAB8
:101C900002B010BD234611480DF10702002105F0E6
:101CA00085FD04460C4804F0EFFA002CDCD1062038
:101CB000F4F76AF830B10D4B4361022303744474A6
:101CC0008474C47408494FF48652FDF7B3FA0420B3
:101CD000E6F758F9DCE700BF20730020108B040002
:101CE000E0A005004AA30500949104000BA10500A3
:101CF0002DE9F04F824C91B0A67C01910746154624
:101D00000820B6B9F4F740F840B17E4B43617E4BF2
:101D100083610323037446748674C6747B494FF44D
:101D2000C252FDF787FA6FF00C01084611B0BDE80A
:101D3000F08FFCF781F802902846FCF77DF8E36805
:101D4000029AA3EB82039D42064600F2A48055B995
:101D5000384605F0E7F80C3054F82030059301338D
:101D60004AD10021E1E7019B002B00F09480384626
:101D700005F0D8F80C3054F82030059301333BD1EE
:101D8000002E57D16248DFF88C91DFF88CA14FF01C
:101D9000FF324FF0FF3306F0EAF84FF0000B238AD2
:101DA0005B4575D0D4E901103318994246D3FF231F
:101DB00001998DF826302A46ADF82070ADF8220042
:101DC000ADF82450FEF716FF01462846FCF734F81C
:101DD000A3680344A36049B908A805F08BF908A8D3
:101DE000FEF742FF002814BF0146294648480191EA
:101DF00004F04AFA019998E706A905A8DDF814B09D
:101E0000FCF7A2F8014600288FD1BDF81830BB427C
:101E100004D106A8FCF71EF800283FD16268059B94
:101E20009A42E9D1002DABD19BE7002BA8D198E7CE
:101E3000A6DC7AE7029B1E44B6B2A3E70820FBF7B4
:101E4000FBFF4FF6FF73ADF8203000228DF82630EF
:101E5000E368ADF824200A1801EA09011944081AB8
:101E6000606008A8ADF8222005F044F908A8FEF744
:101E7000FBFE5046FBF7D0FF636803EA0903A3604B
:101E8000FEF752FF01460028B0D10BF1010B86E7A7
:101E90006FF01B01AAE76FF0150146E7BDF81A9035
:101EA000BDF81C30002DC0D09D427FF469AFE36ABD
:101EB0001B684FEA1B4B4FEA0B4B5B42D94403F0C4
:101EC0002003DDF804B00393A846039B434528BFD5
:101ED000434608A91A4648469A46FBF7F7FF011EF3
:101EE000A6D1524608A9584606F0F6FC00287FF411
:101EF00047AFB8EB0A08D144D344E6D131E700BF7D
:101F000048680020FAE404000EA30500AC90040029
:101F10005C6800200000FFFF4C68002073B501469C
:101F200015461C46EFF305834BB152EA040306D075
:101F30001E4988221E4804F0C3FF05F038FFEFF366
:101F40001186402383F31288BFF36F8F1948FBF784
:101F50007BF810B988221849ECE71648FBF798F887
:101F60008B6873B1013B8B60FBF77CF810B94FF4C1
:101F70009A72F0E786F31188BFF36F8F002002B0EA
:101F800070BD55EA04030AD1FBF76CF80028EED0C7
:101F900086F31188BFF36F8F6FF00F00EFE70A46EB
:101FA000CDE900543146FFF74FFDE8E72DA10500CC
:101FB00045A40500B074002062CE04002DE9F34171
:101FC000064615461946EFF3058353B151EA02035D
:101FD00007D01E494FF485721D4804F071FF05F0CB
:101FE000E6FE1C4B9F68EFF31188402383F31288B1
:101FF000BFF36F8F1848FBF727F810B988221749ED
:10200000EAE71548FBF744F850F8044C3440A0F1D7
:102010000C0205D0FBF726F878B94FF49A72EEE778
:1020200051EA0503F6D0C7E91964CDE900514146EC
:10203000FFF70AFD28B97C6E03E088F31188BFF32F
:102040006F8F204602B0BDE8F08100BF4DA10500B2
:1020500045A40500446F0020B409002062CE0400AE
:1020600070B5EFF31186402383F31288BFF36F8FAF
:102070002148FAF7E9FF10B98822204909E0204DEC
:102080001D48FBF705F8AB68DA7B3AB940F24732F6
:102090001C491D4804F014FF05F089FEEFF305818B
:1020A00011B14FF45272F3E70132DA732A4652F853
:1020B0001C4F944200D004B9EC685A7BD20604D17C
:1020C000DA897F2A01D9A2692AB1A34202D0204627
:1020D000FFF7DEF823460848AB61FAF7C3FF10B9F3
:1020E0004FF49A72C9E786F31188BFF36F8FBDE88A
:1020F0007040FCF7D3BA00BF406F002062CE0400EE
:10210000446F0020D42B050045A4050070B59F4BFB
:102110009F4CA04D012286B003201A70FCF798F95D
:102120000420FCF795F9AC42264622D944229A486D
:102130009A4904F0C5FE05F03AFE54F80C3C0593AC
:1021400054F8103C049354F8143C039354F8183C8E
:10215000029354F81C3C019354F8203C009354E93A
:102160000A2354E90C01FCF7DBF954F8303C5E65B6
:10217000D9E7AE4204F13004DFD3FCF705FB844C11
:10218000AC4214D96822D2E7D4E90A23B3F1FF3F65
:1021900008BFB2F1FF3F05D052EA0301206803D126
:1021A000E6F758F93034EBE7FEF7EAFFFAE7EBD34E
:1021B000FFF756FF4FF4D0117948DCF78DF9002175
:1021C0007748DCF7E1F94FF4D0117648DCF784F971
:1021D00001217448DCF7D8F900210220E6F778F9EC
:1021E0004FF0FF3370484FF0FF3205F0C0FE6F4BE9
:1021F0001B7843B9EAF710FB01226D491046FDF741
:10220000E5FEDCF7B9FF6B4B674893F8644004F0D8
:102210003BF8002C52D0EAF7B1F90546002841D02E
:10222000002540F2E936EAF7A9F920B3E9F762FCA4
:10223000B04271F1000103DB00210420E6F748F908
:10224000E9F758FC41F28933984271F1000163DBF0
:102250000620F3F799FD38B1574B4361022303740D
:10226000002343748374C37454494FF48652FCF7BB
:10227000E1FFD8F7C3F8E9F73DFC322871F100011E
:1022800002DA0DB104F022F9E9F734FC41F28933A6
:10229000984271F10001B4BF062001200021E6F749
:1022A00017F9E4B1C82C28BFC824643CE4B2642008
:1022B000EAF7EAFD002C08BFFF2414E0EAF75EF914
:1022C00040B1EAF75BF9014620BB0620E6F700F9CA
:1022D000012504E0EAF752F905460028A0D1642060
:1022E000EAF7D2FDFF24364E3378CBB135B93C2026
:1022F000D7F71AFE29460120E6F7EAF8042C13D88E
:10230000022C2ED81AD02F4A137B23F0010313730B
:1023100006B070BD012584E7012003F0BDFE82E711
:102320000120D7F701FEDFE7073CE4B2012CEAD831
:102330000620F3F729FD00B3234B17E00620F3F73F
:1023400023FD30B1214B4361002304744374837433
:10235000C3741F494FF48652FCF76CFFD8F74EF850
:10236000D1E70620F3F710FD38B11A4B4361022381
:102370000374002343748374C37415494FF4865265
:10238000FCF758FFFFF75CFCBDE700BFE8B2002098
:10239000508C0400308E040045A405001B86050007
:1023A000C8A90400C0A904000809002000B3002047
:1023B00064F0032000F0032050C80400DC90040007
:1023C000E0B20020E848002096A1050070A10500B9
:1023D0009491040088A1050070B5EFF305833BB12B
:1023E0002B494FF48E622B4804F06AFD05F0DFFCA8
:1023F000EFF31186402383F31288BFF36F8F2648D3
:10240000FAF722FE10B988222449ECE7244C22482E
:10241000FAF73EFEA168206A0B68814214BF1A4693
:10242000002249680B605960A368216A2AB91D4AD5
:10243000C3E900210B6023620CE093F90E0092F9CE
:102440000E50A8421AD0854218DD5168C3E9002118
:102450000B605360E569134B9D4200D005B9E568F8
:10246000A3689D4202D02846FEF712FF0A48A561E4
:10247000FAF7F8FD30B94FF4B772C5E78A42D6D003
:102480001268D3E73046BDE87040FCF7DBB800BF08
:10249000D42B050045A40500406F002062CE040047
:1024A000446F0020606F00202DE9F04106460C4685
:1024B000EFF305873FB125494FF49162244804F0BA
:1024C000FFFC05F074FC50EA010304D1FFF784FF20
:1024D0000020BDE8F081EFF31188402383F31288D8
:1024E000BFF36F8F1B48FAF7AFFD10B988221A4966
:1024F000E4E71A4D1748FAF7CBFD194BA8681860A6
:10250000FFF75EFA23463246A868FEF739FEAA684E
:10251000537B43F00403044653730E48FAF7A2FDBD
:1025200010B94FF4B772E2E74046FCF78BF8AB689E
:10253000D3E90A23B3F1004F08BFBA42C8D1FCF770
:1025400087F9201A20EAE070C3E700BFD42B05000A
:1025500045A40500406F002062CE0400446F0020B7
:10256000A074002070B505460E46EFF305843CB11B
:102570001248134940F2B24204F0A2FC05F017FCE5
:10258000FFF792FFB6F1FF3F08BFB5F1FF3F0246EC
:10259000284611D04FF47A7147F6FF73C2FB01341D
:1025A000D80B40EA4440B0F1004F4FEAD43474F104
:1025B000000428BF6FF0004070BD00BF45A40500B7
:1025C000D42B05002DE9F84F0546002800F0948033
:1025D00050F8046C06F11407EFF31188402383F3DD
:1025E0001288BFF36F8F3846FAF72EFD10B9882294
:1025F000424912E03846FAF74BFD3468083D2D1B7E
:102600004FEAD50925F0070504EB050BBBF802A03E
:102610001AF0010F06D1AF2239493A4804F050FCB4
:1026200005F0C5FB4946204604F0A3FB484434F8B6
:102630003030C01A814501D0B722EDE72AF0010AF7
:102640004946ABF802A0204604F093FB09EB0001D9
:1026500004EBC1035B88DA070CD4204604F0ABFB23
:102660004946204604F085FB494609EB0002204616
:1026700004F0D5FB615BA9EB010104EBC1035B88AE
:10268000DB070CD4204604F096FB615B4A46A9EBBD
:102690000101204604F0C3FB635BA9EB030920465C
:1026A000494604F095FBF46806F10C05A54208BF05
:1026B000002400233CB9ABB93846FAF7D3FCB8B9CB
:1026C0004FF49A7294E72046FCF702F804F11800E0
:1026D000FEF792FD2046FEF709FFF468A5424FF091
:1026E0000103E7D141463846BDE8F84FFCF71EB874
:1026F00088F31188BFF36F8FBDE8F88F62CE0400B6
:102700002E97050045A405002DE9F3410146164624
:102710001D4600F10808EFF31187402383F3128868
:10272000BFF36F8F4046FAF78FFC30B988221C4800
:102730001C4904F0C5FB05F03AFB4046FAF7A8FC3B
:102740000C68B4B123684A6823F00303944208BFBD
:102750004B600B6023689B0704D020466568FFF739
:1027600031FF2C464046FAF77DFC88B94FF49A7247
:10277000DDE756EA0503F6D001F10C02CDE900656C
:102780003946FFF761F938B9074B9B681C6903E0CC
:1027900087F31188BFF36F8F204602B0BDE8F08148
:1027A00045A4050062CE0400446F00202DE9F74FD8
:1027B0000446EFF31189402686F31288BFF36F8F2A
:1027C000364D2846FAF740FC30B98822344835495E
:1027D00004F076FB05F0EBFAA5F10C072846FAF7B2
:1027E00057FCBB685C4003EA01022140019283EA86
:1027F000010AEFF3118B86F31288BFF36F8F2A481B
:10280000FAF722FC0028E0D02748FAF741FC55F8F7
:102810000C4C0026BC42354622D12348FAF722FC54
:1028200008BB4FF49A72D1E7D4E91902D1070AEA3A
:10283000000301D598420CD15BB15207256663664F
:1028400084F86C8004F1180048BF1E43FEF7D4FCE6
:1028500025467B68A342E0D02468002CE4D1DCE765
:102860004FF00108F9E78BF31188BFF36F8F4DB17B
:102870000024C5F8A84028462D6E0021FFF75EF819
:10288000002DF6D105482AEA06064946BE60FBF748
:102890004DFF019803B0BDE8F08F00BFB4090020E0
:1028A00045A4050062CE0400406F00202DE9F745E5
:1028B000064611461D46EFF305832BB152EA050388
:1028C00002D0812241490EE0EFF311884FF0400A17
:1028D0008AF31288BFF36F8F3D4F3846FAF7B4FB87
:1028E00030B988223B493C4804F0EAFA05F05FFA27
:1028F000A7F108043846FAF7CBFB626A23699A42CB
:102900004DD2EFF311838AF31288BFF36F8F83F3F5
:102910001188BFF36F8F13B93049A622E3E757F848
:10292000085CA5421AD0CDB12846FBF7E1FD05F1C0
:102930001800FEF761FCE26828693146002405F0C2
:102940004BFE2846C5F8A840FEF7D0FD4146384664
:10295000FBF7ECFE204603B0BDE8F085206A636912
:10296000984202D3A369984201D39C22AAE7E26865
:10297000314605F031FE236AE2681344A2692362FE
:10298000934204BF63692362636A01336362002474
:102990000F48FAF767FB98B94FF49A72A2E751EA29
:1029A00005030AD00E4B9B6822461E61CDE9001537
:1029B0004146FFF749F80446CCE76FF02204E7E709
:1029C00088F31188BFF36F8FC4E700BFA8A105008B
:1029D0002409002062CE040045A405009FCE040017
:1029E000446F0020F7B5064615461946EFF30583F8
:1029F00033B152EA010303D04FF48A7246490CE026
:102A0000EFF31187402383F31288BFF36F8F43489E
:102A1000FAF71AFB30B988224149424804F050FACB
:102A200005F0C5F93D48A0F10804FAF731FB636AE7
:102A3000002B53D0E268E169304605F0CDFDE36933
:102A4000E2681344A269E361934204BF6369E361EE
:102A5000636A013B6362EFF31183402282F31288C1
:102A6000BFF36F8F83F31188BFF36F8F13B92E49B4
:102A7000A622D2E72568A5423ED0002D3DD02846AB
:102A8000FBF736FD05F11800FEF7B6FB206A636917
:102A9000984202D3A369984202D34FF49772ADE7EC
:102AA0002969E26805F098FD236AE2681344A26987
:102AB0002362934204BF63692362636A01336362E2
:102AC00000242846C5F8A840FEF710FD13483946F3
:102AD000FBF72CFE2546284603B0F0BD55EA01035E
:102AE00012D0124B9B6822461E61CDE90051394637
:102AF000FEF7AAFF0546EEE700250848FAF7B2FA06
:102B000028B94FF49A7287E76FF02205F5E787F34B
:102B10001188BFF36F8FDEE7A8A10500240900200C
:102B200062CE040045A405009FCE0400446F00203F
:102B300030BFFFF7FDBF00BFEFF30880EFF309815F
:102B400001B57246F4F734FF01BD00BF002080F3E9
:102B50001488BFF36F8F0F4880F30888F5F756FE8F
:102B600000200D490860BFF34F8FF4F75DF8402057
:102B700080F3118809484FF40861401880F30988F0
:102B8000EFF314800221084380F31488BFF36F8FA2
:102B9000F4F73EF98006012094ED00E000070120E3
:102BA00022498A6882F8EDE04FF030001044EFF3DC
:102BB000098C80E8F01F1EF0100F03D102F1AC0069
:102BC00080EC108A402080F31288BFF36F8F184F7B
:102BD0004FF000668A698A603E6092F9EDE0D2F8B3
:102BE000A4000023C2F8A43080F311881EF0100F57
:102BF00003D00023E1EE103A03E002F1AC0090ECC8
:102C0000108AEFF3148323F0040383F31488BFF3D3
:102C10006F8F04B51046F4F77BF8BDE8044002F16D
:102C2000300090E8F01F8CF309887047446F002053
:102C300004ED00E01EF0040F0CBFEFF30880EFF38B
:102C40000980816911F8021C0229FFD001B5724682
:102C500004F083FA01BD00BF08B5094BC3F100536E
:102C600003F57C33B3F5006F08D20649064892227B
:102C700004F026F90348922104F019F9002008BD58
:102C80000026012015A4050045A40500014B18608D
:102C9000704700BF20050020F8B5084F06460D46D6
:102CA0000024AC4208DA3B6898470A28305504F102
:102CB000010401D00D28F4D12046F8BD1C050020E8
:102CC000F8B50A4F0D46461EC0F10104A3199D42F6
:102CD00001DC2846F8BD73780A2B02D13B680D2031
:102CE00098473B6816F8010F9847EFE7200500204A
:102CF00010B5074C2368C2180648C0F1005101F511
:102D00007C318A423ABF2260C0184FF0FF3010BDBC
:102D1000447500200026012010B5044650B90E4924
:102D20000E4840F2971204F0CBF840F297110A488F
:102D300004F0BDF8142001F03BFC206040B90649C6
:102D4000064840F29F1204F0BBF840F29F11EEE7F4
:102D5000BDE8104004F0E2BF15A4050045A405003D
:102D600010B550B909490A4840F2C71204F0A8F852
:102D7000064840F2C71104F09AF84FF0FF32BDE860
:102D800010404FF0FF33FEF7B3BE00BF15A405009F
:102D900045A4050008B550B90749084840F2E312B8
:102DA00004F08EF8044840F2E31104F080F8BDE826
:102DB0000840FEF7C7BB00BF15A4050045A40500E9
:102DC00038B510EE105A25F00044B4F1A14FF0EEE2
:102DD000407A10D3B4F1FF4F04D970EE007AB0EE10
:102DE000670A38BDDFED4D7A9FED4D7A002DC8BFE3
:102DF000F0EE477AF3E74B4B9C4210D8B4F1445FB6
:102E00000AD29FED497A30EE077AF7EE006AB4EE07
:102E1000E67AF1EE10FAE2DC4FF0FF3313E005F052
:102E2000C7F8424B9C424FD8A3F5D0039C4241D8EF
:102E3000F0EE007ABFEE007AA0EE277A002330EEA3
:102E4000270AC7EE007A5A1C27EEA76A9FED387A48
:102E5000DFED385A9FED385A66EE066AE6EE875A7D
:102E60009FED367AA5EEA67ADFED355AE7EE265AC3
:102E70009FED347AA5EEA67ADFED335AE7EE265AB7
:102E80009FED327AA6EE875A9FED317AA5EE267A2B
:102E90009FED305AA7EE265A9FED2F7AA5EE267A9F
:102EA00027EE267AA5EE867A27EE877A21D177EE6D
:102EB000C77A94E7F7EE007A30EE677A30EE270AA9
:102EC0000123C7EE007ABEE7244B9C420BD8F7EEF5
:102ED000087AB7EE007AA0EE277A022370EE676ACE
:102EE000C6EE877AAFE7BFEE007AC7EE007A03231B
:102EF000A9E71B4A1B4902EB830201EB8303D3EDD5
:102F0000006A37EE667A002D37EE677AD2ED007AE6
:102F100077EEC77AB8BFF1EE677A60E7DB0FC9BF1B
:102F2000DB0FC93FFFFFDF3ECAF24971FFFF973F4A
:102F3000D769853C59DA4B3D6BF16EBD356B883DE9
:102F40006E2EBA3D2549123EABAAAA3E21A215BD5E
:102F500095879DBD388EE3BDCDCC4CBEFFFF1B4099
:102F6000F8A90400E8A9040010EE103A07B51E4ABB
:102F700023F00043934206D8DFED1C0A03B05DF84E
:102F800004EB00F03BBEB3F1FF4F04D330EE400A38
:102F900003B05DF804FB684600F000FD00F003009C
:102FA000012809D0022810D0B0B9DDED010A9DED4D
:102FB000000A00F023FEEBE7DDED010A9DED000ABB
:102FC00001F0F2F8B1EE400AE2E7DDED010A9DED15
:102FD000000A00F013FEF5E7DDED010A9DED000AA1
:102FE000012001F0E1F8D3E7D80F493F00000000CD
:102FF00010EE103A07B51F4A23F00043934207D85A
:10300000DFED1D0A002003B05DF804EB01F0CCB841
:10301000B3F1FF4F04D330EE400A03B05DF804FB78
:10302000684600F0BBFC00F0030001280AD002282B
:103030000FD0C0B9DDED010A9DED000A012001F0BD
:10304000B3F8EAE7DDED010A9DED000A00F0D6FDD8
:10305000E3E7DDED010A9DED000A012001F0A4F88F
:10306000B1EE400AD9E7DDED010A9DED000A00F05E
:10307000C5FDF5E7D80F493F0000000010EE103AFB
:1030800007B5124A23F00043934207D8DFED100A38
:10309000012003B05DF804EB01F0CEB8B3F1FF4FAF
:1030A00004D330EE400A03B05DF804FB684600F03C
:1030B00075FC400000F00200DDED010A9DED000A04
:1030C000C0F1010001F0B8F8EDE700BFDA0F493FA9
:1030D0000000000038B52DED028B55EC104B00F0D0
:1030E000F5F8154BB0EE408AF0EE608A93F90030A7
:1030F000013319D022462B4620462946C9F7C4FE83
:1031000090B90022002320462946C9F795FE58B100
:1031100004F04CFF212303600022002310461946CF
:10312000C9F742FD41EC180BB0EE480AF0EE680A10
:10313000BDEC028B38BD00BF0108002008B52DEDA5
:10314000028BB0EE408A00F079F9134B93F900300E
:103150000133F0EE408A1AD0B4EE488AF1EE10FA4C
:1031600015D6B0EE480A04F023FFF7EE007AB4EE6D
:10317000E70AF1EE10FA0ADD04F018FFBDEC028B4D
:1031800021230360BDE80840044801F079B9B0EE9E
:10319000680ABDEC028B08BD01080020342505003B
:1031A00008B52DED028BB0EE408A00F03FFA134BCC
:1031B00093F900300133F0EE408A1AD0B4EE488A19
:1031C000F1EE10FA15D6B0EE480A04F0F1FEF7EE73
:1031D000007AB4EEE70AF1EE10FA0ADD04F0E6FE3A
:1031E000BDEC028B21230360BDE80840044801F0D8
:1031F00047B9B0EE680ABDEC028B08BD010800209B
:103200003425050008B52DED028BF0EE408A00F064
:10321000F3FA164B93F900300133B0EE408A11D027
:10322000B0EE680A04F0CEFE60B1DFED117AF4EE84
:10323000E78AF1EE10FA0ADD04F0B8FE9FED0D8A80
:1032400022230360B0EE480ABDEC028B08BDDFED1F
:103250000A7AF4EEE78AF1EE10FAF3D504F0A6FE4E
:1032600022239FED068A0360ECE700BF01080020DF
:103270008071B1420000807FB5F1CFC20000000034
:1032800008B52DED028BB0EE408A04F098FE0D4B90
:1032900093F90030013311D0B4EE488AF1EE10FA00
:1032A0000CD6DFED098AB4EEE88AF1EE10FA05D506
:1032B00004F07CFE88EEA80A21230360BDEC028B9B
:1032C00008BD00BF01080020000000002DE9F0410A
:1032D000594A55EC104BAA432B4620460FD12246A3
:1032E0002946C9F737FB02460B4620462946C9F74F
:1032F0007BF904460D4645EC104BBDE8F081002DEE
:103300000DDC25F000422243F5D095B12246294636
:10331000C9F768F902460B46C9F746FCE9E72A15E2
:1033200015D1002109E0C30A153A4005002BFAD057
:10333000F7E72A46FAE75B000131DD02FBD54C1EB8
:10334000121BC1F1200420FA04F423438840C3F384
:103350001303D40743F480135CBF5B0003EBD0730B
:10336000A2F2FF3558BF40005B0000266D1003EB52
:10337000D07347004FF0160EB0464FF4001208EB22
:1033800002019942DEBF5B1A02EB0108B6185B002E
:10339000BEF1010E03EBD7734FEA52024FEA470723
:1033A000EDD1F44620204FF00041984501EB0E028C
:1033B0002FDB0BD1BA4209D8002A01EB020E02DA48
:1033C000BEF1000F2CDA0023BF1A8C445B000138D9
:1033D00003EBD7734FEA51014FEA4707E5D13B436F
:1033E00008D0BCF1FF3F13BF0CF101030136844646
:1033F00023F0010C72104FEA5C03F10702F17F52D7
:1034000002F5001248BF43F0004302EB0551184695
:103410006FE7002A01EB020E0BDABEF1000F08DBAA
:1034200008F10104BA42A3EB080300D9013BA0460E
:10343000CAE74446F6E700BF0000F07F08B510EE8B
:10344000103A23F00042B2F17E5F2DED0C8B0AD1D1
:103450009FED650ADFED657A002BC8BFB0EE670A05
:10346000BDEC0C8B08BD04D930EE408A88EE080A0A
:10347000F6E7B2F17C5F3CD2B2F10C5F40F2B18072
:1034800060EE007ADFED5A6A9FED5A7A9FED5A6A34
:10349000A7EEA67ADFED596AE7EE276A9FED587A24
:1034A000A6EEA77ADFED576AE7EE276A9FED567A18
:1034B000A6EEA77ADFED556AA7EEA66ADFED546A9D
:1034C000E6EE276A9FED536AA6EEA76AF7EE006A5A
:1034D000E6EE276A27EE277ADFED4F7A87EE266A37
:1034E000E0EE467A70EE677A9FED4C0A30EE670A9E
:1034F000B6E7002BDFED3EDADFED3ECA9FED3FCAB7
:10350000DFED3FBA9FED3FBADFED3F8A9FED3FDA37
:10351000DFED39AA9FED3EAADFED3E9AB7EE009AA5
:10352000F6EE007A28DA30EE098A28EE270AE0EE75
:103530002DCAE0EE0DAAACEE80CAAAEE80AAECEE8F
:1035400000BAEAEE009AABEE80BAA9EE809AEBEEF2
:10355000008A68EE808A04F032FD88EE897ADFED19
:10356000307AE0EE077AB0EE007A77EE807A9FED5F
:103570002D0AA7EEC70A73E739EE408A28EE278A9C
:10358000B0EE480A04F01BFDE8EE2DCAE8EE0DAAE5
:10359000ACEE88CAAAEE88AAECEE08BA10EE103A91
:1035A000ABEE88BA23F47F6323F00F03EAEE089AA8
:1035B00007EE903AEBEE088AB0EE486AA7EEE76AAB
:1035C000A9EE889A70EE276A68EE888A86EE267AD7
:1035D000C8EE896AA0EE267A37EE870A30EE000A36
:1035E0003EE79FED110A3BE7DB0F4940000000007A
:1035F00008EF1138047F4F3A613330BF461124BDC4
:10360000A80A4E3E90B0A6BEABAA2A3E2EC69D3D4D
:103610002D57014039D119C06821A233DA0FC93FB3
:103620006821A2B3DA0F4940DB0FC93F38B510EE6D
:10363000105A25F00044B4F17E5F2DED048B0CD1BF
:10364000DFED5D7A9FED5D7A60EE277AE0EE077A36
:10365000B0EE670ABDEC048B38BD04D970EE407A39
:1036600087EEA70AF6E7B4F17C5FF7EE008A0BD28B
:10367000B4F1485F52D2DFED527A70EE277AF4EE61
:10368000E87AF1EE10FAE5DC04F092FC38EEC08A3C
:10369000F6EE007A28EE278A9FED4A7ADFED4A7A25
:1036A0009FED4A9AA8EE277ADFED497AE7EE087A8D
:1036B0009FED487AA7EE887ADFED477AE7EE087A41
:1036C0009FED467AA7EE889ADFED457AE8EE077A15
:1036D0009FED447AA7EE887ADFED437AE7EE087A29
:1036E000B0EE480AE7EE888A04F069FC3F4B29EE09
:1036F000089A9C4289EE286AF0EE006A3DD9A0EE55
:10370000060ADFED3B7AE0EE267A9FED2C0A30EEDA
:10371000670A002DD8BFB1EE400A9BE760EE007A41
:10372000DFED296A9FED277A9FED2C6AA7EEA67A36
:10373000DFED276AE7EE276A9FED267AA6EEA77AE5
:10374000DFED256AE7EE276A9FED207AA6EEA77ADD
:10375000DFED236AE7EE866A9FED226AA6EEA76A8E
:10376000DFED216AE6EE276A27EE277AE6EEA78AE2
:10377000C7EE287AA0EE270A6CE710EE103A23F481
:103780007F6323F00F0307EE103AA7EE478A70EE2F
:10379000005A30EE070ADFED087A88EE005A9FEDF6
:1037A000150AE5EE667AD5EE867AB0EE406AA7EEA7
:1037B000666A77EEC67AAAE72EBD3BB3DB0FC93F38
:1037C000CAF24971047F4F3A08EF1138ABAA2A3E7A
:1037D000461124BDA80A4E3E90B0A6BE2EC69D3D01
:1037E000613330BF2D57014039D119C09999793FC4
:1037F0002EBD3B33DB0F493F10EE102A22F0004371
:10380000B3F1FF4F02D930EE000A70474FEAD27190
:1038100006D1DFED507A002918BFB0EE670A704775
:103820004D48824204DD9FED4D0A20EE000A7047AC
:10383000002A03DA4A4A934200F28880494A9342B6
:10384000F7EE005A52D9484A93424FEA810234D8DF
:10385000464B134493ED007A454B134430EE477AC0
:10386000C1F10102D3ED007A521A37EE670A20EE59
:10387000006A9FED405ADFED406AE6EE056A9FED73
:103880003F5AA6EE865ADFED3E6AE5EE066A9FEDE8
:103890003D5AA6EE865AF0EE406AE5EE466AB0EE74
:1038A000006A20EE265A92BB76EEC66AC5EE267AEC
:1038B00037EEC00A35EEC00A7047334B9FED337ABE
:1038C000DFED336A1344D3ED007AE0EE077AB0EE11
:1038D000407AFDEEE77A17EE902AF8EEE77AA7EE47
:1038E000E67ADFED2C6A67EEA67ABEE7B3F1465FB3
:1038F0000BD2DFED1A6A70EE266AF4EEE56AF1EE9D
:1039000010FA02DD30EE250A70470022AFE736EEEE
:10391000666A12F17D0FC5EE066AB8BF643277EEB3
:10392000E67A77EEC77A75EEE77A17EE903AABBF94
:1039300003EBC25303EBC25300EE103ADFED167AED
:10394000BCBF00EE103A20EE270A70479FED010A37
:10395000704700BF000000001772B142CAF24971FF
:10396000B5F1CF421872B13E9115853F10AA0400FF
:1039700008AA04004CBB31330EEADDB555B38A38D2
:10398000610B36BBABAA2A3E18AA04003BAAB83F7B
:103990008071313FD1F717370000800DF0B510EE80
:1039A000106A884B26F000459D4287B0044605D832
:1039B000002380ED000A4360002022E0824B9D42FC
:1039C0003AD826F00043002E9FED807A804A23F0FB
:1039D0000F0318DD934270EE477A09BF9FED7D7AA1
:1039E000DFED7D6ADFED7D6A77EEC77A37EEE67A46
:1039F00077EEC77A80ED007A77EEE67AC0ED017A4D
:103A0000012007B0F0BD934270EE077A09BF9FED29
:103A1000717ADFED716ADFED716A77EE877A37EEE2
:103A2000A67A77EEC77A80ED007A77EEA67AC0EDB7
:103A3000017A4FF0FF30E4E7694B9D4273D804F000
:103A4000B7FA9FED687AF6EE007AE0EE077AFDEEBF
:103A5000E77AB8EEE77A17EE900ADFED5C7AA7EE28
:103A6000670A1F28DFED5C7A67EE277AB1EE476AB6
:103A700070EE676A16EE901A09DC5B4A471E26F064
:103A8000004352F8272023F0FF03934207D1C1F3EC
:103A9000C752C2EBD552082A4FEAE55314DC216025
:103AA00094ED007A30EE470A002E30EE670A84ED7E
:103AB000010AA6DAB1EE477AB1EE400A84ED007A47
:103AC00084ED010A40429CE7DFED425AF0EE406A85
:103AD000E6EE256A70EE667AE6EE257ADFED3F5A6D
:103AE000D7EE257A76EEE75A15EE902AC2F3C75143
:103AF0005B1A192B04DCC4ED005AB0EE660ACFE75E
:103B0000DFED3A5AB0EE660AA6EE250A76EEC07AE6
:103B1000DFED376AE6EE257AD7EE267A30EE677A61
:103B200084ED007ABCE7B5F1FF4F06D370EE407A22
:103B3000C0ED017AC0ED007A3EE7EA15863AA5EBC2
:103B4000C25307EE903ABDEEE77ADFED2A6AB8EE8F
:103B5000C77A77EEC77A8DED037A67EEA67ABDEE67
:103B6000E77AB8EEC77A77EEC77A8DED047A67EE1A
:103B7000A67AF5EE407AF1EE10FACDED057A1ED177
:103B8000B5EE407AF1EE10FA0CBF012302231A4978
:103B900001910221009103A8214600F087F8002E30
:103BA000BFF62FAFD4ED007AF1EE677AC4ED007A5C
:103BB000D4ED017AF1EE677AC4ED017A82E703234E
:103BC000E5E700BFD80F493FE3CB1640800FC93F60
:103BD000D00FC93F004435374344353708A3852EFD
:103BE000800F494384F9223F20AA040000A3852EB8
:103BF00032318D2400008043A0AA040010EE103A58
:103C000023F00043B3F1485FF0EE406AB7EE000ADC
:103C100004D2FDEEE67A17EE902A42B326EEA67A9B
:103C2000DFED1A7A9FED1A6A1A4AA7EE276A9342C5
:103C3000DFED197AE6EE077A9FED186AA7EE876A3C
:103C4000DFED177AE6EE077A9FED166AA7EE876A30
:103C500060EEE60A26EE076AF6EE007AE7EE060A5E
:103C600067EE277A04D877EEE07A30EE670A70477D
:103C70000D4A93429ABF03F17F4307EE103AB5EE27
:103C8000027A30EE470A77EEC77AECE74ED747ADB7
:103C9000F6740F319999993E7CF293B4010DD037A7
:103CA000610BB6BAABAA2A3D0000483F2DE9F04FA0
:103CB0002DED048BD9B090469B46669ABE4BDDF83D
:103CC0009CC153F822A0019018F1040F0F460BF18C
:103CD000FF3325DBB8F1030248BF08F10402D2101C
:103CE000551CE900D41A9FEDB87A0291A8EBC505DE
:103CF0000AEB03060DF170090CEB840E0021B142B2
:103D000010DD1CA901EB8B010DF5887900265645C5
:103D100026DCDDF804E0DFEDAC7A0C46002016E08E
:103D20000022DDE7CC425DBF5EF8210007EE900A7D
:103D3000F8EEE77AF0EE477AE9EC017A0131DEE756
:103D4000FEEC016A94ED007AE6EE877A0130984243
:103D5000A4F10404F4DDE9EC017A01360431D6E77C
:103D600008A901EB8A010CEB8202DFED968A9FED38
:103D7000949A049103925446A200059258AA02EB29
:103D8000840212ED140A44A908AA01EB8401164624
:103D900020460028A1F104014EDC2846CDE9063278
:103DA00000F074FBB0EE408AB4EE000A28EE000A80
:103DB00000F022FBF2EE007AA0EE678A002DDDE92A
:103DC0000632FDEEC87A17EE909AF8EEE77A38EEF2
:103DD000678A43DD601E08A9C5F1080C51F8206010
:103DE00046FA0CF1894401FA0CF1761A08A941F857
:103DF0002060C5F107010E41002E3EDD4FF0000CA2
:103E000009F10109604664456ADC002D05DD012DDC
:103E100000F08380022D00F08B80022E2DD1B7EEB2
:103E2000000A30EE488A40B32846069300F02EFB85
:103E3000069B38EE408A20E060EE287A0138FDEEDD
:103E4000E77AF8EEE77AA7EEC90ABDEEC00AA6EC5B
:103E5000010A91ED000A37EE800A9AE705D1611E4A
:103E600008A850F821603612C6E7F6EE007AB4EEE4
:103E7000E78AF1EE10FA31DA0026B5EE408AF1EE6B
:103E800010FA40F0A380611E0020514557DA002847
:103E900071D0013C08AB083D53F82430002BF8D01A
:103EA0002846B7EE000A00F0F1FA631C44AA9FED21
:103EB000457A990002EB83022346002B80F2B480FE
:103EC0002346002BC0F2D28044AA02EB8305DFF820
:103ED000ECC0DFED3D7A0020E21ABCE002268DE75F
:103EE00096465EF8041B60B981B10CF1010CC1F576
:103EF000807164454EF8041C0DDDDEF8001002F1FF
:103F0000080EC1F1FF014EF8041C01210CF1010C57
:103F10007246084677E7012077E7611E08AA52F843
:103F2000212002F07F020DF1200C4CF8212074E7D3
:103F3000611E08AA52F8212002F03F02F3E708AA06
:103F400052F82120013910439FE7013251F8040D46
:103F50000028FAD0059901F5B071694404EB0B0013
:103F60000DF1700C661C4C390CEB80002244B242FF
:103F700004DA144600E704990122E7E7039CDDF820
:103F800004C054F82640059407EE904AF8EEE77A0C
:103F90000024E0EC017ADFED0C7A86469C4203DDDA
:103FA000E1EC017A0136E2E7FCEC016A3EED017AD0
:103FB0000134E6EE877AF1E7E4AD0400B8AD040021
:103FC000000080430000803B00000000029BB0EE38
:103FD000480AA3EB080000F059FA1FED077AB4EE87
:103FE000C70AF1EE10FA19DB5FED0A7A60EE277A64
:103FF00008AAFDEEE77A0835F8EEE77AA7EEC70AD9
:10400000FDEEE77ABDEEC00A10EE103A42F8243019
:1040100017EE903A013442F8243041E7BDEEC00A71
:1040200008AA10EE103AF6E708A850F8230001900D
:1040300007EE900AF8EEE77A013B67EE807A20EE11
:10404000070A62ED017A38E7FCEC016AB5EC017A07
:10405000E6EE877A0130504501DC8242F4DA58A856
:1040600000EB820242ED287A013B2AE7669B022B95
:1040700009DC002B2BDC44D009F0070059B0BDEC63
:10408000048BBDE8F08F669B032BF5D130AA0B1F84
:1040900013441A4620460028A2F1040252DC2246AC
:1040A000012AA3F104035DDC30AB5FED397A0B44E8
:1040B000012C67DCDDED306A9DED317A002E67D191
:1040C000C7ED006A87ED017AC7ED027AD4E730AB1D
:1040D0001FED437A0B442246002A24DA4EB3F1EE58
:1040E000477AC7ED007ADDED307A77EEC77A31AAEC
:1040F00001239C4220DA0EB1F1EE677AC7ED017A16
:10410000BAE730AB5FED507A0B44002C05DA0EB104
:10411000F1EE677AC7ED007AAEE733ED017A013C44
:1041200077EE877AF1E773ED017A013A37EE277A75
:10413000D2E7F0EE477AD4E7B2EC017A013377EEBA
:10414000877AD6E7D2ED007AD2ED016A37EEA67A09
:10415000013877EEC77A82ED007A77EEA67AC2ED63
:10416000017A98E7D3ED007AD3ED016A37EEA67AAB
:10417000013A77EEC77A83ED007A77EEA67AC3ED3F
:10418000017A8DE733ED017A013C77EE877A8FE78C
:10419000F1EE666AB1EE477AC7ED006A87ED017A03
:1041A000F1EE677A90E700BF10EE103A23F000437B
:1041B000B3F1485F04D2FDEEC07A17EE903A5BB3DC
:1041C00020EE007ADFED157A9FED156AA7EE276ADB
:1041D000DFED147AE6EE077A9FED136AA7EE876AA1
:1041E000DFED127A60EE076AE6EE077A30B99FEDEE
:1041F000106AA7EE276AA6EE260A704767EEE67AEF
:10420000B6EE006AE0EE867AD7EE870ADFED097A2D
:10421000E6EEA70A30EE600A704700BFD3C92E2F22
:10422000342FD7B21BEF3836010D50B98988083CBE
:10423000ABAA2ABEABAA2A3E08B510EE103A23F06C
:104240000042B2F1465FF0EE407A17D2BDEEC07A7E
:1042500017EE101A41BB431C134308D103F0A8FE0C
:10426000B7EE007AC7EE007AB0EE670A08BD012803
:10427000FAD0BFEE007AC7EE007AF5E74C498A42E1
:1042800012D3002B9FED4B7AB8BFF1EE407A37EE98
:10429000677ADFED497AB8BFF1EE600A77EEE07A2F
:1042A000DFED460A77EE877A67EEA76ADFED445ABC
:1042B0009FED446A9FED445A3D4926EEA67A8A4214
:1042C000A7EE256ADFED415AE6EE075A9FED406AF8
:1042D000A5EE876ADFED3F5AE6EE075A9FED3E6A8C
:1042E000A5EE876ADFED3D5AE7EE055A9FED3C5A91
:1042F000A5EE875ADFED3B5AE5EE075A9FED3A5A95
:10430000A5EE875ADFED395AE5EE075AB0EE467A48
:10431000A5EEA67A27EEA65AB0EE606AA7EE056A69
:104320009FED337AE6EE260AE5EE070A37EEA06A3D
:104330001DD307EE100AB8EEC77A26EE065A36EEFF
:10434000076A9B17C5EE065A03F00203C3F1010387
:1043500006EE903A35EEE06AF8EEE66A77EEC67A57
:10436000B0EE006AA7EEC67A66EE877A7CE701288F
:104370001BD0204B16EE102A1A4005EE902A75EE3F
:10438000E77AB7EE007A70EEE70AFFEE007AC7EE42
:10439000866A16EE902A134007EE903AA5EEA77AA9
:1043A000A0EEA77AE7EE267A5EE7F0EE467A5BE7C4
:1043B00040A12C3FDA0F493F682122330000000062
:1043C0005FAE9BB745F4A3388453D937C8261A3A51
:1043D00016696B3BA427B33C8988083E7AC09538A0
:1043E000B937813948DEBE3A1F37113CD10D5D3DEA
:1043F000ABAAAA3E00F0FFFF10EE103AC3F3C7527B
:104400007F3A162A23F000412BDC002A12DADFED76
:10441000197A30EE270AB5EEC00AF1EE10FA06DD81
:10442000002B24DA0029144B08BF4FF0004300EEA4
:10443000103A7047114911410B42FAD0DFED0D7A65
:1044400030EE270AB5EEC00AF1EE10FAEFDD002BD0
:10445000BEBF4FF4000040FA02F29B1823EA0103AA
:10446000E5E7B1F1FF4FE4D330EE000A70470023D7
:10447000DDE700BFCAF24971000080BFFFFF7F0087
:104480009FED010A704700BF0000C07F10EE103A98
:1044900033F000422AD0B2F1FF4F02D330EE000ACF
:1044A000704713F0FF4F22D1224BDFED237A984261
:1044B00020EE270A16DB10EE103AC3F3C752193A62
:1044C0001044FE2815DDDFED1D7ADFED1D6A10EECC
:1044D000103AB0EE677A002BB8BFF0EE667A27EE9E
:1044E000870A7047DFED177A27EE800A7047D20DF2
:1044F000E6E7002806DD23F0FF4343EAC05300EE61
:10450000103A704710F1160F09DADFED0E7ADFED81
:104510000E6A10EE103AB0EE677A002BDCE7193025
:1045200023F0FF4343EAC0539FED080A07EE903A99
:10453000DAE700BFB03CFFFF0000004CCAF249714F
:10454000CAF249F16042A20D6042A28D0000003320
:104550001FB514461A46094B1B680546D86854B95E
:10456000074B1C46CDE9013400912B46054900F06C
:104570000DF8F2F711FE044BF4E700BF240500200C
:10458000342505006AA405005DA405000EB403B53A
:10459000014603AB054853F8042B0068019300F073
:1045A000B3F802B05DF804EB03B0704724050020B7
:1045B000024B0146186800F04DB800BF24050020EA
:1045C00038B50546002941D051F8043C0C1F002B9A
:1045D000B8BFE41801F0E6F81D4A136833B9636008
:1045E00014602846BDE8384001F0E2B8A34208D97B
:1045F000206821188B4201BF19685B680918216087
:10460000EDE71A465B680BB1A342FAD9116850185E
:10461000A0420BD120680144501883421160E0D1C0
:1046200018685B68536008441060DAE702D90C230D
:104630002B60D6E7206821188B4204BF19685B689D
:10464000636004BF091821605460CAE738BD00BF29
:104650004C750020F8B5CD1C25F0030508350C2D50
:1046600038BF0C25002D064601DBA94203D90C23D7
:1046700033600020F8BD01F095F821490A6814461E
:104680009CB9204F3B6823B92146304600F096FA8A
:1046900038602946304600F091FA431C23D10C23A0
:1046A0003360304601F084F8E3E723685B1B17D4DE
:1046B0000B2B03D923601C44256004E06368A242ED
:1046C0000CBF0B605360304601F072F804F10B0030
:1046D000231D20F00700C21A1CBF1B1AA350C9E7F4
:1046E00022466468CCE7C41C24F00304A042E3D053
:1046F000211A304600F062FA0130DDD1CFE700BF69
:104700004C750020487500202DE9F04F0D469DB0F6
:1047100014469846064618B183690BB900F054FD5B
:10472000874B9D421BD175686B6ED90705D4AB8949
:104730009A0502D4A86DFEF713FBAB891B0701D5C0
:104740002B69EBB92946304600F054FCC0B16B6EC2
:10475000DC070ED54FF0FF301DB0BDE8F08F794B70
:104760009D4201D1B568DFE7774B9D4208BFF568F0
:10477000DAE7AB899805EDD4A86DFEF70BFBE9E706
:104780000023099320238DF82930CDF80C803023A5
:10479000DFF8B8818DF82A304FF0010923469A4698
:1047A00013F8012B0AB1252AF9D1BAEB040B0BD06F
:1047B0005B4622462946304603F025FC013000F0D6
:1047C000A680099A5A4409929AF80030002B00F00A
:1047D0009E8000234FF0FF32CDE905230AF1010A44
:1047E000049307938DF853301A935446574814F89E
:1047F000011B0522C7F784FD049BD0B9D90644BF2D
:1048000020228DF853201A0744BF2B228DF8532005
:104810009AF800202A2A14D0079A544600204FF014
:104820000A0C214611F8013B303B092B4AD970B9DB
:1048300014E0A0EB080009FA00F018430490A24627
:10484000D3E7039A111D12680391002A01DB079236
:1048500004E0524243F002030792049323782E2B84
:104860000AD163782A2B32D1039B1A1D1B6803924D
:1048700043EAE37302340593DFF8E0A021780322D2
:104880005046C7F73DFD38B1049BA0EB0A0040221B
:10489000824013430134049314F8011B2C488DF813
:1048A00028100622C7F72CFD00283FD0294B1BBB40
:1048B000039B073323F0070308330393099B3B440F
:1048C00009936BE70CFB02320C460120A9E7002399
:1048D0000134059319464FF00A0C204610F8012BBD
:1048E000303A092A03D9002BC6D00591C4E70CFB46
:1048F000012104460123F0E703AB00932A46164B3F
:1049000004A93046AFF300800746781CD6D16B6E01
:10491000D90705D4AB899A0502D4A86DFEF73AFAF7
:10492000AB895B063FF516AF099815E703AB00931B
:104930002A46094B04A9304600F012F8E4E700BF0C
:104940005CAE04003CAE04001CAE04009AA5050059
:10495000A4A505000000000007800400A0A5050034
:104960002DE9FF470F7E0C9D782F914680460C461F
:104970009A4601F1430207D8622F0AD8002F00F0AF
:10498000E080582F00F0BB8004F1420684F84270AA
:104990003AE0A7F16303152BF6D801A151F823F0F3
:1049A000F94904000D4A04008949040089490400BA
:1049B00089490400894904000D4A0400894904001A
:1049C000894904008949040089490400294B0400ED
:1049D0009D4A0400DF4A0400894904008949040013
:1049E0004B4B0400894904009D4A04008949040096
:1049F00089490400E74A04002B681A1D1B682A60D5
:104A000004F1420684F842300123ABE023682968B0
:104A10001F0601F10400286001D50D6803E05E0661
:104A2000FBD5B1F900506168002D7ADA2D200029FC
:104A300084F84300A1602DDA5E486D420A231646D1
:104A4000B5FBF3F103FB1157C75D06F8017D2F4657
:104A5000BB420D46F4D9082B0BD12368DF0708D5DC
:104A6000236961689942DEBF302306F8013C06F1F4
:104A7000FF36921B2261CDF800A04B4603AA2146C7
:104A8000404603F0D2FA013071D14FF0FF3004B04C
:104A9000BDE8F08723F004032360CDE72B6820688E
:104AA000191D2960050601D51D6802E04106FBD5E8
:104AB0001D8840486F2F14BF0A230823002184F863
:104AC00043106668A660002EB9DB216821F004015E
:104AD0002160002DB3D1002EB1D11646BBE723686B
:104AE00043F0200323603448782784F84570296810
:104AF00023680E1D2E601E0603D50D6804E02D48A8
:104B0000F3E75D06F9D50D88D90744BF43F02003CC
:104B100023600DB11023D1E7236823F02003236025
:104B2000F8E724480A23CCE72B6826686169181D3A
:104B3000286035061B6801D5196002E07006FBD5B8
:104B4000198000232361164695E72B681A1D2A60F9
:104B50001E68626800213046C7F7D2FB08B1801B8F
:104B6000606063682361002384F8433083E723692E
:104B7000324649464046D047013086D023689B07DD
:104B800014D4E068039B9842B8BF18467FE701231E
:104B9000324649464046D04701303FF476AF0135B2
:104BA000E36803995B1AAB42F1DCEAE7002504F104
:104BB0001906F5E7ABA50500BCA5050038B5064DFF
:104BC0000023044608462B60FEF792F8431C02D1EE
:104BD0002B6803B1236038BD507500202DE9F041EA
:104BE000DFF8A880254B0A462DED028B0146D8F848
:104BF0000000D3F7D1F855EC104B22462B46204647
:104C00002946C8F741F990B1002D1D4809DAFFF790
:104C100037FCB1EE408AB0EE480ABDEC028BBDE82D
:104C2000F081BDEC028BBDE8F041FFF729BC2046C6
:104C30002946C8F787F908EE100ADFED127AB0EEC0
:104C4000C87AB4EE677AF1EE10FAE4DD25F0004799
:104C50000D4B4FF0FF3220463946C8F715F940B9E1
:104C6000094B4FF0FF3220463946C8F7EFF80028CD
:104C7000D1D0D8F8003022221A60CCE78805002075
:104C800034250500FFFF7F7FFFFFEF7F2405002015
:104C9000164B2DE9F0411F68BC6D05460E46ECB978
:104CA0005020FFF785FC0246B86520B9104B11482B
:104CB0005721FFF74DFCC0E90044C0E90244C0E9B8
:104CC0000444C0E90A44C0E90C44C0E90E44C0E908
:104CD0001044C0E91244846104774462BA6D3146DD
:104CE00028460123BDE8F04103F036BA2405002030
:104CF000D3A50500EAA50500242B2DE9F04786463B
:104D0000904601D8012B06D103F050F91623036019
:104D10000020BDE8F08736480D462A4615F8014BBD
:104D2000065D16F00806F8D12D2C24D12C7801262A
:104D3000951C2BBB302C30D00A2306F1004C0CF113
:104D4000FF3C0022BCFBF3F9104603FB19CAA4F197
:104D50003007092F28D83C46A34234DD571C07D022
:104D600081452DD301D1A2452ADB00FB034001225E
:104D700015F8014BEBE72B2C04BF2C78951CD8E7DA
:104D8000102BDAD1302CD8D12A7802F0DF02582A41
:104D9000D3D16C7810230235CFE72B7803F0DF03F3
:104DA000582BF6D00823C8E7A4F14107192F01D8E2
:104DB000373CD1E7A4F16107192F04D8573CCBE762
:104DC0004FF0FF32D4E7531C08D12223CEF8003035
:104DD0006046B8F1000F9CD0691E06E006B1404263
:104DE000B8F1000F95D0002AF6D1C8F8001090E76E
:104DF0009AA4050013460A46014602480068FFF7D8
:104E00007BBF00BF240500202DE9F74F91464A4A99
:104E100001908A461E460D462B4615F8014B175D3C
:104E200017F00807F8D12D2C42D12C7801279D1CB2
:104E3000002E42D1302C4DD00A264FEAE67B324676
:104E40005B464FF0FF304FF0FF31C8F7CBF83246EA
:104E5000009088465B464FF0FF304FF0FF31C8F7B7
:104E6000C1F8002318461946A4F1300CBCF1090F13
:104E700037D86446A64245DDB3F1FF3F15D0009B0D
:104E8000834278EB01033AD3009B884508BF8342F5
:104E900001D1A24233DB714300FB0B11A6FB0003DF
:104EA0001944201841EBE471012315F8014BDBE7AD
:104EB0002B2C04BF2C789D1CBAE7102EBDD1302CB2
:104EC000BBD12B7803F0DF03582BB6D16C781026BA
:104ED0000235B2E72B7803F0DF03582BF6D0082613
:104EE000ABE7A4F1410CBCF1190F01D8373CC1E785
:104EF000A4F1610CBCF1190F04D8573CBAE74FF08C
:104F0000FF33D2E75A1C0AD1019922220A601846BF
:104F10001946B9F1000F0AD103B0BDE8F08F17B1FF
:104F2000404261EB4101B9F1000FF5D00BB105F141
:104F3000FF3AC9F800A0EFE79AA4050013460A4615
:104F4000014602480068FFF75FBF00BF240500204C
:104F5000F8B50E461446054618B183690BB900F042
:104F600033F9214B9C4210D16C68A369A360A389DB
:104F70001A0701D5236993B92146284600F03AF86B
:104F800068B14FF0FF373846F8BD184B9C4201D14D
:104F9000AC68EAE7164B9C4208BFEC68E5E723697A
:104FA0002068C01A6369F6B28342374605DC2146A1
:104FB000284600F08BF80028E3D1A368013BA360EA
:104FC00023685A1C22601E7063690130834204D03A
:104FD000A389DB07D7D50A2ED5D12146284600F074
:104FE00075F80028CFD0CCE75CAE04003CAE0400DE
:104FF0001CAE0400314B70B51D6806460C4625B149
:10500000AB6913B9284600F0DFF82D4B9C420ED156
:105010006C68B4F90C301A072CD4DD0611D40922BF
:10502000326043F04003A3814FF0FF303DE0254B59
:105030009C4201D1AC68ECE7234B9C4208BFEC6872
:10504000E7E7580712D5616B41B104F14403994277
:1050500002D03046FFF7B4FA00236363A38923F03C
:105060002403A3810023636023692360A38943F0A1
:105070000803A38123694BB9A38903F42073B3F513
:10508000007F03D02146304600F04CFBB4F90C30D1
:1050900013F001020AD00022A26062695242A261AA
:1050A000226942B913F08000BBD170BD990758BF87
:1050B0006269A260F4E70020F7E700BF2405002042
:1050C0005CAE04003CAE04001CAE040038B50B69B5
:1050D00005460C4613B90025284638BD18B183692A
:1050E0000BB900F071F8144B9C421BD16C68B4F9F9
:1050F0000C30002BEFD0626ED00704D4990502D497
:10510000A06DFDF72DFE2846214603F04DF8636E95
:10511000DA070546E0D4A3899B05DDD4A06DFDF731
:1051200039FED9E7054B9C4201D1AC68DFE7044B5F
:105130009C4208BFEC68DAE75CAE04003CAE0400B9
:105140001CAE0400002310B50446C0E90033C0E9DA
:105150000433836081814366C281836119460822DA
:105160005C3003F061FA054B6362054BA362054BAB
:10517000E362054B2462236310BD00BF1588040061
:10518000378804006F88040093880400014903F005
:10519000A5B800BFCD5004000148FDF7E1BD00BF38
:1051A000900800200148FDF7F5BD00BF90080020E1
:1051B0000148FDF7D5BD00BFA40800200148FDF758
:1051C000E9BD00BFA408002010B50446FFF7F0FFBA
:1051D000A3691BB1BDE81040FFF7F0BFC4E912336B
:1051E0002365134B134A1B68A262A34204BF012329
:1051F000A361204600F020F86060204600F01CF813
:10520000A060204600F018F80022E06004216068E9
:10521000FFF798FFA06801220921FFF793FFE068DC
:1052200002221221FFF78EFF0123A361D2E700BF04
:10523000F0AD04008D510400F8B50746FFF7ACFF50
:105240001E4B1E68B36913B93046FFF7BDFF4836E1
:10525000D6E90134013B03D533680BB33668F7E771
:10526000B4F90C50D5B9164BE36004F158006566EB
:10527000FDF752FDFFF796FFC4E90155C4E9045557
:105280002560A5610822294604F15C0003F0CCF9F1
:10529000C4E90D55C4E912552046F8BD6834D9E774
:1052A0000421384603F004F8044630600028D5D1C4
:1052B000FFF778FF0C233B60EEE700BFF0AD040082
:1052C0000100FFFF2DE9F04F8BB08B460693AD4BED
:1052D00002901B68039318469046C8F782F8039B18
:1052E0000190034413F8013C0793DBF800309A1C4B
:1052F000174612F8010B3028FAD0FB1AA3F1020A64
:1053000003F05CF80446002839D1019A0399384625
:1053100003F0C3FA0546002865D1019BF85CFE182E
:1053200003F04CF8002860D03346187830281F4628
:1053300003F10103F9D003F041F8B0FA80F46409F5
:1053400035464FF0010A3A4616460132307803F0EE
:1053500035F80028F8D1019A0399304603F09DFAF8
:1053600080B94DB9019BF5182A46164601323078AE
:1053700003F024F80028F8D1AD1BAD0004E00024B0
:105380002546E0E7002DF7D1337803F0DF03502BFB
:1053900038D173782B2B2AD02D2B2CD0711C4FF0A9
:1053A0000009087803F00AF8431EDBB2182B29D84D
:1053B000A0F1100211F8010F03F000F8431EDBB258
:1053C000182B1BD9B9F1000F00D052421544CBF86D
:1053D0000010CCB1BAF1000F0CBF062600263046F3
:1053E0000BB0BDE8F08F3E4625460124CCE74FF0D8
:1053F0000009B11CD5E74FF00109FAE70A2303FBC6
:105400000200D5E73146E2E7F31B013B2146072BBB
:105410000ADC029800F0D2F9044640B95A4B024621
:10542000DE215A48FFF794F801315B10EFE7019B4A
:1054300000F114094FF0000BC3F10103CDF81090F7
:10544000DA460893B74238D3049E46F804ABA6EB7D
:105450000906B6102661504603F0EEF87601D8F83A
:105460000070361ABE4260DDF61B3146204603F05E
:10547000A2F9824678B1731E591103F01F0259F840
:1054800021104FF0010A0AFA02F20A4203D05345F2
:1054900042DC4FF0020A3146204602F03EFF35441E
:1054A000D8F80830AB424EDA0298214600F0C6F92F
:1054B000149A00231360A32691E7731E079A05939D
:1054C00016F8013C934217D0BBF1200F06D1049B84
:1054D00043F804AB4FF0000A0493D34616F8010CCE
:1054E00002F06CFF00F00F0000FA0BF0059B4AEA97
:1054F000000A0BF1040B0DE0059B089A1344BB4214
:10550000E2D31846019A0399099303F0C6F9099B5F
:105510000028D9D11E4695E7B11E204603F04BF96D
:105520000028B6D04FF0030AB5E709DABE1B2146C2
:105530000298324600F04EFBAD1B044600F1140900
:105540004FF0000AACE7D8F80430AB426FDD5D1BCA
:10555000AF4234DCD8F80C30022B28D0032B2AD0F1
:10556000012B1BD1AF4219D1012F11D1069AD8F8C6
:105570000430136001232361C9F80030149B6226B4
:105580001C602CE77CAE040048A6050059A6050067
:10559000791E204603F00FF90028E7D10298214632
:1055A00000F04CF9149A00231360502617E7159B5E
:1055B000002BF3D1DAE7159B002BD7D1EEE76E1E57
:1055C000BAF1000F30D126B13146204603F0F3F88E
:1055D00082467211012359F8222006F01F06B340BB
:1055E00013422946204618BF4AF0020A7F1B02F0E8
:1055F00094FED8F804500226BAF1000F47D0D8F82C
:105600000C30022B15D0032B17D0012B09D11AF027
:10561000020F06D0D9F800304AEA030A1AF0010F47
:105620000ED146F0100632E04FF0010AD1E7012614
:10563000E2E7159BC3F101031593159B002BF0D0F6
:10564000D4F810B004F114034FEA8B0A03EB8B017A
:105650004FF0000C184653F8042BB2F1FF3F1BD05B
:1056600001320260022E04F114033CD1D8F800206C
:10567000013ABA4209D17911012253F8213007F0D9
:105680001F0702FA07F71F423AD146F02006149B83
:105690001C60069B1D60A2E6994243F804CCD9D851
:1056A000A3689B4517DB61680298013100F086F81A
:1056B000814618B91A4B02468421B2E622690232A9
:1056C00004F10C0192000C3002F086FF2146029892
:1056D00000F0B4F84C4623695A1C04EB83032261A2
:1056E00001225A61BEE722695A450BDD012120469D
:1056F00002F013FED8F808300135AB42FFF6D4AE05
:105700000126C2E717F01F07FAD05344C7F120075C
:1057100053F8040C02F090FFB842E7DBF0E700BF5B
:1057200048A605008B89F7B59D0706460C4607D5A8
:1057300004F14703236023610123636103B0F0BDDB
:1057400001AB6A4602F010FF009F0546394630461D
:10575000FEF780FF48B9B4F90C309A05EED423F077
:10576000030343F00203A381E2E70D4BB362A38975
:10577000206043F08003A381019BC4E904075BB16F
:10578000B4F90E10304600F021FC28B1A38923F0B3
:10579000030343F00103A381A3891D43A581CDE742
:1057A0008D5104000148FDF7DBBA00BF7C080020E2
:1057B0000148FDF7EFBA00BF7C08002070B5466ACB
:1057C00004460D4676B91020FEF7F2FE02466062EE
:1057D00020B9184B18486621FEF7BAFEC0E90166E9
:1057E0000660C660666AF36883B1636ADB6853F873
:1057F0002500B8B9012101FA05F6721D9200204674
:1058000002F0FAFF60B1C0E901560EE02122042146
:10581000204602F0F1FF636AF060DB68002BE4D100
:10582000002070BD026843F825200023C0E903333F
:10583000F7E700BFD3A50500C3A6050070B5466A0B
:1058400005460C4676B91020FEF7B2FE02466862A5
:1058500020B9094B09488A21FEF77AFEC0E90166A2
:105860000660C6603CB16B6A6268DB6853F8221060
:10587000216043F8224070BDD3A50500C3A60500F2
:105880002DE9F0410D6907460C461E4601F1140C46
:105890000020DCF8003099B202FB01611E0C0B0CF9
:1058A00002FB063389B2013001EB034185424CF81B
:1058B000041B4FEA1346ECDC0EB3A368AB4219DCC1
:1058C000616838460131FFF779FF804628B9024602
:1058D0000C4B0D48B521FEF73BFE2269023204F164
:1058E0000C0192000C3002F077FE21463846FFF79B
:1058F000A5FF444604EB850301355E612561204622
:10590000BDE8F08148A60500C3A605002DE9F843CF
:105910000C4615461F4609220833064693FBF2F350
:10592000002101229A4209DB3046FFF747FF40B9C8
:105930000246194B1948CE21FEF70AFE52000131EA
:10594000F0E7089B4361092D4FF00103036116DD69
:1059500004F10909C8462C4418F8013B0146303BC4
:105960000A223046FFF78CFFA045F5D1A5F10804C7
:105970004C442D1B6319BB4204DBBDE8F8830A3499
:105980000925F6E714F8013B0146303B0A22304670
:10599000FFF776FFEEE700BF48A60500C3A60500A7
:1059A00010B50C460121FFF709FF024628B9054B47
:1059B00005484FF4A071FEF7CBFD0123446103615C
:1059C00010BD00BF48A60500C3A605002DE9F04F95
:1059D00014460A6923699A42A8BF23460F46A4BF0A
:1059E0000C461F46D4F810A0D7F81090A368616841
:1059F0000AEB0906B34285B0B8BF0131FFF7DEFEFE
:105A000030B90246444B454840F25D11FEF7A0FD17
:105A100000F1140505EB86082B460022434521D3EF
:105A200007F1140104F1140202EB8A0201EB89036D
:105A30000293131B153B23F00303043304F11507F2
:105A4000BA4238BF04230193029B03918B420CD8C6
:105A5000002E03DD58F8043D002B5BD0066105B035
:105A6000BDE8F08F43F8042BD8E7B1F800A0BAF1F5
:105A7000000F24D004F1140EA9464FF0000C5EF87C
:105A8000047BD9F800301FFA87FB9BB20AFB0B336B
:105A90004FEA174BD9F8007063444FEA174C0AFBE2
:105AA0000BC707EB13479BB243EA0743724549F81C
:105AB000043B4FEA174CE2D8019B45F803C0039B17
:105AC000B3F802900431B9F1000F21D02B6804F132
:105AD000140CAE464FF0000ABCF800B0BEF80270DD
:105AE00009FB0B7757449BB243EA07434EF8043B4C
:105AF0005CF8043B4FEA134ABEF8003009FB0A3356
:105B000003EB174362454FEA134AE5D8019FEB5177
:105B1000043599E7013E9BE748A60500C3A60500AA
:105B20002DE9F843154612F0030207460E4607D04A
:105B3000254C013A002354F82220FFF7A1FE064627
:105B4000AD103DD07C6A7CB91020FEF731FD0246D5
:105B5000786228B91D4B1E484FF4D771FEF7F8FC48
:105B6000C0E901440460C460D7F82480D8F8084034
:105B70004CB940F271213846FFF712FF0023C8F8F4
:105B80000800044603604FF00009EB070AD53146D0
:105B900022463846FFF71AFF314680463846FFF75F
:105BA0004DFE46466D100BD0206838B9224621467E
:105BB0003846FFF70BFF2060C0F800900446E4E78A
:105BC0003046BDE8F88300BF88AE0400D3A50500C9
:105BD000C3A605002DE9F0470C464968236903EB8D
:105BE0006218A368074691464FEA621A08F1010657
:105BF000B3420BDB3846FFF7E1FD054648B90246E4
:105C0000284B294840F2D911FEF7A2FC01315B0074
:105C1000EEE7002300F1140100F11002184653458D
:105C200033DB20692AEAEA7A04F1140319F01F0928
:105C300001EB8A0103EB800C2BD0C9F1200E8A46C0
:105C40000022186800FA09F010434AF8040B53F8D0
:105C5000042B9C4522FA0EF2F3D8ACEB0403153B5F
:105C600023F00303043304F11500844538BF0423F3
:105C7000CA500AB108F10206013E38462E6121469B
:105C8000FFF7DCFD2846BDE8F08742F8040F01333A
:105C9000C5E7043953F8042B41F8042F9C45F9D883
:105CA000EAE700BF48A60500C3A605002DE9F74FA7
:105CB0008946064611464846144602F00CFD051E6C
:105CC00012D129463046FFF779FD024628B93F4BED
:105CD00040F232213E48FEF73BFC0123C0E9043587
:105CE000104603B0BDE8F08FBCBF4B46A14630461E
:105CF000D9F80410BABF1C4601250025FFF75EFD48
:105D0000024618B9314B4FF41071E3E7D9F810701F
:105D10002669C56009F1100309F1140504F1140E98
:105D200000F1140B05EB87080EEB86060193D946AC
:105D30004FF0000C019B5EF8040B53F804AF019385
:105D40001FFA8AF3194683B2CB1A000C6344C0EBE6
:105D50001A4000EB23409BB243EA0043764549F8E2
:105D6000043B4FEA204CE5D8331B153B23F00303DB
:105D700015340433A64238BF04231D445B441E4639
:105D80002C4644450ED308F10301491B21F00301C1
:105D9000033DA84538BF00210B4453F8041D91B1C1
:105DA00017619DE754F8041BE646080C1CFA81FCB9
:105DB000714400EB2C4089B241EA004146F8041BD3
:105DC0004FEA204CDDE7013FE7E700BF48A60500AA
:105DD000C3A6050082B08DED000B019A0F4B134056
:105DE000A3F15073002B08DC5B42B3F1A07F4FEAB4
:105DF000235204DA4FF400231341002208E0A2F1F9
:105E000014031E2BDABF4FF00042DA4001220023B8
:105E10001946104641EC100B02B070470000F07FAD
:105E20002DE9F041066900F1140808EB8606371FDA
:105E300056F8042C104602F0FFFBC0F120030A289C
:105E40000B601B4915DCC0F10B0C22FA0CF3B845B2
:105E500043EA010534BF56F8083C0023153002FA26
:105E600000F023FA0CF303431C4645EC104BBDE84D
:105E7000F081B8453ABF56F8083CA6F10807002360
:105E80000B3812D0C0F1200123FA01F482402243E2
:105E9000474542F07F558CBF57F8042C00228340C1
:105EA000CA4045F440151343DEE742EA0105DBE74B
:105EB0000000F03F2DE9F7430F46012159EC108B0C
:105EC0001646FFF77BFC044630B90246234B2448B4
:105ED00040F20A31FEF73CFBC9F30A55C9F313033C
:105EE0000DB143F480130193B8F1000323D0684649
:105EF000009302F0C3FBDDE90012D0B1C0F1200332
:105F000002FA03F30B43C24063610192019BA36158
:105F1000002B0CBF012202222261A5B1A5F233455C
:105F200005443D60C0F135003060204603B0BDE857
:105F3000F0836161EAE701A802F0A0FB019B6361C5
:105F400020300122E8E704EB8203A0F232403860FF
:105F5000186902F071FBC0EB4210E5E748A60500A6
:105F6000C3A6050038B5074D044608461146002271
:105F70002A601A4602F007F8431C02D12B6803B1CD
:105F8000236038BD5075002038B5064D0023044607
:105F900008462B6001F0FBFF431C02D12B6803B1C4
:105FA000236038BD5075002038B5074D00230446E6
:105FB000084611462B6001F0F4FF431C02D12B6808
:105FC00003B1236038BD00BF5075002038B5064DC1
:105FD0000023044608462B6001F0DEFF431C02D17B
:105FE0002B6803B1236038BD5075002038B5074DCC
:105FF00004460846114600222A601A4601F0CAFFEC
:10600000431C02D12B6803B1236038BD50750020BA
:1060100038B5074D04460846114600222A601A4644
:1060200001F0ADFF431C02D12B6803B1236038BDE2
:106030005075002010B51C460AB9002010BDD2F7DB
:1060400019FD0028F9D0DDE90223C4E90023F5E7B2
:106050000420E1F797BFD3F7FDBB0346BFF35B8F87
:1060600053E8000F421C43E800210029F8D1BFF398
:106070005B8F7047BFF35B8F0068BFF35B8F704728
:106080000346BFF35B8F53E8000F43E80012002A7A
:10609000F9D1BFF35B8F704738B5002120EAE07477
:1060A0004FF4004540F2E7304FF47A720023C4FB0E
:1060B0000501C6F797FFBDE83840FCF753BAF8F77B
:1060C000C7BB08B5FFF7FBFF4FF47A72A0FB0203D2
:1060D00002FB0131C00B40EA4140C90B08BD10B5BD
:1060E0004268046883688B600C604A6010BD08B524
:1060F000FFF7E7FF08BD08B5D4F756F80A20FFF709
:10610000CBFFBDE80840FAF75DB8FBF707BFFBF728
:106110000DBB90ED010A90ED007AD0ED027A20EEF1
:10612000000A07EE070A07EEA70A70471FB50246E6
:10613000084601A9D7F7CEFAB8B1D2ED007A9DEDA5
:10614000017A77EE877A9DED027AC2ED007AD2ED80
:10615000017A77EE877A9DED037AC2ED017AD2ED6E
:10616000027A77EE877AC2ED027A05B05DF804FB19
:106170000120E0F7A7BE1FB5037E8BB9CDE901333F
:10618000039301AB01F10C00F1EC017AB3EC017A5D
:1061900077EEC77A8142E2EC017AF5D104B010BD06
:1061A00001AB00F10C04B6EE007AF0EC017AD0ED10
:1061B000026A77EEA67AA04267EE877AE3EC017A6C
:1061C000F3D1DEE730B585B0D7F75CFAF6EE007AAA
:1061D000B4EEE70AF1EE10FA0D46144606DA21464F
:1061E000284605B0BDE83040D7F774BA01AAFFF7DA
:1061F000C2FF214601A8D7F76DFA0028EFD005B0FD
:1062000030BDD4F7FBB8D4F707B930B5027E0446E9
:106210000B465AB907C984E8070093E8070004F160
:106220000C05012385E80700237630BD01F10C023F
:10623000F3EC017AB4EC017AF4EEC77AF1EE10FADD
:1062400048BF44ED017A53ED017A94ED027AF4EE01
:10625000C77AF1EE10FAC8BFC4ED027A9342E7D1D3
:10626000E3E738B5D7F70EFAF6EE007AB4EEE70AB0
:10627000F1EE10FA144603DBBDE83840FFF77BBFB0
:1062800007C984E8070038BDFBF75CB90120DAF7DD
:10629000C1BB0220DAF7BEBB704708B54FF0FF3133
:1062A0000320FCF783FA002008BD30B40C460146F9
:1062B000134651F8040B826815682246AC4630BC80
:1062C00060478368DB690BB1012218476FF0570004
:1062D0007047DBF7A5BFDBF7A9BFDBF7B1BF4FF016
:1062E000FF30704770474FF0FF3070470020704715
:1062F0004FF0FF3070477047704700207047002014
:1063000070474FF0FF3070474FF0FF3070474FF04D
:10631000FF30704770474FF0FF30704770470020E4
:10632000704770474FF08043D3F81824D3F81834DF
:1063300003F003030360C2F300407047704730B5B9
:1063400089B0054620220C466846002102F06CF90F
:106350002022694605F10900E6F778FEBDF8002025
:1063600042B1DDE902010023C6F73CFEC4E90001A9
:1063700009B030BD00200146FAE730B589B00546C6
:1063800020220C466846002102F04EF92022694680
:1063900005F10900E6F75AFEBDF800302BB1DDE942
:1063A0000401C4E9000109B030BD00200021FAE772
:1063B00030B589B0054620220C466846002102F01F
:1063C00033F92022694605F10900E6F73FFEBDF8E2
:1063D00000302BB1DDE90601C4E9000109B030BD90
:1063E00000200021FAE740B1C368587810F001009E
:1063F0001EBF1878B0FA80F04009704710B5044607
:106400000868FFF7F0FF20B12046BDE81040E1F733
:106410002DB910BD10B50246014400208A4200D1BA
:1064200010BD12F8013B0824584010F0800F4FEACD
:10643000400318BF83F00703013CD8B2F5D1EDE764
:106440000068704710B484682468A4465DF8044B63
:10645000604710B484686468A4465DF8044B6047E4
:106460002DE9F04104460D4616468768FB689847BB
:10647000BB682BB1324629462046BDE8F04118479B
:106480006FF05700BDE8F08108B58368DB68984776
:10649000006808BD07B50023009301221946F7F7ED
:1064A00099FC03B05DF804FB43090AD0012B0BD122
:1064B0004FF6FF7300F01F0023FA00F000F0010018
:1064C00070474FF0FF33F5E7002070470320E1F7F6
:1064D00059BD2DE9F341019001A8DDE908580C46AA
:1064E00017461E46E2F7F0F9019B391E18BF01213D
:1064F00000EB8300231E18BF0123002E43EA410353
:1065000014BF0C210021002D43EA010314BF4FF4F6
:10651000E0610021B8F1000F43EA0103D0F8002741
:1065200014BF4FF4403100210B4322EA030304B1AE
:1065300024780FB13F787F001C430EB13678B60047
:106540003C438DB1297809023443B8F1000F03D0E0
:1065500098F800804FEA0848214341EA0801C0F852
:10656000001702B0BDE8F0812946EDE71FB50DF137
:106570000F03019300238DF80F1000931A4619465C
:10658000FFF7A7FF05B05DF804FB0120E2F7EAB9C9
:1065900013B58DF80400C0F303208DF80500022226
:1065A00001A96020F7F776FB04220446652100204C
:1065B000DEF7E6FD044301D0E3F776FB332002B0BB
:1065C00010BD13B58DF80400C0F303208DF805004D
:1065D000022201A96020F7F75DFB04220446652131
:1065E0000020DEF7CDFD044301D0E3F7B5FB3320F7
:1065F00002B010BD13B50222ADF8040001A91E209F
:10660000F7F748FB0222044616210020DEF7B8FD0A
:10661000044301D0E3F7F8FB332002B010BD13B5FB
:1066200000238DF807304FF47A740DF1070118201C
:1066300001F056FC013C03D09DF80730DB07F4D491
:10664000B4FA84F04009404202B010BD10B50446CF
:10665000E4F754FF4CB1182230210020DEF790FD02
:1066600008B1E3F7EDFB002010BD224630212046A3
:10667000F4E737B540BA0D46ADF8040001A902228F
:106680007C20F7F707FB04460520E5F74DFA2A467C
:106690007E210020DEF75EFD04430520E5F744FA85
:1066A000204603B030BD13B540BAADF804008DF8F4
:1066B0000610032201A97C20F7F7ECFA0446052016
:1066C000E5F732FA204602B010BD91ED016AD0ED37
:1066D000017AD0ED006A91ED007A67EE867A56EE87
:1066E000877AD0ED026A91ED027A46EEC77AD0ED54
:1066F000036A91ED037A46EEC77AC2ED007A91ED16
:10670000016AD0ED007AD0ED016A91ED007A67EE72
:10671000867A46EE877AD0ED036A91ED027A46EEEC
:10672000C77AD0ED026A91ED037A46EE877AC2ED20
:10673000017A91ED016AD0ED037AD0ED026A91ED14
:10674000007A67EE867A46EE877AD0ED006A91EDA0
:10675000027A46EE877AD0ED016A91ED037A46EE31
:10676000C77AC2ED027AD0ED027A91ED016AD0EDDE
:10677000036A91ED007A67EE867A56EE877AD0ED5D
:10678000016A91ED027A46EE877AD0ED006A91EDCA
:10679000037A46EE877AC2ED037A704700B52DED95
:1067A000028B83B001AB0422B0EE408AF1F75CFFAC
:1067B000DDED017AB0EEE70AF7EE007AB4EEE70A13
:1067C000F1EE10FA0FDCFCF7B9FC30EE000AB4EE83
:1067D000C80AF1EE10FA4CBF0120002003B0BDEC56
:1067E000028B5DF804FB0120F8E730B585B0054663
:1067F0000C4601AAF7F7CEFA2B4601A904F10C00CA
:106800000322F1F731FF2B1D01A904F11800032227
:10681000F1F72AFF05F10803032201A904F124007E
:10682000F1F722FF05B030BD837842781B0443EABC
:106830000223027843EA020080F40000A0F5000081
:106840007047704707B5022301AA20210020DEF718
:106850006BFC20B1E8F7C8FF03B05DF804FBBDF99D
:10686000043000EE103ABAEECC0AF3EE097A30EEBC
:10687000270AF1E707B5022301AA6E210120DEF7FE
:1068800053FC20B1E9F7ECF803B05DF804FBBDF967
:10689000043000EE103ABAEEEE0AF3EE097A30EE6A
:1068A000270AF1E707B5022301AA2E210120DEF70E
:1068B0003BFC20B1E9F72CF903B05DF804FBBDF90E
:1068C000043000EE103ABAEEEE0AF3EE097A30EE3A
:1068D000270AF1E7F7B50C460646FFF7F2FB251845
:1068E00041EBE474002701220DF1070107208DF828
:1068F0000770EBF7CDFA50B99DF80730D90611D4DF
:10690000DA0706D4B6EB531F18BF6FF0040003B0CC
:10691000F0BDFFF7D6FBA842A14106DA0120FFF740
:10692000BBFBE0E76FF00400F1E76FF07300EEE708
:1069300010B50246044606210120DEF721FC48B9C5
:10694000012C204608BF2821BDE8104018BF1421A3
:10695000FFF7C0BF10BD08B5202260210120DEF77F
:106960000FFC18B9BDE80840EEF70EB808BD10B529
:106970002DED028B0446B0EE408AEEF797F840B951
:10698000B0EE480ABDEC028B2046BDE81040EAF7A5
:1069900023BABDEC028B10BD10B52DED028B044661
:1069A000B0EE408AEEF778F940B9B0EE480ABDEC97
:1069B000028B2046BDE81040EAF750BBBDEC028BCD
:1069C00010BD30B50C688B6814B14A689A4202DC7D
:1069D00001338B6030BD013A9A4214BF0546002551
:1069E000E5548B68F4E7D0E9002130B54FF033333C
:1069F000A2FB0324D51843EB0405A1FB0313521893
:106A000044EB0304521944F10002891843F10003D6
:106A1000C0E9001330BD10B50A68002A03460FDD37
:106A2000013A0A601A6844680A20A2FB001200FBBF
:106A30000422100F22F07042C3E90012303010BD62
:106A40003020FCE72DE9F0410746884615461E46F2
:106A50001446B44205D30EB1601B08E02378002B26
:106A6000FAD014F8010B4146B8470028F1DABDE826
:106A7000F081838B13F0070305D10368002B0CBF53
:106A8000002003207047022B05D1C08BB0FA80F0A4
:106A9000400980007047012B05D10368002B0CBF13
:106AA0000020052070470020704703785B075FBF18
:106AB00003684288C3F34A2303EB12105DBF17300B
:106AC00020F0070080080020704700207047F8B5CC
:106AD00006460D4614461F4604B9F8BD2146284611
:106AE0003A46B047241A0544F6E710B54268816873
:106AF0000446D2E900230068FFF7E9FF636800223B
:106B00001A6010BD43681B685B68002019617047FC
:106B100070B515460C4669B1D2E901369B1B994206
:106B20000AD813680A460146981901F055FDAB686A
:106B30002344AB60204670BD6FF01B00FBE700F004
:106B40006FBE70B50D4604464618B44201D12846C2
:106B500070BD14F8010BF6F7F1FBF6E7D0ED017A02
:106B600091ED015A90ED004A91ED006AD0ED025A84
:106B7000D1ED023AD0ED036AD1ED034A27EE857AD2
:106B800014EE067A05EEE37A06EEE47A82ED007AF8
:106B900026EE277A04EE057A05EEA47A03EEE67A6D
:106BA00082ED017A27EEA47A67EEA37A14EE237AB7
:106BB00044EE247A06EE257A45EE657A05EE267ACD
:106BC00046EE267A82ED027AC2ED037A7047D0ED66
:106BD000027AD0ED035AD0ED016AD0ED001AD1ED62
:106BE000012A91ED002A91ED023A77EEA74A35EE9F
:106BF000A57A64EEA74AB7EE006A2DED048B67EE26
:106C0000A63A65EEA18A27EE257AB0EE465A36EE10
:106C1000646A25EEA64A27EEA10A72EEA20A67EE82
:106C2000A57A76EE475A33EEE86A33EE038A26EE0B
:106C3000206A05EE826A36EEA69A70EE045A09EED4
:106C4000665A05EE886A66EEA16A35EE477A82EDED
:106C5000006A37EEE66A77EEA67A32EE021A73EE33
:106C6000A83A34EE404A27EE227A67EEA07A03EE85
:106C7000817A44EE017A35EE645A06EE087ABDEC6C
:106C8000048B45EE037A82ED017AC2ED027A7047F9
:106C9000D0ED015AD1ED036AD1ED000A91ED061A4B
:106CA00091ED047AD1ED057A91ED023AD1ED011A18
:106CB00091ED072A91ED084A90ED046A90ED050ADE
:106CC000D0ED063AD0ED072AD0ED084A2DED048B21
:106CD00090ED009AD0ED028A90ED038A25EEA65A37
:106CE00009EE205A08EE815A82ED005A25EE875AA5
:106CF00065EEA75A49EE035A48EE845A09EE215A26
:106D0000C2ED025A66EE865A40EE885A41EE005AAB
:106D100066EEA26AC2ED035A67EE065A27EE866A4D
:106D200027EE227A67EEA27A41EE885A03EE086ACD
:106D300040EEA36A01EEA37A43EE237A08EE825A6C
:106D4000BDEC048B42EE005A04EE006A41EE246A68
:106D500002EE247A44EE247A82ED015AC2ED045AFE
:106D600082ED056AC2ED066A82ED077AC2ED087A05
:106D7000704700EBC10040884008704710B500EB39
:106D8000C104E388994202F104010AD1012303FA04
:106D900002F2C36823EA0203C360002340F82130F3
:106DA00010BDA28840F8213000EBC20100EBC30007
:106DB000CB808280F4E708B50346FFF7DAFFB0FA2C
:106DC00080F2C2F11F021846BDE80840FFF7D6BFA7
:106DD000F8B50346FFF7CDFFB0FA80F0C0F11F0011
:106DE00003EB800CCA00DCF81060171D0C4606325D
:106DF0008DB256B9012101FA00F0D9680143D9607A
:106E0000CCF81040DD539D52F8BDF1000431585AC2
:106E1000D85303EBC0009E52C5805D52F4E738B5ED
:106E20000346FFF7A6FF0D46044611461846FFF736
:106E3000A0FF03EBC5050444600068801846FFF717
:106E400098FF014423F8314038BD70B50025024653
:106E50002846144614F8013B0BB9184609E098B1CE
:106E60008D4207D1702B04D0A3F140023A2A0BD8EF
:106E7000002070BDA3F140063A2E05D853780135A5
:106E8000941C002BE9D00020252B08BF80F00100C6
:106E90002246DEE70FB407B504A951F8040B0191AF
:106EA000F9F71AFE03B05DF804EB04B07047002355
:106EB00083F31188BFF36F8F0423184602DF7047F6
:106EC0000FB407B504A951F8040B0191F9F704FEBA
:106ED00003B05DF804EB04B07047044608B50846FB
:106EE00011461A46A047EEF767FADFF709FE10B51C
:106EF000044650182269636AD20702D5013B184044
:106F000010BD984228BFC01AFAE710B504460A46D9
:106F1000C168FFF7ECFF2369E06023F008032361F9
:106F200010BD704780EA1020C0EBC01300EB830354
:106F3000C3EB0313A0EB830083B2C0F3C810584027
:106F400000EB8013C0EB031303EBC30300EB430020
:106F5000C0EB800080EA502000F07F0070470346BD
:106F6000BFF35B8F53E8000F421E43E80021002966
:106F7000F8D1BFF35B8F704710B50346BFF35B8F4B
:106F800053E8000F40EA010243E80024002CF7D147
:106F9000BFF35B8F10BD10B50346BFF35B8F53E8A3
:106FA000000F00EA010243E80024002CF7D1BFF3F0
:106FB0005B8F10BD70B5C56904460E460DB1032345
:106FC0002B71E3690BB1DB6873B903212046B0472D
:106FD000002802DA10F1860F0BD1012155B92046A5
:106FE0003346BDE870401847DB691B79002BECD0B5
:106FF000002070BD29712046B04700232B71F8E7AF
:10700000002930B40BDB84688C4208D9641AA3428F
:1070100005D84468C068214430BCFFF713BA6FF04C
:10702000150030BC704708B5C0688368DB689847B6
:10703000407908BD08B5FBF77BFDBDE80840EFF7D8
:10704000D1BD61B662B680F31188BFF36F8F704710
:1070500072B6002383F31188BFF36F8FBFF34F8F96
:1070600030BF62B6BFF36F8F7047202809D9B0F1E7
:10707000004F08D80138B0FA80F0C0F11F0040007E
:107080007047082070473E20704707B5019001A85F
:10709000E1F71AFC019A01239340C0F8083503B0C8
:1070A0005DF804FB07B5019001A8E1F70DFC019A1A
:1070B00001239340C0F80C3503B05DF804FB07B51D
:1070C00005230122114600931A200023F6F782FEC1
:1070D0001A20FFF7DAFF012207230093114600234D
:1070E0001420F6F777FE1420FFF7DCFF002003B032
:1070F0005DF804FB10B5014604460722FF20F0F7B7
:107100006BF8E07110BD1FB5012001A9EFF7AEFCCF
:1071100018B1002005B05DF804FB019802A9F1F751
:1071200043FA0028F5D19DF80830032B05D09DF8CF
:107130000B00431E58425841ECE70120EAE70A28B9
:1071400038B504460D4602D10D20F0F777F82946F0
:107150002046F0F773F8002038BD08B501460068F6
:10716000F0F786FA08B500210120F0F781FA002037
:107170007047F8B5069F0469C9B2EFF31186402540
:1071800085F31288BFF36F8F0C2569430C44A56CFF
:1071900005F0070CBCF1010F0BD1A76486F3118831
:1071A000BFF36F8FC4E9102343685B5898470020F2
:1071B000F8BD05F0C005AF4286F31188BFF36F8FAD
:1071C0000CBF6FF077004FF0FF30F1E713B580246C
:1071D0000094FFF7CEFF02B010BD0069CBB200EB08
:1071E0004310002110474FF0805200281369526964
:1071F00008DB5343984205D21B1A99428CBF0020EA
:1072000001207047002070474FF080520020136922
:1072100052695343C1E90030704743685B68D3F853
:1072200010350B600020704743685B6802EA01007C
:1072300021EA0201C3F80805C3F80C1500207047C5
:1072400043685B680020C3F80815704743685B68B3
:107250000020C3F80C15704743685A68D2F804350B
:1072600021EA03000B40C2F80805C2F80C350020E3
:10727000704700207047704743685B6B0020C2E98D
:107280000030704703690020C3E90200C3E90033FE
:10729000704743685868704703690020C3E90200DB
:1072A000C3E90033704743685868704710B44368B7
:1072B00002691B68D3F80413C90517D5D3F8201148
:1072C000A1B1EFF31181402484F31288BFF36F8FD3
:1072D000D3F8204134B10024C3F82041D3F8204131
:1072E0000124DC6081F31188BFF36F8F1168D3F83C
:1072F000584171B184B100244C611168C97B19B93E
:107300004FF48001C3F8081311688C7B24B100236B
:107310008B735DF8044B7047D3F8241121B1002121
:10732000C3F82411D3F8243112681368002BF0D06D
:1073300051685DF8044B184743681B68D3F8800414
:10734000C3F88004704742681368D3F8580140B905
:107350005268D20706D4D3F82001003818BF0120A4
:10736000704701207047C36910B500240BB11C7928
:107370007CB943681B68C3F84415C3F84825C3F8B3
:107380002041D3F82021C3F85841D3F858210122D5
:107390009A6010BD42681368D3F8100150B1D269E9
:1073A000002012780A70C3F81001D3F810210122CE
:1073B0001A6070474FF0FF307047002A0FDD4268B7
:1073C0001368D3F8100158B10020C3F81001D26936
:1073D000D3F8100112780A7001201860704700205D
:1073E000704710B543681C680369EFF311804022B1
:1073F00082F31288BFF36F8F1A68D17B39B991730A
:107400001B680122DA734FF48003C4F8043380F35D
:107410001188BFF36F8F10BD03691A68D17B21B14A
:10742000012191731B680022DA73704702691168A9
:107430000346C87B40B15B681B68D3F8580118B19C
:1074400000234B6113689889704743681B68D3F821
:107450001001003818BF0120704743681B68D3F83B
:107460000423D2065CBF1022C3F80423704743688C
:107470001B68D3F80423D20644BF1022C3F80823A4
:10748000704743681B684FF40072C3F804237047C9
:1074900043681B684FF40072C3F80823704738B57F
:1074A00043681D68D5F804335B02044605D4D5F85B
:1074B000040310F0100006D138BDFFF7B7FF002815
:1074C000F5D00120F8E72046FFF7BFFF003818BFCE
:1074D0000120F1E7012070470369186801601B680B
:1074E0005A6070474FF0FF307047036893FAA3F378
:1074F00018061A0A40EA136002F47F421B02104386
:1075000003F47F031843704703460020184710B563
:107510000368CB40DB0714D401238B400268BFF320
:107520005B8F43EA020150E8004F944204D140E8E7
:10753000001CBCF1000FF6D1BFF35B8FEED1002031
:1075400010BD6FF01500FBE710B504460846F0F7D4
:1075500063FC04EB4004A08AC0F3401010BD10B5DA
:1075600004460846F0F758FC04EB4004A08A10F0EB
:107570001C0018BF012010BD10B504460846F0F7E6
:107580004BFC04EB4004A08AC0F3400010BD70B572
:10759000044608461646F0F73FFC08300D4634F81E
:1075A0001030DA0509D5C3F3432304EBC302314697
:1075B00054F83330526828469847A3682BB1E268E4
:1075C00031462846BDE87040184770BD03212F2082
:1075D000EFF78ABB0A2810B5044602D10D20F5F753
:1075E000ADFEE0B2F5F7AAFE204610BD38B50C4658
:1075F000204619461546FFF7F6FD20B92046BDE89E
:107600003840F0F745BC21B10A462846214600F033
:10761000E3FF002038BDF8B5066933689C89BFF3E5
:107620005B8F9442A8BF144605461433012253E8E9
:10763000000F002803D143E80027002FF7D1BFF344
:107640005B8F0CBF134600231ED133682246986817
:1076500000F0C2FFEFF31187402383F31288BFF3DA
:107660006F8F2846FFF76FFE336838B958610446BC
:1076700087F31188BFF36F8F2046F8BD99682246C3
:107680002846FFF770FEF3E71C46F5E700694FF068
:10769000FF324FF0FF3300F06ABC08B5C5F758FE63
:1076A000002008BD38B50C46012311462246054688
:1076B000FFF7A6FC00280EDB2846FFF7B4FC237872
:1076C000834206D0012B14BF022301232370002024
:1076D00038BD0323FAE70120FAE707B581681839B6
:1076E000012301AA21F007018DF80430F9F748FAC7
:1076F00003B05DF804FB08B543681868FEF773FE35
:1077000000280CBF6FF01200002008BD38B50446F9
:107710000D46FFF719FFC8B12046FFF72DFFA8B9A6
:107720000846F0F779FB04EB40002168828A0123C8
:10773000520B9340C1F80833236803EB8203D3F85C
:10774000102522F00302C3F8102538BD2846002179
:10775000BDE83840FEF70ABF38B545680446FFF774
:1077600095FF6A682868002100F05EFF2069FEF737
:107770008BFD002038BDFFF7EFBF2DE9F041D0F8B9
:1077800004801F4604460E461546FFF77FFFD8F8D3
:1077900000103A463144284600F01EFF2069FEF7EB
:1077A00073FD0020BDE8F081FFF7E7BF2DE9F04150
:1077B000D0F804801F4604460D461646FFF766FFC4
:1077C000D8F800003A463146284400F005FF206909
:1077D000FEF75AFD0020BDE8F081FFF7E7BF10B5C6
:1077E000A2F58074A4080123A3400B421EBF00230E
:1077F0008350835810BD70B5A2F58074A40801268B
:1078000006FA04F4054614EA010008D0A85830B17D
:107810000021A950AA581A6822431A60304670BD48
:1078200008B5F0F797FC08BD0021FEF729BC042835
:1078300006D8DFE800F0070305070300A020704723
:10784000002070474FF49670704710B502461168DB
:10785000B1B1BFF35B8FB1FA81F3C3F11F00012314
:10786000834021EA030352E8004F8C4204D142E8EE
:10787000003CBCF1000FF6D1BFF35B8FE7D110BD28
:107880006FF00B00FBE737B5002304460D4601936C
:107890004FF4887201ABFFF7AEFF29464FF48A72AE
:1078A0002046FFF7A8FF29464FF48E722046FFF7C7
:1078B000A2FF29464FF482722046FFF79CFF29461B
:1078C0004FF484722046FFF796FF29464FF48672E4
:1078D0002046FFF790FF4FF48C7229462046FFF7B1
:1078E0008AFF019803B030BD8022F1F71DB92DE960
:1078F000F047002504468846D7B22E464FF00109CE
:10790000AA46BD420CD1D4F87C3133B10023C4F86F
:107910007C31D4F87C3146F000463046BDE8F08733
:107920002846F1F7FDFDA0F580739B0809FA03F3E3
:1079300018EA030F05D022581AB144F800A02258C3
:107940001E430135EDB2DCE71046FEF7E0BB38B56B
:107950004FF080440223C4F808330123E36000237E
:10796000C4F80431D4F8043142F21075D4F8183454
:10797000DB0304D50120E4F7D7F8013DF6D138BD8B
:1079800010B40029036909DC1C68944201D11C79F8
:107990004CB91A605DF8044BF3F7DEB86FF01500D0
:1079A0005DF8044B70476FF07700F9E710B50446B7
:1079B0000068D0B1037DC3B149B101210830D6F7C9
:1079C000E3FD2368BDE810401869E4F7ADB812B9CB
:1079D0008388DB0409D40069E4F7A6F82068002155
:1079E000BDE810400830D6F7CFBD10BD10B501225C
:1079F00000210446FFF7DAFFA36933B9636004F19D
:107A00001000BDE81040FEF782BB10BD10B5006944
:107A1000C36A8B420AD1826A93420AD190F88440A9
:107A200054B92830FFF7E2FF204610BD6FF0770011
:107A3000FBE76FF01500F8E76FF00F00F5E738B5DA
:107A400005690446A96505F14800FEF760FB0022C0
:107A500085F8842020691146BDE838402830FFF7BA
:107A6000A5BF012970B50C4606D14368586B0021AB
:107A7000F3F7D8FF002070BD61B90569466895F835
:107A8000853023B12846F7F7DFFA85F88540706B1B
:107A90000121EDE76FF08500EDE701292DE9F843BD
:107AA00005460E461FD1476805693C68F868002105
:107AB000F3F7B8FF0823C4F800353B7A83B9FA69B5
:107AC000C4F83425C4F83865C4F81031D4F810313E
:107AD00026602B6823B11B7C13B11023C4F8043338
:107AE0000020BDE8F883002963D1D0F80480D8F8DD
:107AF0000040D4F84C3123B30269116851B1D4F875
:107B00000433C3F300130B7413681B7C13B11023ED
:107B1000C4F8083301236360D4F84431002BFBD050
:107B20000023C4F84C31D4F84C21C4F84431D4F8C3
:107B30004421C4F81031D4F81021C4F82431D4F809
:107B400024316A68D2E9006313F0010917D14FF4B8
:107B50008073C6F808334FF47A772846FFF7F3FBB3
:107B600020B90120E3F7E0FF013FF6D1D6F8583104
:107B70002BB9C6F82031D6F820310123F3604FF439
:107B80007A75D6F8583123B90120E3F7CDFF013DCE
:107B9000F7D1B9F1000F03D14FF48073C6F8043365
:107BA000D8F80C000121F3F73DFF0023C4F800359D
:107BB00096E76FF0850094E70129F7B5044633D1C5
:107BC00043680669186B0021F3F72CFF00273D4638
:107BD000336805F5AC7253F82230002B0EDB01A898
:107BE0000193E0F771FE019AD0F80435D34013F009
:107BF00001031CBF0123AB403B43DFB20135042D21
:107C0000E6D1002301206268116A00FA03F23A42C9
:107C10000CBF01220022D20321F813200133042BD0
:107C2000F1D1002003B0F0BD91B904694568204648
:107C3000F6F770FF2046F2F765F90028FAD0002326
:107C4000A361A383A377286B0121F3F7EBFEE8E799
:107C50006FF08500E6E710B5032104461C20EFF71E
:107C600043F82046BDE81040F4F7D2B810B5032120
:107C700004462120EFF738F82046BDE81040F4F71D
:107C8000C7B8431C01D0FEF705BC70472DE9F3418E
:107C9000002304460D460193904601AB4FF4A672B3
:107CA000FFF7A9FD01AB4FF4827229462046FFF78A
:107CB000A2FD01AB07464FF48C7229462046FFF720
:107CC0009AFD064630B1B8F1000F1DD017B1D4F8B7
:107CD0003C353E4601AB4FF4887229462046FFF7FB
:107CE0008AFD30B1B8F1000F03D016B90FB1D4F846
:107CF0003C3501AB4FF4907229462046FFF77BFDDF
:107D0000019802B0BDE8F0814646E3E7D0E90032D1
:107D100013605A600023C0E9003370470346002017
:107D2000C3E90200C3E90033704710B50B6813B90B
:107D30001360184605E003685C681CB114600368B2
:107D4000186810BD083303600B68013B0B60EDE75A
:107D5000F7B51446002382682360A36053690D467B
:107D600001AA69469847019B5A1E01921BB96FF000
:107D7000150003B0F0BD009AA168566820686660DF
:107D80007DB94B421768BB4228BF3B46194403FBF1
:107D900006002060A16011688B4206D30832009271
:107DA000E1E72B1AB3FBF6F3ECE70020E1E7002351
:107DB00083F31188BFF36F8F0423184602DF7047E7
:107DC00070B54B7F04460D467BB1012343616426A9
:107DD000002202212046FFF759FF20B90120E3F7D6
:107DE000A3FE013EF4D100236B77AB7F5B0718D570
:107DF000F0F7D2F9B0B14FF0FF320023D4F8080504
:107E0000D4F80C15C4F80035C4F80825C4F80C25BE
:107E10000922C4F80025C4F80035C4F80805C4F8E0
:107E20000C1570BDC4F80005FBE7F7B50D46174605
:107E30001AB30E46A2238DF804308DF8050016F80B
:107E4000013B8DF80630032201A97C20F5F722FFC3
:107E500004460420E3F768FE3D44AE4202D12046CA
:107E600003B0F0BD16F8012B7E210020DDF788F964
:107E700004430420E3F758FEEFE74FF0FF34EEE74A
:107E800007B501228DF807100DF10701FFF7CDFFAF
:107E900003B05DF804FB73B50C461646EAB1A223A5
:107EA0008DF80500022201A97C208DF80430F5F739
:107EB000F1FE05460420E3F737FE264422467E21E4
:107EC0000020DDF747F9013405430420E3F72CFED9
:107ED000B442F3D1284602B070BD4FF0FF35F9E748
:107EE0000122FFF7D8BF73B51646421C04460D4663
:107EF0000CD0012902D15BB1FFF7C7F8032300932F
:107F00002A46334629462046F5F764FF02B070BD85
:107F1000FFF7C8F8F2E701211838F9F70FBD38B5B7
:107F200004460D46F9F74CFD637B43F0020363738F
:107F3000E5B1A5602B689D4209D16B68C4E9005387
:107F40001C606C6012E06A689A42F6D01B68002BD5
:107F5000F3D094F90E2093F90E108A42F3D0914297
:107F6000F1DD5A68C4E9003214605C6038BDF9F78D
:107F7000BFBD7047002070474FF0FF307047084684
:107F80001146FAF789BE08461146FAF799BE4FF036
:107F9000FF307047002070470228CCBF002001202E
:107FA00070474FF400534B6000207047F5F72EB830
:107FB00010EE103A23F0004300EE103A7047B1EE95
:107FC000C00A704710EE103A23F00040B0F1FF4FA6
:107FD000ACBF0020012070479368013B002B10B418
:107FE000936008DA9469A34201DB0A2903D15DF8A2
:107FF000044BFCF7ADBF1368581C1060197008469D
:108000005DF8044B7047F8B506460F461446D51880
:10801000AC4201D1002007E014F8011B3A4630467B
:10802000FFF7DAFF431CF3D1F8BD2DE9F047164600
:1080300098468A680B69DDF820909342B8BF1346D2
:10804000336091F8432007460C460AB10133336090
:108050002368990642BF336802333360256815F000
:10806000060506D104F1190AE36832689B1AAB428F
:1080700026DC94F843302268003B18BF01239206A7
:108080002BD404F1430241463846C84701301ED084
:108090002368226903F00603042B02BFE5683368F6
:1080A000ED1AA3680CBF25EAE57500259342C4BF0D
:1080B0009B1AED1800261A34B5421AD1002008E0A8
:1080C0000123524641463846C847013003D14FF09C
:1080D000FF30BDE8F0870135C6E7E1185A1C3020B3
:1080E00081F84300224494F8451082F8431002338B
:1080F000C7E70123224641463846C8470130E6D04B
:108100000136D9E710B5024601448A42134603D02E
:108110001C780132002CF8D1181A10BD70B5044635
:108120000D4645EC104B1646FDF754FE51EC100B76
:108130007EB1C5F30A53C3F16B03002B09DD1B05A8
:1081400003F17F55002405F5401522462B46C4F760
:1081500001FC41EC100B70BDF0B5044608B9146881
:1081600044B1204614F8015B0F4617F8016B1EB9A5
:1081700065B91560002005E0B542F6D1002BF0D1BD
:1081800014600370F0BD1C460CE015B914F8013BF7
:108190000E4616F8015BAB42F7D1002BF3D000235B
:1081A00004F8013C1460EDE7B1F90C202DE9F04131
:1081B000170705460C4656D44B68002B02DC0B6CA7
:1081C000002B3DDDE66A002E3AD0002312F48052E7
:1081D0002F68216A2B6025D0626DA389580705D5C9
:1081E0006368D21A636B0BB1236CD21A216AE66AF8
:1081F00000232846B047411C24D000236360236934
:108200002360A389DA0400D56065616B2F60B9B182
:1082100004F14403994202D02846FCF7D1F9002327
:1082200063630DE001232846B047461C0246D4D1C3
:108230002B68002BD1D01D2B01D0162B2BD12F60FA
:1082400000202FE02A68B4F90C3042B11D2A01D079
:10825000162A22D10023636023692360D5E7626078
:1082600022692260CEE70F69002FE9D093070E68DC
:1082700008BF4B690F6018BF0023A6EB07088B608F
:10828000B8F1000FDCDD216AA66A43463A4628466B
:10829000B047002808DCB4F90C3043F04003A38158
:1082A0004FF0FF30BDE8F0810744A8EB0008E7E796
:1082B00070B568234D1E5D430E4605F17401FCF751
:1082C000C9F9044640B10021C0E900160C30A06095
:1082D00005F1680200F0A8F9204670BD2DE9F843C9
:1082E0000646884600F148040027D4E90195B9F113
:1082F000010905D52468002CF7D13846BDE8F8837C
:10830000AB89012B07D9B5F90E30013303D02946CB
:108310003046C04707436835E9E70369B3EB611F9F
:108320002DE9F0434FEA611204DC002303610023CE
:10833000436130E000F1140411F01F0104EB8306E7
:1083400004EB82050CD100F110072946B14230D36D
:108350009B1A9B00EA1E964238BF0023234415E077
:1083600054F82270C1F12008CF4005F1040EA14657
:108370007645F44611D89A1A9200043A0135AE4275
:1083800038BF0022A318A75007B104331A1B92105C
:10839000A3420261CBD0BDE8F083DCF800C00CFA48
:1083A00008FC4CEA070749F8047B5EF8047BCF40E1
:1083B000DEE751F804CB47F804CFC7E7A0F130035C
:1083C000092B02D82038C0B27047A0F16103052BF9
:1083D00001D84738F7E7A0F14103052B01D827382A
:1083E000F1E700207047C2F10802920070B5C2F1B7
:1083F00020064368046803FA06F52C43D340046062
:1084000040F8043F8842F4D370BD30B503680133AF
:1084100011F8014B14B90360012030BD13F8012B92
:10842000A2F14105192D98BF2032A242F0D00020C0
:10843000F3E72DE9F04F0B6801685E1102EB860649
:1084400013F01F0387B018BF04360025371F82467C
:108450009046019346F8045CB9463C460295AB460B
:108460004A784B1C039342B3104605910492FFF7E0
:10847000A5FF002851D1049A0599202A18D8029BFB
:108480009B4513DD4C4506D2072D04DC2A464946A0
:108490002046FFF7A8FF444552D90023A4F1040960
:1084A00044F8043CCDF808B04C461D460399D7E784
:1084B000292A57D10231CAF80010BBF1000F51D060
:1084C0004C4506D2072D04DC2A4649462046FFF7D4
:1084D0008AFF444536D9A8F10402234653F8041B09
:1084E00042F8041F9F42F9D23B1B23F003030433DD
:1084F0000134033EB44288BF04234344002243F8BE
:10850000042B9F42FBD23B681BB9474528D101236E
:108510003B60052007B0BDE8F08F0135082D0BF159
:10852000010B06DD4445C1D9002344F8043C012574
:10853000043C226800F00F0040EA02102060B5E71A
:108540000825B3E7019B002BDDD0C3F120034FF0DA
:10855000FF32DA4056F8043C134046F8043CD2E7B8
:10856000043FD0E70420D5E770B50C46B1F90E10F2
:10857000002996B015461E460DDAA38913F0800F28
:108580004FF0000114BF40234FF48063002031609E
:108590002B6016B070BD6A46FDF706FD0028ECDBC7
:1085A000019901F47041A1F50053594259414FF42A
:1085B0008063EBE782B001B901A942B14BB11378F6
:1085C0000B601278101E18BF012002B070471046D1
:1085D000FBE76FF00100F8E70A44914200F1FF3336
:1085E00000D1704710B511F8014B03F8014F9142CB
:1085F000F9D110BD884210B501EB020402D98442C2
:10860000234607D8431EA14208D011F8012B03F8D6
:10861000012FF8E7024401468A4200D110BD13F849
:10862000014D02F8014DF7E702440346934200D1A1
:10863000704703F8011BF9E7B0F5803F034636BFEA
:10864000030400201020B3F1807F3CBF1B020830E0
:10865000B3F1805F3CBF1B010430B3F1804F03D303
:10866000002B0ADB013070479B0001D502307047B8
:108670005B0001D503307047202070470368024635
:1086800013F007000BD0D90721D4980749BF5B0826
:108690009B08012013605CBF13600220704799B2F1
:1086A00009B91B0C1020D9B209B908301B0A1907E7
:1086B00004BF1B090430990704BF9B080230D90787
:1086C00003D45B0800F1010003D013607047002061
:1086D0007047202070470A6903460069801A30B548
:1086E0000ED11433143103EB820401EB820154F8F0
:1086F000045D51F8042D954203D005D24FF0FF30B0
:1087000030BDA342F3D3FBE70120F9E72DE9F04F99
:1087100085B0CDE9001002A9FDF782FB009803A9FE
:1087200055EC104BFDF77CFB019B1969009B1B6905
:10873000C91ADDE902329B1A5BEC10AB03EB411363
:10874000002BCEBF2A46C3EB03335A462F46D946E9
:10875000CCBF02EB035702EB03594B46524620466F
:108760003946C4F721FA41EC100B05B0BDE8F08F93
:10877000013970B549111469013102F1140300EB9C
:10878000810103EB8404051FA3420CD3A31A113B00
:1087900023F003031132A24288BF002318440023B0
:1087A000884205D370BD53F8046B45F8046FEBE7BE
:1087B00040F8043BF4E700F1140200694B119842C1
:1087C00010B511DB0ADD11F01F0107D052F823406C
:1087D00024FA01F000FA01F18C420BD102EB830381
:1087E000934203D8002010BD0346F7E753F8041D59
:1087F0000029F5D00120F6E738B502FB01F529463E
:10880000FBF728FF044618B12A460021FFF70CFFAA
:10881000204638BD10B50C46B1F90E10FDF7F8FB37
:108820000028ABBF636DA3891B1823F48053ACBF32
:108830006365A38110BD2DE9F0411F468B89DB05DF
:1088400005460C46164605D5B1F90E100223002246
:10885000FDF7CCFBA389B4F90E1023F48053A38158
:1088600032463B462846BDE8F041FDF77BBB10B5DC
:108870000C46B1F90E10FDF7B9FB431CA38915BFD7
:10888000606523F4805343F48053A38118BFA38110
:1088900010BDB1F90E10FDF777BB10B56AB1013903
:1088A000841810F8012B11F8013F9A4203D1A0421D
:1088B00001D0002AF5D1D01A10BD1046FCE70346BE
:1088C000084641B1FF2A04D98A221A604FF0FF30CE
:1088D00070470A700120704710B501390244904278
:1088E00001D1002005E0037811F8014FA34201D027
:1088F000181B10BD0130F2E710B50139034632B143
:1089000011F8014F03F8014B013A002CF7D11A443A
:108910000021934200D110BD03F8011BF9E70000CC
:10892000004BFC7F01000000E14F0300000000004D
:10893000D9990200000000009D4F030000000000D4
:1089400000000000508A040025EA03000000000037
:1089500000000000908A040000000000708A0400FB
:10896000BF700400000000009B76040000000000BF
:1089700000000000B08A040000000000D08A04005B
:10898000318103000000000001900300000000009E
:108990004150030000000000592C040000000000BA
:1089A00000000000F08A040000000000108B0400AA
:1089B00000000000508B040000000000308B040019
:1089C00000000000D08B040000000000B08B040009
:1089D00000000000F08B040000000000708B040019
:1089E00000000000908B040000000000108C0400C8
:1089F00000000000308C04009B62040000000000B6
:108A00000153030000000000958F010000000000EA
:108A100065F1010000000000D976020000000000AE
:108A20007179020000000000B1B7020000000000F0
:108A30009DB702000000000061B7020000000000C6
:108A400041D1020000000000C5B702000000000094
:108A50006EDB0400D0930400B88E040004080020EC
:108A6000344C0020FD8B03000000000000000000DB
:108A7000D42C05004C980400548E04000A080020F1
:108A8000046F002049950300000000006C010020E5
:108A9000E22C050084980400548E04000C08002089
:108AA000106F002049950300000000000C02002018
:108AB0001018050024970400F08E04000808002018
:108AC00050010020CDBC0300000000004001002048
:108AD0003652050000000000A88E04001608002091
:108AE000FC030020D59203000000000000000000FD
:108AF0003B89050038A00400808E0400180800207F
:108B0000F4720020857204000000000000000000E4
:108B10004E89050040A00400808E04001A08002041
:108B200008730020857204000000000000000000AF
:108B30005E94050048A10400908E04001E080020E9
:108B4000A0730020997204000000000000000000E3
:108B50005E94050050A10400908E040020080020BF
:108B6000B4730020997204000000000000000000AF
:108B70008BDB0400000000003C8E0400060800208F
:108B8000000000001D7D0300000000000000000048
:108B9000F02C050098980400A08E04000E08002018
:108BA0002C02002071BB0300000000001C0200200A
:108BB00040420500D49D0400788E04001008002077
:108BC000080300206D7C040000000000F802002073
:108BD0007242050000000000308E040014080020DE
:108BE0000000000049A4030000000000580300201A
:108BF0007F420500289E0400788E040012080020A1
:108C000038030020577C04000000000028030020E7
:108C10007D94050058A10400D48E04002208002091
:108C2000C8730020F7760400000000000000000078
:108C30006189050048A00400000000001C08002015
:108C40001C7300205D6603000000000000000000AF
:108C50009037002000F8002000040000D1D402006A
:108C600000000000000000000000000006000000FE
:108C70000000000025520500000000000000000078
:108C8000F024002000CB00200010000009F30000B9
:108C900000000000000000000000000008000000CC
:108CA00002000000BF1705000000000000000000E7
:108CB0001011002080BD00200008000029B601002E
:108CC00000000000000000000000000004000000A0
:108CD00002000000B7DB04000000000000000000FC
:108CE000E025002080DB00200008000075FA01006C
:108CF000000000000000000000000000060000006E
:108D000000000000F0170500000000000000000057
:108D1000D833002080F40020800000003D63040070
:108D2000000000000000000000000000060000003D
:108D3000000000001C420500004000000000000090
:108D40002010002000B900200004000085CD0100A3
:108D5000000000000000000000000000050000000E
:108D60000000000054DB04000000000000000000D0
:108D7000D034002080F5002000020000A985020008
:108D800000000000000000000000000006000000DD
:108D9000000000003242050000000000000000005A
:108DA000E832002000F00020000400006D90020076
:108DB00000000000000000000000000009000000AA
:108DC000000000000C420500000000000000000050
:108DD000582A002000E4002080010000C56E020037
:108DE000010000000000000000000000070000007B
:108DF00000000000BE2C0500000000000000000084
:108E0000F831002080EE00200001000051880200AF
:108E1000000000000000000000000000060000004C
:108E200000000000ED41050000000000000000000F
:108E30002D67030019A0030058020000ED7504001F
:108E40002DA5030065A60300157D0300097204002B
:108E5000057D0300119B03001B72040029720400AE
:108E6000417204004D72040059720400919D030088
:108E7000A98C03000000000031B8030079720400DF
:108E8000937204007B770400AD77040059770400E7
:108E9000A7720400A9770400DB7704007777040049
:108EA000F9C203000D7A040035910300E574040053
:108EB000D191030085920300FD800300E97804004E
:108EC000CD71040000000000218A030000000000B2
:108ED0000000000059AB030000000000000000008B
:108EE000E17C030000000000817904000000000024
:108EF00095730400BDAA03003973040017760400BB
:108F0000BB730400E3730400197404002D7404009F
:108F10005B7404006F7404002D7404004B7404002F
:108F200083740400917404009F740400D5740400D9
:108F3000D97404000000000000000000602D05004E
:108F4000040000006A42050002000000DEDB0400AD
:108F500004000000B41B050004000000682D05009B
:108F600004000000F7510500040000000052050055
:108F700004000000EE510500040000006F2D050004
:108F800004000000772D050004000000972D050067
:108F9000040000009F2D050004000000E6510500BC
:108FA00004000000AADC040004000000BADC040095
:108FB000040000001E7C050004000000DB2D0500FD
:108FC00004000000382D050003000000412D0500BD
:108FD0000300000011A20500030000002C89050019
:108FE000020000005A42050003000000B9A205007B
:108FF00003000000E817050003000000E01705006B
:10900000030000009617050003000000D5170500B7
:1090100003000000B6170500030000001E2D050028
:1090200003000000A51705000300000013E404007E
:1090300003000000A4A205000300000041A20500F7
:109040000300000086940500030000004D42050067
:1090500003000000CCDB040003000000CAA10500EF
:10906000030000004852050003000000A5DB0400D7
:10907000030000008EA2050003000000AFDB040027
:10908000030000007DDB0400030000007B89050075
:1090900003000000F84B0500030000001EA20500BD
:1090A0000300000073940500030000000918050088
:1090B000020000004FA2050003000000122305007B
:1090C00003000000B5A2050003000000F5A10500A3
:1090D00003000000FEA10500030000003C8605001F
:1090E0000300000035A205000300000097A2050060
:1090F0000300000077890500030000008789050050
:109100000300000007A2050003000000B2360500BE
:1091100003000000FE410500030000006A94050002
:109120000300000053A20500030000006DA205002B
:10913000030000006D89050003000000021805000F
:10914000030000000D2D050003000000DEA1050056
:1091500003000000D2A1050003000000FD2C050063
:1091600004000000CAA205000400000028A20500B7
:109170000300000031A20500030000004094050038
:10918000030000006F78050003000000EAA105005D
:1091900003000000F48705000300000009520500E9
:1091A000030000004FDB0400030000001B52050019
:1091B000030000004E940500030000001252050059
:1091C0000300000085A2050003000000A4A904001C
:1091D0000C0500202133050001000000FFFFFFFF08
:1091E0000000803F000000000000000000000000C0
:1091F0000000803F000000000000000000000000B0
:109200000000803F000000000000807F0000807FA1
:10921000000000000100000000000000010200004A
:10922000580203000020000000000000D8ECF0F419
:10923000F8FC000203040506070800000000000017
:10924000000000000000000000000000000001011C
:1092500001010202020203030303040404040505DE
:1092600005050606060809000000000000000000D1
:1092700000000000000000000000000101010102E8
:1092800002020203030303040404040505050506A2
:10929000060708090A0B0C0D00100200FA00000076
:1092A00000000000000000000000000000000000BE
:1092B0000338FDD870470000BC89D897B2D29C3CD7
:1092C00033A7A8D523F649393DA7F444FD0FA532AD
:1092D0009D978CCF08BA5B25436FAC642806681154
:1092E0000080E03779C34143176E05B5B5B89346A2
:1092F000F5F93FE9034F384D321D30F94877825A6E
:109300003CBF737FDD4F1575000000000000F03F8B
:109310000000000000002440000000000000594050
:109320000000000000408F40000000000088C340A3
:1093300000000000006AF8400000000080842E4118
:1093400000000000D01263410000000084D7974164
:109350000000000065CDCD41000000205FA002426A
:10936000000000E876483742000000A2941A6D42DF
:10937000000040E59C30A2420000901EC4BCD642D2
:1093800000003426F56B0C430080E03779C341437D
:1093900000A0D8855734764300C84E676DC1AB43F3
:1093A000003D9160E458E143408CB5781DAF154411
:1093B00050EFE2D6E41A4B4492D54D06CFF08044EC
:1093C000F64AE1C7022DB544B49DD9794378EA4401
:1093D000518A030019AA030062DB04005DA903009F
:1093E000EDA9030068DB0400D7DB0400DEDB04002A
:1093F000E5DB0400ECDB0400FEDB040007DC04001A
:1094000010DC04001ADC040032DC04003EDC040042
:1094100048DC040054DC040069DC040071DC040056
:1094200097DC0400AADC0400B2DC0400BADC04000F
:10943000C2DC04000100000071AF04005190010083
:109440000200000094AF04008590010003000000BA
:10945000B8AF0400BD90010004000000E0C20400A9
:10946000659F010005000000DFAF0400F5900100DA
:1094700006000000FEAF04002D910100180000005E
:1094800022B00400659101001900000044B00400FE
:10949000A19101001A00000065B00400D9910100FB
:1094A0002500000087B00400119201002600000092
:1094B000ADB00400499201000700000050AF040065
:1094C000199001000800000002B0040061A401002E
:1094D00009000000DFDC0400F1920100210000001F
:1094E000E3DC0400259301000A000000EBDC04002B
:1094F0001DA201000B000000F7DC04002DA30100F9
:109500000C000000F2CD04008DB001000D00000041
:1095100057CE040019B101002400000005DD04004D
:1095200039D601000E00000083B1040059930100F8
:109530000F000000A7B10400999301001000000083
:10954000CBB10400D193010012000000EFB1040080
:10955000059401001300000014B2040039940100C6
:10956000140000003BB204007194010011000000DF
:10957000F8BD0400599701001500000063B2040013
:10958000A99401001600000035BE04009D9701005B
:10959000170000005CBE0400D59701001B0000000E
:1095A000D4B00400819201001C000000F6B0040059
:1095B000B99201001D0000004ECA0400B9A40100C8
:1095C0001E00000070CA0400F1A401001F0000008A
:1095D00001AF0400A98F01002000000028AF0400A3
:1095E000E18F010022000000F7CE0400B1B50100B8
:1095F0002300000021CF0400EDB501003000000081
:10960000D7CC040081AE0100310000004BC2040041
:10961000759E0100320000000FDD0400BDA00100B6
:10962000330000001CDD0400F5A001002BDD040068
:109630002FDD040034DD040038DD04003DDD0400CE
:1096400041DD040046DD04004ADD04004FDD040076
:1096500054DD04005ADD04005FDD040034250500FC
:10966000EF27050065DD040011ED040067DD04004F
:1096700069DD0400342505006BDD04006FDD0400A6
:1096800074DD040079DD040083DD040089DD04005D
:109690008EDD040094DD04009BDD0400A0DD0400E9
:1096A000A5DD0400A9DD04007EDD0400AEDD0400BC
:1096B000B8DD0400BEDD0400C3DD0400C9DD040024
:1096C000D0DD0400D5DD04000D010000DD890100BE
:1096D0000E000000BD8A01000D0100007D8C01001C
:1096E000020100002D8A01000E0000004DB10100B2
:1096F00008010000E18E0100098000000A800001DD
:10970000090000000A0000010097040002000000A8
:10971000F8960400020100000020004008970400B1
:1097200002000000002000400100000000000000D6
:10973000189704000000D601000000002AB20020A3
:1097400029B200201E180500F19401008C48050084
:10975000C1D60000021805008599010023180500F4
:1097600065AF01002A18050045970100BB470500B9
:1097700051600400BB41050031EA0100A52C050041
:1097800071610400120205008D620400BA17050021
:1097900049D701006F020500E90B020033180500EC
:1097A00093620400A1170500151D020000CA040001
:1097B00009D901003A18050003620400C1C9040078
:1097C0000762040044180500D1F101003F180500AC
:1097D00071F201004C18050005DA01003DA20500F8
:1097E00075DA0100792C0500A1DA01000C180500DA
:1097F000F1E601007EDD040009F1010052180500C8
:10980000E9F20100581805003DD70100FEC9040027
:10981000911F02004FDB0400B9DA0100B9FC04001B
:1098200025DB01005E180500631805007A180500A5
:109830008B1805002F800006028000051D800004A3
:109840002F000006020000051D000004FFFF0000BD
:10985000000300507C010020000000000100000017
:109860004098040003000000349804000301000045
:10987000908A04001F00010000F00240609804007C
:1098800002000000FFFFFFFF000000507C010020ED
:10989000000000000000000000366E010000000023
:1098A0000000000000000000FFFFFFFF0000FF00BD
:1098B0000000000000000000FFFFFFFF02000001A9
:1098C00001000000CD750400FFFF0000789804003F
:1098D00000000000FFFFFFFF000000009969040086
:1098E000850E0300C90E0300C54503002146030091
:1098F000E94C030011F70200060700006F6904003D
:10990000910B0300D50B030065440300C144030021
:10991000FD4A0300A5F6020006090000F90A03004B
:10992000C1080300F9080300F5420300494303009E
:10993000A568040071F6020007070000E94903006A
:10994000914A03009126030043680400A1FC020031
:10995000756804003DF60200070700004108030097
:10996000B9060300ED060300A5410300F141030021
:10997000E9710200FDF502000707000091060300EF
:10998000090503003D05030055400300A140030005
:10999000E9710200BDF5020007070000A53B0300C6
:1099A000E938030061390300CD040300213F0300BF
:1099B000351F030091F50200030F00000D25030081
:1099C000E90203001D03030001370300B53703005C
:1099D000E971020039F1020006080000C10203002B
:1099E00075010300A90103007D350300C93503009B
:1099F000C5160300F1F002000C0C0000D51F030097
:109A000025200300A15F030085630300F9600300C4
:109A1000E9710200814E0300060600009512030062
:109A20000911030051110300214703006D47030092
:109A3000E97102007DF7020006060000FD17030031
:109A4000C9240300DDEF02004D14030005290300C3
:109A50002D2A0300F91C0300091E030045680400B9
:109A6000D1130300692C03008D2B0300FD000300BC
:109A700001170300C9240300F9EE020001FD0200F2
:109A8000851B03002D2A0300F91C0300091E030097
:109A900045680400D11303001D240300D5270300EB
:109AA0008500030089A50200C9240300159B02005C
:109AB0003DA102007D20030061EE0200F91C0300BD
:109AC000091E0300456804004D1303007D230300B5
:109AD00003630400FD0003001DDE02001DE402001C
:109AE000059B02004DBB0200B1AD020015B502009E
:109AF000EDAE02006DAF0200EDAF0200F5650400AF
:109B00001DB402008DE902004D660400F5DA020082
:109B100001A10200F59A020035BE020055AB020019
:109B200069B2020071AC0200F1AC020071AD02003A
:109B3000C36504003DDD0200036304000963040003
:109B4000E1D70200C5A00200E59A020071C0020040
:109B5000F9A8020035B1020015AA020095AA020078
:109B600015AB02009165040015DA020003630400DE
:109B7000096304000DED0200799E0200159A0200AF
:109B8000B19E02003DA6020035B002003DA70200D2
:109B9000D5A7020085A802009DB3020065EA020075
:109BA00003630400096304000600000000000000D5
:109BB0000100000002000000090000000A0000008F
:109BC0000300000004000000050000000800000081
:109BD00007000000070000000B0000000C00000060
:109BE0000D0000000E0000000F000000100000003B
:109BF0001100000012000000050000000600000037
:109C00000A00000004000000060000000A00000036
:109C10000400000001000000060000000A0000002F
:109C20000400000007000000080000000900000018
:109C30000B0000000C000000030000000E000000FC
:109C4000000000000E0000000D0000000F000000EA
:109C500011000000120000001000000013000000BE
:109C600003000000020000000F63040015630400FD
:109C7000176304001D6304001F630400E971020000
:109C800023630400FFFF0000689C04001C9A04008A
:109C9000FC990400689C0400689C0400689C040013
:109CA000DC990400BC9904009C9904007C99040090
:109CB0005C990400689C0400689C04003C990400C2
:109CC0001C990400689C0400689C0400FC98040033
:109CD000689C0400DC980400DF62040099620400C0
:109CE000E5620400E7620400ED620400F162040032
:109CF000F7620400F9620400DD710200FB620400F7
:109D0000FF6204000363040009630400D89C04009C
:109D1000749B0400D89C0400D89C0400D89C0400C8
:109D2000D89C0400D89C0400409B04000C9B0400B9
:109D3000D89A0400D89A0400D89C0400A49A04007D
:109D4000A49A0400709A0400709A0400D89C04003D
:109D50003C9A04003C9A04002F2D0500382D050084
:109D6000412D0500492D0500512D0500582D0500F8
:109D7000602D0500B41B0500682D05006F2D050042
:109D8000772D05007F2D0500872D05008F2D0500FF
:109D90009F2D0500A72D0500B22D0500BC2D050047
:109DA000D12D0500DB2D0500FF810000FF01000023
:109DB000AC9D040001000000A89D0400010100000A
:109DC00000100240B09D0400020000000880001650
:109DD0000820001600000000000000000000000045
:109DE000000000000000000000040000E803020181
:109DF000010100009E770020040000000000000028
:109E000000000000C09D04000024F400D09D040068
:109E100001000000CC9D04000101000000C00140D1
:109E20000C9E040002000000000000000000000082
:109E3000000000000000000000000000000400001E
:109E4000E803020101010000A677002004000000E1
:109E500000000000000000001C9E04000024F4002C
:109E6000908A040014000600908A04001A00000082
:109E7000708A04000900000010270000102700006D
:109E8000102700001027000010270000908A04000F
:109E900008000200F4010000E8030000A40600002E
:109EA000C4090000A00F000018150000A81600004B
:109EB00038180000C8190000F41A0000841C0000C3
:109EC000B01D0000DC1E000008200000342100004E
:109ED000FC21000028230000F023000010270000D0
:109EE0001027000010270000102700001027000096
:109EF00030750000983A000060EA0000102700006A
:109F0000708A04000D00000079E40200B9E6020046
:109F10000F0000000000C845000048450000C8448C
:109F2000000048440000C843000048430000C84205
:109F3000000048420000C841000048410000FA46C5
:109F400000007A460000FA4500007A450000FA4415
:109F500000007A440000FA43000048430000C84271
:109F6000000048420000C841000048410000484548
:109F70000000C844000048440000C84300004843B3
:109F80000000C842000048420000C8410000C84428
:109F9000000048440000C843000048430000C84295
:109FA000000048420000C841000048410000C8408D
:109FB000000048400000C83F0000483F021805006C
:109FC00048520500CCDB0400B23605004C520500B7
:109FD000122305006F78050013E40400A52C05008A
:109FE000708A04000B000600908A0400060011002D
:109FF000F530030091320300080000000000F04536
:10A00000000070450000F044000070440000F04380
:10A01000000070430000F042000070420000F04178
:10A02000000070410000F0400000F03F812D03006F
:10A03000192F030008000000200500400100000067
:10A040001C05004001000000108B0400000000000F
:10A0500001000000000000000000000000000000FF
:10A06000000000000000000000C00000708B040031
:10A070000100000000C0000000100700708B040009
:10A080000200000000D0070000100700708B0400E1
:10A090000300000000E00E0000600000708B040070
:10A0A0000400000000400F0000C00000708B04009E
:10A0B000000000006410B71DC8206E3BAC30D926EC
:10A0C0009041DC76F4516B6B5861B24D3C71055098
:10A0D0002083B8ED44930FF0E8A3D6D68CB361CBC0
:10A0E000B0C2649BD4D2D38678E20AA01CF2BDBD74
:10A0F000000000200000000000000B068A89050017
:10A1000098890500AC890500BB890500C789050051
:10A1100029540300000000000000000000000000BF
:10A1200000000000D4890500D8890500DC890500FD
:10A13000E089050000000000E4890500EC890500C5
:10A14000000000000000000000F0032000100000EC
:10A150007C7F002004000000B08B040000000000A1
:10A160003577000000000000000000000000000043
:10A17000920E493CB10AC93C2BC3163D2EFB483D0B
:10A18000752B7B3D04A9963D80B6AF3D36BDC83DDD
:10A190002FBCE13D73B2FA3D87CF093E8340163EA6
:10A1A000B5AB223EA2102F3ECF6E3B3EC2C5473E0E
:10A1B0000115543E135C603E7F9A6C3ECCCF783ED6
:10A1C000C07D823E938E883E229A8E3E32A0943E7F
:10A1D00086A09A3EE59AA03E128FA63ED47CAC3E65
:10A1E000EF63B23E2A44B83E491DBE3E15EFC33E62
:10A1F00053B9C93ECA7BCF3E4136D53E80E8DA3EF0
:10A200004F92E03E7533E63EBBCBEB3EEA5AF13E61
:10A21000CBE0F63E275DFC3EE4E7003F3D9C033F7C
:10A22000824B063F9BF5083F6B9A0B3FDA390E3F96
:10A23000CDD3103F2A68133FD9F6153FC07F183F92
:10A24000C6021B3FD17F1D3FCBF61F3F9967223FC0
:10A2500025D2243F5636273F1594293F4AEB2B3F02
:10A26000DE3B2E3FBB85303FC9C8323FF304353F4C
:10A27000233A373F4268393F3B8F3B3FF9AE3D3F82
:10A2800067C73F3F70D8413F01E2433F03E4453F8A
:10A2900065DE473F12D1493FF8BB4B3F029F4D3F20
:10A2A000207A4F3F3D4D513F4918533F31DB543FDA
:10A2B000E595563F5348583F6AF2593F1A945B3F21
:10A2C000532D5D3F05BE5E3F2146603F97C5613F10
:10A2D0005A3C633F59AA643F880F663FD86B673F7B
:10A2E0003CBF683FA7096A3F0C4B6B3F5E836C3FE6
:10A2F00093B26D3F9ED86E3F73F56F3F0809713F73
:10A300005213723F4714733FDD0B743F0BFA743FD7
:10A31000C6DE753F07BA763FC58B773FF853783F67
:10A320009812793F9DC7793F02737A3FBE147B3FF5
:10A33000CDAC7B3F283B7C3FC9BF7C3FAC3A7D3FE7
:10A34000CCAB7D3F23137E3FB0707E3F6DC47E3F1C
:10A35000580E7F3F6D4E7F3FAB847F3F0FB17F3FF5
:10A3600097D37F3F43EC7F3F11FB7F3F0000803F4F
:10A3700011FB7F3F43EC7F3F97D37F3F0FB17F3F80
:10A38000AB847F3F6D4E7F3F580E7F3F6DC47E3F55
:10A39000B0707E3F23137E3FCCAB7D3FAC3A7D3F18
:10A3A000C9BF7C3F283B7C3FCDAC7B3FBE147B3F8D
:10A3B00002737A3F9DC7793F9812793FF853783FEF
:10A3C000C58B773F07BA763FC6DE753F0BFA743F01
:10A3D000DD0B743F4714733F5213723F0809713FFE
:10A3E00073F56F3F9ED86E3F93B26D3F5E836C3FB7
:10A3F0000C4B6B3FA7096A3F3CBF683FD86B673F78
:10A40000880F663F59AA643F5A3C633F97C5613F36
:10A410002146603F05BE5E3F532D5D3F1A945B3F72
:10A420006AF2593F5348583FE595563F31DB543F58
:10A430004918533F3D4D513F207A4F3F029F4D3FBA
:10A44000F8BB4B3F12D1493F65DE473F03E4453F30
:10A4500001E2433F70D8413F67C73F3FF9AE3D3F00
:10A460003B8F3B3F4268393F233A373FF304353F48
:10A47000C9C8323FBB85303FDE3B2E3F4AEB2B3F06
:10A480001594293F5636273F25D2243F9967223F0E
:10A49000CBF61F3FD17F1D3FC6021B3FC07F183F39
:10A4A000D9F6153F2A68133FCDD3103FDA390E3F56
:10A4B0006B9A0B3F9BF5083F824B063F3D9C033F49
:10A4C000E4E7003F275DFC3ECBE0F63EEA5AF13E72
:10A4D000BBCBEB3E7533E63E4F92E03E80E8DA3E82
:10A4E0004136D53ECA7BCF3E53B9C93E15EFC33E78
:10A4F000491DBE3E2A44B83EEF63B23ED47CAC3E1A
:10A50000128FA63EE59AA03E86A09A3E32A0943EC7
:10A51000229A8E3E938E883EC07D823ECCCF783E7E
:10A520007F9A6C3E135C603E0115543EC2C5473EA7
:10A53000CF6E3B3EA2102F3EB5AB223E8340163E6F
:10A5400087CF093E73B2FA3D2FBCE13D36BDC83D11
:10A5500080B6AF3D04A9963D752B7B3D2EFB483D53
:10A560002BC3163DB10AC93C920E493C00000000C5
:10A57000920E49BCB10AC9BC2BC316BD2EFB48BD07
:10A58000752B7BBD04A996BD80B6AFBD36BDC8BDD9
:10A590002FBCE1BD73B2FABD87CF09BE834016BEA2
:10A5A000B5AB22BEA2102FBECF6E3BBEC2C547BE0A
:10A5B000011554BE135C60BE7F9A6CBECCCF78BED2
:10A5C000C07D82BE938E88BE229A8EBE32A094BE7B
:10A5D00086A09ABEE59AA0BE128FA6BED47CACBE61
:10A5E000EF63B2BE2A44B8BE491DBEBE15EFC3BE5E
:10A5F00053B9C9BECA7BCFBE4136D5BE80E8DABEEC
:10A600004F92E0BE7533E6BEBBCBEBBEEA5AF1BE5D
:10A61000CBE0F6BE275DFCBEE4E700BF3D9C03BF78
:10A62000824B06BF9BF508BF6B9A0BBFDA390EBF92
:10A63000CDD310BF2A6813BFD9F615BFC07F18BF8E
:10A64000C6021BBFD17F1DBFCBF61FBF996722BFBC
:10A6500025D224BF563627BF159429BF4AEB2BBFFE
:10A66000DE3B2EBFBB8530BFC9C832BFF30435BF48
:10A67000233A37BF426839BF3B8F3BBFF9AE3DBF7E
:10A6800067C73FBF70D841BF01E243BF03E445BF86
:10A6900065DE47BF12D149BFF8BB4BBF029F4DBF1C
:10A6A000207A4FBF3D4D51BF491853BF31DB54BFD6
:10A6B000E59556BF534858BF6AF259BF1A945BBF1D
:10A6C000532D5DBF05BE5EBF214660BF97C561BF0C
:10A6D0005A3C63BF59AA64BF880F66BFD86B67BF77
:10A6E0003CBF68BFA7096ABF0C4B6BBF5E836CBFE2
:10A6F00093B26DBF9ED86EBF73F56FBF080971BF6F
:10A70000521372BF471473BFDD0B74BF0BFA74BFD3
:10A71000C6DE75BF07BA76BFC58B77BFF85378BF63
:10A72000981279BF9DC779BF02737ABFBE147BBFF1
:10A73000CDAC7BBF283B7CBFC9BF7CBFAC3A7DBFE3
:10A74000CCAB7DBF23137EBFB0707EBF6DC47EBF18
:10A75000580E7FBF6D4E7FBFAB847FBF0FB17FBFF1
:10A7600097D37FBF43EC7FBF11FB7FBF000080BF4B
:10A7700011FB7FBF43EC7FBF97D37FBF0FB17FBF7C
:10A78000AB847FBF6D4E7FBF580E7FBF6DC47EBF51
:10A79000B0707EBF23137EBFCCAB7DBFAC3A7DBF14
:10A7A000C9BF7CBF283B7CBFCDAC7BBFBE147BBF89
:10A7B00002737ABF9DC779BF981279BFF85378BFEB
:10A7C000C58B77BF07BA76BFC6DE75BF0BFA74BFFD
:10A7D000DD0B74BF471473BF521372BF080971BFFA
:10A7E00073F56FBF9ED86EBF93B26DBF5E836CBFB3
:10A7F0000C4B6BBFA7096ABF3CBF68BFD86B67BF74
:10A80000880F66BF59AA64BF5A3C63BF97C561BF32
:10A81000214660BF05BE5EBF532D5DBF1A945BBF6E
:10A820006AF259BF534858BFE59556BF31DB54BF54
:10A83000491853BF3D4D51BF207A4FBF029F4DBFB6
:10A84000F8BB4BBF12D149BF65DE47BF03E445BF2C
:10A8500001E243BF70D841BF67C73FBFF9AE3DBFFC
:10A860003B8F3BBF426839BF233A37BFF30435BF44
:10A87000C9C832BFBB8530BFDE3B2EBF4AEB2BBF02
:10A88000159429BF563627BF25D224BF996722BF0A
:10A89000CBF61FBFD17F1DBFC6021BBFC07F18BF35
:10A8A000D9F615BF2A6813BFCDD310BFDA390EBF52
:10A8B0006B9A0BBF9BF508BF824B06BF3D9C03BF45
:10A8C000E4E700BF275DFCBECBE0F6BEEA5AF1BE6E
:10A8D000BBCBEBBE7533E6BE4F92E0BE80E8DABE7E
:10A8E0004136D5BECA7BCFBE53B9C9BE15EFC3BE74
:10A8F000491DBEBE2A44B8BEEF63B2BED47CACBE16
:10A90000128FA6BEE59AA0BE86A09ABE32A094BEC3
:10A91000229A8EBE938E88BEC07D82BECCCF78BE7A
:10A920007F9A6CBE135C60BE011554BEC2C547BEA3
:10A93000CF6E3BBEA2102FBEB5AB22BE834016BE6B
:10A9400087CF09BE73B2FABD2FBCE1BD36BDC8BD0D
:10A9500080B6AFBD04A996BD752B7BBD2EFB48BD4F
:10A960002BC316BDB10AC9BC920E49BC00000080C1
:10A9700008000000030000000400000000FF0000C9
:10A980008D7C0300958B030000000000436B0400E6
:10A99000FC740020DFB30020010000008CA904003B
:10A9A000087500207D4F03005D530300416A0300DA
:10A9B000D557030000000000056B040000000000F4
:10A9C000708A040009000000908A04001400060048
:10A9D00028890400308904008889040090890400D3
:10A9E000F8890400508A04006937AC3168212233A9
:10A9F000B40F14336821A2333863ED3EDA0F493FB8
:10AA00005E987B3FDA0FC93FD1F71737D1F717B7F9
:10AA10008071313F807131BF0000003F000000BFF6
:10AA2000000FC93F000F494000CB9640000FC940BE
:10AA30000053FB4000CB164100ED2F41000F494170
:10AA40000031624100537B41003A8A4100CB96417C
:10AA5000005CA34100EDAF41007EBC41000FC94145
:10AA600000A0D5410031E24100C2EE410053FB415C
:10AA700000F20342003A0A420083104200CB164221
:10AA800000141D42005C234200A5294200ED2F4224
:10AA900000363642007E3C4200C74242000F494227
:10AAA000A2000000F9000000830000006E0000001A
:10AAB0004E000000440000001500000029000000C6
:10AAC000FC0000002700000057000000D10000003B
:10AAD000F500000034000000DD000000C0000000B0
:10AAE000DB000000620000009500000099000000FB
:10AAF0003C00000043000000900000004100000006
:10AB0000FE0000005100000063000000AB000000E8
:10AB1000DE000000BB000000C50000006100000076
:10AB2000B7000000240000006E0000003A000000A2
:10AB3000420000004D000000D2000000E0000000D4
:10AB400006000000490000002E000000EA0000009E
:10AB500009000000D1000000920000001C0000006D
:10AB6000FE0000001D000000EB0000001C000000C3
:10AB7000B100000029000000A70000003E00000016
:10AB8000E80000008200000035000000F500000031
:10AB90002E000000BB000000440000008400000004
:10ABA000E90000009C00000070000000260000008A
:10ABB000B40000005F0000007E00000041000000C3
:10ABC0003900000091000000D600000039000000AC
:10ABD000830000005300000039000000F400000072
:10ABE0009C000000840000005F0000008B0000005B
:10ABF000BD000000F9000000280000003B0000003C
:10AC00001F000000F800000097000000FF00000097
:10AC1000DE00000005000000980000000F000000AA
:10AC2000EF0000002F000000110000008B0000006A
:10AC30005A0000000A0000006D0000001F00000024
:10AC40006D000000360000007E000000CF00000014
:10AC500027000000CB00000009000000B700000042
:10AC60004F000000460000003F00000066000000AA
:10AC70009E0000005F000000EA0000002D000000C0
:10AC80007500000027000000BA000000C7000000A7
:10AC9000EB000000E5000000F10000007B00000078
:10ACA0003D0000000700000039000000F700000030
:10ACB0008A0000005200000092000000EA0000003C
:10ACC0006B000000FB0000005F000000B10000000E
:10ACD0001F0000008D0000005D0000000800000063
:10ACE0005600000003000000300000004600000095
:10ACF000FC0000007B0000006B000000AB000000C7
:10AD0000F0000000CF000000BC00000020000000A8
:10AD10009A000000F4000000360000001D00000052
:10AD2000A9000000E30000009100000061000000A5
:10AD30005E000000E60000001B00000008000000AC
:10AD40006500000099000000850000005F00000021
:10AD500014000000A0000000680000004000000097
:10AD60008D000000FF000000D800000080000000FF
:10AD70004D000000730000002700000031000000BB
:10AD8000060000000600000015000000560000004C
:10AD9000CA00000073000000A8000000C900000005
:10ADA00060000000E20000007B000000C000000026
:10ADB0008C0000006B0000000000C93F0000F0396B
:10ADC0000000DA370000A2330000842E0000502B70
:10ADD0000000C2270000D0220000C41F0000C61BD4
:10ADE00000004417040000000700000009000000F4
:10ADF0002805002034000000CEFBFFFFCB0300003D
:10AE0000010000000000000035000000CEFBFFFF45
:10AE1000CB03000001000000000000000000000063
:10AE20000000000000000000000000000000000022
:10AE30000000000000000000000000000000000012
:10AE40000000000000000000000000000000000002
:10AE500000000000000000000000000000000000F2
:10AE600000000000000000000000000000000000E2
:10AE7000000000000000000000000000EF270500B7
:10AE8000342505000208002005000000190000001C
:10AE90007D000000102714053421F604581BE2043D
:10AEA0007C15CE04A00FBA04C409A604B0047E0425
:10AEB00058024C042C01E8030000A20377C295F36A
:10AEC00060D2EF7F3552500F2CB67980656E61628B
:10AED0006C65640054444D412025732061742072D8
:10AEE000756E74696D6500457865637574696E6724
:10AEF0002072656D6F746520636F6D6D616E643A6D
:10AF000020544553545F4D4F44455F4F4E004578A4
:10AF100065637574696E672072656D6F7465206313
:10AF20006F6D6D616E643A20544553545F4D4F44CC
:10AF3000455F4F464600457865637574696E6720C6
:10AF400072656D6F746520636F6D6D616E643A201C
:10AF50005245424F4F5400457865637574696E677A
:10AF60002072656D6F746520636F6D6D616E643AFC
:10AF70002053485554444F574E00457865637574C7
:10AF8000696E672072656D6F746520636F6D6D61AA
:10AF90006E643A2043414C49425241544500457841
:10AFA00065637574696E672072656D6F7465206383
:10AFB0006F6D6D616E643A205349585F5349444543
:10AFC0005F43414C00457865637574696E67207214
:10AFD000656D6F746520636F6D6D616E643A2053AB
:10AFE00043414E00457865637574696E67207265EC
:10AFF0006D6F746520636F6D6D616E643A204D41B5
:10B00000475F434C45415200457865637574696EEE
:10B01000672072656D6F746520636F6D6D616E641E
:10B020003A204D41475F43414C0045786563757454
:10B03000696E672072656D6F746520636F6D6D61F9
:10B040006E643A204D41475F4F4E00457865637509
:10B0500074696E672072656D6F746520636F6D6DC6
:10B06000616E643A204D41475F4F46460045786522
:10B07000637574696E672072656D6F746520636FA8
:10B080006D6D616E643A204D41475F4155544F5F8D
:10B090004F4E00457865637574696E672072656D03
:10B0A0006F746520636F6D6D616E643A204D41472A
:10B0B0005F4155544F5F4F46460045786563757450
:10B0C000696E672072656D6F746520636F6D6D6169
:10B0D0006E643A205443414C5F4F4E00457865639F
:10B0E0007574696E672072656D6F746520636F6D2E
:10B0F0006D616E643A205443414C5F4F46460045B3
:10B100007865637574696E672072656D6F7465200C
:10B11000636F6D6D616E643A204446552028656EFC
:10B1200074657220626F6F746C6F61646572290060
:10B13000457865637574696E672072656D6F7465B7
:10B1400020636F6D6D616E643A204446555F4F54C5
:10B15000412028656E746572204F544120626F6FE4
:10B16000746C6F61646572290045786563757469F4
:10B170006E672072656D6F746520636F6D6D616EB3
:10B18000643A2052455345545F5A524F0045786502
:10B19000637574696E672072656D6F746520636F87
:10B1A0006D6D616E643A2052455345545F4143438F
:10B1B00000457865637574696E672072656D6F749C
:10B1C0006520636F6D6D616E643A2052455345543E
:10B1D0005F42415400457865637574696E672072FB
:10B1E000656D6F746520636F6D6D616E643A20529A
:10B1F000455345545F5443414C004578656375742D
:10B20000696E672072656D6F746520636F6D6D6127
:10B210006E643A205443414C5F4155544F5F4F4E4A
:10B2200000457865637574696E672072656D6F742B
:10B230006520636F6D6D616E643A205443414C5FCD
:10B240004155544F5F4F46460045786563757469B4
:10B250006E672072656D6F746520636F6D6D616ED2
:10B26000643A20465553494F4E5F5245534554006A
:10B27000526573657474696E6720667573696F6E65
:10B280002028696E76616C69646174696E672071EB
:10B2900075617465726E696F6E292E0A004675734A
:10B2A000696F6E20726573657420636F6D706C6575
:10B2B00074652E0A000A3D3D3D20417661696C614E
:10B2C000626C6520436F6D6D616E6473203D3D3D22
:10B2D0000A0A0044657669636520496E666F726D7F
:10B2E0006174696F6E3A0A002020696E666F2020D3
:10B2F000202020202020202020202020202020204E
:10B3000020202020204765742064657669636520CD
:10B31000696E666F726D6174696F6E0A00202073CA
:10B32000656E736F72202020202020202020202096
:10B3300020202020202020202020476574207365B5
:10B340006E736F7220726174657320616E64206326
:10B35000616C6962726174696F6E206465746169A1
:10B360006C0A002020757074696D652020202020F3
:10B3700020202020202020202020202020202020CD
:10B380004765742064657669636520757074696DBE
:10B39000650A002020626174746572792020202083
:10B3A000202020202020202020202020202020209D
:10B3B000476574206261747465727920696E666F86
:10B3C000726D6174696F6E0A0053656E736F7220DF
:10B3D0004D616E6167656D656E743A0A0020207379
:10B3E00063616E202020202020202020202020208B
:10B3F000202020202020202020205265737461729C
:10B40000742073656E736F72207363616E0A00201F
:10B410002063616C696272617465202020202020A5
:10B4200020202020202020202020202043616C6923
:10B4300062726174652073656E736F72205A524F29
:10B440000A002020362D73696465202020202020EA
:10B4500020202020202020202020202020202043C9
:10B46000616C69627261746520362D736964652050
:10B47000616363656C65726F6D657465720A002047
:10B48000206D6167202020202020202020202020E7
:10B4900020202020202020202020202053686F778B
:10B4A000206D61676E65746F6D657465722073746D
:10B4B000617475730A0020206D6167206F6E7C6F68
:10B4C00066662020202020202020202020202020F0
:10B4D000202020456E61626C652F64697361626C27
:10B4E00065206D61676E65746F6D657465720A00C5
:10B4F00020206D6167206175746F206F6E7C6F66B0
:10B50000662020202020456E61626C652F6469737F
:10B5100061626C65206F6E6C696E65206D61676E2F
:10B5200065746F6D657465722063616C69627261C8
:10B5300074696F6E0A0020206D616720636C65611D
:10B5400072202020202020202020202020202020A9
:10B55000202020436C656172206D61676E65746F99
:10B560006D657465722063616C6962726174696F84
:10B570006E0A0020206D61672063616C202020200E
:10B5800020202020202020202020202020202020BB
:10B590005374617274206D61676E65746F6D65744C
:10B5A00065722063616C6962726174696F6E0A0012
:10B5B000202073656E73203C783E2C3C793E2C3CF9
:10B5C0007A3E202020202020202020202053657437
:10B5D000206779726F2073656E7369746976697418
:10B5E0007920286465672064696666206F766572D5
:10B5F00020257520726576290A00202073656E73F8
:10B60000206175746F203C787C797C7A3E205B7277
:10B6100065765D202020204175746F2D63616C6913
:10B620006272617465206779726F2073656E7369E9
:10B63000746976697479206279207370696E6E69B5
:10B640006E67202864656661756C742025752072AC
:10B650006576290A00202073656E73207265736514
:10B660007420202020202020202020202020202086
:10B6700020205265736574206779726F2073656E40
:10B6800073697469766974792063616C6962726147
:10B6900074696F6E0A0020207463616C203C6F6EC9
:10B6A0007C6F66667C7374617475737C64756D7091
:10B6B0007C746573742074656D707C72656D6F76D3
:10B6C0006520696E6465787C6175746F206F6E7C2F
:10B6D0006175746F206F66663E2054656D7065728B
:10B6E00061747572652063616C6962726174696FFF
:10B6F0006E0A00436F6E6E656374696F6E3A0A007E
:10B700002020736574203C616464726573733E200D
:10B71000202020202020202020202020204D616E6D
:10B7200075616C6C792073657420726563656976E8
:10B7300065720A002020706169722020202020207C
:10B7400020202020202020202020202020202020F9
:10B7500020456E7465722070616972696E67206D34
:10B760006F64650A002020636C65617220202020D0
:10B7700020202020202020202020202020202020C9
:10B780002020436C6561722070616972696E672068
:10B79000646174610A00202074646D61203C6F6EE6
:10B7A0007C6F66663E202020202020202020202044
:10B7B000202020456E61626C652F64697361626C44
:10B7C000652054444D41207363686564756C696EEF
:10B7D000670A002020726164696F203C6F6E7C6F85
:10B7E00066663E20202020202020202020202020AF
:10B7F00053746F702F726573746172742045534275
:10B8000020726164696F2028646961676E6F737468
:10B81000696320412F4220666F7220494D55206E8A
:10B820006F697365290A005246204368616E6E6530
:10B830006C3A0A0020206368616E6E656C203C31B2
:10B840002D3130303E20202020202020202020209C
:10B8500020536574205246206368616E6E656C20CB
:10B8600028736176656420746F204E5653290A0050
:10B87000202020204578616D706C653A20636861F6
:10B880006E6E656C203235202020202020205365EC
:10B8900074205246206368616E6E656C20746F2060
:10B8A00032350A002020636C6561726368616E6ED8
:10B8B000656C2020202020202020202020202020F7
:10B8C00020436C656172205246206368616E6E652C
:10B8D0006C20287573652064656661756C74290A2F
:10B8E0000053797374656D3A0A002020736875748B
:10B8F000646F776E20202020202020202020202010
:10B9000020202020202020506F776572206F6666EF
:10B9100020746865206465766963650A002020727A
:10B9200065626F6F7420202020202020202020209E
:10B9300020202020202020202020536F6674207299
:10B940006573657420746865206465766963650A4B
:10B950000020206466752020202020202020202028
:10B960002020202020202020202020202020456E64
:10B970007465722044465520626F6F746C6F616409
:10B9800065720A004F746865723A0A002020706977
:10B990006E67202020202020202020202020202012
:10B9A000202020202020202020466C617368204C1D
:10B9B0004544202873616D652061732072656D6F49
:10B9C00074652050494E4720636F6D6D616E642928
:10B9D0000A0020206D656F77202020202020202065
:10B9E0002020202020202020202020202020204D2A
:10B9F000656F77210A0020206E767320202020209A
:10BA00002020202020202020202020202020202036
:10BA100020202053686F77204E565320757361673E
:10BA20006520737461746973746963730A002020FC
:10BA300068656C70202020202020202020202020DD
:10BA4000202020202020202020202053686F7720D5
:10BA5000746869732068656C70206D6573736167C5
:10BA6000650A0020206465627567205B64757261F9
:10BA700074696F6E5D20202020202020202020204F
:10BA800053746172742073656E736F7220646562A3
:10BA90007567206D6F6465206174204649464F20AC
:10BAA000726174652028312D3630732C20646566F0
:10BAB00061756C74203173290A00202072616E67F1
:10BAC0006520202020202020202020202020202031
:10BAD0002020202020202053686F772073656E730C
:10BAE0006F722072616E676520737461746973741C
:10BAF00069637320286D696E2F6D61782076616CA3
:10BB0000756573290A00202072616E676520726571
:10BB10007365742020202020202020202020202039
:10BB200020202052657365742073656E736F7220D8
:10BB300072616E676520737461746973746963738D
:10BB40000A00446562756720436F6D6D616E6473B2
:10BB50003A0A0020207265736574207A726F202083
:10BB600020202020202020202020202020202020D5
:10BB70005265736574205A524F2063616C6962721A
:10BB80006174696F6E0A00202072657365742061AC
:10BB9000636320202020202020202020202020201F
:10BBA00020202020526573657420616363656C6595
:10BBB000726F6D657465722063616C696272617425
:10BBC000696F6E0A00202072657365742073656E5C
:10BBD0007320202020202020202020202020202012
:10BBE00020205265736574206779726F2073656ECB
:10BBF00073697469766974792063616C69627261D2
:10BC000074696F6E0A002020726573657420746316
:10BC1000616C202020202020202020202020202097
:10BC200020202052657365742074656D70657261A3
:10BC3000747572652063616C6962726174696F6E9C
:10BC40000A0020207265736574206D6167202020D2
:10BC500020202020202020202020202020202052B2
:10BC600065736574206D61676E65746F6D6574656D
:10BC7000722063616C6962726174696F6E0A002080
:10BC8000207265736574206261742020202020205A
:10BC90002020202020202020202020205265736595
:10BCA00074206261747465727920747261636B656B
:10BCB000720A002020726573657420616C6C20200C
:10BCC0002020202020202020202020202020202074
:10BCD000436C65617220616C6C2073657474696E6D
:10BCE00067730A00427574746F6E2046756E6374D4
:10BCF000696F6E73202863757272656E7420627549
:10BD0000696C64293A0A00202053686F72742070AD
:10BD10007265737320283178293A20202020202052
:10BD2000202020205265626F6F742028626C6F6340
:10BD30006B656420696E2074657374206D6F646533
:10BD4000290A002020486F6C6420287E3173293A2C
:10BD500020202020202020202020202020202020E3
:10BD6000506F776572206F66663B206B656570204B
:10BD7000686F6C64696E67207E357320746F207203
:10BD8000657365742070616972696E670A002020AE
:10BD9000447572696E67204F54413A20202020205C
:10BDA0002020202020202020202020427574746F25
:10BDB0006E20616374696F6E732061726520626CBE
:10BDC0006F636B65640A005368757474696E6720ED
:10BDD000646F776E206465766963652E0A00457826
:10BDE00065637574696E672072656D6F7465206335
:10BDF0006F6D6D616E643A2050494E470050696E18
:10BE0000672072656365697665642120466C61739D
:10BE100068696E67204C45442E0A00457865637555
:10BE200074696E672072656D6F746520636F6D6DE8
:10BE3000616E643A205443414C5F424F4F545F4F10
:10BE40004E00457865637574696E672072656D6F25
:10BE5000746520636F6D6D616E643A205443414C8C
:10BE60005F424F4F545F4F4646006573625F737485
:10BE70006172745F7478206661696C65643A20252C
:10BE8000640025733A20436C6F636B207265717593
:10BE9000657374206661696C65643A2025640025C9
:10BEA000733A20436C6F636B20636F756C64206E14
:10BEB0006F7420626520737461727465643A202522
:10BEC000640025733A204661696C656420746F20B4
:10BED00071756575652070616972696E672062753C
:10BEE00072737420737465702025753A2025640080
:10BEF00025733A204661696C656420746F20737401
:10BF00006172742070616972696E67206275727304
:10BF10007420737465702025753A202564004E6F77
:10BF20007420736561726368696E67001B5B3338E8
:10BF30003B353B3139363B316D4E6F6E651B5B30A7
:10BF40006D00616374697665003D3D3D2053656E0B
:10BF5000736F722064657461696C203D3D3D0A0019
:10BF6000494D553A202573207C204D61673A2025A4
:10BF70007320282573290A000A52617465733A0AEE
:10BF80000020204779726F204F44523A2020202011
:10BF9000252E326620487A0A002020416363656CB2
:10BFA000204F44523A202020252E326620487A0A1B
:10BFB0000020204D6167204F44523A20202020204D
:10BFC000252E326620487A0A0020204D61672066BF
:10BFD0006565643A202020207E252E316620487A2F
:10BFE0000A0020204D6167204F44523A2020202033
:10BFF000206E2F610A0020204D6167206665656410
:10C000003A202020206D6561737572696E672E2E4F
:10C010002E0A002020467573696F6E207261746568
:10C020003A20252E326620487A0A0020204C6F6F75
:10C03000703A20202020202020207E252E316620CE
:10C040006D730A0020204C6F6F703A202020202052
:10C050002020206E2F610A000A416363656C6572BF
:10C060006F6D65746572206D61747269783A0A004B
:10C07000252E356620252E356620252E3566202571
:10C080002E35660A000A416363656C2063616C6942
:10C0900062726174696F6E3A0A0020204F6666739F
:10C0A00065743A205B252E35662C20252E35662CAE
:10C0B00020252E35665D0A0020205363616C653AA9
:10C0C000205B252E35662C20252E35662C20252E2E
:10C0D00035665D0A004D61676E65746F6D657465E8
:10C0E00072206D61747269783A0A004D616720634D
:10C0F000616C3A202573207C206E6F726D5F6376D1
:10C100003D252E3366207C204F6E6C696E653A208B
:10C11000656E61626C65642C2025642073616D70AE
:10C120006C65732C206469725F626961733D252EB2
:10C1300032660A004D61672063616C3A20257320E6
:10C140007C204F6E6C696E653A2064697361626C25
:10C1500065640A0054444D413A20496E76616C6929
:10C160006420736C6F745F696E6465783D2575201B
:10C17000283E3D20746F74616C5F736C6F74733D07
:10C180002575292C2069676E6F72696E6720636F51
:10C190006E666967207570646174650054444D4132
:10C1A000206175746F2D656E61626C6564206279C3
:10C1B00020726563656976657220636F6E66696774
:10C1C0000054444D4120636F6E6669673A20736C7A
:10C1D0006F743D25752F25752C20736C6F745F74FB
:10C1E00069636B733D25752C206672616D653D2515
:10C1F00075207469636B732C207E25752054505311
:10C20000202865706F63683D257529004661696C5B
:10C21000656420746F2064726F70206661696C655C
:10C2200064205458207061796C6F61643A202564F1
:10C2300000457865637574696E672072656D6F740B
:10C240006520636F6D6D616E643A204F54415F41AC
:10C25000424F5254004F54413A2041626F7274650C
:10C2600064202877617320696E207374617465207F
:10C2700025642C2025752F2575206279746573201F
:10C280007772697474656E29004F54413A2044698D
:10C290007363617264696E6720746865207061728F
:10C2A0007469616C207365636F6E64617279206973
:10C2B0006D61676520616E64207265626F6F74697D
:10C2C0006E672E2E2E00457865637574696E672043
:10C2D00072656D6F746520636F6D6D616E643A2079
:10C2E0004D454F5700257325732573005350490062
:10C2F000455854202853504920494D552049324330
:10C300004D29004932432028706173737468726F3D
:10C3100075676829006F666600547261636B6572A9
:10C320002049443A2025750A000A547261636B65FE
:10C33000722049443A204E6F6E650A00526563656B
:10C340006976657220616464726573733A20253082
:10C3500031326C6C580A00526563656976657220EB
:10C36000616464726573733A204E6F6E650A0053A0
:10C370006C696D6556522D547261636B65722D6EDA
:10C38000524620312E302E302D6465762B302028F9
:10C39000436F6D6D697420356535373765303132DF
:10C3A0006166612C204275696C642025642D2530FE
:10C3B00032642D2530326420253032643A25303203
:10C3C000643A25303264290A006465760068747422
:10C3D00070733A2F2F6769746875622E636F6D2FC3
:10C3E0004E656B6F64614B6F68616B752F4E656B4B
:10C3F0006F546F72612D536C696D6556522D547276
:10C4000061636B65722D6E5246005265706F3A2003
:10C410002573207C204272616E63683A2025730A7E
:10C42000000A426F6172643A2070726F6D696372C4
:10C430006F5F7566320A00534F433A206E7266355D
:10C44000323834300A005461726765743A20707271
:10C450006F6D6963726F5F7566322F6E726635320B
:10C460003834302F7370690A00494D553A202573CE
:10C470000A00496E746572666163653A2025730A25
:10C4800000416464726573733A2030782530325805
:10C49000253032580A000A4D61676E65746F6D650C
:10C4A0007465723A20257320282573290A000A4FE3
:10C4B00044523A206779726F20252E3166487A20DF
:10C4C0002F20616363656C20252E3166487A202F0A
:10C4D000206D616720252E3166487A207C206675A4
:10C4E00073696F6E20252E3166487A0A000A4F4420
:10C4F000523A206779726F20252E3166487A202FB4
:10C5000020616363656C20252E3166487A202F20D8
:10C510006D6167206E2F61207C20667573696F6E78
:10C5200020252E3166487A0A004779726F73636F4F
:10C53000706520626961733A20252E356620252EAC
:10C54000356620252E35660A00542D43616C3A204D
:10C55000666C61673D2573206170706C793D257351
:10C5600020706F696E74733D25750A004779726F8C
:10C5700073636F70652062696173207463616C20FE
:10C58000287265616C2D74696D65293A20252E35F8
:10C590006620252E356620252E35662061742025DF
:10C5A0002E326620430A004779726F73636F70659D
:10C5B0002073656E7369746976697479202864657F
:10C5C00067726565732064696666206F76657220A0
:10C5D000257520726576293A20252E336620252E72
:10C5E000336620252E33660A004779726F73636FB6
:10C5F00070652073656E73697469766974792073E8
:10C6000063616C653A20252E356620252E3566201F
:10C61000252E35660A00565146000A467573696F25
:10C620006E3A2025730A004465766963652061646B
:10C6300064726573733A20253031326C6C580A008D
:10C640005246204368616E6E656C3A20257520283D
:10C65000637573746F6D290A005246204368616EDA
:10C660006E656C3A202575202864656661756C746A
:10C67000290A00426174746572793A20252E306669
:10C680002525202852656164202575682025756D53
:10C69000696E2061676F290A00426174746572795E
:10C6A0003A20252E306625250A0042617474657291
:10C6B000793A2057616974696E6720666F722076D7
:10C6C000616C69642072656164696E670A00526515
:10C6D0006D61696E696E672072756E74696D653A19
:10C6E000202575682025756D696E0A0052656D619B
:10C6F000696E696E672072756E74696D653A204E59
:10C700006F7420617661696C61626C650A004675C0
:10C710006C6C7920636861726765642072756E74F1
:10C72000696D653A202575682025756D696E0A006A
:10C7300046756C6C792063686172676564207275F8
:10C740006E74696D653A204E6F7420617661696C14
:10C7500061626C650A0054696D652073796E6320AF
:10C7600074696D656F75743A20256C6C64206D7307
:10C770002073696E6365206C6173742073796E63D6
:10C780002C20636C656172696E672073796E63201B
:10C79000737461746500454E41424C4544202873D2
:10C7A0006C6F7720706F6C6C290044495341424C88
:10C7B000454420286E6F726D616C20706F6C6C291F
:10C7C000004F5441207375707072657373696F6E9A
:10C7D00020257300457865637574696E67207265FE
:10C7E0006D6F746520636F6D6D616E643A204F5498
:10C7F000415F53555050524553532028726564751C
:10C8000063696E6720706F6C6C20726174652900BB
:10C81000457865637574696E672072656D6F7465C0
:10C8200020636F6D6D616E643A204F54415F554EC9
:10C8300053555050524553532028726573756D6996
:10C840006E67206E6F726D616C2072617465290075
:10C8500050616972696E6720726571756573746580
:10C860006400457865637574696E672072656D6FE5
:10C87000746520636F6D6D616E643A205345545F3B
:10C880004348414E4E454C20746F2025750052465A
:10C89000206368616E6E656C2073617665642074D8
:10C8A0006F204E56533A2025750025733A20455384
:10C8B00042207265696E697469616C697A65206687
:10C8C00061696C6564206166746572206368616E7D
:10C8D0006E656C206368616E676500455342207227
:10C8E00065696E697469616C697A656420776974D9
:10C8F00068206368616E6E656C2025750025733A4B
:10C9000020496E76616C6964206368616E6E656C47
:10C910002076616C75653A20257520286D757374D5
:10C9200020626520302D31303029004578656375EF
:10C9300074696E672072656D6F746520636F6D6DCD
:10C94000616E643A20434C4541525F4348414E4E2C
:10C95000454C2028726573746F726520646566614A
:10C96000756C7429005246206368616E6E656C2098
:10C97000636C65617265642C2077696C6C207573DB
:10C98000652064656661756C74206F6E206E6578D5
:10C990007420626F6F740025733A204553422072F1
:10C9A00065696E697469616C697A65206661696C34
:10C9B0006564206166746572206368616E6E656C83
:10C9C00020636C65617200455342207265696E692F
:10C9D0007469616C697A656420776974682064653C
:10C9E0006661756C74206368616E6E656C20257578
:10C9F0000050616972696E672064617461207265BC
:10CA000073657400457865637574696E6720726537
:10CA10006D6F746520636F6D6D616E643A20434C79
:10CA20004541522028636C656172207061697269AA
:10CA30006E672900457865637574696E6720726555
:10CA40006D6F746520636F6D6D616E643A20544440
:10CA50004D415F4F4E00457865637574696E672080
:10CA600072656D6F746520636F6D6D616E643A20E1
:10CA700054444D415F4F464600756E6B6E6F776E46
:10CA800000454E4F4441544120286E6F206461742C
:10CA90006120617661696C61626C65290045414382
:10CAA00043455320286163636573732064656E6931
:10CAB00065642900454E4F53504320284649464F50
:10CAC0002066756C6C2900454E4F4D454D2028461B
:10CAD00049464F2066756C6C290025733A20496ED3
:10CAE00076616C69642064617461206C656E677442
:10CAF00068202575006573625F77726974652072BE
:10CB00006174653A2063616C6C733D25752F7320E9
:10CB10007175657565643D25752F73206475703D6D
:10CB200025752F732064726F703D25752F73005427
:10CB3000444D41206F76657273686F6F743A207050
:10CB40006F733D2564207461726765743D2575209F
:10CB5000736C6570743D25752028736C6F7420307C
:10CB60002D2564290054444D412073746174732051
:10CB700028313073293A20686974733D2575206720
:10CB8000726163653D2575206F76657273686F6F9E
:10CB9000743D257520746F74616C3D257500257397
:10CBA0003A206573625F77726974653A2050494E26
:10CBB00047206661696C656420746F2071756575C6
:10CBC0006520286374723D25752C206572723D25A1
:10CBD000642025732C20636F6E73656375746976AA
:10CBE000653D257529004553422054582046494645
:10CBF0004F2066756C6C20666F7220257520636F00
:10CC00006E736563757469766520617474656D70A3
:10CC10007473202845534220627573792900257367
:10CC20003A20466F7263696E67207265636F76653E
:10CC30007279206166746572202575206572726F45
:10CC40007273005265636F76657265642076696100
:10CC50002073757370656E642B666C757368002540
:10CC6000733A205265696E697469616C697A696E9C
:10CC700067204553420025733A206573625F7772DF
:10CC80006974653A206661696C656420746F20710F
:10CC900075657565207061636B65742C20657272B3
:10CCA0003D256420286C6F67676564206576657232
:10CCB00079203130206572726F7273290045786572
:10CCC000637574696E672072656D6F746520636F3C
:10CCD0006D6D616E643A204F54415F515545525914
:10CCE0005F494E464F004F54413A204669726D7776
:10CCF00061726520696E666F207265717565737407
:10CD000065640070726F6D6963726F5F7566322F54
:10CD10006E726635323834302F7370690025733A7D
:10CD200020253032753A253032753A253032752E4D
:10CD3000253033752C253033750A00557074696DB4
:10CD40006500416363756D756C617465640045725F
:10CD5000726F723A20496E76616C696420696E70F8
:10CD600075742064656772656573206C65616469BC
:10CD70006E6720746F206469766973696F6E2062D4
:10CD800079207A65726F2E2043616C6962726174DA
:10CD9000696F6E206E6F74206170706C6965642EAF
:10CDA0000A004779726F2073656E736974697669DA
:10CDB000747920646966666572656E636520736563
:10CDC0007420746F3A20252E33662C20252E33666E
:10CDD0002C20252E33660A00457865637574696ECC
:10CDE000672072656D6F746520636F6D6D616E6431
:10CDF0003A2053454E535F53455400526573657452
:10CE000074696E67206779726F2073656E736974D9
:10CE100069766974792063616C6962726174696FA3
:10CE20006E2E0A004779726F2073656E736974699C
:10CE3000766974792072657365742E0A0045786589
:10CE4000637574696E672072656D6F746520636FBA
:10CE50006D6D616E643A2053454E535F52455345A4
:10CE60005400574553545F544F504449522F7A65EC
:10CE7000706879722F696E636C7564652F7A65705E
:10CE80006879722F7370696E6C6F636B2E680053D4
:10CE90005441525445440053544F50504544005758
:10CEA0004553545F544F504449522F7A6570687906
:10CEB000722F6B65726E656C2F696E636C7564653D
:10CEC0002F6B73636865642E68004461746120632E
:10CED0006F6C6C656374696F6E20257300457865AF
:10CEE000637574696E672072656D6F746520636F1A
:10CEF0006D6D616E643A20444154415F434F4C4C28
:10CF00004543545F4F4E00457865637574696E679D
:10CF10002072656D6F746520636F6D6D616E643A2C
:10CF200020444154415F434F4C4C4543545F4F466E
:10CF300046004F54412071756575653A206E6F6EDD
:10CF40002D6461746120747970653D3078253032CC
:10CF500058206C656E3D25750025733A204F54416D
:10CF600020424547494E3A207061636B65742074D6
:10CF70006F6F2073686F72742028257A7529004FAF
:10CF8000544120424547494E3A2073657373696F97
:10CF90006E20616C72656164792061637469766585
:10CFA000202873746174653D2564292C2069676E9F
:10CFB0006F72696E670025733A204F5441204245D5
:10CFC00047494E3A20435243206D69736D61746343
:10CFD000682028676F74203078253032582C2065FF
:10CFE0007870656374656420307825303258290084
:10CFF0004F544120424547494E3A2073697A653D76
:10D0000025752C2063726333323D307825303858D3
:10D010002C207061636B6574733D25752C207072D4
:10D020006F746F3D25752C20626F6172643D2573AE
:10D030002C20626173653D307825580025733A20B5
:10D040004F544120424547494E3A20756E737570E2
:10D05000706F727465642070726F746F636F6C2090
:10D0600076657273696F6E2025750025733A204FBF
:10D07000544120424547494E3A20696E76616C69B9
:10D0800064204D4355626F6F7420696D6167652040
:10D0900073697A65202575202863617061636974FE
:10D0A000792025752C20657272202564290025734E
:10D0B0003A204F544120424547494E3A20626F6121
:10D0C0007264206D69736D617463682028676F7482
:10D0D00020272573272C206578706563746564208C
:10D0E00027257327290025733A204F5441204245B4
:10D0F00047494E3A204D4355626F6F7420757064F6
:10D1000061746520696D616765206D757374207544
:10D11000736520666C6173682062617365203000FE
:10D1200025733A204F544120424547494E3A2066E4
:10D130006C61736820646576696365206E6F742026
:10D1400072656164790025733A204F54412042454D
:10D1500047494E3A206661696C656420746F20709F
:10D16000726570617265204D4355626F6F742073F4
:10D1700065636F6E6461727920736C6F74202865CB
:10D18000727220256429004F54413A204D43556264
:10D190006F6F74207365636F6E6461727920736C56
:10D1A0006F7420696D616765206174203078253067
:10D1B0003558202863617061636974792025752072
:10D1C000627974657329004F54413A205375737026
:10D1D000656E64696E672073656E736F7220737518
:10D1E0006273797374656D20666F72204F544120AD
:10D1F000757064617465004F54413A2052656164F2
:10D200007920746F207265636569766520257520C5
:10D21000627974657320282575207061636B65746D
:10D220007329004F544120444154413A206E6F7499
:10D2300020696E20726563656976696E6720737414
:10D24000617465202873746174653D256429002527
:10D25000733A204F544120444154413A2070616355
:10D260006B657420746F6F2073686F72742028254B
:10D270007A75290025733A204F5441204441544186
:10D280003A204D4355626F6F742075706461746508
:10D2900020696D61676520686561646572206973E6
:10D2A000206D697373696E67004F54413A20416C79
:10D2B0006C206461746120726563656976656420C1
:10D2C0002825752062797465732C2025752070617E
:10D2D000636B657473290025733A204F54412056BF
:10D2E00045524946593A206E6F7420616C6C206437
:10D2F00061746120726563656976656420282575AF
:10D300002F257520627974657329004F54413A20A6
:10D31000566572696679696E672043524333322ECF
:10D320002E2E0025733A204F54413A20466C6173EB
:10D33000682072656164206661696C65642061744F
:10D3400020307825303558202865727220256429D0
:10D350000025733A204F5441205645524946593AC8
:10D36000204352433332206D69736D6174636820CA
:10D370002863616C63756C61746564203078253056
:10D3800038582C2065787065637465642030782582
:10D3900030385829004F54413A2043524333322009
:10D3A0007665726966696564204F4B202830782560
:10D3B000303858290025733A204F544120414354B6
:10D3C00049564154453A206669726D77617265200D
:10D3D0006E6F74207665726966696564004F5441AA
:10D3E0003A2041637469766174696E67206E65776F
:10D3F000206669726D776172652E2E2E0025733A54
:10D40000204F54412041435449564154453A2066E7
:10D4100061696C656420746F207570646174652047
:10D42000626F6F746C6F6164657220736574746988
:10D430006E6773202865727220256429004F54415D
:10D440003A2041637469766174696F6E20636F6D11
:10D45000706C6574652C207265626F6F74696E679D
:10D4600020696E203530306D732E2E2E004F5441C2
:10D470003A2041626F757420746F2061637469761D
:10D480006174652073746167656420696D616765A7
:10D49000004F54413A20556E6B6E6F776E2070616D
:10D4A000636B65742074797065203078253032584C
:10D4B0000025733A204F54413A2054696D65642029
:10D4C0006F7574206166746572202564206D732009
:10D4D00077697468206E6F2064617461004F5441F5
:10D4E0002073757070726573732074696D656F75E4
:10D4F000742C206175746F2D756E73757070726504
:10D500007373696E67004461746120636F6C6C654E
:10D510006374696F6E206175746F2D73746F7070B2
:10D5200065642028636F6E6E656374696F6E206535
:10D5300072726F7220666F72203630732900574501
:10D5400053545F544F504449522F7A657068797232
:10D550002F6C69622F7574696C732F6F6E6F6666BE
:10D560002E630050616972696E6700446576696375
:10D570006520616464726573733A20253031326CC2
:10D580006C5800436865636B73756D3A20253032C3
:10D59000580050616972696E672074696D656F75B6
:10D5A000742061667465722025646D00496E636F36
:10D5B000727265637420636865636B73756D3A207E
:10D5C000253032580050616972656400547261639D
:10D5D0006B65722049443A20257500526563656980
:10D5E00076657220616464726573733A2025303108
:10D5F000326C6C580054444D4120696E69743A2075
:10D60000736C6F743D25752F25752C206672616DC6
:10D61000653D2575207469636B7320287E25752E02
:10D6200025303175206D73292C207E2575205450AE
:10D63000532F747261636B6572004E6F2072657355
:10D64000706F6E73652066726F6D207265636569B9
:10D6500076657220696E2025646D00556E6B6E6F65
:10D66000776E2072656D6F746520636F6D6D616E8E
:10D67000643A203078253032580050494E472074A3
:10D68000696D656F75742C206661696C7572657360
:10D690003D25750050696E67206661696C7572651D
:10D6A000207468726573686F6C642072656163686A
:10D6B000656420282564206661696C75726573292C
:10D6C0002C207374617274696E672074696D656F64
:10D6D00075742074696D65720062398AF20028FFE2
:10D6E00050B800FEFF29270902B2D600554E4B4E16
:10D6F0004F574E00657865637574696E6720696D74
:10D700006D6564696174656C790077696C6C20651E
:10D7100078656375746520696E20313530306D73BE
:10D720000054582053746174733A207375636365B1
:10D7300073733D2575206661696C65643D257520B0
:10D74000726174653D257525250050696E672066F8
:10D7500061696C65642C20746F74616C206661690A
:10D760006C757265733A2025640025733A20457202
:10D77000726F72207768696C652072656164696E8A
:10D7800067207278207061636B65743A20256400AD
:10D7900049676E6F72696E672070616972696E6742
:10D7A00020726573706F6E736520736F7572636539
:10D7B000642066726F6D206C6F63616C20646576A7
:10D7C000696365206164647265737300504F4E47EE
:10D7D00020435243206D69736D6174636800526524
:10D7E00063656976656420504F4E4720666F7220EE
:10D7F000747261636B657220494420257520286C22
:10D800006F63616C2049442025752900756E73791A
:10D810006E63656420636F756E7465722025752074
:10D82000286578706563746564207E25752C206496
:10D830006966663D2564290052656365697665649D
:10D840002053454E535F53455420646174613A2020
:10D85000252E32662C20252E32662C20252E32666F
:10D860000052656365697665642053454E535F4198
:10D8700055544F20646174613A20617869733D2585
:10D88000752C207265766F6C7574696F6E733D646C
:10D89000656661756C7400526563656976656420C0
:10D8A00053454E535F4155544F20646174613A2093
:10D8B000617869733D25752C207265766F6C75747F
:10D8C000696F6E733D2575004C61726765206F66E8
:10D8D00066736574206A756D702064657465637421
:10D8E000656420282564207469636B73292C207279
:10D8F0006573657474696E6720286F6C643D256478
:10D90000206E65773D2564290052656D6F74652032
:10D91000636F6D6D616E642025732028307825302B
:10D920003258292072656365697665642C206368C6
:10D93000616E6E656C3D25752C2077696C6C206579
:10D9400078656375746520696E2025646D73005277
:10D95000656D6F746520636F6D6D616E64202573F6
:10D960002028307825303258292072656365697621
:10D9700065642C2025730049676E6F72696E67209D
:10D98000696E76616C6964207061796C6F61642086
:10D990006C656E677468202575004572726F723A07
:10D9A00020496E76616C69642073656E7369746971
:10D9B000766974792063616C6962726174696F6EF3
:10D9C00020617869732025752E0A004572726F7286
:10D9D0003A20496E76616C6964207265766F6C7569
:10D9E00074696F6E732025752E2055736520312064
:10D9F000746F2025752E0A0025733A2053656E73C7
:10DA00006F722063616C6962726174696F6E206904
:10DA10007320616C72656164792072756E6E696ED7
:10DA200067004572726F723A2043616C696272617D
:10DA300074696F6E2062757379206F7220706172E5
:10DA4000616D657465727320696E76616C69642EB0
:10DA50000A004779726F2073656E7369746976691D
:10DA60007479206175746F2D63616C696272617481
:10DA7000696F6E2073746172746564206F6E202507
:10DA80006320617869732028257520726576292EB8
:10DA90000A002020312E20486F6C642074686520B5
:10DAA000747261636B6572207374696C6C20756E3F
:10DAB00074696C20746865204C454420666C617301
:10DAC0006865732E0A002020322E205768696C6525
:10DAD00020666C617368696E672C207370696E20B4
:10DAE00069742025752066756C6C207475726E7370
:10DAF0002061626F757420746865202563206178E9
:10DB000069732C207468656E2073746F702E0A0020
:10DB100058595A00457865637574696E6720726557
:10DB20006D6F746520636F6D6D616E643A2053454F
:10DB30004E535F4155544F20617869733D257520E0
:10DB40007265766F6C7574696F6E733D25750074C0
:10DB5000646D61006573625F7468726561645F69BA
:10DB600064006866636C6B006C66636C6B00636C6E
:10DB70006F636B403430303030303030006573626A
:10DB80005F6F74615F666C61736800666C61736877
:10DB90002D636F6E74726F6C6C657240343030310F
:10DBA00065303030006573625F6576656E74006560
:10DBB00073625F6F746100636F6E6E656374696F2B
:10DBC0006E5F7468726561645F696400636F6E6E36
:10DBD000656374696F6E00424D4931363000424DC5
:10DBE0004932373000424D49333233004D50552DC4
:10DBF000363030302F4D50552D36303530004D50A9
:10DC0000552D36353030004D50552D3932353000D8
:10DC100049434D2D32303934380049434D2D34328B
:10DC20003638382D502F49434D2D34323638382D63
:10DC3000560049434D2D34323638362D5000494375
:10DC40004D2D34353638360049434D2D3435363870
:10DC5000382D50004C534D3644534F313649532FD5
:10DC600049534D3333304953004C534D36445333AD
:10DC7000004C534D3644533354522D432F4C534D87
:10DC80003644534C2F4C534D3644534D2F49534D2E
:10DC9000333330444C43004C534D364453522F4998
:10DCA000534D33333044484358004C534D3644535E
:10DCB0004F004C534D36445354004C534D3644534F
:10DCC00056004C534D364453563136422F49534D2E
:10DCD0003333304258004E6F6E6500457146004444
:10DCE0004655004446555F4F5441005345545F43E9
:10DCF00048414E4E454C00434C4541525F434841DC
:10DD00004E4E454C0053454E535F4155544F004FC6
:10DD100054415F5355505052455353004F54415F47
:10DD2000554E535550505245535300203A3300201E
:10DD30003A336300203B3300203B336300207833C9
:10DD400000207833630020583300205833630020CC
:10DD50003E3A3300203E3A336300203E3B330020FE
:10DD60003E3B3363003F002D007E004D6577004D44
:10DD7000657777004D656F77004D656F77206D652E
:10DD80006F77004D72727270004D727266004D7244
:10DD9000656F77004D7272726F77004D727272000C
:10DDA00050757272006D6577006D657777006D65EF
:10DDB0006F77206D656F77006D72727270006D7293
:10DDC0007266006D72656F77006D7272726F7700A8
:10DDD0006D72727200707572720073656E736F721D
:10DDE0005F726571756573745F63616C696272619E
:10DDF00074696F6E5F73656E73006573625F7772CF
:10DE0000697465006573625F73656E645F706169F4
:10DE1000725F73746570006576656E745F68616EBD
:10DE2000646C657200636C6F636B735F73746172B3
:10DE300074006573625F72656D6F74655F636D64B6
:10DE40005F636C6561725F6368616E6E656C0065CF
:10DE500073625F72656D6F74655F636D645F736538
:10DE6000745F6368616E6E656C006573625F6F748A
:10DE7000615F68616E646C655F626567696E0065AD
:10DE800073625F6F74615F68616E646C655F64612B
:10DE90007461006573625F6F74615F666C61736863
:10DEA0005F636F6D707574655F63726333320065B5
:10DEB00073625F6F74615F68616E646C655F7665E5
:10DEC00072696679006573625F6F74615F68616E25
:10DED000646C655F61637469766174650065736223
:10DEE0005F6F74615F636865636B5F74696D656FB5
:10DEF000757400080B00060201090A0A10100000E0
:10DF00000C0F0E000D0D53656E736F722072616EF3
:10DF100067652073746174697374696373206E6FCD
:10DF20007420656E61626C656420696E20636F6E3B
:10DF300066696775726174696F6E2E0A0045727248
:10DF40006F723A204D697373696E672061726775ED
:10DF50006D656E74732E20557365202773656E731F
:10DF6000203C783E2C3C793E2C3C7A3E272C2027C6
:10DF700073656E73206175746F203C787C797C7A50
:10DF80003E205B7265765D272C206F7220277365BB
:10DF90006E73207265736574272E0A006175746F45
:10DFA000004572726F723A20546F6F206D616E7906
:10DFB00020617267756D656E74732E205573653AB6
:10DFC000202773656E73206175746F203C787C79AF
:10DFD0007C7A3E205B7265766F6C7574696F6E73C8
:10DFE0005D272E0A004572726F723A205370656386
:10DFF00069667920612073696E676C652061786954
:10E00000732E205573653A202773656E73206175F2
:10E01000746F203C787C797C7A3E205B7265766FE9
:10E020006C7574696F6E735D272E0A004572726F8E
:10E03000723A20496E76616C696420617869732058
:10E04000272573272E2055736520782C20792C20C6
:10E050006F72207A2E0A004572726F723A20496EF2
:10E0600076616C6964207265766F6C7574696F6E29
:10E070007320272573272E20557365203120746F58
:10E080002025752E0A002C004572726F723A2049C5
:10E090006E76616C696420666F726D61742E2055B6
:10E0A00073653A202773656E73203C783E2C3C796B
:10E0B0003E2C3C7A3E272C202773656E73206175B9
:10E0C000746F203C787C797C7A3E205B7265765D4B
:10E0D000272C206F72202773656E7320726573651D
:10E0E00074272E0A004578616D706C653A2073655F
:10E0F0006E732031302E352C2D322E312C31352EB1
:10E10000300A00496E76616C6964206E756D6265D7
:10E1100072206F6620617267756D656E74730A0098
:10E12000253031366C6C7800496E636F72726563AE
:10E130007420636865636B73756D00496E76616CFE
:10E14000696420616464726573730A005573616762
:10E15000653A20726164696F203C6F6E7C6F666601
:10E160003E0A004578616D706C653A2072616469A1
:10E170006F206F6666202D2073746F7020455342A8
:10E1800020726164696F20666F7220494D55206E60
:10E190006F69736520412F4220746573740A0045CE
:10E1A000534220726164696F2064697361626C65B7
:10E1B000643B2073656E736F72206C6F6F70206BA1
:10E1C000656570732072756E6E696E67202864696C
:10E1D00061676E6F73746963206F6E6C79290A00D2
:10E1E0004572726F723A20455342207265696E69BA
:10E1F0007469616C697A65206661696C65640A009E
:10E2000045534220726164696F207265696E69745A
:10E2100069616C697A65640A00496E76616C69644B
:10E2200020726164696F20617267756D656E743A02
:10E230002025732028757365206F6E2F6F66662901
:10E240000A004572726F723A205468697320626FD7
:10E250006F746C6F6164657220646F6573206E6F9C
:10E260007420737570706F7274206120444655205D
:10E270006D6F646520617267756D656E740A004527
:10E280006E746572696E672044465520626F6F74C4
:10E290006C6F616465722E2E2E0A0054444D41202D
:10E2A000656E61626C65640A0054444D4120646986
:10E2B0007361626C65640A0054444D413A202573D1
:10E2C0000A0054657374206D6F646520656E616229
:10E2D0006C65640A0054657374206D6F6465206416
:10E2E000697361626C65640A0054657374206D6FB4
:10E2F00064653A2025730A004D61672063616C20D4
:10E30000636865636B3A2025642073616D706C658A
:10E31000732C206D696E5F72616E67653D252E32CC
:10E320006620286E65656420252E3266292C2072B1
:10E3300061775F72616E67653D252E336620286EBA
:10E3400065656420252E336629004D616720636171
:10E350006C3A206E656564206D6F726520726F7413
:10E360006174696F6E2C206B656570207475726EB8
:10E37000696E67004D61672063616C20726561643E
:10E38000793A2025642073616D706C65732C206D63
:10E39000696E5F72616E67653D252E3266004D6164
:10E3A000672063616C3A206E6F74207265616479D6
:10E3B000207965742C206B65657020726F746174B0
:10E3C000696E67202825642073616D706C65732900
:10E3D00000436C656172696E672073746F72656467
:10E3E0002063616C6962726174696F6E206461742C
:10E3F0006100436C656172696E6720445F6F666699
:10E4000073657420616C6F6E672077697468205A39
:10E41000524F2063616C6962726174696F6E00496A
:10E420006E76616C6964617465642063616C6962B5
:10E43000726174696F6E0054686520494D55206D96
:10E4400061792062652064616D61676564206F7227
:10E450002063616C6962726174696F6E20776173A9
:10E46000206E6F7420636F6D706C657465642070CE
:10E47000726F7065726C7900574553545F544F50FA
:10E480004449522F7A65706879722F696E636C7592
:10E4900064652F7A65706879722F64726976657227
:10E4A000732F6770696F2E68004E565320696E692E
:10E4B00074206661696C65640A0053746F726167E9
:10E4C0006520706172746974696F6E3A20257520D9
:10E4D00062797465730A00416C6C6F636174656482
:10E4E000204E56533A202575202A202575203D20A0
:10E4F00025752062797465730A0025733A204E569B
:10E5000053206E6F7420696E697469616C697A65F5
:10E5100064004E565320667265653A202564206279
:10E52000797465732C206D6178206974656D3A206B
:10E5300025642062797465730A0056414C49440091
:10E540004E4F5420494E495449414C495A45440084
:10E55000202864656661756C7429004144433A2043
:10E560002564206D560A000A426174746572793A16
:10E57000204E6F6E650A000A426174746572793AC2
:10E5800020252E32662525202852617720252E321F
:10E590006625252C202564206D56290A004C6173C0
:10E5A000742075706461746564004C6173742075C7
:10E5B0007064617465643A204E657665720A000A7B
:10E5C00052656D61696E696E672072756E74696DF2
:10E5D000650046756C6C79206368617267656420BC
:10E5E00072756E74696D65004D696E696D756D202B
:10E5F00072756E74696D65004D696E696D756D201B
:10E6000072756E74696D653A204E6F742061766123
:10E61000696C61626C650A004D6178696D756D2089
:10E6200072756E74696D65004D6178696D756D20E8
:10E6300072756E74696D653A204E6F7420617661F3
:10E64000696C61626C650A000A4C617374206469CC
:10E6500073636861726765206379636C653A20252E
:10E660002E32662525202D3E20252E32662525209A
:10E670002852617720252E32662525202D3E202523
:10E680002E32662525290A004C6173742063796354
:10E690006C652072756E74696D65000A4C617374E7
:10E6A000206379636C653A204E6F742061766169EE
:10E6B0006C61626C650A000A43616C696272617424
:10E6C000696F6E3A20252E30662525202D20252EB7
:10E6D000306625252028252E3066252520636F7677
:10E6E0006572616765290A000A43616C696272613B
:10E6F00074696F6E3A204E6F6E650A004379636CE1
:10E700006520636F756E743A207E252E32660A008E
:10E710000A3D3D3D204261747465727920547261F6
:10E72000636B6572204465627567203D3D3D0A005C
:10E73000547261636B65722073746174653A20254D
:10E74000730A000A52657461696E656420646174BD
:10E75000613A0A0020206D61785F626174746572AD
:10E76000795F707074743A20494E56414C49442088
:10E77000282564290A0020206D61785F6261747425
:10E780006572795F707074743A20252E3266252583
:10E790000A0020206D696E5F626174746572795F32
:10E7A000707074743A20494E56414C4944202825D3
:10E7B00064290A0020206D696E5F6261747465725D
:10E7C000795F707074743A20252E326625250A0010
:10E7D0002020626174746572795F707074745F7305
:10E7E000617665643A20494E56414C4944202825BB
:10E7F00064290A002020626174746572795F707008
:10E8000074745F73617665643A20252E326625251F
:10E810000A002020626174746572795F72756E748B
:10E82000696D655F73756D3A20256C6C7520757325
:10E830000A002020626174746572795F72756E746B
:10E84000696D655F73617665643A20256C6C75202F
:10E8500075730A000A43757272656E74207365736E
:10E8600073696F6E3A0A0020206C6173745F756E75
:10E87000706C75676765645F707074743A20252EDC
:10E88000326625250A00202063757272656E745FFA
:10E89000696E74657276616C5F72756E74696D65B0
:10E8A0003A20256C6C7520757320286E6565642090
:10E8B00035206D696E206163746976652074696DB9
:10E8C00065206D696E290A0020206E6578745F6985
:10E8D0006E74657276616C207472696767657273B5
:10E8E0002061743A20252E32662525202876616C19
:10E8F0006964206966203C3D20252E326625252945
:10E900000A000A496E74657276616C2064617461F4
:10E910002066726F6D204E56533A0A002020496ED1
:10E9200074657276616C2025752028252E30662549
:10E93000252D252E30662525293A20257520637939
:10E94000636C65732C2061766720256C6C7520756F
:10E95000730A0020204E6F20696E74657276616CB8
:10E960002064617461207265636F726465642079EC
:10E9700065740A000A43616C6962726174696F6E42
:10E980002063757276653A0A002020252E306625B0
:10E9900025202D3E20252E3266252525730A0020B0
:10E9A00020284E6F206C6561726E6564206461740E
:10E9B00061207965742C20616C6C206465666175DA
:10E9C0006C7473290A003D3D3D3D3D3D3D3D3D3D5F
:10E9D0003D3D3D3D3D3D3D3D3D3D3D3D3D3D3D3D67
:10E9E0003D3D3D3D0A002573257325730A0055738F
:10E9F0006167653A206368616E6E656C203C312DFD
:10EA00003130303E0A004578616D706C653A2063A4
:10EA100068616E6E656C203235202D205365742040
:10EA20005246206368616E6E656C20746F203235CB
:10EA30000A00496E76616C6964206368616E6E6578
:10EA40006C2E204D7573742062652061206E756D8B
:10EA5000626572206265747765656E203120616E33
:10EA600064203130302E0A0053657474696E67205B
:10EA70005246206368616E6E656C20746F20256459
:10EA80000A005246206368616E6E656C2073617681
:10EA9000656420746F204E56533A2025750A004550
:10EAA0005342207265696E697469616C697A656444
:10EAB0002077697468206368616E6E656C202575C7
:10EAC0000A00436C656172696E6720524620636874
:10EAD000616E6E656C2073657474696E6720287250
:10EAE0006573746F72652064656661756C74290A5C
:10EAF000005246206368616E6E656C20636C6561D0
:10EB00007265642C2077696C6C2075736520646570
:10EB10006661756C74206F6E206E65787420626F0C
:10EB20006F740A00455342207265696E69746961A9
:10EB30006C697A65642077697468206465666175BC
:10EB40006C74206368616E6E656C0A00496E766154
:10EB50006C6964206475726174696F6E2028312D50
:10EB6000363073292E205573696E6720646566619F
:10EB7000756C742031207365636F6E64732E0A00A8
:10EB80004465627567206D6F64652073746172748B
:10EB9000656420666F72202575207365636F6E64EF
:10EBA000732028616363656C204F44523A20252E00
:10EBB0003166487A2C206F7574707574206576659F
:10EBC00072792025752073616D706C65732900431F
:10EBD000616C6962726174696E67206D61696E2033
:10EBE000616363656C65726F6D6574657220362D47
:10EBF00073696465206F666673657400526573742B
:10EC00002074686520646576696365206F6E206195
:10EC100020737461626C6520737572666163650050
:10EC20005374617274696E67204D756C74692D50F0
:10EC30006F736974696F6E2043616C69627261748D
:10EC4000696F6E20285461726765743A20256420CC
:10EC5000706F7365732900506C6561736520726F06
:10EC6000746174652064657669636520746F2072D1
:10EC7000616E646F6D206F7269656E746174696F27
:10EC80006E7320616E6420686F6C64207374696CAD
:10EC90006C2E0054696D656F75743A204E6F206E4E
:10ECA000657720706F73652064657465637465644F
:10ECB00020666F72202564207365636F6E64730035
:10ECC000436170747572696E6720706F736520257B
:10ECD000642F25642E2E2E004D6F74696F6E206494
:10ECE0006574656374656420647572696E6720631A
:10ECF0006170747572652C207265747279696E67C3
:10ED00002E2E2E00506F736520256420736176656A
:10ED100064210043616C63756C6174696E67206384
:10ED2000616C6962726174696F6E206D6174726981
:10ED3000782E2E2E0043616C6962726174696F6E69
:10ED40002063616C63756C6174696F6E20636F6DB5
:10ED5000706C6574652E0043616C696272617469E0
:10ED60006F6E2074696D656F75742061667465726D
:10ED700020256420706F73657320286D696E696D3E
:10ED8000756D3A2025642900417474656D7074694D
:10ED90006E67207061727469616C2063616C696276
:10EDA000726174696F6E20776974682025642070C1
:10EDB0006F7365732E2E2E0025733A20496E73757E
:10EDC0006666696369656E7420706F73657320662B
:10EDD0006F722063616C6962726174696F6E2C205E
:10EDE00064697363617264696E6720646174610051
:10EDF000416363656C65726F6D65746572206D61EA
:10EE0000747269783A00252E356620252E356620E5
:10EE1000252E356620252E356600526573746F7277
:10EE2000696E672070726576696F75732063616CB7
:10EE30006962726174696F6E004170706C79696E9D
:10EE4000672063616C6962726174696F6E00466904
:10EE50006E69736865642063616C6962726174696C
:10EE60006F6E0054797065202768656C7027207478
:10EE70006F2073686F7720617661696C61626C6581
:10EE800020636F6D6D616E64732E0A00546F6F2086
:10EE90006D616E7920706172616D65746572732049
:10EEA000286D6178202575290A00556E6B6E6F7785
:10EEB0006E20636F6D6D616E640A006C6F776572B2
:10EEC00000757070657200726973696E67006661C3
:10EED0006C6C696E670043616C6962726174696E23
:10EEE00067206D61696E20616363656C65726F6D2B
:10EEF0006574657220616E64206779726F73636FE9
:10EF00007065207A65726F2072617465206F666625
:10EF10007365740053757370656E64696E672073F2
:10EF2000656E736F72207468726561640052756EED
:10EF30006E696E6720424D4932373020636F6D70C5
:10EF40006F6E656E742072657472696D6D696E673F
:10EF500000457865637574696F6E207374617475AC
:10EF6000733A20307825303258004D6F74696F6ED7
:10EF700020646574656374656420647572696E6786
:10EF800020435254004761696E3A20307825303270
:10EF9000582C203078253032582C203078253032CB
:10EFA000580025733A20436F6D6D756E6963617407
:10EFB000696F6E206572726F7200526573756D694C
:10EFC0006E672073656E736F72207468726561641A
:10EFD00000494D55207370656369666963206361FC
:10EFE0006C6962726174696F6E20776173206E6FF5
:10EFF0007420636F6D706C657465642070726F70DF
:10F0000065726C790046696E697368656420494D64
:10F01000552073706563696669632063616C69621A
:10F02000726174696F6E0052656164696E67206415
:10F03000617461004D6F74696F6E206465746563FF
:10F040007465640043616C6962726174696F6E20FB
:10F0500073616D706C696E67206661696C656420B0
:10F060002874696D656F7574206F7220696E737591
:10F070006666696369656E742073616D706C657333
:10F08000290054656D706572617475726520696ED2
:10F0900073746162696C6974792064657465637402
:10F0A00065640043616C6962726174696F6E2066A9
:10F0B00061696C65643A202564004779726F7363F7
:10F0C0006F706520626961733A20252E35662025B0
:10F0D0002E356620252E356600542D43616C206147
:10F0E00075746F2D63616C6962726174696F6E20F3
:10F0F000656E61626C65643A20736176696E672043
:10F10000746F207463616C2064617461206F6E6C35
:10F11000792C206E6F74207570646174696E67203D
:10F120006779726F206269617300542D43616C3A94
:10F1300020457863656C6C656E7420636F766572CC
:10F1400061676520617420252E3266432028636C38
:10F150006F736573743A20252E32664320617761A0
:10F16000792C2077697468696E2073616D706C69A1
:10F170006E6720696E74657276616C2900542D4348
:10F18000616C3A20436F76657261676520696E73C2
:10F19000756666696369656E7420617420252E3218
:10F1A000664320286D697373696E6720257320623A
:10F1B0006F756E642C20636C6F736573743A2025D1
:10F1C0002E3266432900542D43616C3A20436F76FA
:10F1D000657261676520696E7375666669636965E6
:10F1E0006E7420617420252E3266432028636C6F74
:10F1F000736573743A20252E326643203E2074686E
:10F20000726573686F6C643A20252E32664329005C
:10F21000542D43616C3A20436F76657261676520B7
:10F2200073756666696369656E7420617420252E46
:10F230003266432C20736B697070696E6720706F43
:10F24000696E74207361766500542D43616C3A20B9
:10F25000536176696E672063616C6962726174697B
:10F260006F6E20706F696E742061742061766572B4
:10F270006167652074656D7020252E3266432028F5
:10F2800072616E67653A20252E3266432900542D3F
:10F2900043616C3A20426C656E64696E67207769E1
:10F2A0007468206578697374696E6720706F696E21
:10F2B0007420286469723A2025732C20616C706870
:10F2C000613A20252E32662900542D43616C3A2084
:10F2D000426C656E64656420626961733A20252E14
:10F2E000356620252E356620252E356600542D43A3
:10F2F000616C3A2054656D70657261747572652039
:10F30000252E326643206973206F757473696465B6
:10F310002074686520636F6E666967757265642026
:10F3200063616C6962726174696F6E2072616E678D
:10F33000652E20506F696E74206E6F742073617635
:10F3400065642E00536176696E67206779726F205D
:10F350006269617320746F204E5653202861757462
:10F360006F207463616C206E6F7420656E61626CD7
:10F370006564290025733A204779726F73636F7053
:10F380006520776169742074696D6564206F757498
:10F390000025733A20416E6F746865722063616C5A
:10F3A0006962726174696F6E2069732072756E6E26
:10F3B000696E672E2043616E6E6F7420636C6561A9
:10F3C0007220542D43616C20646174612E0045727B
:10F3D000726F723A20416E6F746865722063616C5F
:10F3E0006962726174696F6E2069732072756E6EE6
:10F3F000696E672E0A00436C656172696E672061F1
:10F400006C6C206D616E75616C20542D43616C20B5
:10F41000646174612E00436C656172696E6720449B
:10F420005F6F666673657420616C6F6E67207769C5
:10F43000746820542D43616C206461746100416CD8
:10F440006C2074656D70657261747572652063619E
:10F450006C6962726174696F6E20646174612061AD
:10F460006E6420445F6F66667365742068617665BC
:10F47000206265656E20636C65617265642E0A00AA
:10F48000656E61626C6564202864656661756C7484
:10F49000206F6E2900596573004E6F00556E6B6EBC
:10F4A0006F776E00474F4F44202D2053756974616C
:10F4B000626C6520666F7220626F6F742063616C8E
:10F4C0006962726174696F6E20284D4C532900493E
:10F4D0004E53554646494349454E54202D204E65CE
:10F4E0006564206D6F72652063616C69627261741E
:10F4F000696F6E20706F696E7473004661696C6528
:10F50000642F536B6970706564004E6F7420796569
:10F510007400796573006E6F004572726F723A20E5
:10F520004D697373696E6720617267756D656E747E
:10F530002E205573653A207463616C203C6F6E7C9D
:10F540006F66667C7374617475737C636C656172DD
:10F550007C64756D707C746573742074656D707CEB
:10F5600072656D6F766520696E6465787C63686529
:10F57000636B7C6175746F206F6E7C6175746F2036
:10F580006F66667C626F6F74205B6F6E7C6F666601
:10F590005D3E0A00542D43616C20636F6D70656E93
:10F5A000736174696F6E20656E61626C65640A00D8
:10F5B000542D43616C20636F6D70656E7361746967
:10F5C0006F6E2064697361626C656420287573696D
:10F5D0006E6720737461746963206779726F20624B
:10F5E000696173290A0054656D7065726174757282
:10F5F000652043616C6962726174696F6E20537437
:10F600006174757320284D4C53293A0A0020202D2F
:10F6100020436F6D70656E736174696F6E20666CE8
:10F6200061673A2025730A0020202D204163746908
:10F630007665206170706C793A2025730020286E01
:10F64000656564203E3D20256420706F696E74738B
:10F6500020666F72206375727665290A0020202D5E
:10F66000204D4C5320617661696C61626C653A2073
:10F6700025730A0020202D20506F696E747320635B
:10F680006F6C6C65637465643A202575202F2025A6
:10F69000640A0020202D204C55542076616C69644A
:10F6A0003A2025732C2073746174653A2025732CDD
:10F6B00020656E74726965733A2025642F25640A8B
:10F6C0000020202D2043616C6962726174656420A2
:10F6D00074656D702072616E67653A20252E326602
:10F6E0004320746F20252E3266430A0020202D20EF
:10F6F00043616C6962726174696F6E207175616CCF
:10F700006974793A2025730A000A426F6F742F5288
:10F71000756E74696D652043616C696272617469AC
:10F720006F6E205374617475733A0A0020202D2087
:10F73000445F6F66667365743A205B252E35662CD0
:10F7400020252E35662C20252E35665D20647073AD
:10F750000A0020202D20426F6F742043616C2063CB
:10F760006F6D706C657465643A205965730A00208A
:10F77000202D20445F6F66667365743A204E6F7467
:10F7800020617661696C61626C650A0020202D2021
:10F79000426F6F742043616C20636F6D706C657491
:10F7A00065643A2025730A0020202D204C61737473
:10F7B0002063616C6962726174696F6E2074656D3B
:10F7C000703A20004E2F410A0020202D20437572F0
:10F7D00072656E742074656D703A20252E32664312
:10F7E000002028646966663A20252E3266432C2064
:10F7F0007468726573686F6C643A20252E316643B5
:10F80000290020202D2052756E74696D652043619A
:10F810006C206C6173743A2000256C6C64207365F5
:10F82000636F6E64732061676F0A004E6F74207996
:10F83000657420706572666F726D65640A002020C1
:10F840002D2043757272656E742072657374206426
:10F8500075726174696F6E3A20256C6C64206D73EB
:10F86000202874726967676572206174202564209E
:10F870006D73290A0020202D204269617320747263
:10F8800061636B696E67206D6F64653A20542D4328
:10F89000616C202B20445F6F66667365740A0020DC
:10F8A000202D204269617320747261636B696E67F9
:10F8B000206D6F64653A20537461746963206779C1
:10F8C000726F42696173202B20445F6F66667365B7
:10F8D000740A00542D43616C20636F6D70656E7304
:10F8E0006174696F6E3A202573207C206170706CA2
:10F8F000793D25730A004175746F2D63616C6962EF
:10F90000726174696F6E3A2025730A004572726FD6
:10F91000723A204D697373696E6720617267756D05
:10F92000656E742E205573653A207463616C206196
:10F9300075746F203C6F6E7C6F66663E0A00542DB6
:10F9400043616C206175746F2D63616C69627261D3
:10F9500074696F6E20656E61626C65642E2044650B
:10F96000766963652077696C6C206175746F2D63AF
:10F97000616C696272617465207768656E2072657A
:10F980007374696E672E0A004E6F74653A20536C6B
:10F990006565702074696D656F75742077696C6C2E
:10F9A0002062652070726576656E7465642064758A
:10F9B00072696E67206175746F2D63616C69627224
:10F9C0006174696F6E206D6F64652E0A00542D435B
:10F9D000616C206175746F2D63616C696272617412
:10F9E000696F6E2064697361626C65642E0A0045FC
:10F9F00072726F723A20496E76616C69642061722E
:10FA000067756D656E7420272573272E20557365E5
:10FA10003A207463616C206175746F203C6F6E7C5A
:10FA20006F66663E0A0064756D70004E6F207465E7
:10FA30006D70657261747572652063616C69627264
:10FA40006174696F6E20706F696E7473206861767F
:10FA500065206265656E20636F6C6C6563746564B8
:10FA60002E0A0044756D70696E6720257520636FDE
:10FA70006C6C65637465642074656D706572617427
:10FA80007572652063616C6962726174696F6E2062
:10FA9000706F696E74733A0A002D2D2D2D2D2D2D4A
:10FAA0002D2D2D2D2D2D2D2D2D2D2D2D2D2D2D2D86
:10FAB0002D2D2D2D2D2D2D2D2D2D2D2D2D2D2D2D76
:10FAC0002D2D2D2D2D2D2D2D2D2D2D0A00496E6422
:10FAD0006578207C2054656D7020284329207C2087
:10FAE0004269617320582020207C20426961732084
:10FAF000592020207C2042696173205A2020207CDC
:10FB00000A0020252D3464207C20252D382E3266D5
:10FB1000207C20252D382E3566207C20252D382E62
:10FB20003566207C20252D382E35660A00456E640A
:10FB3000206F662064756D702E20546F74616C2088
:10FB4000706F696E7473207072696E7465643A20A8
:10FB500025750A0072656D6F7665004572726F7269
:10FB60003A204D697373696E6720696E6465782EFB
:10FB7000205573653A207463616C2072656D6F76F1
:10FB800065203C696E6465783E0A004572726F724A
:10FB90003A20496E76616C696420696E64657820EC
:10FBA000272573272E20506C656173652070726F56
:10FBB000766964652061206E756D6265722E0A003B
:10FBC00025733A20416E6F746865722063616C69B9
:10FBD00062726174696F6E2069732072756E6E69EE
:10FBE0006E672E2043616E6E6F742072656D6F7646
:10FBF0006520542D43616C20706F696E742E004532
:10FC000072726F723A20496E6465782025642069AB
:10FC100073206F7574206F662076616C6964207242
:10FC2000616E676520283020746F202564292E0AB4
:10FC30000052656D6F76696E6720542D43616C20AC
:10FC4000706F696E7420617420696E646578202518
:10FC5000642E00506F696E7420617420696E646553
:10FC6000782025642072656D6F7665642E2052655C
:10FC700063616C63756C6174696E67204D4C5320D1
:10FC800073746174652E2E2E0A004E6F20646174A9
:10FC90006120666F756E6420617420696E6465789A
:10FCA0002025642E204E6F7468696E6720746F2063
:10FCB00072656D6F76652E0A007465737400457207
:10FCC000726F723A2043616E6E6F74207265616468
:10FCD0002063757272656E742074656D70657261F3
:10FCE000747572652E20506C656173652073706544
:10FCF000636966792074656D70657261747572658B
:10FD00003A207463616C2074657374203C74656D73
:10FD1000703E0A004572726F723A20496E76616CCD
:10FD200069642074656D70657261747572652027F1
:10FD30002573272E205573653A207463616C2074F7
:10FD4000657374203C74656D703E0A004578616D82
:10FD5000706C653A207463616C2074657374203232
:10FD6000352E350A004572726F723A2043616E6E0D
:10FD70006F7420726561642063757272656E7420A1
:10FD800074656D70657261747572652E0A004375D5
:10FD90007272656E742074656D70657261747572CF
:10FDA000653A20252E3266430A00436C6F736573F3
:10FDB000742063616C6962726174696F6E20706F28
:10FDC000696E743A20252E32664320286469737464
:10FDD000616E63653A20252E326643290A00436F1F
:10FDE0006E666967757265642073616D706C696EAB
:10FDF0006720696E74657276616C3A20252E3266D2
:10FE0000430A005374617475733A204E4545445358
:10FE10002063616C6962726174696F6E2028646925
:10FE20007374616E6365203E20696E7465727661DD
:10FE30006C2C206175746F2D63616C206D6179206D
:10FE400074726967676572290A0053746174757307
:10FE50003A2043616C6962726174696F6E207375D8
:10FE60006666696369656E74202877697468696E6F
:10FE70002073616D706C696E6720696E746572764F
:10FE8000616C290A005374617475733A204E6F20B7
:10FE900063616C6962726174696F6E206461746120
:10FEA00020617661696C61626C6520286175746F90
:10FEB0002D63616C2077696C6C207472696767656B
:10FEC00072290A00426F6F742043616C696272612B
:10FED00074696F6E205374617475733A0A00202040
:10FEE000456E61626C65643A2025730A00202043E8
:10FEF0006F6D706C657465643A2025730A0020206C
:10FF0000417474656D7074733A2025750A00202061
:10FF1000445F6F66667365742076616C69643A202D
:10FF200025730A002020445F6F66667365743A206B
:10FF30005B252E35662C20252E35662C20252E356A
:10FF4000665D206470730A000A55736167653A2024
:10FF50007463616C20626F6F74203C6F6E7C6F669F
:10FF6000663E0A00426F6F742063616C6962726161
:10FF700074696F6E20656E61626C65642E205769CE
:10FF80006C6C2063616C696272617465206F6E20B5
:10FF90006E65787420626F6F742E0A00426F6F7402
:10FFA0002063616C6962726174696F6E2064697349
:10FFB00061626C65642E0A004572726F723A204964
:10FFC0006E76616C696420617267756D656E742010
:10FFD000272573272E205573653A207463616C20A2
:10FFE000626F6F74203C6F6E7C6F66663E0A0045E0
:10FFF00072726F723A20496E76616C696420617228
:020000040005F5
:1000000067756D656E7420272573272E20557365DF
:100010003A203C7374617475737C636C6561727CA7
:1000200064756D707C746573742074656D707C721A
:10003000656D6F766520696E6465787C636865635D
:100040006B7C6175746F206F6E7C6175746F206F4F
:1000500066667C626F6F74206F6E7C626F6F742057
:100060006F66663E0A004572726F723A20496E767C
:10007000616C696420636861726163746572732086
:10008000616674657220696E646578202725732720
:100090002E0A004D61676E65746F6D657465722020
:1000A00063616C6962726174696F6E2072657175EB
:1000B0006573746564004F6E6C696E65206D616771
:1000C0002063616C6962726174696F6E20616C7229
:1000D00065616479202573004F6E6C696E65206DD3
:1000E00061672063616C6962726174696F6E20255B
:1000F00073202870657273697374656429004D619B
:10010000676E65746F6D657465723A2025730A00B9
:1001100048617264776172653A2025730A00436111
:100120006C6962726174696F6E3A20257320286E63
:100130006F726D5F63763D252E3366290A00436139
:100140006C6962726174696F6E3A2025730A0045AA
:100150006E61626C696E67206D61676E65746F6D4C
:10016000657465720A0044697361626C696E672028
:100170006D61676E65746F6D657465720A006F6E90
:100180006C696E650055736167653A206D61672023
:100190002573203C6F6E7C6F66663E0A004F6E6C66
:1001A000696E65206D61676E65746F6D65746572EB
:1001B0002063616C6962726174696F6E20656E6143
:1001C000626C65640A004F6E6C696E65206D6167D4
:1001D0006E65746F6D657465722063616C696272BF
:1001E0006174696F6E2064697361626C65640A0092
:1001F0004D61676E65746F6D657465722063616CC7
:100200006962726174696F6E20636C6561726564A6
:100210000A0063616C696272617465004D61676EAA
:1002200065746F6D657465722063616C696272617B
:1002300074696F6E20737461727465640A0055731B
:100240006167653A206D6167205B6F6E7C6F6666E3
:100250007C636C6561727C63616C7C6175746F201A
:100260003C6F6E7C6F66663E5D0A0061636300747E
:1002700063616C0062617400616C6C00526573654F
:100280007474696E67204E565320616E64207265E7
:100290007461696E65642077696C6C20636C65615C
:1002A0007220616C6C2070616972696E672C2073BA
:1002B000656E736F722063616C6962726174696FDD
:1002C0006E20646174612C20616E642062617474BC
:1002D0006572792063616C6962726174696F6E2006
:1002E000646174612E2041726520796F7520737589
:1002F00072653F0A00496E76616C696420617267BD
:10030000756D656E740A00546865206D61676E6571
:10031000746F6D65746572206D617920626520640B
:10032000616D61676564206F722063616C696272E0
:100330006174696F6E20776173206E6F7420636FD4
:100340006D706C657465642070726F7065726C7925
:10035000004F6E6C696E65206D61672063616C3A59
:1003600020636F6E766572676564202863763D252D
:100370002E33662C202564207570646174657329A2
:10038000004F6E6C696E65206D61672063616C3A29
:1003900020736B697070696E67202863763D252E27
:1003A0003366203C20252E33662C206469725F6200
:1003B0006961733D252E33662C2025642075706499
:1003C0006174657329004F6E6C696E65206D61679D
:1003D0002063616C3A204356206F6B206275742055
:1003E0006469725F626961733D252E3366203E3D0C
:1003F00020302E31302C20636F6E74696E75696EFB
:1004000067004F6E6C696E65206D61672063616C7B
:100410003A206E656564206D6F726520726F74613D
:1004200074696F6E20287261775F72616E67653DD7
:10043000252E3366203C20252E33662C2025642073
:10044000726563656E742073616D706C65732900ED
:100450004F6E6C696E65206D61672063616C3A2038
:10046000656E76206368616E676520646574656398
:100470007465642028627566206E6F726D20252E6B
:100480003366202D3E20252E33662C207261746940
:100490006F20252E3266292C20726573657474696D
:1004A0006E672062756666657273004F6E6C696E6A
:1004B00065206D61672063616C3A20636F766572B9
:1004C000616765207261775F72616E67653D252E99
:1004D00033662C206469725F626961733D252E3337
:1004E000662C206E3D2564004F6E6C696E65206D34
:1004F00061672063616C3A20636865636B206661A5
:10050000696C65642028256420726563656E7420BB
:1005100073616D706C65732C206469725F626961D0
:10052000733D252E336629004F6E6C696E65206D14
:1005300061672063616C3A2064697361626C656411
:10054000206265666F7265206170706C792C207313
:100550006B697070696E6720757064617465004FB7
:100560006E6C696E65206D61672063616C3A206214
:100570006C656E642076616C69646174696F6E206D
:100580006661696C65642C20736B697070696E6755
:1005900020757064617465004F6E6C696E65206DC6
:1005A00061672063616C3A206C6F772073696D3DE1
:1005B000252E336620616363657074656420286549
:1005C00061726C7920626F6F747374726170202332
:1005D000256429004F6E6C696E65206D616720632C
:1005E000616C3A2072656A656374696E6720636145
:1005F0006E646964617465202873696D3D252E33CE
:1006000066203C20302E38352C2063757272656E62
:10061000742063763D252E336620697320676F6FE3
:100620006420E2809420706F737369626C65206D42
:1006300069786564206461746129004F6E6C696E2D
:1006400065206D61672063616C3A2072656A65633D
:1006500074696E672063616E6469646174652028E3
:1006600073696D3D252E3366203C20302E38352CA5
:100670002063757272656E742063763D252E336635
:1006800020E2809420696E636F6D706C6574652FD5
:100690006469727479206275666665723F29004FDD
:1006A0006E6C696E65206D61672063616C3A2062D3
:1006B0006C656E64656420282325642C20256420E5
:1006C00073616D706C65732C206469725F6269611F
:1006D000733D252E33662C206375725F63763D254E
:1006E0002E33662C2073696D3D252E336629004F0D
:1006F0006E6C696E65206D61672063616C3A20667F
:10070000697273742063616C6962726174696F6E7F
:100710002028256420726563656E742073616D7096
:100720006C65732C206469725F626961733D252E6C
:10073000336629004F6E6C696E65206D61672063BA
:10074000616C3A206469736361726465642C206330
:10075000616C6962726174696F6E20776173206386
:100760006C656172656420647572696E6720746877
:100770006520666974004F6E6C696E65206D6167F7
:100780002063616C206170706C6965643A004F6E23
:100790006C696E65206D61672063616C696272616E
:1007A00074696F6E3A202573004F6E6C696E652018
:1007B0006D61672072756E74696D65207265737402
:1007C0006F72656420282564207570646174657398
:1007D0002C202575206E6F726D2073616D706C65B5
:1007E000732900542D43616C20636F6D70656E73C7
:1007F0006174696F6E3A202573207C206170706C83
:10080000793D25732028706F696E74733D25752CB2
:10081000206E6565643E3D2564290053656E736FE7
:1008200072206E6F7420696E697469616C697A6593
:10083000643B20736B697070696E672073746172BA
:100840007475702063616C6962726174696F6E2087
:1008500076616C69646174696F6E0025733A205427
:100860002D43616C3A20496E76616C696420706F2B
:10087000696E7420636F756E7420257520286D6114
:1008800078202564292C20726573657474696E67FD
:1008900000542D43616C3A205374617274696E6721
:1008A00020696E6372656D656E74616C204C555481
:1008B000206275696C642061742073746172747550
:1008C00070202863757272656E742074656D703A5D
:1008D00020252E3166C2B0432900542D43616C3A65
:1008E0002043616E6E6F74206275696C64204C5594
:1008F00054202D2074656D70657261747572652069
:100900006E6F7420617661696C61626C6500426F24
:100910006F742043616C3A205374617274696E671E
:1009200020626F6F742063616C6962726174696FB9
:100930006E0025733A20426F6F742043616C3A2039
:10094000496E76616C69642074656D70657261745E
:1009500075726500426F6F742043616C3A20446584
:1009600076696365206E6F742073746174696F6E4D
:1009700061727900426F6F742043616C3A204D615F
:1009800078696D756D20617474656D70747320285D
:1009900025642920726561636865642C2067697627
:1009A000696E6720757000426F6F742043616C3A06
:1009B000205374617274696E672062696173206389
:1009C0006F6C6C656374696F6E2028342D362073EC
:1009D00065636F6E6473292E2E2E00426F6F742034
:1009E00043616C3A204D6F74696F6E206465746565
:1009F0006374656420647572696E6720636F6C6CE4
:100A0000656374696F6E0025733A20426F6F7420BE
:100A100043616C3A2054696D656F7574206475721A
:100A2000696E6720636F6C6C656374696F6E0042FA
:100A30006F6F742043616C3A2054656D706572610C
:100A40007475726520756E737461626C652064756F
:100A500072696E6720636F6C6C656374696F6E009A
:100A6000426F6F742043616C3A20436F6C6C656316
:100A70007465642062696173205B252E35662C20C5
:100A8000252E35662C20252E35665D206174207458
:100A9000656D7020252E326643202872616E676571
:100AA0003A20252E3266432900426F6F742043613D
:100AB0006C3A204D6178696D756D20617474656D57
:100AC00070747320282564292072656163686564E9
:100AD00000426F6F742043616C3A20542D43616C67
:100AE000207175616C69747920696E7375666669C9
:100AF0006369656E742C2074726967676572696ECC
:100B0000672073696E676C652D7369646520636126
:100B10006C6962726174696F6E0025733A20426F6E
:100B20006F742043616C3A204661696C656420747F
:100B30006F2063616C63756C61746520445F6F66E0
:100B40006673657400426F6F742043616C3A204392
:100B50006F6D706C65746564207375636365737322
:100B600066756C6C7920617420252E3266432028CE
:100B7000757074696D653A20256C6C64206D7329FD
:100B80000052756E74696D652043616C3A20537430
:100B9000617274696E6720717569636B207A657222
:100BA0006F20626961732063616C6962726174694C
:100BB0006F6E20287E33207365636F6E6473290027
:100BC00025733A2052756E74696D652043616C3AE5
:100BD00020496E76616C69642074656D7065726120
:100BE000747572650052756E74696D652043616C31
:100BF0003A205374617274696E6720626961732070
:100C0000636F6C6C656374696F6E20282564207354
:100C100065636F6E6473292E2E2E0052756E746993
:100C20006D652043616C3A204D6F74696F6E20646E
:100C30006574656374656420647572696E672063AA
:100C40006F6C6C656374696F6E0025733A20527522
:100C50006E74696D652043616C3A2054696D656FEF
:100C6000757420647572696E6720636F6C6C656360
:100C700074696F6E0052756E74696D652043616CA6
:100C80003A2054656D706572617475726520756E79
:100C9000737461626C6520647572696E6720636F3E
:100CA0006C6C656374696F6E0052756E74696D6506
:100CB0002043616C3A20436F6C6C656374656420FB
:100CC00062696173205B252E35662C20252E3566E2
:100CD0002C20252E35665D2061742074656D702092
:100CE000252E326643202872616E67653A20252ED4
:100CF000326643290052756E74696D652043616CDC
:100D00003A204269617320636F6C6C656374696F2C
:100D10006E206661696C656420286572723A2025D0
:100D200064290025733A2052756E74696D652043FD
:100D3000616C3A204661696C656420746F20636160
:100D40006C63756C61746520445F6F66667365746F
:100D50000052756E74696D652043616C3A20436F73
:100D60006D706C6574656420617420252E32664355
:100D70002C20445F6F6666736574207570646174BF
:100D800065640025733A2053656E736974697669EA
:100D900074792063616C6962726174696F6E3A2064
:100DA000696E76616C696420706172616D657465ED
:100DB0007273004779726F2073656E736974697618
:100DC000697479206175746F2D63616C69627261F9
:100DD00074696F6E206661696C65643A20696E762D
:100DE000616C696420706172616D65746572732EE7
:100DF0000A0053656E73697469766974792063615A
:100E00006C6962726174696F6E3A206178697320EF
:100E100025632C202575207265762028252E3166C5
:100E20002064656720657870656374656429005384
:100E3000656E73697469766974792063616C69623F
:100E4000726174696F6E3A20686F6C6420737469A4
:100E50006C6C0053656E736974697669747920638C
:100E6000616C6962726174696F6E3A207472616359
:100E70006B6572206E6F74207374696C6C2C2061CA
:100E8000626F7274696E67004779726F2073656E66
:100E90007369746976697479206175746F2D636103
:100EA0006C6962726174696F6E206661696C6564F9
:100EB0003A20747261636B657220776173206E6F84
:100EC00074207374696C6C2E0A0053656E736974B8
:100ED00069766974792063616C6962726174696FA3
:100EE0006E3A206779726F2074696D656F75742032
:100EF000647572696E6720626961732C2061626F2C
:100F00007274696E67004779726F2073656E7369DA
:100F1000746976697479206175746F2D63616C6989
:100F200062726174696F6E206661696C65643A20F3
:100F30006779726F2074696D656F75742077686961
:100F40006C65206D6561737572696E672062696199
:100F5000732E0A0053656E7369746976697479201B
:100F600063616C6962726174696F6E3A206E6F20A2
:100F7000626961732073616D706C65732C206162AE
:100F80006F7274696E67004779726F2073656E7354
:100F900069746976697479206175746F2D63616C09
:100FA0006962726174696F6E206661696C65643A2A
:100FB000206E6F20626961732073616D706C657360
:100FC0002E0A0053656E73697469766974792063BB
:100FD000616C6962726174696F6E3A2062696173F3
:100FE00020252E346620252E346620252E346620BA
:100FF0006470730053656E736974697669747920DF
:1010000063616C6962726174696F6E3A20737069B2
:101010006E2074686520747261636B657220616212
:101020006F7574207468652025632061786973206A
:101030006E6F770053656E73697469766974792091
:1010400063616C6962726174696F6E3A206E6F20C1
:101050007370696E2064657465637465642C2061C7
:10106000626F7274696E67004779726F2073656E84
:101070007369746976697479206175746F2D636121
:101080006C6962726174696F6E206661696C656417
:101090003A206E6F207370696E20646574656374A6
:1010A00065642E0A0053656E736974697669747994
:1010B0002063616C6962726174696F6E3A20726557
:1010C000636F7264696E670053656E7369746976E5
:1010D0006974792063616C6962726174696F6E3AD8
:1010E000206779726F2074696D656F7574206475FF
:1010F00072696E67207370696E2C2061626F727402
:10110000696E67004779726F2073656E73697469E1
:1011100076697479206175746F2D63616C69627290
:101120006174696F6E206661696C65643A206779E5
:10113000726F2074696D656F757420647572696E65
:1011400067207370696E2E0A0053656E7369746947
:10115000766974792063616C6962726174696F6E1B
:101160003A207370696E20646964206E6F74206326
:101170006F6D706C65746520696E2074696D652C87
:101180002061626F7274696E67004779726F2073B5
:10119000656E7369746976697479206175746F2DF1
:1011A00063616C6962726174696F6E206661696CFB
:1011B00065643A207370696E20646964206E6F7490
:1011C00020636F6D706C65746520696E2074696D45
:1011D000652E0A0053656E736974697669747920A7
:1011E00063616C6962726174696F6E3A206D6561EA
:1011F000737572656420616E676C6520746F6F2013
:10120000736D616C6C2C2061626F7274696E670023
:101210004779726F2073656E736974697669747942
:10122000206175746F2D63616C6962726174696F9E
:101230006E206661696C65643A206D6561737572D4
:10124000656420616E676C6520746F6F20736D61DB
:101250006C6C2E0A0053656E7369746976697479D3
:101260002063616C6962726174696F6E3A206D65AA
:1012700061737572656420252E3266206465672C63
:1012800020657870656374656420252E326620645D
:1012900065672C206F7665722D726F746174696F4B
:1012A0006E20252E3266206465672C206F66662DC1
:1012B0006178697320252E33660053656E736974F7
:1012C00069766974792063616C6962726174696FAF
:1012D0006E3A20636F6D7075746564207363616C22
:1012E0006520252E35660053656E736974697669CD
:1012F00074792063616C6962726174696F6E3A20FF
:10130000636F6D7075746564206E6F6E2D66696EA7
:10131000697465207363616C652C206E6F74206145
:1013200070706C696564004779726F2073656E73C5
:1013300069746976697479206175746F2D63616C65
:101340006962726174696F6E2072656A6563746543
:10135000643A20696E76616C6964207363616C65C0
:101360002E204E6F7468696E672073617665642EF7
:101370000A0053656E7369746976697479206361D4
:101380006C6962726174696F6E3A206F66662D6176
:1013900078697320726174696F20252E336620612D
:1013A000626F766520252E33662C206E6F74206167
:1013B00070706C696564004779726F2073656E7335
:1013C00069746976697479206175746F2D63616CD5
:1013D0006962726174696F6E2072656A65637465B3
:1013E000643A20746F6F206D756368206F66662D98
:1013F00061786973206D6F74696F6E2028252E32B5
:1014000066203E20252E3266292E204E6F74686994
:101410006E672073617665642E0A0053656E73698A
:101420007469766974792063616C69627261746948
:101430006F6E3A207363616C6520252E3566206FD0
:101440007574206F662072616E6765205B252E3291
:10145000662C20252E32665D2C206E6F7420617004
:10146000706C696564004779726F2073656E73698B
:10147000746976697479206175746F2D63616C6924
:1014800062726174696F6E2072656A656374656407
:101490003A206D6561737572656420252E32662071
:1014A00064656720666F7220252E3266206465674A
:1014B0002C207363616C6520252E3566206F757452
:1014C0007369646520252E32662E2E252E32662EF7
:1014D000204571756976616C656E742073656E73F5
:1014E0002064696666206F766572202575207265B6
:1014F000763A20252E3366206465672E204E6F7461
:1015000068696E672073617665642E0A0053656EA4
:1015100073697469766974792063616C6962726158
:1015200074696F6E3A206178697320256320736354
:10153000616C652073657420746F20252E356600FC
:101540004779726F2073656E73697469766974790F
:10155000206175746F2D63616C6962726174696F6B
:101560006E2073617665643A206178697320256323
:101570002C207363616C6520252E35662C206571E7
:10158000756976616C656E742073656E732064692D
:101590006666206F766572202575207265763A2022
:1015A000252E3366206465672C206F66662D617872
:1015B000697320252E32662E204178697320616C74
:1015C00069676E6D656E7420776173206C6F6F73E1
:1015D000653B20726570656174696E67206D617925
:1015E00020696D70726F76652061636375726163E7
:1015F000792E0A004779726F2073656E736974697A
:1016000076697479206175746F2D63616C6962729B
:101610006174696F6E2073617665643A20617869E0
:10162000732025632C207363616C6520252E35663D
:101630002C206571756976616C656E742073656EBA
:10164000732064696666206F766572202575207246
:1016500065763A20252E3366206465672C206F66F8
:10166000662D6178697320252E32662E0A004D6141
:10167000676E65746F6D657465722063616C696215
:10168000726174696F6E3A206964656E7469667917
:1016900020747261636B6572004D61676E65746F73
:1016A0006D657465722063616C6962726174696FE3
:1016B0006E20737461727465642028726F74617433
:1016C0006520747261636B657220696E20616C6C59
:1016D000206F7269656E746174696F6E732900257D
:1016E000733A204D61676E65746F6D657465722025
:1016F000776169742074696D6564206F7574004D3D
:1017000061672063616C3A2025642073616D706CA1
:10171000657320636F6C6C65637465640043616C12
:101720006962726174696E67206D61676E65746F5E
:101730006D6574657220686172642F736F667420C2
:1017400069726F6E206F6666736574004D61676EB7
:1017500065746F6D65746572206D61747269783A35
:1017600000542D43616C204C55543A204261636B08
:1017700067726F756E64206275696C6420636F6D4B
:10178000706C657465202825642F256420656E744F
:1017900072696573290063616C5F6F6E6C696E6559
:1017A0005F6D61670063616C5F7463616C5F72752C
:1017B0006E74696D650063616C5F73656E73006361
:1017C000616C6962726174696F6E5F746872656181
:1017D000645F69640063616C5F73616D706C650068
:1017E00063616C5F6D61670063616C5F696D75005B
:1017F000636F6E736F6C655F7468726561645F6957
:10180000640073656E736F720066735F6E7673004B
:101810007561727440343030303230303000686579
:101820006C7000757074696D650073687574646FB1
:10183000776E00362D7369646500706169720063AC
:101840006C6561726368616E6E656C00726164697B
:101850006F0064656275670072616E676500496458
:101860006C65004275696C64696E67207072696F9F
:1018700072697479207A6F6E65004261636B67727A
:101880006F756E64206275696C6400436F6D706C77
:101890006574650073656E736F725F7463616C5F0E
:1018A000636C6561720073656E736F725F626F6FF8
:1018B000745F626961735F636F6C6C6563740073FE
:1018C000656E736F725F706572666F726D5F626F67
:1018D0006F745F63616C6962726174696F6E0073CB
:1018E000656E736F725F72756E74696D655F626944
:1018F00061735F636F6C6C6563740073656E736FA7
:10190000725F706572666F726D5F72756E74696D0D
:10191000655F63616C6962726174696F6E007365A3
:101920006E736F725F63616C6962726174655F731D
:10193000656E730073656E736F725F776169745F54
:101940006D61670063616C6962726174696F6E5F7B
:101950007468726561640073656E736F725F636152
:101960006C6962726174696F6E5F726571756573BF
:10197000740073656E736F725F72657175657374F1
:101980005F63616C6962726174696F6E5F6D6167DC
:101990000073656E736F725F776169745F677972E8
:1019A0006F0073656E736F725F63616C6962726101
:1019B00074655F365F7369646500626D695F637249
:1019C00074006E76735F63616C635F667265655FFA
:1019D00073706163650073656E736F725F746361CA
:1019E0006C5F72656D6F76655F706F696E740053C2
:1019F00063616E6E696E6720535049206275732073
:101A0000666F7220494D550073656E736F725F7318
:101A100063616E207761697420666F7220707269ED
:101A20006F72207363616E2074696D6564206F75D9
:101A300074004D61676E65746F6D657465722065C5
:101A40006E61626C656420627574206E6F207661D1
:101A50006C696420616464726573732C2077696CAF
:101A60006C2073656172636800494D552061646440
:101A7000726573733A203078253032582C207265A5
:101A80006769737465723A20307825303258004D9A
:101A900061676E65746F6D657465722061646472F0
:101AA0006573733A203078253032582C2072656780
:101AB00069737465723A2030782530325800536566
:101AC0006E736F7220636C6F636B20656E61626C06
:101AD00065643A20252E3266487A00526574727920
:101AE000696E672073656E736F72206465746563D9
:101AF00074696F6E00466F756E6420756E6B6E6FE5
:101B0000776E206465766963650025733A204E6FB1
:101B100020494D5520646574656374656400466FA3
:101B2000756E642025730025733A20494D55206E4B
:101B30006F7420737570706F7274656400536361A5
:101B40006E6E696E672062757320666F72206D61BC
:101B5000676E65746F6D65746572207468726F75F9
:101B6000676820494D55204932434D0025733A207E
:101B70005363616E6E696E6720616464726573732E
:101B80003A203078253032580025733A205363616B
:101B90006E6E696E672072656769737465723A204C
:101BA0003078253032580025733A20506F776572AF
:101BB00020757020424D4D3135300025733A20524A
:101BC0006561642076616C75653A20307825303225
:101BD000580025733A20536B697070696E672062F4
:101BE00075732069646C652076616C75652030784A
:101BF00025303258206174206164647265737320EB
:101C00003078253032580047686F737420646576E9
:101C1000696365206174203078253032583A20722B
:101C200065672030782530325820616E6420307826
:101C30002530325820626F74682072657475726E38
:101C4000203078253032582C206C696B656C7920F7
:101C50007374616C652064617461005665726966B5
:101C600079206661696C6564206174203078253064
:101C70003258207265672030782530325820286528
:101C800078706563746564203078253032582C2074
:101C9000676F74203078253032582C20657272209E
:101CA0002564290056616C69642064657669636502
:101CB00020666F756E642061742061646472657360
:101CC000733A20307825303258202872656769735E
:101CD0007465723A203078253032582C2076616C49
:101CE00075653A2030782530325829004E6F2064CF
:101CF000657669636520666F756E64206174206126
:101D00006464726573733A20307825303258002548
:101D1000733A20556E737570706F72746564206DC0
:101D2000696E696D756D20627572737420257520FA
:101D30003E2065787465726E616C20726561642006
:101D40007769647468202575004D61676E65746FEE
:101D50006D657465722062757273742025752065D7
:101D6000786365656473204932434D2077696474F4
:101D7000682025753B207573696E67207365676DF4
:101D8000656E7465642065787465726E616C20722E
:101D9000656164730025733A20494D55206D757354
:101DA0007420636F6E666967757265206578746507
:101DB000726E616C20696E74657266616365206223
:101DC00065666F7265207265676973746572696EA6
:101DD00067206D61676E65746F6D6574657200254F
:101DE000733A2045787465726E616C20696E746513
:101DF0007266616365206E6F742075736564206F11
:101E0000766572204932430025733A20494D5520AA
:101E10006D7573742062652072656769737465728D
:101E20006564206265666F726520726567697374A8
:101E30006572696E67206D61676E65746F6D65743C
:101E400065720025733A204661696C656420746F81
:101E5000207265676973746572206D61676E657461
:101E60006F6D657465722065787465726E616C2043
:101E7000696E74657266616365004E6F206D61679F
:101E80006E65746F6D6574657220646574656374E6
:101E900065640025733A204D61676E65746F6D65EA
:101EA000746572206E6F7420737570706F727465D4
:101EB00064004D61676E65746F6D65746572206551
:101EC0006E61626C656420696E2073657474696EFE
:101ED000677320627574206E6F2068617264776129
:101EE0007265206465746563746564004D61676E36
:101EF00065746F6D657465723A202573202861766C
:101F000061696C61626C653A202573290025733A1A
:101F100020542D43616C204D4C533A204E6F20636A
:101F2000616C6962726174696F6E206461746120B2
:101F3000617661696C61626C65007A726F2D6661B1
:101F40006C6C6261636B0064697361626C65642DC3
:101F50007A726F00542D43616C204175746F2D634C
:101F6000616C6962726174696F6E20257300542D13
:101F700043616C3A205175616C69747920636865BE
:101F8000636B20706173736564202D20256420705D
:101F90006F696E7473207769746820776569676804
:101FA0007420617420252E326643202872616E678A
:101FB000653A205B252E3266432C20252E3266435F
:101FC0005D2900426F6F742043616C3A20536B6946
:101FD0007070696E6720445F6F6666736574206316
:101FE000616C63756C6174696F6E202D20696E730E
:101FF000756666696369656E7420542D43616C2053
:102000007175616C69747900426F6F742043616C03
:102010003A204F6E6C792025752063616C6962727D
:102020006174696F6E20706F696E742873292C203B
:102030006E656564206D6F7265207468616E203412
:1020400020666F722072656C6961626C65206F66D4
:102050006673657400426F6F742043616C3A20436D
:10206000757272656E742074656D7020252E3266EF
:1020700043206F7574736964652063616C69627273
:10208000617465642072616E6765205B252E32661F
:10209000432C20252E3266435D00445F6F666673D5
:1020A00065743A205573696E67204D4C53206D65F9
:1020B00074686F6400445F6F66667365743A2042AB
:1020C0006173656C696E652028257329205B252E58
:1020D00035662C20252E35662C20252E35665D2074
:1020E00061742074656D7020252E326643004D4C5E
:1020F000530025733A20445F6F66667365743A2017
:102100004661696C656420746F2063616C63756CF3
:1021100061746520637572766520626961732064FD
:102120006573706974652070617373696E6720717F
:1021300075616C69747920636865636B00445F6FD7
:1021400066667365743A2043616C63756C6174658F
:1021500064205B252E35662C20252E35662C202507
:102160002E35665D202873746F72656420696E2059
:1021700072657461696E6564206D656D6F72792931
:1021800000426F6F742043616C3A2054696D652082
:1021900077696E646F77206578706972656420284E
:1021A000757074696D653A20256C6C64206D7329B7
:1021B0002C20676976696E6720757000426F6F74B6
:1021C0002043616C3A2057696C6C2075736520540C
:1021D0002D43616C20646174612028257520706F27
:1021E000696E74732920666F7220445F6F66667330
:1021F00065742063616C63756C6174696F6E004215
:102200006F6F742043616C3A20496E73756666691E
:102210006369656E7420542D43616C20706F696E24
:10222000747320282575203C3D202564292C2073BB
:102230006B697070696E6720626F6F742063616C88
:102240006962726174696F6E00426F6F74204361DE
:102250006C3A204E6F20542D43616C206461746190
:102260002C20736B697070696E6720626F6F7420C9
:1022700063616C6962726174696F6E00426F6F7442
:102280002043616C3A20496E2074696D652077693E
:102290006E646F772028352D333073292C207570AC
:1022A00074696D653A20256C6C64206D732C207701
:1022B000616974696E6720666F72207374617469F6
:1022C0006F6E61727920636F6E646974696F6E2ED0
:1022D0002E2E00426F6F742043616C3A205265715C
:1022E0007565737465642063616C69627261746999
:1022F0006F6E207468726F7567682063616C6962C5
:10230000726174696F6E2074687265616400456EF5
:1023100061626C65640044697361626C656400426B
:102320006F6F742043616C3A20257300542D436114
:102330006C20636F6D70656E736174696F6E206180
:102340006C726561647920257300542D43616C20A3
:10235000636F6D70656E736174696F6E2025732095
:102360002870657273697374656429207C206170BC
:10237000706C793D257300426F6F742043616C3A35
:1023800020537461746520726573657420287769C1
:102390006C6C20726563616C696272617465206F38
:1023A0006E206E65787420626F6F7429004E6F2006
:1023B00063616C6962726174696F6E2064617461DB
:1023C00020617661696C61626C652E0A000A3D3D90
:1023D0003D20542D43616C204D6574686F6420432B
:1023E0006F6D70617269736F6E20617420252E327B
:1023F0006643203D3D3D0A00546F74616C2063616B
:102400006C6962726174696F6E20706F696E74734B
:102410003A2025750A0A0043616C6962726174652D
:10242000642072616E67653A20252E3266432074FF
:102430006F20252E3266430A00546573742074653C
:102440006D7020697320252E3266432042454C4F23
:10245000572063616C696272617465642072616E99
:1024600067650A00546573742074656D7020697324
:1024700020252E3266432041424F56452063616C31
:10248000696272617465642072616E67650A0054E6
:102490006573742074656D702069732057495448C2
:1024A000494E2063616C6962726174656420726177
:1024B0006E67650A004D4C53204D6574686F64204B
:1024C0002862616E6477696474683D252E316643C5
:1024D000293A0A002020426961733A205B252E3593
:1024E000662C20252E35662C20252E35665D206431
:1024F00070730A004D4C53204D6574686F643A2028
:102500004641494C45440A004D4C53204D65746882
:102510006F643A204E6F7420656E6F756768207027
:102520006F696E747320286E656564203E3D2025BA
:1025300064290A0A004164646974696F6E616C20E1
:102540004F6666736574733A0A002020426F6F7499
:102550002063616C20445F6F66667365743A205B2C
:10256000252E35662C20252E35662C20252E356609
:102570005D206470730A0046696E616C2045666672
:1025800065637469766520426961732028617320F0
:102590006170706C69656420746F206779726F2058
:1025A00064617461293A0A00202046616C6C6261A2
:1025B000636B20746F207374617469632062696156
:1025C000733A205B252E35662C20252E35662C206F
:1025D000252E35665D206470730A002020284E6F1A
:1025E0002076616C696420542D43616C206D6574A4
:1025F000686F6420617661696C61626C65290A00AC
:102600002020546F74616C3A205B252E35662C2097
:10261000252E35662C20252E35665D206470730AC4
:102620000020204D6574686F643A2025732028557A
:102630006E69666965642053747261746567793A7E
:10264000204D4C53202D3E20537461746963290A38
:10265000000A3D3D3D20456E64206F6620542D43A9
:10266000616C204D6574686F6420436F6D7061729A
:1026700069736F6E203D3D3D0A0025733A20556E0B
:10268000737570706F727465642065787465726EAE
:10269000616C20726561643A2062757273743D30BA
:1026A0000025733A2044756D6D79207072656669F6
:1026B0007820257520657863656564732065787476
:1026C00065726E616C207265616420627564676515
:1026D000742025750073656E736F725F736875740F
:1026E000646F776E3A2073656E736F7273206E6FCE
:1026F0007420696E697469616C697A65642C2073F1
:102700006B697000456E61626C696E670044697345
:1027100061626C696E67004D61676E65746F6D65AF
:1027200074657220616C7265616479202573004D57
:1027300061676E65746F6D6574657220746F67672D
:102740006C6520626C6F636B65643A206D61672015
:1027500063616C6962726174696F6E20696E20706A
:10276000726F6772657373002573206D61676E65A4
:10277000746F6D657465722C207265626F6F746919
:102780006E67202873656E736F72206E6F7420728F
:1027900065616479292E2E2E004E6F206D61676E63
:1027A00065746F6D657465722068617264776172BB
:1027B000653B2070657273697374696E6720656E1E
:1027C00061626C656420666F72206E657874206249
:1027D0006F6F74002573206D61676E65746F6D6532
:1027E000746572202872756E74696D65292E2E2E9F
:1027F0000025733A204D61676E65746F6D65746571
:102800007220696E6974206661696C65643A20257E
:1028100064004D61676E65746F6D657465722072DA
:102820006174653A20252E3266487A0025733A2075
:102830004D61676E65746F6D6574657220656E615C
:10284000626C65206661696C65643B206C656176CD
:10285000696E672064697361626C6564004D6167CD
:102860006E65746F6D657465722025730020287322
:10287000746172747570203129004649464F2054A6
:1028800048532F574D2F57544D3A20252E3266204E
:102890002D3E202564257300542D43616C204C553A
:1028A000543A204E6F7420656E6F75676820706FA4
:1028B000696E747320282575203C202564292C20FE
:1028C0004C55542064697361626C656400542D43F7
:1028D000616C204C55543A204275696C64696E678E
:1028E000207072696F72697479207A6F6E65205BEF
:1028F00025642D25645D2028252E3166C2B0432035
:10290000746F20252E3166C2B0432900542D4361D7
:102910006C204C55543A205072696F72697479205A
:102920007A6F6E65206275696C7420282564206555
:102930006E74726965732920696E20256C6C642041
:102940006D732C206261636B67726F756E642062B9
:1029500075696C64207374617274656400542D43EE
:10296000616C3A204D4C532073746174652072651C
:1029700066726573686564207769746820257520C0
:10298000706F696E747300542D43616C3A204D4C26
:102990005320646174612072656672657368656452
:1029A000207375636365737366756C6C792E0A00AA
:1029B000542D43616C3A204E6F20706F696E7473B2
:1029C00020617661696C61626C6500542D43616CB5
:1029D0003A204E6F20706F696E7473206176616962
:1029E0006C61626C652E0A00542D43616C3A204E76
:1029F0006F2076616C69642074656D7065726174B6
:102A00007572652073616D706C657320696E2061ED
:102A10006363756D756C61746F722C206469736388
:102A2000617264696E6700542D43616C3A20446999
:102A30007363617264696E6720666C75736820E207
:102A40008094207C64542F64747C20252E3366206F
:102A5000432F73203E20252E336620287370616E2D
:102A600020252E326643202F20252E316673290023
:102A7000542D43616C3A204176657261676520741C
:102A8000656D706572617475726520252E326643BE
:102A9000206F7574736964652063616C696272612B
:102AA00074696F6E2072616E67652C206469736350
:102AB000617264696E6700542D43616C3A20466C04
:102AC000757368696E6720616363756D756C617499
:102AD0006F723A2025642073616D706C65732C20D1
:102AE0006176672074656D7020252E32664320283C
:102AF0007370616E20252E3266432C2064542F643F
:102B00007420252E3366292C20736C6F7420696421
:102B10007820256400542D43616C3A20426C656E28
:102B200064696E67206174206964782025642028B8
:102B30006469723A2025732C20616C7068613A20B8
:102B4000252E32662900542D43616C3A20436F6D67
:102B50006D697474656420706F696E74206174208F
:102B60006964782025642028252E326643293A207E
:102B70005B252E35662C20252E35662C20252E35FE
:102B8000665D202864656C74613A20252E346620C9
:102B90006470732900542D43616C3A2054656D7044
:102BA0006572617475726520647269667420252E81
:102BB0003266432065786365656465642074687275
:102BC0006573686F6C642C206561726C7920666C2B
:102BD00075736800574553545F544F504449522F02
:102BE0007A65706879722F6B65726E656C2F73638E
:102BF0006865642E6300466F726365642073636169
:102C00006E20616C6C6F7765643A20256420726574
:102C10007175657374732077697468696E20256CAB
:102C20006C646D732077696E646F7700466F7263B2
:102C30006564207363616E20726571756573746578
:102C400064206275742073656E736F72206C6F6F91
:102C500070206973206865616C74687920286C61E4
:102C600073742073656E6420256C6C646D732061D1
:102C7000676F292C20736B697070696E6700416201
:102C80006F727465642073656E736F7220746872FE
:102C90006561640052657175657374656420736560
:102CA0006E736F72207363616E005374617274652A
:102CB000642073656E736F72206C6F6F7000736544
:102CC0006E736F725F696E69745F74687265616458
:102CD0005F6964006770696F403530303030333081
:102CE00030006770696F4035303030303030300040
:102CF0007370694034303032663030300073656E46
:102D0000736F725F7363616E5F6578740073656E75
:102D1000736F725F696E746572666163650063618B
:102D20006C5F7463616C5F6D6C735F6C757400488D
:102D30004D43353838334C00514D43353838334CDA
:102D400000514D433633303900514D433633313025
:102D500000414B3839363300414B30393931360078
:102D6000414B303939343000424D4D333530004914
:102D700053543833303600495354383330380049CF
:102D800053543833323000495354383332310049C8
:102D90004953324D44432F4C4953324D444C004C1F
:102DA0004953334D444C004D4D433334313630504C
:102DB0004A004D4D43333633304B4A004D4D433579
:102DC0003630334E4A2F4D4D43353633334E4A4C11
:102DD000004D4D43353631365741004D4D43353961
:102DE00038334D410073656E736F725F6D61675F5D
:102DF00072756E74696D655F656E61626C65007396
:102E0000656E736F725F7365745F6D61675F656E2A
:102E100061626C65640004EAD1244302E9E7066854
:102E200070714447DB0822696A6B6C6D7071030036
:102E30007275010F73656E736F725F7363616E5F9E
:102E4000657874000209A302084801A3020848013A
:102E5000FF01A3020848013201330306202101804B
:102E6000013D0148013D01400106021011020A30F6
:102E7000018001900201000301000D0201000140E8
:102E80000100010002000F030A0F4F0320392F0138
:102E9000000100010C010D020E0F041011121304A9
:102EA000141516170119011C011E0130013C017C8B
:102EB00073656E736F725F696E7465726661636568
:102EC0005F72656769737465725F73656E736F7245
:102ED0005F6D61675F6578740073656E736F725FB5
:102EE0007363616E007373695F6578745F726561A7
:102EF000645F7365676D656E7465640073656E739A
:102F00006F725F7463616C5F63616C63756C617435
:102F1000655F646F66667365740073656E736F7268
:102F20005F7463616C5F6D6C735F6C6F6F6B7570FA
:102F3000004465627567206D6F64652073746F70FF
:102F40007065642E202575206F75747075747320FC
:102F500067656E6572617465640025733A20466129
:102F6000696C656420696E697469616C697A652051
:102F700062617474657279206D6561737572656DD7
:102F8000656E743A20256400776169745F666F72BC
:102F90005F746872656164732074696D6564206F25
:102FA000757420286D61696E5F72756E6E696E67EB
:102FB0003D256429006D61696E5F696D755F73758C
:102FC0007370656E64207363616E2077616974202D
:102FD00074696D6564206F7574006D61696E5F69F9
:102FE0006D755F73757370656E642069646C6520C0
:102FF000776169742074696D6564206F757400531E
:10300000757370656E6465642073656E736F72208E
:1030100074687265616400526573756D65642073D0
:10302000656E736F7220746872656164004E6F74B0
:1030300020656E6F756768206461746120746F200D
:1030400063616C63756C6174652064697363686146
:103050007267652063757276650025733A20496E44
:1030600076616C6964206469736368617267652066
:103070006375727665207370616E0025732050252C
:10308000752E253032750044656C61796564206663
:103090006F722055415254206261636B656E64000B
:1030A00025733A204661696C656420746F20636FF4
:1030B0006E66696775726520494D552077616B654D
:1030C0002075700025733A20414443206465766979
:1030D0006365206973206E6F742072656164792066
:1030E0002573004D6967726174696E67206F6C6447
:1030F00020637572766520666F726D61743A205B2D
:1031000025642C25645D202D3E205B25642C2564E0
:103110005D0025733A20496E76616C6964206375A1
:103120007276650025733A204F54413A20466C610F
:103130007368206572617365206661696C656420DF
:10314000617420307825303558202865727220252A
:1031500064290025733A204F54413A20466C61732C
:1031600068207772697465206661696C65642061A6
:1031700074203078253035582028657272202564F7
:1031800029004F54413A206E6578742D706167654F
:10319000207072652D6572617365206661696C656A
:1031A000642061742030782530355820286572728B
:1031B000202564290025733A2053797374656D20A6
:1031C000697320616C726561647920656E746572E3
:1031D000696E672061206E657720706F7765722059
:1031E00073746174650025733A2053656E736F7252
:1031F00020636F6D6D756E69636174696F6E2065B4
:1032000072726F7200436F6E6E656374696F6E20C9
:103210006572726F720025733A2047656E65726140
:103220006C206572726F720055534220636F6E6E30
:103230006563746564004368617267657220706CD1
:1032400075676765640043616C6962726174696F78
:103250006E2072756E6E696E6700427574746F6E63
:10326000207072657373656400436C656172656498
:10327000207374617475733A20256400537461740B
:1032800075733A202564004461746120636F6C6C2F
:10329000656374696F6E20616374697661746564D7
:1032A0003A2073656E6420252E3066487A206E5F62
:1032B0007261773D2575206368697020252E306620
:1032C000487A00574553545F544F504449522F7A1F
:1032D00065706879722F696E636C7564652F7A65A5
:1032E000706879722F6B65726E656C2E6800574539
:1032F00053545F544F504449522F6D6F64756C6541
:10330000732F68616C2F6E6F726469632F6E7266C3
:10331000782F68616C2F6E72665F6770696F2E68B8
:10332000006C6F675F6261636B656E645F7561728D
:103330007400574553545F544F504449522F7A6597
:10334000706879722F7375627379732F6C6F67670A
:10335000696E672F6C6F675F6D676D742E630053C6
:103360006B697070696E6720494D55207072652DCC
:10337000696E697420726573657420616674657224
:1033800020574F4D2077616B6500416363656C6525
:10339000726F6D657465722072616E67653A202583
:1033A0002E326667004779726F73636F70652072A3
:1033B000616E67653A20252E32666470730052652F
:1033C0007175657374656420535049206672657128
:1033D00075656E63793A20252E32664D487A004134
:1033E0006363656C65726F6D6574657220696E6983
:1033F0007469616C20726174653A20252E326648CA
:103400007A004779726F6D6574657220696E6974B0
:1034100069616C20726174653A20252E3266487AA3
:10342000004D61676E65746F6D6574657220696EBD
:10343000697469616C20726174653A20252E326668
:10344000487A00496E697469616C697A65642073B1
:10345000656E736F727300467573696F6E20646179
:103460007461207265636F76657265640041707087
:103470006C79696E67206779726F73636F7065200E
:103480006761696E004649464F205448532F574D97
:103490002F57544D204750494F205025752E253029
:1034A00032752C20636F6E6669673A20257500556A
:1034B00073696E6720257300496E697469616C6970
:1034C0007A656420667573696F6E0044617461206B
:1034D000636F6C6C656374696F6E206D6F64653AC1
:1034E000206D65746164617461202B2063616C6977
:1034F00062726174696F6E2073656E7420286779DB
:10350000726F20252E30666470732C2061636365B2
:103510006C20252E3066672C2073656E6420252E66
:103520003066487A2C206368697020252E30664802
:103530007A2900636C6F636B5F7377697463683AB1
:103540002072657175657374696E6720736F75722B
:1035500063653D256400636C6F636B5F73776974AB
:1035600063683A20616C72656164792072756E6E71
:10357000696E67207769746820736F757263653D43
:10358000256400636C6F636B5F7377697463683A7B
:10359000202564202D3E20256400636C6F636B5FE3
:1035A0007377697463683A204C46434C4B207374BC
:1035B0006172742077616974656420257520757364
:1035C0000025733A20636C6F636B5F737769746374
:1035D000683A20736F75726365206D69736D6174ED
:1035E000636821207265717565737465643D256437
:1035F0002C2061637475616C3D256400636C6F639E
:103600006B5F7377697463683A2073776974636872
:10361000656420746F20736F757263653D25642047
:103620007375636365737366756C6C7900454E00E2
:103630004558004661696C656420746F207265733B
:10364000746F7265204649464F205448532F574D9A
:103650002F57544D20746F20256400526573746F8A
:10366000726564204649464F205448532F574D2FCA
:1036700057544D20746F2025640053776974636834
:10368000696E672073656E736F727320746F206C40
:103690006F77206E6F69736500537769746368692B
:1036A0006E672073656E736F727320746F206C6F1A
:1036B0007720706F77657200537769746368696EFD
:1036C000672073656E736F727320746F206C6F77F1
:1036D00020706F7765722032004779726F207261B7
:1036E000773A20252E33662C20252E33662C202574
:1036F0002E3366004D616720726566207265636FC8
:103700006D70757465642066726F6D20256420731A
:10371000616D706C65733A206E6F726D3D252E344D
:1037200066206469703D252E316620646567004E11
:103730006F207061636B6574732070726F63657363
:10374000736564004E6F207061636B6574732069EC
:103750006E206275666665720025733A204E6F2092
:103760007061636B65747320696E2062756666654F
:103770007220666F7220256C6C646D730025733A3D
:10378000205061636B6574206572726F722074687B
:10379000726573686F6C64206578636565646564E1
:1037A000004E6F206D6F74696F6E2066726F6D20B2
:1037B00073656E736F727320696E2025646D73007C
:1037C000537769746368696E6720746F20616374EE
:1037D00069766974792074696D656F757420282520
:1037E0006C6C647329004E6F206D6F74696F6E206E
:1037F00066726F6D2073656E736F727320696E20D1
:10380000256C6C6473005B252E3266735D2052411B
:10381000573A20415B252E33662C252E33662C2506
:103820002E33665D20475B252E32662C252E3266B0
:103830002C252E32665D20543A252E3266430A002E
:10384000202020202043414C3A20415B252E336626
:103850002C252E33662C252E33665D20475B252EC6
:1038600032662C252E32662C252E32665D0A00200B
:10387000202020204D41473A205241575B252E32CF
:10388000662C252E32662C252E32665D2043414C57
:103890005B252E32662C252E32662C252E32665D57
:1038A0000A0020202020205651463A20515B252E28
:1038B00033662C252E33662C252E33662C252E338D
:1038C000665D204C696E415B252E32662C252E32BA
:1038D000662C252E32665D0A0020202020205265AD
:1038E00073743A256320526573744465765B473A76
:1038F000252E33662C413A252E33665D20426961C0
:10390000735B252E33662C252E33662C252E3366CD
:103910005DC2B02F73205369676D613A252E3366FF
:10392000C2B02F732044656C74613A252E3266C292
:10393000B00A00202020202052657374446961671A
:103940003A20656E7465723A257520657869743A17
:10395000257520746F74616C3A252E316673206C66
:103960006173743A252E3166732075703A252E30B6
:103970006673207265737425253A252E31660A0018
:10398000202020202042696173505B252E31662C57
:10399000252E31662C252E31665D0A002020202040
:1039A00020526573744C6F67282575206576656EA7
:1039B0007473293A0020257340252E306673002049
:1039C000202020204D61673A20446973416E673A98
:1039D000252E3266C2B020436F7272526174653A0E
:1039E000252E3266C2B02F730A0020202020204DE1
:1039F0006167446973743A2563204D616752656657
:103A00004E6F726D3A252E3366204D6167526566A2
:103A10004469703A252E3266C2B0204D61674E6F00
:103A2000726D3A252E3366204D61674469703A25E0
:103A30002E3266C2B00A0020202020204D6167543B
:103A40003A20756E646973743A252E32667320725B
:103A5000656A6563743A252E3266732063616E640D
:103A6000543A252E3266732063616E644E6F726D18
:103A70003A252E33662063616E644469703A252EC0
:103A80003266C2B00A0052656A6563746564204E8E
:103A9000614E207175617465726E696F6E00542D90
:103AA00043616C204175746F3A204E6F2063616CE6
:103AB0006962726174696F6E2064617461206578F7
:103AC000697374732C2072657175657374696E67A0
:103AD00020696E697469616C2063616C69627261EE
:103AE00074696F6E20617420252E326643004C612C
:103AF00073742075706461746520737465707320CD
:103B0000746F6F6B20757020746F20256C6C64204F
:103B10006D730053656E736F7220494E5420746943
:103B20006D656F7574733A20257520696E206C6120
:103B300073742025642073006D6167205651462000
:103B4000757064617465733A20257520696E206C08
:103B50006173742025646D732028252E3166487AA0
:103B60002C2074617267657420252E3066487A298E
:103B70000052657365742062617474657279207493
:103B80007261636B65723A2073746172743D252EA5
:103B9000326625252C2073617665643D252E3266BC
:103BA00025252C20666972737420696E746572769F
:103BB000616C2062656C6F7720252E326625252C7E
:103BC0002076616C69642062656C6F7720252E32E7
:103BD00066252500526573657474696E672062619D
:103BE000747465727920747261636B65720A004245
:103BF00061747465727920747261636B657220728E
:103C00006573657400526573657474696E672062CC
:103C100061747465727920747261636B6572207768
:103C2000696C6C20636C65617220616C6C206261F0
:103C300074746572792063616C6962726174696F12
:103C40006E20646174612E2041726520796F752049
:103C5000737572653F0A00547261636B65722072FE
:103C60006573657420286368617267696E672900EF
:103C7000547261636B657220696E697469616C6905
:103C80007A65643A20252E3266252500556E6163DB
:103C9000636F756E746564206368616E6765207418
:103CA0006F206261747465727920534F433A202506
:103CB0002E3266252520286D696E29202D3E20256F
:103CC0002E326625250025733A2041626E6F726D93
:103CD000616C206368616E676520746F2062617437
:103CE0007465727920534F433A20252E326625257C
:103CF00020286D696E29202D3E20252E326625252F
:103D00000025733A2041626E6F726D616C206368AA
:103D1000616E676520746F206261747465727920CA
:103D2000534F433A20252E3266252520286D617891
:103D300029202D3E20252E326625250052617069EE
:103D40006420534F43206368616E67653A20252ED7
:103D5000326625252F6D696E2028252E3266252591
:103D6000202D3E20252E3266252520696E20256CCB
:103D70006C7520757329004E657720696E746572C5
:103D800076616C3A20252E326625250055706461D7
:103D9000746520696E74657276616C3A20252E32E6
:103DA000662525007570646174655F696E7465725F
:103DB00076616C3A20707074743D252E326625252C
:103DC0002C20696E74657276616C5F69643D25753F
:103DD0002C2072756E74696D653D256C6C75207450
:103DE00069636B732028256C6C7520757329002519
:103DF000733A20496E74657276616C2025753A209D
:103E0000256C6C7520757320697320746F6F207337
:103E1000686F727420286D696E2035206D696E2080
:103E20006163746976652074696D652900496E74F3
:103E3000657276616C2025752073617665643A2021
:103E40002575206379636C65732C20256C6C752057
:103E5000757320746F74616C202863757272656E5F
:103E6000743A20256C6C752075732C206D696E3A40
:103E700020256C6C752075732C206D61783A202597
:103E80006C6C752075732900456E746572696E6778
:103E9000206E657720706F7765722073746174652A
:103EA000207768696C652073656E736F7220657228
:103EB000726F722069732072616973656400456E68
:103EC000746572696E67206E657720706F776572B2
:103ED000207374617465207768696C6520737973E9
:103EE00074656D206572726F7220697320726169EA
:103EF00073656400436F6E666967757265642073ED
:103F000077302073656E73650053797374656D2027
:103F10006F666620726571756573746564005379A8
:103F20007374656D206F666620626C6F636B656489
:103F3000206279204F54410057616B6520757020D5
:103F40004750494F205025752E2530327500436F5C
:103F50006E6669677572656420494D552077616B9F
:103F6000652D7570204750494F2069646C65202885
:103F700070756C6C646F776E2900446973636F6E43
:103F80006E656374696E672073656E736F72204728
:103F900050494F7300446973636F6E6E6563746557
:103FA00064205350492053434B00446973636F6E40
:103FB0006E656374656420535049204D4F5349002A
:103FC000446973636F6E6E65637465642053504912
:103FD000204D49534F00416C6C2073656E736F72B6
:103FE000204750494F2070696E7320646973636F76
:103FF0006E6E656374656400446973636F6E6E65AD
:104000006374656420494D552043530044697363CC
:104010006F6E6E6563746564205643432047504954
:104020004F00446973636F6E6E6563746564204707
:104030004E44204750494F00506F776572696E6754
:10404000206F6666206E52460052656C656173652E
:104050006420706F776572206C61746368005379B7
:104060007374656D207265626F6F7420726571750F
:104070006573746564005265626F6F74696E672062
:104080006E5246004F54412052414D20656E676983
:104090006E652047505245475245543D3078253093
:1040A000325820286C6173742073746167652062D4
:1040B00065666F7265207265736574290025733AB1
:1040C000204661696C656420746F20636F6E666959
:1040D000726D204D4355626F6F7420696D61676525
:1040E0003A202564004D4355626F6F7420746573E8
:1040F0007420696D61676520636F6E6669726D65B6
:104100006400574553545F544F504449522F7A65C9
:10411000706879722F647269766572732F61646357
:104120002F6164635F636F6D6D6F6E2E6300257327
:104130003A204661696C656420746F207265616421
:10414000206261747465727920766F6C7461676542
:104150003A202564004261747465727920257525C2
:104160002520282564206D562900426174746572EB
:1041700079206E6F7420617661696C61626C652074
:10418000282564206D56290025733A2042617474F5
:1041900065727920766F6C74616765207265616401
:1041A000696E672069732061626E6F726D616C0069
:1041B00044697363686172676564206261747465E1
:1041C0007279004368616E676520746F2062617464
:1041D0007465727920534F433A2025352E32662577
:1041E00025202D3E2025352E32662525007374614D
:1041F0007475735F7468726561645F696400706F81
:104200007765725F6261747465727900706F77654B
:10421000725F7468726561645F6964006469736188
:10422000626C655F4446555F7468726561645F697E
:1042300064006C65645F7468726561645F696400E2
:1042400070776D40343030323130303000636C6F15
:10425000636B5F737769746368006261747465721D
:10426000795F747261636B657200424154544552C8
:104270005900616463403430303037303030007082
:10428000776D403430303163303030007365745FA7
:10429000737461747573000601050104010702035C
:1042A00001050202010302050401010102010301EB
:1042B0000401060108010C01100118012001400150
:1042C00080706F7765725F7468726561640073797E
:1042D000735F706F7765725F73746174655F726529
:1042E0007175657374006573625F6F74615F666C8E
:1042F0006173685F77726974655F70616765006597
:1043000073625F6F74615F666C6173685F65726131
:1043100073655F7061676500636C6F636B5F737774
:1043200069746368007570646174655F696E746553
:104330007276616C007379735F7570646174655F28
:10434000626174746572795F747261636B65720027
:104350006170706C795F6375727665007570646109
:1043600074655F637572766500726561645F626132
:1043700074745F6D5600646976696465725F736515
:104380007475700073656E736F725F7365747570AA
:104390005F574F4D0073656E736F725F6C6F6F7018
:1043A0005F636865636B5F7061636B657473002541
:1043B000733A204661696C656420746F2072656190
:1043C00064204649464F20636F756E740046494627
:1043D0004F207265616420627566666572206C6943
:1043E0006D697420726561636865642C20256420A2
:1043F0007061636B6574732064726F7070656400C4
:10440000496E76616C6964204649464F2068656153
:104410006465723A203078253032582028657870EB
:1044200065637465642030783738206F7220307887
:10443000374129004649464F207061636B65745BC4
:1044400025645D3A206865616465723D3078253089
:1044500032582C206779726F2062797465733A2024
:10446000253032582025303258202530325820252A
:1044700030325820253032582025303258004779C4
:10448000726F2064617461206D61726B656420617C
:104490007320696E76616C6964202830783830202A
:1044A0007061747465726E290053797374656D2040
:1044B0007761732072657365742062792077617407
:1044C0006368646F67210057445420726573657494
:1044D00020636F756E743A2025642028746F7461B0
:1044E0006C3A20256429004C617374206661696C04
:1044F0006564206368616E6E656C3A2025730057B1
:10450000445420726573657420636F756E742072F5
:10451000656163686564207468726573686F6C6454
:1045200020282564292C20656E746572696E6720C9
:10453000444655206D6F6465005744542073746180
:104540007465206E6F742076616C69642C20696ECE
:10455000697469616C697A696E67005744542064B4
:104560006576696365206E6F742072656164792C6D
:10457000207761746368646F672064697361626C3B
:1045800065640025733A2068775F77647420696EEC
:104590007374616C6C2074696D656F7574206661ED
:1045A000696C65643A2025640025733A2046616988
:1045B0006C656420746F20696E697469616C697AD6
:1045C00065207461736B205744543A20256400546D
:1045D00061736B207761746368646F6720696E69CB
:1045E0007469616C697A656400454E41424C45448A
:1045F0000044495341424C45440054657374206D56
:104600006F6465202573005057525F4D474D5430FD
:10461000207772697465203D20307825303258202B
:10462000284759524F5F4D4F44453D25642C20414A
:104630004343454C5F4D4F44453D25642900505749
:10464000525F4D474D543020726561646261636B07
:10465000203D2030782530325800414343454C5F9F
:10466000434F4E46494730207772697465203D209C
:1046700030782530325820284F44523D2564292C6B
:10468000204759524F5F434F4E464947302077727B
:10469000697465203D2030782530325820284F44F9
:1046A000523D25642900414343454C5F434F4E46EC
:1046B00049473020726561646261636B203D203040
:1046C00078253032582C204759524F5F434F4E4681
:1046D00049473020726561646261636B203D203020
:1046E00078253032580025733A203D3D3D20574112
:1046F000544348444F472054494D454F5554203D5D
:104700003D3D0025733A204661696C65642063680D
:10471000616E6E656C3A202564202825732900257A
:10472000733A2053797374656D20757074696D6583
:104730003A202575206D730025733A2057616974FE
:10474000696E6720757020746F202564206D73205A
:10475000666F722068617264776172652057445495
:104760002C207468656E207265626F6F74696E6765
:10477000005744543A205374696C6C207761697413
:10478000696E672E2E2E202575206D730A00257305
:104790003A204861726477617265205744542064FE
:1047A0006964206E6F742072657365742C20666F67
:1047B0007263696E6720636F6C64207265626F6FED
:1047C0007400426F6F742073756363657373206D3B
:1047D00061726B65642C2057445420726573657454
:1047E00020636F756E7420636C656172656400256B
:1047F000733A205761746368646F67206E6F74202A
:10480000696E697469616C697A65642C20736B697F
:104810007070696E6700526567697374657265646C
:10482000202573207468726561642077697468203C
:104830002575206D732074696D656F75742028630C
:1048400068616E6E656C202564290025733A2046E8
:1048500061696C656420746F2061646420776174A1
:104860006368646F67206368616E6E656C202564A1
:104870003A2025640025733A204661696C656420FE
:10488000746F20676574207061676520696E666F5C
:104890000025733A20436F756C64206E6F74206F2F
:1048A000627461696E20666C617368207061726108
:1048B0006D65746572730025733A20556E7375705B
:1048C000706F7274656420777269746520626C6FB2
:1048D000636B2073697A650025733A2053656374AE
:1048E0006F722073697A6520257520746F6F206C54
:1048F000617267652C206D6178696D756D206973D3
:1049000020257A750025733A20556E61626C65200A
:10491000746F20676574207061676520696E666FCB
:104920000025733A20496E76616C69642073656373
:10493000746F722073697A650025733A20436F6E35
:1049400066696775726174696F6E206572726F72E5
:10495000202D20736563746F7220636F756E740011
:10496000416C6C20736563746F727320636C6F733A
:1049700065642C2065726173696E6720616C6C20C0
:10498000736563746F72732E2E2E0025733A204662
:1049900061696C656420746F206D6F756E74204E54
:1049A00056532C206572726F723A2025640025736D
:1049B0003A207379735F666C7573685F7761726DA7
:1049C0003A204E565320696E6974206661696C65A1
:1049D000642C206B656570696E672025752064699D
:1049E0007274792049447300466C757368696E6708
:1049F000202575207761726D204E5653204944283A
:104A000073290025733A207379735F666C75736838
:104A10005F7761726D3A204E5653207772697465E4
:104A2000204944202575206661696C65643A20251B
:104A3000640025733A205761726D2064697274793D
:104A4000207461626C652066756C6C2C20666F72D8
:104A500063696E6720666C757368206265666F7245
:104A600065206D61726B2049442025750025733ADD
:104A7000205761726D206469727479207461626C70
:104A800065207374696C6C2066756C6C206166744B
:104A9000657220666C7573682C2064726F70706923
:104AA0006E672049442025750025733A2073797379
:104AB0005F77726974653A204E565320696E697447
:104AC000206661696C65642C2063616E6E6F742072
:104AD00077726974652049442025640025733A2063
:104AE0004661696C656420746F2077726974652013
:104AF000746F204E56532C206572726F723A2025C7
:104B0000640025733A207379735F726561643A209B
:104B10004E565320696E6974206661696C65642C19
:104B20002063616E6E6F7420726561642049442059
:104B300025640025733A204661696C656420746FB2
:104B400020726561642066726F6D204E56532C2072
:104B50006572726F723A2025640052656164206448
:104B60006174612073657420746F207A65726F00C0
:104B700053686F7274204E565320726561642066CC
:104B80006F722049442025643A20676F74202564A1
:104B90002062797465732C20657870656374656430
:104BA00020257A7500496E76616C6964617465646C
:104BB0002052414D0025733A204E565320696E69AC
:104BC00074206661696C656420647572696E672023
:104BD00072657461696E656420696E69742C206306
:104BE000616E6E6F7420726573746F72652064619C
:104BF00074612066726F6D20666C61736800566127
:104C00006C6964617465642052414D00526573653E
:104C10007474696E67204E565320616E642072650D
:104C20007461696E65640A004E565320616E64209B
:104C300072657461696E65642072657365740042A3
:104C40007574746F6E20707265737365642025646B
:104C50002074696D657300427574746F6E2077619E
:104C60007320707265737365642025642074696DA8
:104C7000657300427574746F6E20616374696F6E42
:104C800020626C6F636B6564206279204F54410031
:104C900053696E676C652070726573732069676E07
:104CA0006F726564202873696E676C652D7072651C
:104CB0007373207265626F6F742064697361626CD4
:104CC00065642900427574746F6E20686F6C64208F
:104CD000626C6F636B6564206279204F54410055AC
:104CE0007365722073687574646F776E2072657176
:104CF00075657374656400436F6D6D616E642073D8
:104D0000687574646F776E2072657175657374650C
:104D1000640045787465726E616C20434C4B494E5B
:104D2000206E6F7420776F726B696E672C206661DE
:104D30006C6C696E67206261636B20746F20696EB2
:104D40007465726E616C20636C6F636B0045787480
:104D500065726E616C20434C4B494E2076657269DA
:104D6000666965643A204649464F20636F756E74E4
:104D70003D25640057484F5F414D5F49203D20303D
:104D80007825303258202865787065637465642012
:104D9000307845392F30784537290025733A204936
:104DA0006E76616C69642057484F5F414D5F4920C2
:104DB00076616C7565005352435F4354524C2070CA
:104DC00072652D72656164206661696C6564202876
:104DD0006572723D256429005352435F4354524C1F
:104DE000207365743A204759524F2030782530326D
:104DF000582D3E307825303258202873656C3D257B
:104E000075292C20414343454C20307825303258B9
:104E10002D3E307825303258202873656C3D25753D
:104E200029005352435F4354524C20777269746592
:104E3000206661696C656420286572723D2564296D
:104E4000005352435F4354524C20706F73742D7261
:104E50006561643A204759524F3D307825303258C9
:104E6000202873656C3D25752920414343454C3D01
:104E7000307825303258202873656C3D257529001F
:104E80005352435F4354524C20706F73742D7265BC
:104E90006164206661696C656420286572723D25D5
:104EA00064290055495F4C50464257207072652D69
:104EB00072656164206661696C6564202865727240
:104EC0003D2564290055495F4C5046425720736583
:104ED000743A204759524F203078253032582D3EB1
:104EE000307825303258202873656C3D2575292C83
:104EF00020414343454C203078253032582D3E30F8
:104F00007825303258202873656C3D257529005569
:104F1000495F4C504642572077726974652066613C
:104F2000696C656420286572723D256429005549C5
:104F30005F4C5046425720706F73742D72656164E8
:104F40003A204759524F3D30782530325820287347
:104F5000656C3D25752920414343454C3D307825FE
:104F6000303258202873656C3D2575290055495FFE
:104F70004C5046425720706F73742D7265616420E7
:104F80006661696C656420286572723D256429003C
:104F900025733A20556E737570706F727465642056
:104FA00077726974653A202564206279746573208C
:104FB000286D61782036290025733A204932434D07
:104FC0002077726974652074696D656F7574004926
:104FD00032434D20627573206572726F72206F6E5E
:104FE000207772697465203078253032583A203045
:104FF00078253032782C207265747279696E67007A
:1050000025733A204932434D2062757320657272D0
:105010006F723A203078253032780025733A204973
:1050200032434D207772697465206661696C6564EE
:105030003A207374617475732030782530327800AB
:1050400025733A204932434D204E41434B206F6E29
:1050500020777269746520746F20616464722030F7
:1050600078253032780025733A20556E737570704C
:105070006F727465642077726974655F72656164CC
:105080003A2077726974653D256420726561643DDC
:105090002564004932434D20636F6E74696E756FED
:1050A000757320726561642074696D656F75742C09
:1050B0002066616C6C696E67206261636B004932C7
:1050C000434D20636F6E74696E756F7573207265E2
:1050D0006164206572726F723A20307825303278C0
:1050E0002C2066616C6C696E67206261636B0025C1
:1050F000733A204932434D20726561642074696DB2
:10510000656F7574004932434D2062757320657276
:10511000726F72206F6E2072656164203078253066
:1051200032583A203078253032782C2072657472EB
:1051300079696E670025733A204932434D207265C4
:105140006164206661696C65643A2073746174758A
:1051500073203078253032780025733A2049324365
:105160004D204E41434B2066726F6D206164647226
:1051700020307825303278207265672030782530ED
:1051800032780025733A2041534943206E6F7420D2
:10519000696E697469616C697A65642C2075706CDC
:1051A0006F6164696E6720636F6E66696720666908
:1051B0006C650025733A204661696C656420746FE4
:1051C00020696E697469616C697A6520415349434D
:1051D0000025733A204153494320696E697469611F
:1051E0006C697A6564004C534D3644534D00494315
:1051F0004D34353638360049434D34323638360072
:1052000049434D3432363838007461736B5F7764CC
:1052100074007761746368646F6700746573745FAA
:105220006D6F646500627574746F6E5F746872652B
:1052300061645F6964007761746368646F674034B8
:105240003030313030303000657362006275747414
:105250006F6E006C736D3664736D5F75706461742E
:10526000655F6F6472006C736D3664736D5F696E39
:1052700069740069636D34355F6578745F7061735C
:10528000737468726F7567680069636D34355F7336
:10529000657475705F445244590069636D34355FBD
:1052A00074656D705F726561640069636D34355F4C
:1052B00073687574646F776E0069636D34355F650C
:1052C00078745F73657475700069636D34355F65FC
:1052D00078745F77726974655F7265616400696391
:1052E0006D34355F6578745F7772697465006963E2
:1052F0006D34355F73657475705F574F4D0069632A
:105300006D34355F6779726F5F72656164006963E0
:105310006D34355F616363656C5F726561640080E5
:10532000008000800069636D34355F6669666F5F79
:10533000726561640069636D34355F7570646174B2
:10534000655F6F647200030405060708090A0B0C09
:1053500069636D34355F696E69740069636D3432F9
:105360003638365F73657475705F4452445900690E
:10537000636D34323638365F74656D705F726561A7
:10538000640069636D34323638365F7368757464EF
:105390006F776E0069636D34323638365F736574CB
:1053A00075705F574F4D0069636D34323638365F24
:1053B0006779726F5F726561640069636D3432365C
:1053C00038365F616363656C5F726561640080009D
:1053D0008000800069636D34323638365F666966F6
:1053E0006F5F726561640069636D34323638365FB1
:1053F0007570646174655F6F64720069636D3432E7
:105400003638365F696E69740069636D5F73657401
:1054100075705F445244590069636D5F74656D70C7
:105420005F726561640069636D5F73687574646F52
:10543000776E0069636D5F73657475705F574F4D6C
:105440000069636D5F6779726F5F7265616400699F
:10545000636D5F616363656C5F72656164008000AA
:105460008000800069636D5F6669666F5F72656169
:10547000640069636D5F7570646174655F6F647209
:10548000000102030405060F0708090A0B69636D92
:105490005F696E697400626D695F6761696E5F6103
:1054A00070706C7900626D695F73687574646F7792
:1054B0006E0075706C6F61645F636F6E6669675FC5
:1054C00066696C6500C82E002E802E3DB1C82E0086
:1054D0002E802E9103802EBCB0802EA303C82E00F8
:1054E0002E802E00B05030212E59F51030212E6A1A
:1054F000F5802E3B03000000000819010022007512
:105500000000100010D100B343802E00C1802E0097
:10551000C1802E00C1802E00C1802E00C1802E00CF
:10552000C1802E00C1802E00C1802E00C1802E00BF
:10553000C1802E00C1802E00C1802E00C1802E00AF
:10554000C1802E00C1802E00C1802E00C1802E009F
:10555000C1802E00C1802E00C1802E00C1802E008F
:10556000C1802E00C1802E00C1802E00C1802E007F
:10557000C1802E00C1802E00C1802E00C1802E006F
:10558000C1802E00C1802E00C1802E00C1802E005F
:10559000C1802E00C1802E00C1802E00C1802E004F
:1055A000C1802E00C1802E00C1802E00C1802E003F
:1055B000C1E05F00000000010000000000000000EA
:1055C0000000009200000000000000000000000049
:1055D0000000000000081900008800000000000022
:1055E0000005E0AA3805E09030FA0096004B09115A
:1055F00000110002002D01D47B3B01DB7A04003F47
:105600007BCD6CC3048509C304ECE60C460100277E
:105610000019009600A00001000C00F03C00010100
:1056200000030001000E00000032000500EE060439
:1056300000C80000000400A805EE060004BC02B388
:1056400000850700000000000000000000000000CE
:1056500000000000000000B4000100B90001009843
:1056600000000000000000000001008000040000B5
:10567000000000000000000000000000000000002A
:10568000000000000000000000000000000000001A
:10569000000000000000000000000000000000000A
:1056A00000000000000000000000000000000000FA
:1056B000000000000000000000000000000000806A
:1056C0002E00C1FD2DDE00EB00DA00000CFF0F0004
:1056D00004C0005BF5C9011EF280003FFF19F458B9
:1056E000F566F564F5C0F1F000E000CD01D301DB13
:1056F00001FF7FFF01E40074F7F300FA00FF3FCAE7
:10570000036C3856FE44FDBC02F90600FC1202AEE2
:105710000158FA9AFD7705BB02960195017F018237
:10572000018901870188018A018C018F018D019215
:10573000019101DD009F017E01DB00B60170692649
:10574000D39C071F059D000008BC0537FAA201AADB
:1057500001A101A801A001A805B401B401CE00D0A7
:1057600000FC00C501FFFBB10000380030FDF5FC76
:10577000F5CD01A0005FFF0040FF0000806D0FEB42
:10578000007FFFC2F568F7B3F1670F5B0F610F8011
:105790000F58F75BF7830F8600720F850FC6F17FF6
:1057A0000F6CF700E000FFD1F5870F8A0FFF03F0C1
:1057B0003F8B008E009000B9002DF5CAF5CB01207B
:1057C000F2000000000000000000000000000000E7
:1057D00000000000000000000000000000000000C9
:1057E00000000000000000000000000000000000B9
:1057F00000000000000000000000000000000000A9
:105800000000000000000000000000000000000098
:105810000000000000000000000000000000000088
:105820000000000000000000000000000000000078
:105830000000000000000000000000000000000068
:105840000000000000000000000000000000000058
:105850000000000000000000000000000000000048
:105860000000000000000000000000000000000038
:105870000000000000000000000000000000000028
:105880000000000000000000000000000000000018
:1058900000000000000000000000000000305098F0
:1058A0002ED70E5032982EFA030030F07F002E00D3
:1058B0002ED02E002E018008A2FB2F982EBA032195
:1058C0002E1900012EEE0000B2072F012E19000044
:1058D000B2032F01500352982E07CC012EDD000099
:1058E000B2272F052E8A000552982EC7C1032EE934
:1058F0000040B2F07F082F012E190000B2042F00E3
:1059000030212EE900982EB4B1012E180000B210FB
:105910002F0550982E4DC30550982E5AC7982EF932
:10592000B4982E54B2982E67B6982E17B210302124
:105930002E7700012EEF0000B2042F982E7AB700C8
:1059400030212EEF00012ED40004AE0B2F012EDDEE
:105950000000B2072F0552982E8E0E00B2022F10B3
:1059600030212E7D00012E7D000090902EF102014D
:105970002ED70000B2042F982E2F0E0030212E7B40
:1059800000012E7B0000B2122F012ED400009002E5
:105990002F982E1F0E092D982E810D012ED4000454
:1059A00090022F5032982EFA030030212E7B0001F6
:1059B0002E7C0000B2902E0903012E7C00013101E3
:1059C0000800B2042F982E47CB1030212E7700818B
:1059D00030012E7C00010800B2612F032E890001E6
:1059E0002ED40098BC98B805B20F58232F07900901
:1059F000540030372F15410441DCBE44BEDCBA2CC4
:105A00000161000F564A0F0C2FD14294B8C14211C8
:105A100030052E6AF72CBD2FB980B20822982EC30C
:105A2000B7212D6130232ED400982EC3B70030212A
:105A30002E5AF5182DE17F5030982EFA030F520799
:105A400050504270300D5442427E82E26F80B2422A
:105A500042052F212ED4001030982EC3B7032D609D
:105A600030212ED400012ED4000690182F012E765E
:105A7000000B540752E07F982E7AC1E16F081A405C
:105A800030082F212ED4002030982EAFB7503298F6
:105A90002EFA03052D982E380E0030212ED400004A
:105AA00030212E7C00182D012ED40003AA012F983E
:105AB0002E450E012ED4003F8003A2012F002E029E
:105AC0002D982E5B0E3030982ECEB70030212E7DD3
:105AD000005032982EFA03012E770000B2242F983E
:105AE0002EF5CB032ED5001154010ABC84838621E8
:105AF0002EC901E0401352C4408240A8B95242432B
:105B0000BE5342040A5042E17FF0314140F26F251A
:105B1000BD0808020AD07F982EA8CF06BCD16FE23C
:105B20006F080A8042982E58B70030212EEE0021CF
:105B30002E7700212EDD00802EF4011A2422008011
:105B40002EEC011050FB7F982EF3035750FB6F0192
:105B50003071541142420EFC2FC02E0142F05F8082
:105B60002E00C1FD2D01000000000000000000001B
:105B7000009A013403000000000000000000000053
:105B80000000000000000000000000000000000015
:105B90000000000000000000000000000000000005
:105BA00000000000000000000000000000000000F5
:105BB00000000000000000000000000000000000E5
:105BC00000000000000000000000000000000000D5
:105BD00000000000000000000000000000000000C5
:105BE000000000000000002050E77FF67F06320F23
:105BF0002E61F5FE09C0B3042F17302F2EEF002DB4
:105C00002E61F5F66FE76FE05FC82E2050E77FF654
:105C10007F46300F2EA4F1BE0980B3062F0D2ED47F
:105C20000084AF022F16302D2E7B0086302D2E6083
:105C3000F5F66FE76FE05FC82E012E77F709BC0F0E
:105C4000B800B21050FB7F10300B2F032E8A009645
:105C5000BC9FB840B2052F032E68F79EBC9FB8408A
:105C6000B2072F032E7E004190012F982EDC0303F4
:105C70002C0030212E7E00FB6FF05FB82E2050E00C
:105C80007FFB7F002E2750982E3BC82950982EA7C7
:105C9000C80150982E55CCE16F2B50982EE0C9FBCF
:105CA0006F0030E05F212E7E00B82E735001305718
:105CB000541142420EFC2FB82E212E59F51030C03F
:105CC0002E212E4AF19050F77FE67FD57FC47FB317
:105CD0007FA17F907F827F7B7F982E35B700B29027
:105CE0002E97B0032E8F00072E9100052EB1003F96
:105CF000BA9FB8012EB100A3BD4C0A052EB1000415
:105D0000BEBFB9CB0A4FBA22BD012EB300DC0A2FA9
:105D1000B9032EB8000ABE9A0ACFB99BBC012E97D0
:105D2000009FB8930A0FBC910A0FB8900A252E184D
:105D300000052EC1F52EBD2EB9012E190031308A75
:105D4000040090072F012ED40004A2032F012E1867
:105D50000000B20C2F19500552982E4DB7052E7821
:105D60000080901030012F212E7800252EDD009824
:105D70002E3EB700B202300130042F012E19000070
:105D8000B2002F2130012EEA00081A0E2F232EEA2E
:105D90000033301B500B090140175646BE4B084CD0
:105DA0000A01420A8015520142002E012E180000FD
:105DB000B21F2F032EC0F5F030480847AA743007F1
:105DC0002E7A0061224B1A052F072E66F5BFBDBF44
:105DD000B9C0900B2F1D562B30D242DB420104C2BA
:105DE0004204BDFE808184232E7A000242023225C5
:105DF0002E62F5052ED6008184252ED6000231258F
:105E00002E60F5052E8A000B50900880B20B2F05EE
:105E10002ECAF5F03E9008252ECAF5052E59F5E05C
:105E20003F9008252E59F5906FA16FB36FC46FD5C1
:105E30006FE66FF76F7B6F826F705FC82EC05090F8
:105E40007FE57FD47FC37FB17FA27F877FF67F7B93
:105E50007F002E012E60F5607F982E35B7023063EB
:105E60006F1552507F627F5A2C02321A0900B31408
:105E70002F00B2032F092E180000910C2F437F989A
:105E80002E97B71F50028A02320430252E64F51572
:105E900052506F436F4443252E60F5D908C0B23687
:105EA0002F982E3EB700B2062F012E190000B20225
:105EB0002F506F00900A2F012E79000090192F109B
:105EC00030212E79000030982EDC03132D012EC3D3
:105ED000F50CBC0FB81230100403B0262521500376
:105EE00052982E4DB71030212EEE000230607F25E3
:105EF0002E7900606F0090052F0030212EEA0015EA
:105F000050212E64F51552232E60F50232506F0099
:105F100090022F0330272E7800072E60F51A090013
:105F200091A32F19090091A02F906FA26FB16FC399
:105F30006FD46FE56F7B6FF66F876F405FC82EC0C1
:105F400050E77FF67F26300F2E61F52F2E7C000F55
:105F50002E7C00BE09A27F807F80B3D57FC47FB333
:105F60007F917F7B7F0B2F23501A251240427F7435
:105F7000821240527F002E0040607F982E6AD681A8
:105F800030012E7C00010800B2422F032E8900014F
:105F90002E890097BC06BC9FB80FB80090232ED85E
:105FA00000103001302A2F032ED40044B2052F47B1
:105FB000B200302D2F212E7C002B2D032EFDF59EBF
:105FC000BC9FB84090142F032EFCF599BC9FB8409D
:105FD000900E2F032E49F125544A084090082F981F
:105FE0002E35B700B21030032F5030212ED40010C0
:105FF0002D982EAFB70030212E7C000A2D052E697A
:10600000F72DBD2FB980B2012F212E7D00232E7CCC
:1060100000E031212E61F5F66FE76F806FA26FB35C
:106020006FC46FD56F7B6F916F405FC82E60510A50
:10603000253688F47FEB7F003231523230133098AE
:106040002E15CB0A253384D27F433005502D52982C
:106050002E95C1D26F2752982ED7C72A25B086C059
:106060007FD37FAF842950F16F982E4DC82A25AE7B
:106070008AAA88F26E2B50C16FD36FF47F982EB628
:10608000C8E06E00B2322F33548386F16FC37F04B1
:10609000303030F47FD07FB27FE330C56F5640455B
:1060A00041280803140EB408BC8240100A2F54265D
:1060B00005917F4428A37F982ED9C008B933305367
:1060C00009C16FD36FF46F831747406C15B26FBE71
:1060D00009750B90424542510E32BC0289A16F7E78
:1060E00086F47FD07FB27F0430916FD62FEB6FA004
:1060F0005EB82E032E97001BBC60509FBC0CB8F0FE
:106100007F40B2EB7F2B2F032E7F004140012EC832
:1061100000011A112F3758232EC8001041A07F38D4
:10612000810141D07FB17F982E64CFD06F0780A1CD
:106130006F1142002EB16F01421130012EFC0000A0
:10614000A80330CB224A25012E7F003C8935520519
:1061500054982EC4CEC16FF06F982E95CF042D01A8
:1061600030F06F982E95CFEB6FA05FB82E032EB353
:10617000000232F030033130508A080808CB08E0C2
:106180007F80B2F37FDB7F252F032ECA004190046E
:106190002F0130232ECA00982E3F03C0B2052F03D3
:1061A0002EDA0000304104232EDA00982E92B2102D
:1061B00025F06F00B2052F012EDA00023010042105
:1061C0002EDA0040B2012F232EC801DB6FE06FD022
:1061D0005F802E95CF0130E06F982E95CF11302340
:1061E0002ECA00DB6FD05FB82ED0500A25338455FD
:1061F00050D27FE27F038CC07FBB7F0030055A39CD
:10620000545141A57F967F807F982ED9C00530F5E7
:106210007F2025916F3B583D5C3B56982E67CCC143
:106220006FD56F52405043C17FD57F1025982EFE09
:10623000C91025982E74C0866F3028926F828CA565
:106240006F6F52690E3954DB2F19A01530032F00E0
:1062500030212E81010A2D012E810105284236218F
:106260002E8101020E012F982EF303575012300198
:1062700040982EFEC9516F0B5C8E0E3B6F57580233
:1062800030212E9501456F2A8DD27FCB7F132F02AF
:10629000303F50D27FA80E0E2FC06F5354020051D2
:1062A00054420E103059520230012F002E032D504F
:1062B0004242421230D27F80B2032F0030212E8022
:1062C00001122D012EC9000280052E80011130918E
:1062D000280040252E8001100E052F012E7F010180
:1062E00090012F982EF303002EA0410190A67F90DD
:1062F0002EE3B4012E950100A8902EE3B45B5495D3
:1063000080824080B202402D8C3F52967F902EC2F8
:10631000B3290E762F012EC900004081284552B3C3
:1063200030982E0FCA5D54807F002EA140727F826C
:10633000808240607F982EFEC91025982E74C0621E
:106340006F05308740C0910430052F052E830180F2
:10635000B21430002F0430052EC900736F8140E263
:10636000406904110FE1401630FE29CB40022F8313
:106370006F830F222F4756130F1230772F49544245
:106380000E1230732F00910A2F012E8B0119A802D3
:10639000306C2F6350002E17420542682C12300BD0
:1063A00025080F5030022F212E8301032D4030216C
:1063B0002E83012B2E85015A2C123000912B25049F
:1063C0002F635002301742172C0242982EFEC9103C
:1063D00025982E74C0052EC90081845B3082403719
:1063E0002E8301020E072F5F5240306240414091E0
:1063F0000E012F212E830105302B2E850112303600
:106400002C16301525817F982EFEC91025982E74E4
:10641000C019A21630152F052E9701806F820E0528
:106420002F012E86010628212E86010B2D032E8793
:10643000015F544E289142002E8240900E012F2180
:106440002E88010230132C0530C06F081CA80F16CF
:106450003005305B50092F02802D2E820105420548
:1064600080002E02423E80002E06420230906F3E97
:1064700088014004414C2801420780102524400037
:106480004000A8F522232944427A827E88434004B2
:106490004100ABF523DF284342D9A0142F0090021E
:1064A0002FD26F81B2052F6354062890428542098E
:1064B0002C02305B500380292E7E012B2E82010599
:1064C0004212302B2E83014582002E40407A8202F8
:1064D000A0082F63503B30154205423780372E7E8F
:1064E0000105421230012EC900028C404084417ADD
:1064F0008C040F032F012E8B0119A4042F2B2E8245
:1065000001982EF303123081906152082F65426585
:1065100042438039848288054245428542054300D2
:106520002E80410090902EE1B46554C16F804000F0
:10653000B243586950442F555CB7878C0F0D2E9687
:1065400001C440362F41568B0E2A2F0B52A10E0A42
:106550002F052E8F011425982EFEC94B54020F696A
:106560005005306554152F032E8E014D5C8E0F3A69
:106570002F052E8F01982EFEC94F54820F053069CA
:10658000506554302F6D521530428C454204302BEB
:106590002C84436B52428C002E85431530242C45AD
:1065A000428E0F202F0D2E8E01B10E1C2F232E8E0A
:1065B000011A2D0E0E172FA10F152F232E8D01134B
:1065C0002D982E74C04354C20E0A2F655004800BC0
:1065D0003006820B42798041401230252E8C010119
:1065E0004205306950655484824384BE8C84408661
:1065F0004126299442BE8ED57F19A143400B2E8C93
:10660000018440C7415D29272945428442C27F0158
:106610002FC0B31D2F052E940199A0012F80B31315
:106620002F80B3182FC0B3162F12400140927F98CD
:106630002E74C0926F100F2030032F1030212E7E49
:10664000010A2D212E7E01072D2030212E7E0103EF
:106650002D1030212E7E01C26F012EC900BC840294
:106660008082400040900ED56F022F1530982EF397
:106670000341910530072F67503D802B2E8F010578
:10668000420480002E0542022C00300030A26F9898
:106690008A864080A7052F982EF303C030212E95BF
:1066A0000106251A25E26F768296405643510EFB6D
:1066B0002FBB6F305FB82E012EB80001314108406A
:1066C000B22050F2300208FB7F0130102F052ECC93
:1066D000008190E07F032F232ECC00982E55B69892
:1066E0002E1DB51025FB6FE06FE05F802E95CF98D3
:1066F0002E95CF1030212ECC00FB6FE05FB82E001E
:10670000510558EB7F2A2589526F5A89501341064B
:1067100040B3011642CB160640F3021342650EF554
:106720002F054014302C29044208A10030902E522D
:10673000B6B388B08AB684A47FC47FB57FD57F9274
:106740007F73300430554042408A17F3086B019044
:106750000253B84B82ADBE717F450A0954847F98BD
:106760002ED9C0A36F7B54D042A37FF27F607F20DD
:1067700025716F755A7758795C7556982E67CCB12C
:106780006F626F5042B17FB3301025982E0FCA84CC
:106790006F2029716F926FA56F76826A0E73300039
:1067A00030D02FD26FD17FB47F982E2BB715BD0B71
:1067B000B8020AC26FC07F982E2BB715BD0BB84226
:1067C0000AC06F081741188916E118D018A17F2751
:1067D000251625982E79C08B54907FB33082408047
:1067E000900D2F7D52926F982E0FCAB26F900E06A9
:1067F0002F8B501430426F516F14421242014200ED
:106800002E316F982E74C0416F807F982E74C08295
:106810006F10044352010F052ECB000030043021CD
:106820002F516F43588C0E04301C2F8588416F0404
:10683000418C0F0430162F8488002E044104058CEF
:106840000E04300F2F8288316F044104058C0E0432
:1068500030082F8388002E04418C0F0430022F2132
:106860002EAD0114300091142F032EA10141900E82
:106870002F032EAD0114304C28232EAD0146A00667
:106880002F81848D5248828240212EA10142425C98
:106890002C0230052EAA0180B20230552F032EA9FA
:1068A00001926FB330982E0FCAB26F900F00300272
:1068B000304A2FA26F875291008552510E022F004D
:1068C0002E432C0230C26F7F52910E02303C2F516A
:1068D0006F8154982EFEC91025B3302125982E0FB4
:1068E000CA326FC07FB3301225982E0FCA426FB0E4
:1068F0007FB3301225982E0FCAB26F90288352981A
:106900002EFEC9C26F900F003002301D2F052EA140
:106910000180B212300F2F426F032EAB01910E0295
:1069200030122F526F032EAC01910F02300C2F2129
:106930002EAA010A2C1230032ECB008D5808894153
:106940004011430043252EA101D46F8F5200433ADA
:1069500089002E10431043610EFB2F032EA001115E
:106960001A022F0225212EA001EB6F005FB82E9195
:106970005210300230955652424B0EFC2F8D5488E7
:1069800082935680425342404242868354C02EC274
:1069900042002EA3520051524047401A25012E9723
:1069A000008FBE7286FB7F0B307CBFA5501008DFC6
:1069B000BA7088F8BFCB42D37F6CBBFCBBC50A90D2
:1069C0007F1B7F0B43C0B2E57FB77FA67FC47F905C
:1069D0002E1CB7072ED200C0B20B2F9752012ECD1E
:1069E00000827F982EBBCC0B30372ED200826F9066
:1069F0006F1A2500B28B7F142FA6BD25BDB6B92F07
:106A0000B980B2D4B00C2F99549B560B300B2EB1D9
:106A100000A1589B42DB426C092B2EB1008B42CB6C
:106A200042867F7384A756C30839520550727F632C
:106A30007F982EC2C0E16F626FD10A012ECD00D5C2
:106A40006FC46F726F97529D5C982E06CD236F9026
:106A50006F9952C0B204BD5440AFB94540E17F02C6
:106A600030062FC0B20230032F9B5C123094438556
:106A70004303BF6FBB80B3202F066F2601166F6ED6
:106A8000034542C090292ECE009B52142F9B5C00E0
:106A90002E93418641E304AE0780AB042F80910A18
:106AA0002F866F730F072F836FC0B2042F54424598
:106AB000421230042C1130022C1130113002BC0F64
:106AC000B8D27F00B20A2F012EFC00052EC701109C
:106AD0001A022F212EC701032D022C01300130B0E4
:106AE0006F982E95CFD16FA06F982E95CFE26F9FA4
:106AF00052012ECE00824050420C2C4242113023D3
:106B00002ED2000130B06F982E95CFA06F01309833
:106B10002E95CF002EFB6F005FB82E8386013000CC
:106B200030944024180600530E4F02F92FB82EA9B6
:106B300052002E604041400DBC98BCC02E010A0F8F
:106B4000B8AB52533C524040404B00821626B9012C
:106B5000B84140100897B80108C02E113001084311
:106B60008625400440D8BE2C0B2211544203804B92
:106B70000EF62FB82E9F501050AD52052ED300FBAD
:106B80007F002E13409342410EFB2F982EA5B798FD
:106B90002E87CF012ED90000B2FB6F0B2F012E697B
:106BA000F7B13F01080130F05F232ED900212E6993
:106BB000F7802E7AB7F05FB82E012EC0F8032EFCB6
:106BC000F51554AF5682080B2E69F7CB0AB15880E1
:106BD00090DDBE4C085FB959228090072F0334C363
:106BE00008F23A0A080235C0904A0A4822C02E2309
:106BF0002EFCF51050FB7F982E56C7982E49C310D7
:106C000030FB6FF05F212ECC00212ECA00B82E037E
:106C10002ED30016B802344A0C212E2DF5C02E2397
:106C20002ED30003BC212ED500032ED50040B21078
:106C300030212E77000130052F052ED800809001DD
:106C40002F232E6FF5C02E212ED90011308108017F
:106C50002E6AF7713F23BD0108020AC02E212E6A59
:106C6000F730250030212E5AF51050212E7B0021BF
:106C70002E7C00FB7F982EC3B74030212ED400FB22
:106C80006FF05F0325802EAFB7802E00C1802E00ED
:106C9000C1802E00C1802E00C1802E00C1802E0038
:106CA000C1802E00C1802E00C1802E00C1802E0028
:106CB000C1802E00C1802E00C1802E00C1802E0018
:106CC000C1802E00C1012E5DF708BC80AC0EBB0256
:106CD0002F003041048206C0A40030112F40A903C8
:106CE0002F40910D2F00A70B2F80B3B358022F9088
:106CF000A12613202380901030012FCC0E002F00EE
:106D000030B82EB550180808BC88B60D17C6BD5649
:106D1000BCB758DABA04011D0A10500530322545B7
:106D200003FB7FF6302125982E37CA16B59ABC068C
:106D3000B880A8410A0E2F8090022F2D50480F09CD
:106D40002FBFA0042FBF90062FB754CA0F032F00E8
:106D50002E022CB7522D52F233982ED9C0FB6FF170
:106D600037C02E0108F05FBF56B954D040C4400B65
:106D70002EFDF3BF529042944295420530C1500F10
:106D800088064004419642C54248BE73300D2ED855
:106D9000004FBA8442034281B3022F2B2E6FF506B7
:106DA0002D052E77F7BD569308252E77F7BB542572
:106DB0002EC2F5072EFDF34230B433DA0A4C002719
:106DC0002EFDF34340D43FDC084342002E002E4307
:106DD000402430DC0A43420480032EFDF34A0A2398
:106DE0002EFDF36134C02E0142002E60501A257A28
:106DF00086E07FF37F0325C3524184DB7F333098E5
:106E00002E16C21A257D82F06FE26F32251640944D
:106E100040260185408E17C4426E039542410EF410
:106E20002FDB6FA05FB82EB051FB7F982EE80D5A74
:106E300025982E0F0ECB583287C47F65896B8DC580
:106E40005A657FE17F837FA67F747FD07FB67F9472
:106E50007F1730C752C954517F002E856F427F0083
:106E60002E51414581424113403B8A00404B04D0A2
:106E700006C0AC857F022F02305104D30641840541
:106E8000305D02C916DF08D3008D02AFBCB1B9591D
:106E90000A656F1143A1B4524153410143347F65E8
:106EA0007F2631E56FD46F982E37CA326F756F83A6
:106EB000404241237F127FF63040255125982E37DE
:106EC000CA146F2005706F256F6907A26F316F0BB1
:106ED0003004429B428B425542327F40A9C36F71BE
:106EE0007F0230D040C37F032F4091152F00A7139E
:106EF0002F00A4112F84BD982E79CA556FB7545412
:106F0000418200F33F4541CB02F630982E37CA3517
:106F10006FA46F4143032C0043A46F356F173042B9
:106F20006F516F934042820041C3000343517F0081
:106F30002E944041414C02C46FD156630E746F5180
:106F400043A57F8A2F092ED80001B3212FCB58905B
:106F50006F1341B66FE47F002E91411440924115AA
:106F600040172E6FF5B67FD07FCB7F982E000C0791
:106F700015C26F140B292E6FF5C3A3C18FE46FD018
:106F80006FE62F1430052E6FF5140B292E6FF518B0
:106F90002DCD560432B56F1C0151415241C340B54D
:106FA0007FE47F982E1F0CE46F218700430432CFCB
:106FB000545A0EEF2F1554092E77F7220B292E77EE
:106FC000F7FB6F505EB82E1050012ED40000B2FBBC
:106FD0007F512F01B2482F02B2422F0390562FD774
:106FE0005279804240818400404242982E930CD9CD
:106FF00054D750A14098BD82403E82DA0A44408B6B
:1070000016E3005342002E43409A025242002E41A2
:107010004015544A0E3A2F3A8200304140212E85C5
:107020000F40B20A2F982EB10C982E450E982E5B69
:107030000EFB6FF05F0030802ECEB7DD52D354428E
:10704000424F847330DB5283421B306B4223302724
:107050002ED700372ED400212ED6007A84172C424A
:10706000423030212ED400122D21300030232ED476
:1070700000212E7BF70B2D1730982E510CD5500C7C
:107080008272302F2ED400252E7BF74042002EFB3B
:107090006FF05FB82E70500A253986FB7FE13262AF
:1070A00030982EC2C4B556A56FAB08916F4B08DF60
:1070B00056C46F23094DBA93BC8C0BD16F0B09CB0F
:1070C00052E15E5642AF094DBA23BD940AE56F689E
:1070D000BBEB08BDB963BEFB6F5242E30AC02E434F
:1070E00042905FD150032E25F3134000409BBC9B80
:1070F000B408BDB8B998BCDA0A08B68916C02E190A
:107100000062021050FB7F982E810D012ED40031B9
:10711000300804FB6F0130F05F232ED600212ED7FC
:1071200000B82E012ED700032ED600480E012F8066
:107130002E1F0EB82EE350213401428230C1322579
:107140002E62F50100223001404A0A0142B82EE3C6
:1071500054F03B8340D808E55283420030833050DE
:1071600042C432272E64F5940050424042D33F84FB
:10717000407D82E30840428342B82EDD5200304019
:10718000427C86B952092E700FBF54C442D3865434
:1071900040554094428542212ED7004240252EFD85
:1071A000F3C0427E82052E7D0080B2142F052E8909
:1071B0000027BD2FB98090022F212E6FF50C2D07CF
:1071C0002E710F14301C09052E77F7BD5647BE935C
:1071D00008940A252E77F7E75450424A0EFC2FB840
:1071E0002E505002304386E550FB7FE37FD27FC0B4
:1071F0007FB17F002E414000404804982E74C01E8D
:10720000AAD36F1430B16FE322C06F5240E46F4CC9
:107210000E1242D37FEB2F032E860F4090113003C6
:107220002F232E860F022C0030D06FFB6FB05FB87B
:107230002E4050F17F0A253C86EB7F413322309867
:107240002EC2C4D36FF430DC094758C26F9409EBE7
:10725000586ABBDC08B4B9B1BDE95A950821BDF63E
:10726000BF770B51BEF16FEB6F52425442C02E43B9
:1072700042C05F5050F55031301142FB7F7B300BE4
:107280004211300280233301420300072E800305A0
:107290002ED3002352E27FD37FC07F982EB60ED12B
:1072A0006F080A1A257B86D07F01331230982EC2D0
:1072B000C4D16F080A00B20D2FE36F012E80035175
:1072C00030C786232E21F208BCC042982EA5B700F5
:1072D0002E002ED02EB06F0BB8032E1B00081AB054
:1072E0007F7030042F212E21F2002E002ED02E98F8
:1072F0002E6DC0982E5DC0ED50982E44CBEF509867
:107300002E46C3F150982E53C73550982E64CF1097
:1073100030982EDC032026C06F02311242AB330BB3
:1073200042378001300142F337F752FB504440A20C
:107330000A42428B31092E5EF7F954E30883421B5F
:107340004223334B00BC840B40333083420B42E07A
:107350007FD17F982E58B7D16F803040420330E004
:107360006FF3540430002E002E0189620EFA2F4371
:10737000421130FB6FC02E0142B05FC14A00006D68
:10738000570000778E0000E0FFFFFFD3FFFFFFE50F
:10739000FFFFFFEEE1FFFF7C13000046E6FFFF006A
:1073A00000000000000000000000000000000000DD
:1073B00000000000000000000000000000000000CD
:1073C00000000000000000000000000000000000BD
:1073D000000000000000000000802E00C1802E0090
:1073E000C1802E00C1802E00C1802E00C1802E00E1
:1073F000C1802E00C1802E00C1802E00C1802E00D1
:10740000C1802E00C1802E00C1802E00C1802E00C0
:10741000C1802E00C1802E00C1802E00C1802E00B0
:10742000C1802E00C1802E00C1802E00C1802E00A0
:10743000C1802E00C1802E00C1802E00C1802E0090
:10744000C1802E00C1802E00C1802E00C1802E0080
:10745000C1802E00C1802E00C1802E00C1802E0070
:10746000C1802E00C1802E00C1802E00C1802E0060
:10747000C1802E00C1802E00C1802E00C1802E0050
:10748000C1802E00C1802E00C1802E00C1802E0040
:10749000C1802E00C1802E00C1802E00C1802E0030
:1074A000C1802E00C1802E00C1802E00C1802E0020
:1074B000C1802E00C1802E00C1802E00C1802E0010
:1074C000C1802E00C1617369635F696E6974006277
:1074D0006D695F73657475705F574F4D00626D69BC
:1074E0005F73657475705F4452445900626D695FE3
:1074F00074656D705F7265616400626D695F677964
:10750000726F5F7265616400626D695F616363657C
:107510006C5F7265616400027F00800080017F0003
:107520008000800080626D695F6669666F5F72656A
:10753000616400626D695F7570646174655F6F643A
:1075400072000D0C0B0A090807060C0B0A09080744
:10755000060504030201666163746F725F7A785FE7
:107560007265616400626D695F696E69740077615C
:10757000746368646F675F72656769737465725F6F
:10758000746872656164007461736B5F7764745FC3
:10759000696E6974007761746368646F675F696EB0
:1075A0006974007761746368646F675F74696D659F
:1075B0006F75745F63616C6C6261636B006E767390
:1075C0005F636C656172007379735F666C75736875
:1075D0005F7761726D5F6C6F636B65640073797365
:1075E0005F72656164007379735F777269746500B7
:1075F0007761726D5F64697274795F6D61726B5FE0
:107600006C6F636B6564007379735F726574616935
:107610006E65645F696E6974006E76735F6D6F7519
:107620006E74007379735F6E76735F696E69740050
:107630004354524C312077726974653D307825305F
:10764000325820284F505F4D4F44455F584C3D25E0
:10765000642C204F44525F584C3D2564292C204314
:1076600054524C322077726974653D30782530323F
:107670005820284F505F4D4F44455F473D25642CAF
:10768000204F44525F473D256429004354524C31FA
:1076900020726561646261636B3D307825303258D9
:1076A0002C204354524C3220726561646261636BDA
:1076B0003D3078253032582C204649464F5F4354A0
:1076C000524C3320726561646261636B3D30782592
:1076D00030325800496E697469616C697A696E6705
:1076E000204C534D364453562E2E2E0057484F5F94
:1076F000414D5F49203D20307825303258202865A3
:107700007870656374656420307837302F3078374F
:10771000312900494E5445524E414C5F4652455125
:107720005F46494E45203D2025642C2066726571D8
:107730005F7363616C65203D20252E3666004354DF
:10774000524C362077726974653D30782530325856
:107750002072623D3078253032582C204354524CF0
:10776000372077726974653D307830312072623D20
:107770003078253032582C204354524C38207772C0
:107780006974653D3078253032582072623D30781A
:10779000253032582C204354524C3920777269746A
:1077A000653D307830382072623D3078253032586F
:1077B0000025733A20436F6D6D756E69636174695E
:1077C0006F6E206572726F7220647572696E6720C9
:1077D000465320636F6E66696775726174696F6E78
:1077E000004649464F5F4354524C342077726974C7
:1077F000653D30782530325820726561646261637E
:107800006B3D3078253032580025733A20436F6D38
:107810006D756E69636174696F6E206572726F72E7
:1078200020647572696E6720696E697469616C693C
:107830007A6174696F6E004C534D3644535620691B
:107840006E697469616C697A6174696F6E20636FC7
:107850006D706C6574650025733A204661696C65CE
:107860006420746F2072656164204649464F20731E
:107870007461747573004649464F206F7665727265
:10788000756E206C617463686564004649464F20DC
:1078900066756C6C004649464F206F76657272754E
:1078A0006E0025733A20556E737570706F72746533
:1078B000642064756D6D792D6279746520627572CE
:1078C000737420726561640025733A20536C6F777E
:1078D0002049324320726561643A20256C6C752022
:1078E000757320287374617475732C2034204229B9
:1078F000004649464F206E6F7420616C69676E6563
:10790000640025733A204649464F207374617475AC
:1079100073207370696B653A20257520776F7264E8
:1079200073202D3E20636C616D70656420746F2040
:1079300025752073616D706C65730025733A205353
:107940006C6F772049324320726561643A20256C60
:107950006C752075732028646174612C2025752056
:10796000422900526573796E63696E672046494605
:107970004F3A2025730025733A204649464F20721E
:107980006573796E63206661696C6564004649467B
:107990004F206F766572666C6F77206465746563DF
:1079A000746564202D2064617461206D61792062AA
:1079B00065206C6F7374006F766572666C6F7720EC
:1079C0006465746563746564004649464F2072655A
:1079D000616420627566666572206C696D697420E9
:1079E000726561636865642C202575207061636B26
:1079F0006574732064726F707065640025733A203B
:107A00004661696C656420746F207265616420460C
:107A100049464F2064617461004649464F206461C5
:107A200074612072656164206661696C656400251B
:107A3000733A20536B697070696E67204649464FF0
:107A4000207061636B657420776974682074616766
:107A5000203078253032582028756E6B6E6F776E27
:107A60005F636F756E743D25752900636F6E736576
:107A700063757469766520756E6B6E6F776E2046E0
:107A800049464F20746167730025733A20556E7321
:107A90007570706F72746564207772697465002503
:107AA000733A2045787420493243207772697465AF
:107AB000204E41434B2066726F6D20616464726595
:107AC0007373203078253032580025733A2057726E
:107AD0006974652074696D656F75740025733A204B
:107AE000556E737570706F72746564207772697407
:107AF000655F726561640025733A2045787420499A
:107B00003243204E41434B2066726F6D20616464A6
:107B100072657373203078253032580025733A200F
:107B20004578742049324320726561642074696D20
:107B3000656F757420666F7220616464726573731B
:107B4000203078253032580025733A2053656E7303
:107B50006F722068756220636F6E74696E756F75E1
:107B60007320726561642073746172746564202887
:107B7000616464723D3078253032582C207265671C
:107B80003D3078253032582C206C656E3D257529A6
:107B90000025733A20526561642074696D656F75C4
:107BA000740025733A20496E697469616C697A6161
:107BB00074696F6E206661696C65643A20256400A3
:107BC00044617461207265616479207374617475B5
:107BD000732074696D656F757421004D61676E6502
:107BE000746F6D65746572206F766572666C6F7701
:107BF00000534F46545F52535420646964206E6FA3
:107C00007420636C6561720025733A20536F66744B
:107C1000207265736574206661696C6564004D4D02
:107C200043353630334E4A00716D63353838336C26
:107C30005F6D61675F6F6E6573686F7400716D6310
:107C4000353838336C5F73687574646F776E0071A4
:107C50006D63353838336C5F6D61675F7265616481
:107C600000716D63353838336C5F757064617465AD
:107C70005F6F647200716D63353838336C5F696EA5
:107C80006974006D6D635F6D61675F6F6E657368CA
:107C90006F74006D6D635F696E6974006D6D635F15
:107CA00073687574646F776E006D6D635F534554D0
:107CB000006D6D635F5245534554006D6D635F7495
:107CC000656D705F72656164006D6D635F6D6167A6
:107CD0005F72656164006D6D635F7570646174658A
:107CE0005F6F6472006D6D63353630335F6D616751
:107CF0005F6F6E6573686F74006D6D63353630331A
:107D00005F696E6974006D6D63353630335F73681B
:107D10007574646F776E006D6D63353630335F5305
:107D20004554006D6D63353630335F5245534554CD
:107D3000006D6D63353630335F74656D705F7265ED
:107D40006164006D6D63353630335F6D61675F72FE
:107D5000656164006D6D63353630335F75706461E5
:107D600074655F6F6472006C6973335F74656D7006
:107D70005F72656164006C6973335F6D61675F6F2B
:107D80006E6573686F74006C6973335F73687574C4
:107D9000646F776E006C6973335F6D61675F7265E6
:107DA0006164006C6973335F7570646174655F6FE3
:107DB0006472006C6973335F696E6974006C697317
:107DC000325F74656D705F72656164006C697332F7
:107DD0005F73687574646F776E006C6973325F6D82
:107DE00061675F72656164006C6973325F757064AE
:107DF0006174655F6F6472006C6973325F696E698C
:107E00007400697374383330385F6D61675F6F6E0B
:107E10006573686F7400697374383330385F7368E2
:107E20007574646F776E00697374383330385F6DC2
:107E300061675F7265616400697374383330385FFD
:107E40007570646174655F6F647200697374383350
:107E500030385F696E697400697374383330365F27
:107E60006D61675F6F6E6573686F740069737438F6
:107E70003330365F73687574646F776E006973743E
:107E8000383330365F6D61675F72656164006973B6
:107E900074383330365F7570646174655F6F647217
:107EA00000626D6D335F6D61675F6F6E6573686FE4
:107EB0007400626D6D335F74656D705F72656164CF
:107EC00000626D6D335F6D61675F72656164006252
:107ED0006D6D335F7570646174655F6F64720062AD
:107EE0006D6D335F73687574646F776E00626D6D6E
:107EF000335F696E6974007373695F62757273745E
:107F00005F726561645F64756D6D7900626D6D317E
:107F10005F73687574646F776E00626D6D315F6D4D
:107F200061675F7265616400626D6D315F6D61678D
:107F30005F6F6E6573686F7400626D6D315F757031
:107F4000646174655F6F647200726561645F74720E
:107F5000696D5F72656769737465727300626D6DD8
:107F6000315F696E697400616B5F74656D705F721B
:107F700065616400616B5F6D61675F6F6E657368FB
:107F80006F7400616B5F73687574646F776E006106
:107F90006B5F6D61675F7265616400616B5F7570D7
:107FA000646174655F6F6472006C736D5F74656D9E
:107FB000705F72656164006C736D5F736875746483
:107FC0006F776E006C736D5F6578745F7374617248
:107FD000745F636F6E74696E756F7573006C736D2B
:107FE0005F6578745F77726974655F72656164005C
:107FF0006C736D5F6578745F7772697465006C731C
:108000006D5F6578745F706173737468726F7567A4
:1080100068006C736D5F6578745F7365747570006C
:108020006C736D5F73657475705F574F4D006C7343
:108030006D5F73657475705F44524459006C736D65
:108040005F6779726F5F72656164006C736D5F6109
:108050006363656C5F72656164006C736D5F666914
:10806000666F5F70726F63657373006C736D5F66CC
:1080700069666F5F72656164006C736D5F757064D3
:108080006174655F6F6472006C736D5F696E6974B3
:10809000006C736D5F6669666F5F726573796E639E
:1080A000006C736D3664736F5F6578745F777269A7
:1080B00074655F72656164006C736D3664736F5FC5
:1080C0006578745F7772697465006C736D3664737C
:1080D0006F5F6578745F706173737468726F7567D2
:1080E00068006C736D3664736F5F6578745F736579
:1080F000747570006C736D3664736F5F736574753F
:10810000705F574F4D006C736D3664736F5F6669B7
:10811000666F5F72656164006C736D3664736F5F68
:108120007570646174655F6F6472006C736D366442
:10813000736F5F696E6974006C736D3664736D5F25
:1081400073657475705F574F4D006C736D36647353
:108150006D5F73657475705F44524459006C736D44
:108160003664736D5F6669666F5F7265616400286F
:108170006E696C29000D0A006C6F6767696E670095
:108180002A2A2A20426F6F74696E6720536C696DCA
:108190006556522D547261636B65722D6E52462086
:1081A00076312E302E302D6465762D356535373796
:1081B00065303132616661202A2A2A0A002A2A2A79
:1081C000205573696E67206E524620436F6E6E6550
:1081D00063742053444B2076332E332E342D396272
:1081E00065326538626666646166202A2A2A0A005A
:1081F0002A2A2A205573696E67205A657068797239
:10820000204F532076342E332E39392D33376536AF
:108210006332383537366565202A2A2A0A005745E1
:1082200053545F544F504449522F7A6570687972A5
:108230002F6C69622F7574696C732F6E6F74696629
:10824000792E6300574553545F544F504449522F81
:108250007A65706879722F7375627379732F6C6F9A
:108260006767696E672F6C6F675F6F757470757481
:108270002E63005B2530386C755D20005B25303245
:10828000753A253032753A253032752E25303375E2
:108290002C253033755D20003C25733E200025736E
:1082A0003A2000253032782000202020007C002554
:1082B0006300574553545F544F504449522F7A65D9
:1082C000706879722F7375627379732F6C6F67673B
:1082D000696E672F6261636B656E64732F6C6F6785
:1082E0005F6261636B656E645F756172742E6300BB
:1082F00025733A202A2A2A2A2A204D505520464101
:10830000554C54202A2A2A2A2A0025733A20202054
:10831000537461636B696E67206572726F72202897
:10832000636F6E746578742061726561206D696732
:108330006874206265206E6F742076616C696429B0
:108340000025733A202020556E737461636B696E4B
:1083500067206572726F720025733A202020446195
:108360007461204163636573732056696F6C617437
:10837000696F6E0025733A2020204D4D46415220F2
:10838000416464726573733A2030782578002573F0
:108390003A202020496E737472756374696F6E2081
:1083A0004163636573732056696F6C6174696F6EA6
:1083B0000025733A202020466C6F6174696E672D2A
:1083C000706F696E74206C617A7920737461746562
:1083D00020707265736572766174696F6E20657264
:1083E000726F7200574553545F544F504449522F97
:1083F0007A65706879722F617263682F61726D2F70
:10840000636F72652F636F727465785F6D2F66613D
:10841000756C742E630025733A204661696C65643F
:1084200020746F20616C6C6F63617465206E65777A
:10843000204D505520726567696F6E2025750A00C2
:1084400025733A20506172656E74206465766963A5
:1084500065206973206E6F742072656164790025F0
:10846000733A20506172656E7420696E6974696137
:108470006C69736174696F6E206661696C75726591
:108480003A2025640025733A20556E6465726C7934
:10849000696E6720617265612073697A652069730E
:1084A00020696E73756666696369656E742C2072E7
:1084B000657175697265733A20307825782C20686B
:1084C00061733A20307825780025733A20496E761A
:1084D000616C6964206368616E6E656C2049443A22
:1084E0002025640025733A2053656C6563746564C8
:1084F00020414443206761696E206973206E6F7468
:108500002076616C69640025733A2053656C65635D
:1085100074656420414443207265666572656E63CC
:1085200065206973206E6F742076616C6964002524
:10853000733A2053656C656374656420414443203D
:108540006163717569736974696F6E2074696D65B3
:10855000206973206E6F742076616C6964005745E2
:1085600053545F544F504449522F6D6F64756C657E
:10857000732F68616C2F6E6F726469632F6E726601
:10858000782F647269766572732F7372632F6E72BF
:1085900066785F73616164632E630025733A2043DC
:1085A000616E6E6F7420636F6E66696775726520A9
:1085B0006368616E6E656C2025643A2025640057FF
:1085C0004553545F544F504449522F7A657068792F
:1085D000722F617263682F61726D2F636F72652FE6
:1085E0006D70752F61726D5F6D70752E63005745EC
:1085F00053545F544F504449522F7A6570687972D2
:108600002F7375627379732F6C6F6767696E672F4D
:108610006C6F675F636F72652E6300574553545FDD
:10862000544F504449522F7A65706879722F6B65A8
:10863000726E656C2F696E69742E63006D61696E70
:108640000069646C650061626F727428290A0055C4
:108650006E6B6E6F776E206572726F720025733A63
:108660002072302F61313A20203078253038782040
:108670002072312F61323A2020307825303878202E
:108680002072322F61333A2020307825303878003C
:1086900025733A2072332F61343A20203078253008
:1086A0003878207231322F69703A202030782530A6
:1086B0003878207231342F6C723A2020307825308F
:1086C00038780025733A2020787073723A20203071
:1086D00078253038780025733A20735B2532645D45
:1086E0003A20203078253038782020735B2532649A
:1086F0005D3A20203078253038782020735B253291
:10870000645D3A20203078253038782020735B254E
:1087100032645D3A20203078253038780025733A6D
:108720002066707363723A202030782530387800E4
:1087300025733A204661756C74696E6720696E73A3
:108740007472756374696F6E2061646472657373AB
:1087500020287231352F7063293A2030782530383F
:10876000780025733A20556E68616E646C656420EC
:108770004952516E3A2025640025733A203E3E3E10
:10878000205A455048595220464154414C204552A8
:10879000524F522025643A202573206F6E2043509B
:1087A000552025640025733A204661756C74206459
:1087B0007572696E6720696E746572727570742067
:1087C00068616E646C696E670A0025733A204375B0
:1087D0007272656E74207468726561643A202570E7
:1087E00020282573290025733A2052657365747417
:1087F000696E672073797374656D00526573657275
:1088000076656420457863657074696F6E20280012
:1088100053707572696F757320696E7465727275C5
:1088200070742028495251200025733A2053505328
:10883000454C20696E20746872656164206D6F64B8
:108840006520646F6573206E6F7420696E64696360
:10885000617465205053500025733A202A2A2A2A31
:108860002A2048415244204641554C54202A2A2A65
:108870002A2A0025733A20202042757320666175EC
:108880006C74206F6E20766563746F722074616201
:108890006C6520726561640025733A202020446570
:1088A000627567206576656E740025733A20202016
:1088B0004661756C7420657363616C6174696F6E79
:1088C00020287365652062656C6F77290025733AEF
:1088D00020415243485F45584345505420776974BE
:1088E0006820726561736F6E2025780A0025733ADF
:1088F000202A2A2A2A2A204465627567206D6F6E15
:1089000069746F7220657863657074696F6E202A70
:108910002A2A2A2A0025733A202A2A2A2A2A2025A6
:108920007320256429202A2A2A2A2A006164635F89
:108930006E7266785F736161646300677072656709
:108940007265743240343030303035323000677008
:108950007265677265743140343030303035316360
:1089600000626F6F745F6D6F646540300072657494
:10897000656E74696F6E006D707500666174616C10
:108980005F6572726F72006F730043505520657897
:1089900063657074696F6E00556E68616E646C65B6
:1089A0006420696E746572727570740053746163CB
:1089B0006B206F766572666C6F77004B65726E65C3
:1089C0006C206F6F7073004B65726E656C20706108
:1089D0006E6963006572720077726E00696E660080
:1089E000646267001B5B313B33316D001B5B313BC5
:1089F00033336D006761696E5F736574007265661D
:108A00006572656E63655F736574006163715F7441
:108A1000696D655F736574006164635F6E7266782B
:108A20005F6368616E6E656C5F736574757000720C
:108A30006574656E74696F6E5F696E6974000007B6
:108A40000E091C1B1215383F363124232A2D000035
:108A500001000000726567696F6E5F616C6C6F6327
:108A60006174655F616E645F696E697400676574E7
:108A70005F65736600686172645F6661756C74003F
:108A800064656275675F6D6F6E69746F72007265A1
:108A90007365727665645F657863657074696F6E1F
:108AA000006D656D5F6D616E6167655F6661756CB8
:108AB00074006573665F64756D70006B5F737973C6
:108AC0005F666174616C5F6572726F725F68616E20
:108AD000646C6572007A5F666174616C5F65727266
:108AE0006F72007A5F61726D5F666174616C5F6561
:108AF00072726F72000001010301000301206D65B5
:108B00007373616765732064726F70706564202D84
:108B10002D2D0D0A1B5B306D001B5B313B33316D1E
:108B20002D2D2D20006E76735F736563746F725FF9
:108B30006D61785F646174615F73697A6500716DFE
:108B4000635F6D61675F6F6E6573686F7400716DF1
:108B5000635F73687574646F776E00716D635F6DCA
:108B600061675F7265616400716D635F75706461F8
:108B700074655F6F64720025733A20696E76616C6C
:108B8000696420616464726573733A2030782530BB
:108B9000386C783A257A750025733A204661696CFD
:108BA000656420746F20696E697469616C697A65A7
:108BB000206465766963653A202573001B5B73004A
:108BC0001B5B7500574553545F544F504449522F17
:108BD0007A65706879722F647269766572732F6333
:108BE0006C6F636B5F636F6E74726F6C2F636C6F0F
:108BF000636B5F636F6E74726F6C5F6E72662E6311
:108C000000574553545F544F504449522F6D6F6481
:108C1000756C65732F68616C2F6E6F726469632F5A
:108C20006E7266782F647269766572732F737263E1
:108C30002F6E7266785F636C6F636B2E63005745AF
:108C400053545F544F504449522F6D6F64756C6597
:108C5000732F68616C2F6E6F726469632F6E72661A
:108C6000782F647269766572732F7372632F6E72D8
:108C700066785F636C6F636B5F6866636C6B2E63B3
:108C800000574553545F544F504449522F7A6570F2
:108C90006879722F696E636C7564652F7A65706888
:108CA00079722F647269766572732F6770696F2F9E
:108CB0006770696F5F7574696C732E6800574553F0
:108CC000545F544F504449522F6D6F64756C6573F7
:108CD0002F68616C2F6E6F726469632F6E72667895
:108CE0002F647269766572732F7372632F6E72666A
:108CF000785F7764742E6300574553545F544F5028
:108D00004449522F6E72662F7375627379732F65A3
:108D100073622F6573622E6300574553545F544F3F
:108D2000504449522F6D6F64756C65732F68616C88
:108D30002F6E6F726469632F6E7266782F68656C30
:108D4000706572732F6E7266785F677070695F709E
:108D500070692E6300574553545F544F5044495235
:108D60002F6D6F64756C65732F68616C2F6E6F72F9
:108D70006469632F6E7266782F64726976657273A8
:108D80002F7372632F6E7266785F74696D65722ED1
:108D90006300574553545F544F504449522F6D6FF1
:108DA00064756C65732F68616C2F6E6F7264696394
:108DB0002F6E7266782F647269766572732F737284
:108DC000632F6E7266785F636C6F636B5F6C666354
:108DD0006C6B2E6300574553545F544F50444952B7
:108DE0002F6D6F64756C65732F68616C2F6E6F7279
:108DF0006469632F6E7266782F68616C2F6E72667D
:108E00005F6770696F74652E6800574553545F54EF
:108E10004F504449522F6D6F64756C65732F6861B4
:108E20006C2F6E6F726469632F6E7266782F647236
:108E300069766572732F7372632F6E7266785F67DF
:108E400070696F74652E6300574553545F544F50DB
:108E50004449522F7A65706879722F647269766519
:108E600072732F6770696F2F6770696F5F6E7266BC
:108E7000782E6300574553545F544F504449522F46
:108E80006D6F64756C65732F68616C2F6E6F7264A3
:108E900069632F6E7266782F68616C2F6E72665FE1
:108EA00070776D2E6800574553545F544F504449B6
:108EB000522F6D6F64756C65732F68616C2F6E6FC8
:108EC000726469632F6E7266782F64726976657258
:108ED000732F7372632F6E7266785F70776D2E6377
:108EE0000025733A20496E76616C69642073656C65
:108EF000656374696F6E206F66206368616E6E656E
:108F00006C730025733A204368616E6E656C202592
:108F100075206E6F7420636F6E6669677572656425
:108F20000025733A204E6F206368616E6E656C2079
:108F3000636F6E666967757265640025733A2041D8
:108F40004443207265736F6C7574696F6E2076612F
:108F50006C7565202564206973206E6F74207661BE
:108F60006C69640025733A204F76657273616D7089
:108F70006C696E6720697320737570706F727465A9
:108F80006420666F722073696E676C652063686128
:108F90006E6E656C206F6E6C790025733A204F768B
:108FA000657273616D706C696E672076616C756552
:108FB000202564206973206E6F742076616C69646B
:108FC00000574553545F544F504449522F6D6F64BE
:108FD000756C65732F68616C2F6E6F726469632F97
:108FE0006E7266782F68616C2F6E72665F73616156
:108FF00064632E680025733A2050726F7669646549
:10900000642062756666657220697320746F6F20D4
:10901000736D616C6C202825752F257529002573CB
:109020003A204661696C656420746F207365742012
:109030006275666665723A2025640025733A20439E
:10904000616E6E6F742073746172742073616D70E1
:109050006C696E673A2025640025733A206E6F7440
:1090600020776F72642D616C69676E65643A203099
:10907000782530386C783A257A7500574553545F17
:10908000544F504449522F6D6F64756C65732F684F
:10909000616C2F6E6F726469632F6E7266782F64D5
:1090A0007269766572732F7372632F6E7266785F62
:1090B0006E766D632E630025733A20756E616C6960
:1090C000676E656420616464726573733A203078FA
:1090D0002530386C783A257A75005461726765746A
:1090E00020636C6F636B206672657175656E637962
:1090F0002063616E6E6F74206265206578707265A2
:109100007373656420696E2050574D20636C6F63E4
:109110006B207469636B73001B5B257544001B5BDC
:1091200025754300574553545F544F504449522FBF
:109130006D6F64756C65732F68616C2F6E6F7264F0
:1091400069632F6E7266782F68616C2F6E72665F2E
:10915000726164696F2E680025733A20496E7661EA
:109160006C6964206368616E6E656C3A2025752EAB
:109170000025733A20496E636F6D70617469626C8B
:109180006520706572696F642E0025733A205072F5
:10919000657363616C657220666F722070657269B9
:1091A0006F645F6379636C6573202575206E6F74DF
:1091B00020666F756E642E0025733A204661696CD7
:1091C000656420746F20616C6C6F63617465204707
:1091D00050494F5445206368616E6E656C20666F20
:1091E000722057414B450025733A204661696C65F2
:1091F0006420746F20636F6E6669677572652057AF
:10920000414B452070696E0025733A204353204737
:1092100050494F20706F72742025732070696E2042
:109220002564206973206E6F742072656164790013
:1092300025733A204661696C656420746F20616C07
:109240006C6F6361746520505049204368616E6E95
:10925000656C00574553545F544F504449522F6D2D
:109260006F64756C65732F68616C2F6E6F726469C3
:10927000632F6E7266782F647269766572732F73CE
:1092800072632F6E7266785F7370696D2E6300254E
:10929000733A205570646174652065786365656410
:1092A000732063757272656E74206275666665728E
:1092B0000025733A2048616C662D6475706C657882
:1092C000206E6F7420737570706F72746564002502
:1092D000733A20536C617665206D6F646520697305
:1092E000206E6F7420737570706F72746564206F78
:1092F0006E2025730025733A204C6F6F7062616396
:109300006B206D6F6465206973206E6F74207375B8
:1093100070706F727465640025733A20576F7264C1
:109320002073697A6573206F746865722074686150
:109330006E2038206269747320617265206E6F74CC
:1093400020737570706F727465640025733A2046DF
:1093500072657175656E63696573206C6F77657290
:10936000207468616E20313235206B487A2061723A
:1093700065206E6F7420737570706F727465640011
:1093800025733A204661696C656420746F20696EAC
:10939000697469616C697A65206E7266782064729E
:1093A000697665723A2025640057616974696E6751
:1093B00020666F722057414B452061636B6E6F775B
:1093C0006C6564676D656E742074696D6564206F8B
:1093D00075740025733A2054696D656F7574207734
:1093E000616974696E6720666F72207472616E7352
:1093F00066657220636F6D706C65746500574553C8
:10940000545F544F504449522F626F6F746C6F61B8
:109410006465722F6D6375626F6F742F626F6F7406
:109420002F626F6F747574696C2F7372632F626F24
:109430006F747574696C5F7075626C69632E63001C
:109440007370695F6E7266785F7370696D007561C5
:1094500072745F6E7266785F7561727465007265B2
:109460007461696E65646D656D0070776D5F6E72B5
:10947000667800666C6173685F6E72660070776D07
:10948000636C6F636B00636C6F636B5F636F6E74B1
:10949000726F6C5F70776D000102030405060708A8
:1094A000090000000D0020303030303030303030D6
:1094B00030303030300101010000000000000000B9
:1094C00001626F6F745F7365745F6E657874000618
:1094D0000500010100000000007370695F636F6E9A
:1094E000746578745F63735F636F6E6669677572C6
:1094F000655F616C6C007370695F6E7266785F693E
:109500006E6974007370695F636F6E746578745F01
:10951000776169745F666F725F636F6D706C65749D
:10952000696F6E00636F6E66696775726500737050
:10953000695F636F6E746578745F7570646174657C
:109540005F7278007370695F636F6E746578745FC3
:109550007570646174655F747800656E6474785FBB
:1095600073746F7074785F7070695F696E6974008E
:1095700070776D5F6E7266785F696E697400707780
:109580006D5F706572696F645F636865636B5F616F
:109590006E645F7365740070776D5F6E7266785F7E
:1095A0007365745F6379636C657300000102030483
:1095B0000506070001666C6173685F6E72665F7214
:1095C00065616400666C6173685F6E72665F657288
:1095D00061736500666C6173685F6E72665F777257
:1095E00069746500696E69745F73616164630061C9
:1095F00064635F636F6E746578745F7570646174C3
:10960000655F6275666665725F706F696E746572BC
:10961000006576656E745F68616E646C657200618A
:1096200064635F636F6E746578745F656E61626CAE
:10963000655F74696D657200636865636B5F627511
:10964000666665725F73697A65006765745F6F76D9
:10965000657273616D706C696E67006765745F72C7
:1096600065736F6C7574696F6E0073746172745F8B
:109670007265616400574553545F544F50444952DA
:109680002F7A65706879722F6B65726E656C2F64C6
:1096900065766963652E6300574553545F544F5098
:1096A0004449522F7A65706879722F6B65726E65C6
:1096B0006C2F69646C652E6300574553545F544F9B
:1096C000504449522F7A65706879722F6B65726EBB
:1096D000656C2F7468726561642E6300574553543E
:1096E0005F544F504449522F7A65706879722F6BDE
:1096F00065726E656C2F696E636C7564652F6B7334
:109700007761702E6800574553545F544F50444959
:10971000522F7A65706879722F6B65726E656C2F47
:1097200074696D65736C6963696E672E6300574574
:1097300053545F544F504449522F7A657068797280
:109740002F6C69622F686561702F686561702E6388
:1097500000574553545F544F504449522F7A657017
:109760006879722F6B65726E656C2F6B68656170BE
:109770002E6300574553545F544F504449522F6D48
:109780006F64756C65732F68616C2F6E6F7264699E
:10979000632F6E7266782F68656C706572732F6EBA
:1097A0007266785F72616D5F6374726C2E630057CE
:1097B0004553545F544F504449522F7A657068792D
:1097C000722F6C69622F6F732F63627072696E748F
:1097D000665F7061636B616765642E630025733A31
:1097E00020506172746974696F6E2025753A207318
:1097F000616E69747920636865636B206661696C6A
:1098000065642E0025733A202A2A2A2A2A205553D5
:10981000414745204641554C54202A2A2A2A2A00ED
:1098200025733A2020204469766973696F6E20623F
:1098300079207A65726F0025733A202020556E6179
:109840006C69676E6564206D656D6F727920616308
:10985000636573730025733A2020204E6F20636F79
:1098600070726F636573736F7220696E7374727553
:109870006374696F6E730025733A202020496C6C05
:109880006567616C206C6F6164206F66204558438A
:109890005F52455455524E20696E746F20504300FC
:1098A00025733A202020496C6C6567616C207573C4
:1098B00065206F66207468652045505352002573FB
:1098C0003A202020417474656D707420746F206597
:1098D00078656375746520756E646566696E656428
:1098E00020696E737472756374696F6E0025733AC4
:1098F000202A2A2A2A2A20425553204641554C54D0
:10990000202A2A2A2A2A0025733A2020205374610B
:10991000636B696E67206572726F720025733A20FF
:1099200020205072656369736520646174612062F0
:109930007573206572726F720025733A2020204281
:1099400046415220416464726573733A2030782531
:10995000780025733A202020496D70726563697321
:1099600065206461746120627573206572726F7224
:109970000025733A202020496E73747275637469F0
:109980006F6E20627573206572726F7200494D555B
:109990002077616B652075702072657175657374D1
:1099A000656400494D552077616B652075702062B4
:1099B0006C6F636B6564206279204F54410025739E
:1099C0003A20494D552077616B652075702073658D
:1099D000747570206661696C656420616674657277
:1099E0002073687574646F776E20707265702C20B8
:1099F0007265626F6F74696E6700436F6E66696748
:109A00007572656420494D552077616B65207570CE
:109A10000057616B65207570204750494F205025D5
:109A2000752E253032752C20636F6E6669673A207B
:109A3000257500436F6E6669677572656420494DD0
:109A4000552077616B65207570204750494F002580
:109A5000733A206572723A2025640025733A2052C9
:109A60006561642076616C75653A20307825303206
:109A7000582C203078253032582C20307825303240
:109A8000582028307825303258290056616C696496
:109A90002064657669636520666F756E64207573F2
:109AA000696E672072656769737465723A203078F1
:109AB00025303258202876616C75653A203078253B
:109AC00030325829004E6F206465766963652066E0
:109AD0006F756E64207573696E6720726567697350
:109AE0007465723A203078253032580025733A2058
:109AF000416363656C65726F6D6574657220776133
:109B000069742074696D6564206F757400416363C6
:109B1000656C65726F6D657465723A20252E3566C9
:109B200020252E356620252E3566004E6F206D6F60
:109B300074696F6E20646574656374656400436165
:109B40006C6962726174696F6E3A205573696E67F1
:109B50002061637475616C204F4452202D20477939
:109B6000726F3A20252E3266487A2C204163636555
:109B70006C3A20252E3266487A2C20436865636B48
:109B800020696E74657276616C3A202564004D61BF
:109B9000782073616D706C696E672074696D6520E3
:109BA000726561636865642028256C6C64206D7340
:109BB000290054656D7065726174757265207468F2
:109BC000726573686F6C6420726561636865642098
:109BD000616674657220256C6C64206D73207769F2
:109BE00074682025642073616D706C657300416337
:109BF00063656C206D6F74696F6E20646574656356
:109C00007465643A20617869732025642072616EFE
:109C1000676520252E3466004779726F206D6F745A
:109C2000696F6E2064657465637465643A20617859
:109C300069732025642077696E646F7765642D6D84
:109C400065616E2072616E676520252E3466005353
:109C5000616D706C657320636F6C6C6563746564B3
:109C60003A202564004E6F7420656E6F756768201A
:109C700073616D706C65733A202564203C20256407
:109C800020286261736564206F6E206779726F208F
:109C900077616974204F44523A20252E3266487A03
:109CA0002C206D696E2074696D653A2025646D7392
:109CB0002900542D43616C3A2041766572616765D5
:109CC0002074656D70657261747572653A20252E19
:109CD000326643202825642073616D706C6573299A
:109CE00000542D43616C3A2054656D706572617447
:109CF0007572652072616E67653A20252E32664363
:109D00002028252E32664320746F20252E3266438C
:109D10002900467573696F6E2062696173207570E2
:109D200064617465643A205B252E33662C20252EF1
:109D300033662C20252E33665D0025733A20434C74
:109D40004B5F454E204750494F2073657420746F18
:109D5000202564206661696C656420287265743D05
:109D600025642900434C4B5F454E204750494F2006
:109D700073657420746F202564004D65737361678B
:109D800065202822257322292064726F7070656413
:109D90002062656361757365206974206578636509
:109DA0006564732073697A65206C696D6974617488
:109DB000696F6E202825752900574553545F544F0D
:109DC000504449522F7A65706879722F73756273A7
:109DD00079732F6C6F6767696E672F6C6F675F6D44
:109DE00073672E630025733A20436F6E666967754B
:109DF0007265642072657472616E736D69737369E4
:109E00006F6E2064656C61792069732062656C6F88
:109E10007720746865207265717569726564206D5C
:109E2000696E696D756D206F6620256420757300FD
:109E300025733A204661696C656420746F207570E3
:109E40006461746520726164696F20706172616D14
:109E500065746572730025733A204661696C6564A8
:109E600020746F20696E697469616C697A65206E0F
:109E70007266782074696D6572202865727220257B
:109E800064290025733A204661696C656420746F0B
:109E900020696E697469616C697A65204553422056
:109EA00073797374656D2074696D65720025733AFA
:109EB00020677070695F67726F75705F616C6C6F3F
:109EC00063206661696C656420776974683A20254F
:109ED000640A0025733A20677070695F6368616E79
:109EE0006E656C5F616C6C6F63206661696C656444
:109EF00020776974683A2025640A0025733A204661
:109F000061696C656420746F20696E697469616C45
:109F1000697A652050504900526573746F72696E9A
:109F200067205246206368616E6E656C2066726FB2
:109F30006D204E56533A202575005573696E672083
:109F400064656661756C74205246206368616E6E4C
:109F5000656C3A2025750045534220696E69746925
:109F6000616C697A65642C20257358206D6F646577
:109F70000025733A2045534220696E697469616C0B
:109F8000697A6174696F6E206661696C65643A20F4
:109F900025640028756E7369676E6564292063689F
:109FA0006172202A207573656420666F72202525F2
:109FB0007020617267756D656E742E204974277309
:109FC000207265636F6D6D656E64656420746F20CB
:109FD0006361737420697420746F20766F696420E4
:109FE0002A2062656361757365206974206D6179EB
:109FF000206361757365206D697362656861766958
:10A000006F7220696E206365727461696E20636F80
:10A010006E66696775726174696F6E732E20537412
:10A0200072696E673A2225732220617267756D65C9
:10A030006E743A2564004D657373616765206472C0
:10A040006F70706564206265636175736520697403
:10A0500020657863656564732073697A65206C692F
:10A060006D69746174696F6E2028257529005745E4
:10A0700053545F544F504449522F7A657068797237
:10A080002F6B65726E656C2F74696D656F75742EBC
:10A090006300574553545F544F504449522F7A65DB
:10A0A000706879722F6B65726E656C2F696E636C68
:10A0B0007564652F6B7468726561642E680057451E
:10A0C00053545F544F504449522F7A6570687972E7
:10A0D0002F6B65726E656C2F6D757465782E6300DD
:10A0E00025733A204661696C656420746F2072653F
:10A0F0007175657374204D4355626F6F742072657E
:10A10000636F766572793A202564004D4355626F1E
:10A110006F742073657269616C207265636F766518
:10A120007279207265717565737465640057455363
:10A13000545F544F504449522F7A65706879722F9A
:10A140006B65726E656C2F73656D2E63005745539A
:10A15000545F544F504449522F7A65706879722F7A
:10A160006B65726E656C2F6576656E74732E630019
:10A1700050616972696E67207265736574207265DB
:10A180007175657374656400444655207265717518
:10A19000657374656400444655204F5441207265D0
:10A1A0007175657374656400574553545F544F501F
:10A1B0004449522F7A65706879722F6B65726E65AB
:10A1C0006C2F6D73675F712E6300636F6E736F6CBE
:10A1D000650073656E736F725F7363616E007365A4
:10A1E0006E736F725F6E6F6E65007379735F676514
:10A1F000746F7074006C6F675F6D676D74006C6F67
:10A20000675F7561727400706D5F64657669636520
:10A210000053545245414D5F464C41534800666CD3
:10A220006173685F696D670073657474696E6773E5
:10A2300000736F63006D6375626F6F745F64667542
:10A2400000636C6F636B5F636F6E74726F6C006939
:10A2500032630072657461696E65645F6D656D5F20
:10A260006E72665F6770726567726574007265749E
:10A2700061696E65645F6D656D5F7A65706879723E
:10A280005F72616D007764745F6E726678006573EB
:10A29000625F676C7565006D6375626F6F745F7583
:10A2A00074696C0063627072696E74665F7061637A
:10A2B0006B616765006C6F670063616C5F62696109
:10A2C000735F636F6C6C6563740073656E736F723C
:10A2D0005F7363616E5F737069007379735F746934
:10A2E0006D65725F696E6974006573625F70706935
:10A2F0005F696E6974006573625F696E6974006599
:10A3000073625F696E697469616C697A65006E7603
:10A31000735F7772697465006E76735F72656164EE
:10A320005F68697374007365745F73656E736F72D1
:10A330005F636C6F636B00626F6F745F77726974D9
:10A34000655F747261696C6572007379735F656EC5
:10A350007465725F646675000010011102120313C8
:10A360000414051506160717080808080808080841
:10A3700018181818181818182828282828282828DD
:10A3800038383838383838384848484848484848CD
:10A39000585858585858585873656E736F725F778D
:10A3A0006169745F616363656C0073656E736F727E
:10A3B0005F7363616E5F737069007379735F574F8A
:10A3C0004D006275735F6661756C740075736167CB
:10A3D000655F6661756C74006D70755F636F6E6646
:10A3E00069677572655F726567696F6E7300616436
:10A3F000635F636F6E746578745F73746172745FAA
:10A4000073616D706C696E670001000101010100EC
:10A410000101010101574553545F544F50444952C3
:10A420002F7A65706879722F6C69622F6C6962632C
:10A430002F6E65776C69622F6C6962632D686F6F30
:10A440006B732E6300415353455254494F4E20467F
:10A4500041494C20402025733A25640A002C20668F
:10A46000756E6374696F6E3A200061737365727400
:10A47000696F6E2022257322206661696C65643ADB
:10A480002066696C6520222573222C206C696E651C
:10A49000202564257325730A000020202020202019
:10A4A0002020202828282828202020202020202084
:10A4B0002020202020202020202088101010101084
:10A4C00010101010101010101010040404040404D4
:10A4D00004040404101010101010104141414141B7
:10A4E000410101010101010101010101010101011C
:10A4F00001010101011010101010104242424242AD
:10A5000042020202020202020202020202020202EB
:10A5100002020202021010101020000000000000D1
:10A52000000000000000000000000000000000002B
:10A53000000000000000000000000000000000001B
:10A54000000000000000000000000000000000000B
:10A5500000000000000000000000000000000000FB
:10A5600000000000000000000000000000000000EB
:10A5700000000000000000000000000000000000DB
:10A5800000000000000000000000000000000000CB
:10A5900000000000000000000000232D302B2000F0
:10A5A000686C4C006566674546470030313233348D
:10A5B000353637383941424344454600303132332D
:10A5C00034353637383961626364656600696E69AF
:10A5D0007479005245454E54206D616C6C6F632058
:10A5E000737563636565646564002F5F5F772F5FD4
:10A5F00074656D702F776F726B73706163652F6216
:10A6000075696C642F2E6275696C642F61726D2D93
:10A610007A65706879722D656162692F7372632F34
:10A620006E65776C69622D6E616E6F2F6E65776CEB
:10A6300069622F6C6962632F737472696E672F731E
:10A640007472746F6B2E630042616C6C6F63207365
:10A650007563636565646564002F5F5F772F5F7462
:10A66000656D702F776F726B73706163652F6275A4
:10A67000696C642F2E6275696C642F61726D2D7A1E
:10A6800065706879722D656162692F7372632F6ED0
:10A6900065776C69622D6E616E6F2F6E65776C6980
:10A6A000622F6C6962632F7374646C69622F6764D4
:10A6B000746F612D6765746865782E6300504F5321
:10A6C0004958002F5F5F772F5F74656D702F776F2C
:10A6D000726B73706163652F6275696C642F2E6293
:10A6E00075696C642F61726D2D7A65706879722D51
:10A6F000656162692F7372632F6E65776C69622D75
:10A700006E616E6F2F6E65776C69622F6C69626324
:10A710002F7374646C69622F6D707265632E6300B1
:10A720007D940300097504000000000065710400B9
:10A73000B08A0400AD7204000000000065710400DE
:10A740000000000065710400000000006571040055
:10A750007C010020ED95030021CE03000975040063
:10A760000000000065710400000000006571040035
:10A770000000000065710400000000006571040025
:10A780000000000065710400000000006571040015
:10A790000000000065710400000000006571040005
:10A7A000FC03002001E4030000000000A1B003004E
:10A7B00000000000657104000000000065710400E5
:10A7C00000000000657104000000000065710400D5
:10A7D00000000000657104000000000065710400C5
:10A7E00000000000657104000000000065710400B5
:10A7F00000000000657104000000000065710400A5
:10A8000038030020459F030000000000657104002C
:10A810000000000065710400000000006571040084
:10A82000000000006571040008030020459F03003C
:10A830000000000065710400000000006571040064
:10A840000000000065710400000000006571040054
:10A850000000000065710400000000006571040044
:10A860000000000065710400000000006571040034
:10A870000000000065710400000000006571040024
:10A880000000000065710400000000006571040014
:10A8900000000000657104002C020020EDF00300B0
:10A8A00018C40000000000000000000000000000CC
:10A8B0000000000000000000000000000000000098
:10A8C0000000000004000000000000000000000084
:10A8D000010000000000000048F4FFFFFFFFFFFF41
:10A8E0000000000000000000000000000000000068
:10A8F00000000000000000000000803F0000000099
:10A90000000000000000000018FCFFFFFFFFFFFF39
:10A9100018FCFFFFFFFFFFFF000000007C0000208D
:10A920007C00002000000000010000008C000020DE
:10A930008C0000200000000001000000000000006A
:10A940000000000000000000000000000000000007
:10A9500000000000000000000000000000000000F7
:10A9600000000000000000000000000000000000E7
:10A9700000000000000000000000000000000000D7
:10A9800000000000000000000000000000000000C7
:10A9900000000000000000000000000000000000B7
:10A9A00000000000000000000000000000000000A7
:10A9B0000000000000000000FFFFFFFFFFFFFFFF9F
:10A9C0000A000000E5030000000000000000000095
:10A9D00009B200202000000000000000000000007C
:10A9E00000000000000000009B7A0400000000004E
:10A9F000280100200000000000000000000000000E
:10AA00000000C07F0000C07FFFFFFFFF00000000CC
:10AA100000000000737204000000000000600040AD
:10AA20000000000000000000000000000000000026
:10AA30000000000000000000000000000000000016
:10AA40000000000000000000000000000000000006
:10AA500000000000000000000000000000000000F6
:10AA600000000000000000000000000000000000E6
:10AA700000000000000000000000000000000000D6
:10AA800000000000000000000000000000000000C6
:10AA900000000000000000000000000000000000B6
:10AAA00000000000000000000000000000000000A6
:10AAB00000000000737204000000000000000000AD
:10AAC00000000000637A04000000000000F0024073
:10AAD0000000000000000000000000000000000076
:10AAE0000000000000000000000000000000000066
:10AAF000000000000000000000000000709804004A
:10AB00000100000064020020640200200000000038
:10AB10000100000074020020740200200000000008
:10AB20000100000000000000000000000000000024
:10AB30000000000000000000000000000000000015
:10AB40000000000000000000908B040000000000E6
:10AB500000000000BEB20020B6B2002006000000D7
:10AB6000908B040000366E0106010000908A0400FC
:10AB70001F000100000000000100000000000000B4
:10AB8000689C0400D89C040032000000FFFFFFFF17
:10AB9000DC6F002001000000000000000000000049
:10ABA000B97B04000000000000100240000000001B
:10ABB0000000000000000000000000000000000095
:10ABC0000000000000000000000000000000000085
:10ABD000B97B04000000000000C00140000000003C
:10ABE0000000000000000000000000000000000065
:10ABF00000000000000000008000000000000000D5
:10AC00006F71040000000000FFFFFFFFFFFFFFFF68
:10AC1000D08B0400000000000000000000000000D5
:10AC20000000000000000000000000000000000024
:10AC3000000000000000803F000000000000000055
:10AC4000000000000000803F000000000000000045
:10AC5000000000000000C8410000C8410000803F23
:10AC60000000000000000000000000000000803F25
:10AC700000000000000000000000000000000000D4
:10AC800000000000000000000000803F0100000004
:10AC90000000000000000000000000000000014073
:10ACA00000000000000000000000000000000000A4
:10ACB0000000000000000000000000000000000094
:10ACC0000000000000000000000000000000000084
:10ACD00000000000295C8F3D0000003A0000803F2A
:10ACE0000000C8410000803FA69B443A0000803F1E
:10ACF000A69B443A00007A3D0000003A0090D00341
:10AD0000320000000000C8410000803F0000803F8A
:10AD1000CB6A040014000000FF00000000000000E7
:10AD200000A000400000000000000000040000003F
:10AD3000000000000000000000A000400000000033
:10AD40007C0000000400000000000000E7E7E7E7E7
:10AD5000C2C2C2C2E7C2C3C4C5C6C7C80805FF0293
:10AD600000000000010000000000000000000000E2
:10AD700000000000000000000000000000000000D3
:10AD800000A000400000000081000000040000005E
:10AD90000000000000A000400000000000000000D3
:10ADA0000000000004050020040500209CA9040008
:10ADB000000000002475002002000000757F0400E0
:10ADC000797F040028050020000000005CAE04002C
:10ADD0003CAE04001CAE04000000000000000000B7
:10ADE0000000000000000000000000000000000063
:10ADF0000000000000000000000000000000000053
:10AE00000000000000000000000000000000000042
:10AE10000000000000000000000000000000000032
:10AE200000000000000000004300000000000000DF
:10AE30000000000000000000000000000000000012
:10AE400000000000000000004300000000000000BF
:10AE500000000000000000000000000000000000F2
:10AE6000000000000000000043000000000000009F
:10AE700000000000000000000000000000000000D2
:10AE8000000000000000000043000000000000007F
:10AE900000000000000000000000000000000000B2
:10AEA000000000000000000043000000000000005F
:10AEB0000000000000000000000000000000000092
:10AEC000000000000000000043000000000000003F
:10AED0000000000000000000000000000000000072
:10AEE000000000000000000043000000000000001F
:10AEF0000000000000000000000000000000000052
:10AF00000000000000000000BF880400B5850400B8
:10AF10000000000099A40500EF2705003425050076
:10AF200034250500342505003425050034250500A9
:10AF30003425050034250500342505003425050099
:10AF4000FFFFFFFFFFFFFFFFFFFFFFFFFFFF00000F
:10AF50000100415343494900000000000000000087
:10AF600000000000000000000000000000000000E1
:10AF70000000415343494900000000000000000068
:10AF800000000000000000000000000000000000C1
:10AF900000000000FFFFFFFFFFFFFFFFFFFFFFFFBD
:10AFA000FFFFFFFFFFFFFFFFFFFFFFFFFFFFFFFFB1
:10AFB000FFFFFFFFFFFFFFFFFFFFFFFFFFFFFFFFA1
:10AFC000FFFFFFFFFFFF0080FFFFFFFFFFFFFFFF0F
:10AFD000FFFFFFFFFFFF0101000000000000000075
:10AFE0000000000000000000000000000000000061
:10AFF0000000000000000000000000000000000051
:10B000000000000000000000000000000000000040
:10B010000000000000000000000000000000000030
:10B020000000000008000000000000000000000018
:10B030000000000000000000000000000000000010
:10B040000000000000000000000000000000000000
:10B0500000000000000000000000000000000000F0
:10B0600000000000000000000000000000000000E0
:10B070000001FFFFFFFF010101010101FFFF0C04BF
:10B08000FFFFFFFFFFFF01FFFFFFFFFFFFFFFF03CA
:10B09000FFFFFF01FF01FFFFFFFFFF030470010C33
:10B0A00004FFFF000000000000000000000000009E
:10B0B0000000000000000000000000000000000090
:10B0C0000000000000000000000000000000000080
:10B0D0000000000000000000000000000000000070
:10B0E0000000000000000000000000000000000060
:10B0F0000000000000000000000000000000000050
:10B1000000000000000000000014012000100000FA
:10B110000000000000000000000000007C0800208B
:10B120007C08002000000000000000000E0000006D
:10B13000900800209008002000000000000000009F
:10B140000E000000A4080020A40800200000000059
:10B15000000000000E000000B8080020B808002021
:10B1600000000000000000000E000000CC080020DD
:10B17000CC08002000000000000000000E000000CD
:10B18000E0080020E00800200000000000000000AF
:10B190000E000000F4080020F40800200000000069
:10B1A000000000000E00000008090020080900202F
:10B1B00000000000000000000E0000001C0900203C
:10B1C0001C0900200000000020000000100000000A
:10B1D0000024012000260120002401200024012059
:10B1E000000000000000000048090020480900207D
:10B1F000000000000100000058090020580900204C
:10B20000000000000100000068090020680900201B
:10B2100000000000010000007809002078090020EB
:10B2200000000000010000008809002088090020BB
:10B23000000000000100000098090020980900208B
:10B240000000000001000000A8090020A80900205B
:10B2500000000000000000000000000000000000EE
:10B2600000000000C4090020C40900200000000004
:10B270000000000000000000D8090020D8090020CC
:10B2800015E015E00769280010002000B446BB7CDB
:10B29000AD6CBA3EC49332514DB5E400B2B6C2D9DA
:0CB2A000C87D455A38BF760C854EADD4F1
:00000001FF
