:0400000300002211C6
:020000040000FA
:10000000B855002011220000674F0000FD210000BC
:10001000FD210000FD210000FD2100000000000086
:10002000000000000000000000000000C5220000E9
:10003000FD21000000000000FD210000FD21000066
:100040001124000011240000C12F00001124000021
:1000500011240000112400001124000011240000CC
:1000600011240000112400001124000011240000BC
:1000700011240000112400001124000011240000AC
:10008000112400001124000011240000112400009C
:10009000112400001124000011240000112400008C
:1000A000112400001124000011240000112400007C
:1000B000112400001124000011240000112400006C
:1000C000112400001124000011240000112400005C
:1000D000112400001124000011240000112400004C
:1000E000112400001124000011240000112400003C
:1000F000112400001124000011240000112400002C
:1001000053B94AB9002908BF00281CBF4FF0FF317E
:100110004FF0FF3000F00CB8ADF1080C6DE904CEE3
:1001200000F010F8DDF804E0DDE9022304B07047C8
:10013000704700BF034613F8012B002AFBD1181AA1
:10014000013870472DE9F04786468C460846089EE0
:10015000154674461946002B40F0C2808542B2FA1B
:1001600082F245D94AB1C2F1200300FA02FC2EFA0C
:1001700003F3954043EA0C0C94404FEA154EA8B2A5
:10018000BCFBFEF8230C0EFB18CC08FB00F943EA7D
:100190000C43994528D9EB1808F1FF3704D299454B
:1001A00002D9A8F102072B44A3EB0903A4B2B3FBC5
:1001B000FEFC0EFB1C330CFB00F044EA0344A0429F
:1001C00014D92C190CF1FF3304D2A04202D9ACF19E
:1001D00002032C44241A43EA07401EB1D4400023F2
:1001E00034607360BDE8F0874746DDE76346F1E7BA
:1001F00092BB431B01214FEA154EAFB2B3FBFEFC8D
:10020000200C0EFB1C330CFB07F840EA0343984517
:1002100062D9EB180CF1FF3004D2984502D9ACF149
:1002200002002B44A3EB0803A4B2B3FBFEFC0EFBBD
:100230001C330CFB07F744EA0344A7424ED92C19A0
:100240000CF1FF3304D2A74202D9ACF102032C44D3
:10025000E41B43EA0040C0E7C2F1200320FA03F1A7
:10026000954090402EFA03F303434FEA154EAFB288
:10027000B1FBFEFC0EFB1C10190C0CFB07F841EA4D
:100280000041884504FA02F422D969180CF1FF30C4
:1002900004D2884502D9ACF102002944A1EB08013F
:1002A0009BB2B1FBFEFC0EFB1C110CFB07F743EAF3
:1002B00001439F420ED9EB180CF1FF3104D29F424B
:1002C00002D9ACF102012B44DB1B41EA004192E769
:1002D0006046E3E76146F7E76046A3E76346B7E7B2
:1002E000834206D916B9002108467BE7C6E900E03B
:1002F000F9E7B3FA83F78FB9834201D3724508D87F
:10030000BEEB020460EB030301209C461EB90021F2
:1003100068E73846FAE7C6E9004CF8E7C7F1200C71
:10032000BB4022FA0CF41C432EFA0CF120FA0CF319
:10033000B84001434FEA14490EFA07F5B3FBF9F848
:100340001FFA84FE09FB18300B0C08FB0EFA43EA77
:1003500000439A4502FA07F240D9E31808F1FF304A
:1003600004D29A4502D9A8F102002344A3EB0A0360
:1003700089B2B3FBF9F809FB183308FB0EFE41EA1A
:1003800003418E452CD9611808F1FF3304D28E4504
:1003900002D9A8F10203214443EA0040A0FB0298DD
:1003A000A1EB0E014145CE46434602D306D14D4551
:1003B00004D2B9EB020E68EB04030138002EA6D07C
:1003C000B5EB0E0261EB030101FA0CFC22FA07F314
:1003D0004CEA0303F940C6E9003198E74046C5E717
:1003E0004346D9E7000000002DE9F04F0029D0F87E
:1003F0001090446889B005DD6FF01507384609B0E4
:10040000BDE8F08FD9F80030D4E90068002B4BD15B
:10041000A389A5680593B36806AA5B684146304680
:100420009847071EEADBDDE9067BA5FB072305FBF2
:100430000B3303920293DDE9021029A3D3E90023D1
:10044000FFF75EFE039B029A04904FF0FF3A9A4535
:10045000254B934102D26FF08507CFE76B08A3FBD2
:10046000075703FB0B7728461DA3D3E90023394622
:10047000FFF746FE1C4AAA45BA410346EBD304994E
:10048000B2689942B8D3059900911568049A41461B
:100490003046A84707460028B0D1208A06F08FFAD8
:1004A000012389F80430A9E7B36806AA5B684146CE
:1004B0003046984707460028A0D1D9F800200346C7
:1004C000DDE90601FFF71CFEA5890246D4E900011B
:1004D000836800951D685308DBE700BFAFF3008019
:1004E00000CA9A3B00000000FFC99A3B036803F072
:1004F0001F025B09026004D0012B034818BF0020D3
:1005000070474FF0A04070470003005007B5292105
:1005100001A80191FFF7EAFF019B019100EB830025
:10052000094BD0F80027134043F00303C0F800370D
:1005300001A8FFF7DBFF019A01239340C0F80835BB
:10054000002003B05DF804FBF0F8FCFF13B53A4956
:100550000A78062392B901A80193FFF7C7FF019B10
:1005600000EB8300354BD0F80027134043F00C0319
:10057000C0F8003701230B7002B010BD684600932D
:10058000FFF7B4FF009AD0F81035D34013F0010FF5
:100590002B4B07D02B4A00200021C2E90001012289
:1005A0001A70E9E71B78002BE6D0264CD4E900321C
:1005B00013430ED106F061FA4FF47A72A0FB0203E6
:1005C00002FB0131C00B40EA4140C90BC4E9000104
:1005D000D2E706F052FA4FF47A72A0FB020302FB54
:1005E0000131C30BD4E9002043EA41439B1A4FEA8F
:1005F000D13161EB0001B3F57A7F71F10001BBDB12
:10060000292101A80191FFF771FF019B019100EBE6
:1006100083000A4BD0F80027134043F00303C0F8CF
:10062000003701A8FFF762FF019A01239340C0F849
:100630000C3504F0B3FCFCE70B1C0020F0F8FCFFC9
:100640000A1C0020680100201FB5284B284AC3F867
:100650000026C3F80426C3F80826C3F80C26C3F8FE
:100660001026C3F81426C3F81826C3F81C26FFF773
:100670004DFF00F059F803F0B3FF01A800F038FB7C
:10068000044603F0BEFF38B1012000F069F801F024
:100690006BF8184801F0ECFB174B1B68A34208D01D
:1006A000012000F05DF801F05FF8124801F0E0FB76
:1006B000FEE79DF80800694603F06FFF08B104F0FB
:1006C00089FC009A039B0D4C1344019A1289134430
:1006D000236002F039FF00F067FC00F029FC00F015
:1006E00051FC2068064B9847FEE700BF0000014020
:1006F0003546526E686F00000C1200200802002080
:100700000100002021B1012906D06FF015007047CB
:10071000044B53F830007047024B03EBC00358689A
:10072000704700BF706F000010B50C4C204606F0FB
:1007300062F990B12269A168136823F48073136091
:100740000B684FF4003208212046984720460022CB
:10075000BDE81040082103F044BF10BD0C6C000040
:1007600002460821014803F03CBF00BF0C6C0000AA
:100770002DE9F04F9DB0DFF8C880289FD8F80040E1
:100780000397279F02970DF1500B269FCDF804B0D9
:100790000097299D81468A46164603F03FFF28B1FF
:1007A000D8F8004020461DB0BDE8F08F55B15A463C
:1007B0001CAF134603CBBB42286069601A4605F1A3
:1007C0000805F6D10023009332464FF6FF735146D9
:1007D00006A803F05AFF05460028E1D131464846F5
:1007E0000B9F03F0FBFFB842DAD30DF1120304AA0A
:1007F00005A906A803F097FF0028D1DB1CD1BDF89E
:100800001230102BF1D1BDF81040202CC8D1059921
:1008100023460CAA304604F08BFA0028C0D12246A9
:100820000CA9584603F0CBFF0446064B1B689842C0
:100830004FF00105D9D0B3E7002DB3D1B0E700BF29
:10084000400000200C12002038B50E4B002918BFC4
:100850000B46436203F5006303650121044604F07F
:1008600005F858B90221204604F000F8054638B9C9
:10087000206A04F09CFAE065284638BD0125FBE7B4
:100880000925F9E70C0200202DE9F3471E4683688D
:100890008B4205460C46174643D95B1A934240D318
:1008A00086B36A4603F081FE00283CDB013FDDF899
:1008B00000803C441D4FDFF878906A462146284668
:1008C00003F073FE00282EDBDDE9004A284652467D
:1008D000214604F057FA002825DBC7F80096C7F830
:1008E0000496C7F80896C7F80C96C7F81096C7F88C
:1008F0001496C7F81896C7F81C966EB1444512D9DD
:10090000013CDAE7511E21446A4603F04EFE0028FE
:1009100009DBDDF80080CDE75444A04503D3013462
:10092000CBE74FF0FF3002B0BDE8F0870000014098
:100930003546526E10B52C2359434218146A0CB92F
:1009400004F048FB41580B4B994206D1D1681389FA
:100950005B1802D25189C91801D3002009E0A368AD
:100960009942FAD2136940F60C621A420CBF012078
:10097000002010BD3DB8F3961FB52C2303FB0201E8
:100980000A6A0AB904F026FB0023CDE90233019379
:100990004FF480730093034BFFF7EAFE05B05DF858
:1009A00004FB00BF0C1C00202DE9F0412C2606FBA7
:1009B00001060546D6F820800C461746B8F1000F10
:1009C00001D104F007FB03F089FF10B93369DB069E
:1009D00003D50E4B1868BDE8F08121462846FFF785
:1009E000A9FF60B90A4B18680A4B1B688342F2D012
:1009F000002CEED00121404603F06BFFE9E72246D0
:100A000039462846FFF7B8FFEEE700BF3C0000205C
:100A1000400000200C1200200048704710160020F3
:100A20002DE9F84FDFF870B01C4C1D4D88469146FB
:100A30009A4600260B9B9E4201D300200FE00B9BA1
:100A4000154A9F1BB7F5806F28BF4FF480673B4660
:100A500006EB0A01404604F06BF910B10120BDE835
:100A6000F88F0A993B465A467118484604F075F9C2
:100A70000028F3D1C4F800563E44C4F80456C4F824
:100A80000856C4F80C56C4F81056C4F81456C4F8E6
:100A90001856C4F81C56CDE7101200200000014083
:100AA0003546526E2DE9F04F89B00E46044603F0EC
:100AB0003AFF014600B1FEE72046FFF7C5FE90B9B8
:100AC00000221146204603F016FF0546F0B92046E5
:100AD00003F064FFD0B104A803F04AFF03F051FF14
:100AE000C0B904F077FA0123984284F85830E7D16E
:100AF00094F858308DF81730042B35D8012B35D8A1
:100B000000F0A980FF2384F85830A4E0012384F882
:100B10005830EDE79DF81770012F18D1284602F0E4
:100B2000A3FD831E022B05460ED804AA3946204693
:100B3000FFF73AFF6B4B1B68984205D06A4B1D6864
:100B4000A84214BF0525012584F85850D0E701219B
:100B500004AA2046FFF728FF624B1B6898420CBF8F
:100B60009DF817300523D2E7052BC9E7002303AA18
:100B700001212046039303F034FE05460028B0D13E
:100B8000276A002FADD0D4F84C80B8F1000FA8D060
:100B9000D4F828A08146CA4515D0636A03EBC9037F
:100BA0002946D3F804B0384600235A46FFF76CFEB6
:100BB000002896D1039B5D449D4269D3E56DB3FB4C
:100BC000F5F305FB0355E06D03F076FEA26A636A58
:100BD000013A196803EBC2030022D3F804E072441F
:100BE00090429C46A3F10803F7D8DCF800000023EC
:100BF000411A3846FFF748FE034600287FF471AFDC
:100C0000CDE900053A4641462046FFF709FF002896
:100C10007FF467AF384602F0AFFC034600287FF44C
:100C200060AF226D01465268404603F04AFE03461B
:100C300000287FF456AFD4E91402013A016850F855
:100C4000325000EBC207691A7A68404603F039FE59
:100C500000287FF446AF94F85830FF2B3FF441AFA3
:100C60000022012B214D039215D01146204603F09E
:100C700042FE80B12D68102200210DEB020005F02C
:100C800027FF204603F067FE284609B0BDE8F08F35
:100C900009F101097FE7002211462046FFF784FE93
:100CA000104F3B689842E5D12B689842E2D00E4B3A
:100CB0001B689842DED00021204603F032FE002857
:100CC000D8D1039B01330393039B012B00D0FEE794
:100CD000206A03F068FC3071236A5B6834603D6809
:100CE000B360C8E70C1200203C0000204000002048
:100CF00010B50446002003F0D4FD02482146FFF75A
:100D0000D1FE10BD101600202DE9F04F9DB00368F4
:100D100002934368039383680493C368059303694C
:100D200006934369079383690893C3690993DDE9CF
:100D3000062CDDE904BEDDE902469846DFF890A105
:100D4000089B00930027CD595AF8049B0CAB2DBA91
:100D5000DD514FEAF223A94483EAB213009D83EAEE
:100D600072634B4425EA020502EA0C0985EA09058B
:100D70002B44434486EA0B054FEA743888EAB408EA
:100D8000254006EA0B0985EA090588EAB4580437C4
:100D9000A844402F03EB0E054344DE46DDF80080F7
:100DA00040F087804B490A914FF0100A51460AF1F2
:100DB000010A0DF1700E0AF00F070EEB870701F024
:100DC0000F0957F8407C01974FEAB74888EAF718AF
:100DD00001F10E0707F00F070EEB8707093157F8EF
:100DE000407C4FEAF74E8EEA774ECDF82CE001F0CA
:100DF0000F010DF1700E0EEB81010EEB890951F818
:100E0000401C59F840EC7144DDF804E088EADE0843
:100E1000DDF82CE041448EEA972E714405EA020881
:100E20004FEAF52E2CEA050787EA08078EEAB51E79
:100E3000DDF8288049F8401C8EEA756E774458F832
:100E400004EFCDF8288077440F440099CDF800C016
:100E500039444FEA733E84EA06078EEAB30E1F4018
:100E600004EA06088EEAB35E87EA08077744BAF117
:100E7000400F01EB0B0E0F44B34622D102993944C7
:100E8000016003991944049B416023448360059BDE
:100E90003344C360069B73440361079B2B44436147
:100EA000089B13448361099B6344C3611DB0BDE883
:100EB000F08FCDF800C0B346944626462A461C461D
:100EC00041E7944626462A461C4675463B466DE752
:100ED000786F0000B46F000010B50446C8B17022EE
:100EE000002103F02EFE0B4B0B4A0C490C48C4E9C1
:100EF00000230C4BC4E902130B4BC4E904030B4B56
:100F0000A36103F17453A3F52303A3F69243E361B2
:100F1000012010BD85AE67BB67E6096A72F36E3CBF
:100F20007F520E513AF54FA58C68059BABD9831FB4
:100F3000BFF36F8F72B6124B4FF0FF32C3F88020B1
:100F4000C3F88420C3F88820C3F88C20C3F890200D
:100F5000C3F89420C3F89820C3F89C20C3F88021DC
:100F6000C3F88421C3F88821C3F88C21C3F89021E9
:100F7000C3F89421C3F89821C3F89C21704700BF9F
:100F800000E100E00749D1F890200023C2F30722D6
:100F90001846934200DB7047C1F89830C1F8A000B2
:100FA0000133F6E700ED00E03E4A2DE9F0434FF053
:100FB000FF3301215160C2F84833C2F8083302F50B
:100FC000C042394E5160C2F84833C2F8083302F5C6
:100FD0009832364FDFF8D880516085B0C2F8483378
:100FE0000025C2F8083356F8044B4FF0FF3944F39C
:100FF0000730C4F8089301F085F9012363600023EA
:10100000C4F84C31D4F84C21C4F81031D4F8102174
:10101000C4F84431D4F84421C4F80035D4F80C2580
:101020000092D4F814250192D4F808250292D4F83D
:1010300010250392C4F80C956846C4F81495C4F8BA
:101040000895C4F8109550F8042B511C0FD002F0ED
:101050001F0152091DD0012A1ED1424602EB810216
:10106000D2F80017394041F00201C2F800170133ED
:10107000042BE8D15DB10F4A4FF0FF33C2F80835B9
:101080004FF08042C2F8083305B0BDE8F083012577
:10109000A9E74FF0A042E1E701F5E071002353F822
:1010A0002130FFDE00B0004078700000F0F8FCFF57
:1010B0000003005000F00140014B1B68184700BFBF
:1010C0004400002030B585B004460D4610220021B2
:1010D000684605F0FDFC02238DF802302A46044BD9
:1010E00001932146684603F00DF905B030BD00BFFD
:1010F000B910000008B50446EFF31183202383F3F1
:101100001288BFF36F8F02F01FFA204601F0D4F966
:10111000024803F01AFD03F041FFFCE7787200007B
:101120002DE9F043079D15B91560002012E0032456
:10113000B5FBF4F404EB4407BD4218BF0134B4F12D
:10114000804F09D2A40001348C4200D838B9146011
:101150006FF00B00BDE8F0834FF0FF34F7E7DFF8E6
:10116000BCE004460021B94203F1030C04F104067B
:101170002CD3A942274624D21F7801F1010CAC459B
:10118000264938BF5B784FEAA70E28BF002311F825
:101190000EE084F800E0AC4501EB131E3CBF9B0061
:1011A00003F03C034FEA071707F0300738BFCB5C6A
:1011B0001EF80770677028BF3D23A3703D23E370BE
:1011C0003746381A002310603B70AEE71CF8034C1A
:1011D0001CF8023C1CF8018C4FEAA40924011EF8FB
:1011E000099006F8049C04F030040EEB13199B00E0
:1011F00019F8044006F8034C03F03C030EEB981476
:1012000008F03F08E35C06F8023C1EF8083006F8D8
:10121000013C033134466346A5E700BF217300005B
:101220002DE9F043DDF81CE0DFF82C8100273C4677
:101230003D4675451FD3E4BB14600020BDE8F08334
:101240000136764533D013F806C0BCF1200FF7D035
:10125000AEEB0609B9F1010FA6EB05050DD0BCF107
:101260000D0F0AD103EB060999F80190B9F10A0FA5
:101270006ED1751CDDE72E46E3E7BCF10A0FF8D00E
:101280002DB9BCF13D0F05D10137022F0DD96FF0FB
:101290001500D3E71CF0800FF9D118F80C507F2D02
:1012A000F5D03F2D01D8002FF1D10134E1E73546CB
:1012B000C1E704F007064FF0060CE4080CFB06F645
:1012C0000CFB04F40736E41B04EBD60470B18C422B
:1012D0000CD80027DFF880E0DFF880801D4401464D
:1012E00003263C469D4205D10C1AA5E714606FF019
:1012F0000B00A3E713F8019BA9F10A0C5FFA8CFC21
:10130000BCF1160F04D848FA0CFC1CF0010FE9D010
:101310001EF809C00134BCF1400F08BF013E0CF0BB
:101320003F0C042C4CEA8717DCD17EB13C0C012E1B
:101330000C7002D101310024D4E7022E4FEA1724A9
:101340004C7016BF8F7002310331F4E73446C9E7A1
:10135000002DA2D09BE700BFA1720000F6FFBFFFE7
:101360002DE9F047058B04462807904611D4022941
:1013700005F0070540F0CC80204603F0F3FB78B180
:101380000138218B042811D8DFE800F0C2106D85E8
:10139000950001290CBF45F0100545F02005258377
:1013A00088F31188BFF36F8FBDE8F08701F0070A5B
:1013B000AA4500F0A5800027B9463E46A368002B49
:1013C00000F0BC8041F00801218388F31188BFF34D
:1013D0006F8FA168002900F0BA800D68002900F025
:1013E000B680D1F80480334652462046C047002DCF
:1013F00076D02B6829461D46F0E701F007035A1FF7
:10140000012A1BD8002221F00701062B276889B288
:10141000C4E9002209D13B4603E0628B01326283BA
:101420001B68002BF9D141F002012183204603F013
:1014300099FB00287AD041F0200176E0042B0AD1F4
:1014400021F0070189B22183204603F08BFB10B104
:1014500041F020012183218B01F0070AAA454FD0DA
:101460000027B946AAE7236921F0070141F00601E8
:10147000062DD3F8009021832DD1B9F1000F3FD074
:1014800041F00801218388F31188BFF36F8F3A4937
:101490002046C84729E021F00701236941F00401F3
:1014A00089B2042DD3F804902183E6D000273E466C
:1014B0004FF0040A82E721F00701236941F005019A
:1014C00089B2052DD3F808902183D6D000273E4657
:1014D0004FF0050A72E700273E464FF0060A6DE717
:1014E0002B4687E7B9F1000FD1D1EFF31188202304
:1014F00083F31288BFF36F8F238B23F008032383BA
:10150000258BEA062ED525F01003238305F0070569
:101510006669218B002EBFF670AF00232768C4E9EF
:10152000003321F0070141F001012183218B01F0FB
:10153000070AAA454FF000097FF440AF002F9CD066
:1015400041F00801218388F31188BFF36F8F002FCA
:10155000C8D03D68394633465246204603F02EFB3C
:101560002F46F4E7AB067FF51BAF25F0200323835E
:1015700005F0070500E700BFE94B000070B5104B10
:101580001C680D46B4B10F4B196800238B4202DB77
:101590006FF0010070BD224612F8106B864202D037
:1015A00001331446F2E7E06805F025FA28B12C6013
:1015B0000020EFE76FF00C00ECE76FF01200E9E7B6
:1015C000480000208070000010B588B04368029386
:1015D0008368C068CDE903320A680023CDE9062399
:1015E0000C4601AA0449059303F06DFE079808B95B
:1015F000059B236008B010BDCB4D000008B5054821
:1016000003F0A3FA044803F0A0FA044803F09DFA9B
:10161000002008BD6173000092730000C5730000D4
:10162000F7B5224E30688368DB6B03B198473068AA
:101630008368DB6A002B31D11D4C1E4D30688368F6
:101640001B69002B2DD001220DF1070198470128BD
:1016500027D1236843B92B681BB369681A682A60CD
:101660008B4208BF6A602360134A9DF80700118807
:101670007F2904D823680B444F1C178018720A284E
:10168000DCD123681188596000200C4918604D682E
:101690004DB9C1E9003310802060CEE7984700289B
:1016A000CAD103B0F0BD2B604B60F4E7C81A00202C
:1016B0007016002080160020F81B002078160020ED
:1016C00010B5044B044618688368E1B25B6898471C
:1016D000204610BDC81A0020F8B505461646084633
:1016E000EFF31187202383F31288BFF36F8F1B4919
:1016F0000B684BB11A4C62689A4205D000221A60FE
:10170000626862B9C4E90033164A136853B987F3B3
:101710001188BFF36F8F0B6018463360F8BD1360FC
:101720006360F1E7D2F804C01C681460634508BF29
:10173000546087F31188BFF36F8F5C680B60A04221
:10174000D8BF00F1FF3403F108012246284605F016
:1017500097F900232B55601C0123DEE77416002047
:10176000801600207816002013B52149214A002355
:10177000C1E90033C2E900331F4A1C4648681460BF
:1017800020BBC1E900220133082B02F18802F5D108
:101790001A4C1B48206005F02EF928B32068836896
:1017A00023B11B6C13B11749002298472068836846
:1017B000DB6A0BB1984760B1206883681B69002B16
:1017C000FAD001220DF107019847F4E702604A6060
:1017D000D9E70D4B206800221A8083681B6A03B189
:1017E0009847002002B010BD4FF0FF30FAE700BF6D
:1017F000801600207816002088160020C81A0020C5
:10180000286C000021160000F81B00202DE9F04F85
:10181000D9B0DFF8E490DFF8E480D9F8001041F2A5
:101820000443ADF8083040F60613ADF80C30344BE5
:101830001D680B785A1CA5EB080562F302030B70B8
:101840006BBA4B808B8800265BBA8B804E70082267
:10185000304603F0C2FBACB22A46414603F0BDFB62
:1018600004F10A03D9F800201FFA83FB5BBAADF834
:1018700014301368CDF8163007460DF1140A0C34F5
:101880005368CDF81A302A4641467FBA0DF11E0042
:10189000A4B205F0F5F82AF80B705346009404AA98
:1018A000BD2128A8FFF73CFCBDF8107007B3154D0B
:1018B000DFF854802B6802215B6803A89847344600
:1018C0003E1B7C2E2B68A8BF7C2628AA10195B68BB
:1018D000314698472B6834445B680121404698475D
:1018E000A74205DD2B6802215B6802A89847E7E75D
:1018F00059B0BDE8F08F00BF2C1B00200C1D00204C
:10190000E41A0020301B00203474000038B50B4C62
:1019100005460A21204605F03EF8022208492046E5
:1019200005F02CF82946204605F011F820460A213A
:1019300005F039F8BDE83840FFF768BFE41A002029
:10194000F37300002DE9F047D4B005AF0DF118098D
:1019500007AE4FF0FF340B463C60C9F800403460DE
:101960000AAD00240121C5E900440246009130A8D7
:101970000421CDE901440894099404F05FFF40225A
:10198000214620A805F0A4F8884B1C9305231D933D
:10199000874B8848CDE91E39874B2193874BCDE98A
:1019A0002335874B2693874B0321CDE92B01CDE9C6
:1019B0002836CDE92D370422279109AB1CA930A880
:1019C000229203F06BFA20B303240A217E4804F02C
:1019D000E2FF7E497C48022204F0D0FF7A4821468B
:1019E00004F0B5FF4CB973497748032204F0C6FFF1
:1019F000774B7548196804F0B4FF0A21724804F067
:101A0000D2FFFFF703FF089803F091F954B0BDE847
:101A1000F0873B685A1CD5E90084D5D0B8F1000F97
:101A2000D2D06C4A33B9D9F80010B1F1FF3F18BFDA
:101A30000B46136000211068FEF764FE08A9C0B2CF
:101A4000FFF79CFD0028BFD13B68614D002B47D1BB
:101A5000089F2B603846D7F8089002F0B2FE5E4A25
:101A60000146384602F0A1FD002840F09C80336812
:101A70004B45A9D8594A1060594A13602A68574EF5
:101A8000089831682244013A03F0E8F900283060F0
:101A90009ADB0898DFF8489103F089F9B4FBF0F37A
:101AA00003FB10462B680898A71B1C44D9F800308C
:101AB0009C4238BF002603F07AF9012806D908981D
:101AC00003F075F9013818EA000F4AD1296808981F
:101AD0003B46424603F041F900287FF475AF2FE002
:101AE0002A68934201D000246FE73D4A12682344DC
:101AF0009342C3D968E7BA45089828BFBA4603F0AD
:101B00005DF9402201460CA804F0E2FF524641462E
:101B10000CA804F0B5FF2968089853460CAA03F0F6
:101B20001CF9044600287FF450AF2B6853442B6007
:101B3000D044A7EB0A07089803F039F9B842DAD97C
:101B400096B92B68D9F8002033443B4493422B606C
:101B5000C9D1214B08981A68114603F07FF9C40FC8
:101B600033E74FF0400AE6E7089803F027F9082228
:101B700001460CA804F0ACFF324608EB07010CA8A4
:101B800004F07EFFDDF82080296840467C1803F0D1
:101B90000EF90CAA03462146404603F0DEF8002861
:101BA0007FF412AFCDE701240FE700BFF67300000A
:101BB0008F66000005740000FC7300009966000049
:101BC0000174000095660000E41A0020F373000021
:101BD000DC1A0020E01A0020D41A0020D01A0020BD
:101BE000CC1A0020F0B50C68164F174B85B00238A0
:101BF0000D46C4F58061009003AA38190131FFF742
:101C00000FFB0446D0B92B68039A1344022B2B60B8
:101C100011D93E8876BAB6B2023B9E420BD132460B
:101C2000B91C03F0DAF930B9022E04D92B689A1ED8
:101C30002A60FC540124204605B0F0BD4FF0FF346B
:101C4000F9E700BF8D1D00209021002007B500237B
:101C50000093044A04488023022104F0A6FE03B046
:101C60005DF804FB0C1D0020E41A00202DE9F04172
:101C700007299CB0044640F2E180037813F0050F79
:101C800040F0DC8043885BBAA1F108059BB2AB420F
:101C9000C0F0D4806B4B186083885BBA8380FFF7F9
:101CA000D5FFA688012E40F0B180E37923B1012B46
:101CB00000F0A4800820BCE02578FEF7ADFE0446C5
:101CC00002F0EFFD204602F02EFE05F0070501466A
:101CD000002840F091802046FEF7B6FD002840F035
:101CE0008880002D7ED131465748DFF8608104F0AE
:101CF00052FE57495448062204F040FE524805213E
:101D000004F045FE266AD8F80070002E52D0202339
:101D100004AA0021304603F00BF84E4B049A9A4275
:101D20000CD10023CDE902330193402300933246C6
:101D30000CAB04A92046FEF71BFD0746464B1B686B
:101D4000BB4236D11421404804F025FE0422434909
:101D50003D4804F013FE29463B4804F002FE40498A
:101D60003948072204F00AFEBDF8263001939DF899
:101D7000253000933B4A9DF8243040210CA802F006
:101D800097FA0A9B4BB1421E3E2A06D80CAEC0F110
:101D90004001354A304402F08BFA0CA8FEF7CAF92C
:101DA0000CA90246284804F0E9FD2748142104F054
:101DB000FAFD1DB9E66CD8F800708EB905212248ED
:101DC00004F0EDFD0121204804F0EDFDFFF71EFDBC
:101DD000204602F0C0FD1CB0BDE8F041FFF736BF61
:101DE000012594E7204602F0B6FD0820FFF78EFD9E
:101DF000F1E7204602F0AFFD0120F7E7294604F1A4
:101E000008001CB0BDE8F041FFF79CBD002E7FF438
:101E100051AFE379012B0BD0052B7FF44BAF30464C
:101E2000FFF774FD114804F0CAFD0120FFF762F9C5
:101E300030461CB0BDE8F041FFF768BD1CB0BDE8FE
:101E4000F08100BF2C1B0020E41A0020400000207D
:101E5000097400003DB8F3960C12002010740000C5
:101E6000157400001D7400002974000090D0030058
:101E70002DE9F341284FDFF8A480294E01233B7060
:101E8000284B00240546009418603B7813B902B033
:101E9000BDE8F081244BC3F80086C3F80486C3F87C
:101EA0000886C3F80C86C3F81086C3F81486C3F8F6
:101EB0001886C3F81C86FEF749FBC4F580612B68C1
:101EC00001AA0131301998470028019B01DC002B41
:101ED000DBD004442BB940F201439C42D5D100240D
:101EE000D3E73378062B09D17378092B0BD1002364
:101EF00000936946A01EFFF775FE04E0042B02D193
:101F00007378142BF5D00128E9D1009907480239DC
:101F1000FFF7ACFEE3E700BF8C1D00203546526E94
:101F20008E210020301B0020000001408F1D00206A
:101F300008B50348034A0021121A03F006F808BD49
:101F400068010020B42500200748084A084908B560
:101F5000121A02F0FCFF0748074A0849BDE808408A
:101F6000121A02F0F4BF00BF3C00002068010020FC
:101F700078750000000000203C0000203C75000047
:101F800030BFFFF7FDBF00BF134B9A6A12F0007F0E
:101F90009A6A14BF1E201D2012F0807F9A6A18BF13
:101FA0001F2012F4002F9A6A18BF212012F4802FEC
:101FB0009A6A18BF222012F4003F9A6A18BF2320A1
:101FC00012F4803F9A6A6FEA02426FEA12429A6202
:101FD00018BF2420704700BF00ED00E010B5194B7A
:101FE0000246986A9C6A10F4805F14BF172016207E
:101FF00014F4006F9C6A18BF1820A40509D5986BCB
:10200000986A000404D51AB19A6A22F400429A62CE
:1020100019200C4B9A6A12F4806F9A6A18BF1A2022
:10202000D2050CD49B6A13F4005F18BF1C20054A2C
:10203000936A43F47F43936200230B7010BD1B200F
:10204000F5E700BF00ED00E010B51C4B0246986AB2
:102050009C6A10F0100F14BF1120102014F0080F0C
:102060009C6A18BF1220A40709D5586B986A00060D
:1020700004D51AB19A6A22F080029A6213200F4B9B
:102080009A6A12F0010F9A6A18BF142012F0200FFA
:102090009A6A18BF1520D40658BF9B6A074B9A6AE4
:1020A000920642BF5A6A22F400525A629A6A42F079
:1020B000FF029A6200230B7010BD00BF00ED00E02C
:1020C000F0B5474B5B688BB00446C3F308030025AB
:1020D00085F31188BFF36F8F02F07F40B0F17F4F1F
:1020E00011D102F00C0008280DD010074CBF0C468F
:1020F00001250022033B8DF80720032B05D8DFE8DC
:1021000003F02462665F2C46F3E700239DF8072066
:10211000CAB902AE04F1200720686168324603C2E2
:102120000834BC421646F7D1099A002D53D0C2F3A9
:10213000080121B96FEA52226FEA4222099202A9EC
:10214000184602F006FF0BB0F0BD254BDA6A910786
:10215000DBD4DA6A002AD8DBDA6A5200D5D55A69AC
:10216000A16942F480725A61BFF34F8FBFF36F8F42
:102170005A6931F8021C22F480725A61BFF34F8F02
:10218000BFF36F8F4DF60272914209D09A6AD2B2B4
:1021900042B10DF107010120FFF756FF0346B5E7F5
:1021A0002368B3E79A6A12F47F4F05D00DF1070157
:1021B0000120FFF713FFF1E79B6AB3F5803FA4D33B
:1021C000FFF7E2FEEAE70DF107010020E4E70DF179
:1021D00007010020EDE722F4FF7222F00102ADE7D3
:1021E00000ED00E0044B5A6942F010025A615A694E
:1021F00022F008025A61704700ED00E0EFF308801A
:10220000EFF3098101B57246FFF75AFF01BD00BF28
:10221000002080F31488BFF36F8F0F4880F3088885
:1022200001F08EFA00200D490860BFF34F8F00F0D7
:1022300019F8202080F3118809484FF400614018F4
:1022400080F30988EFF314800221084380F3148897
:10225000BFF36F8F00F09EF8B855002094ED00E0BA
:10226000B825002072B6002383F31388144B4FF077
:10227000FF32C3F88020C3F88420C3F88820C3F855
:102280008C20C3F89020C3F89420C3F89820C3F89A
:102290009C20C3F88021C3F88421C3F88821C3F8A7
:1022A0008C21C3F89021C3F89421C3F89821C3F876
:1022B0009C2162B6BFF34F8FBFF36F8F704700BF93
:1022C00000E100E01EF0040F0CBFEFF30880EFF315
:1022D0000980816911F8021C0229FFD001B57246FC
:1022E00002F03DFE01BD00BF40B2002807DB044AFA
:1022F0004109012300F01F00834042F8213070475C
:1023000000E100E040B200280CDB4309064900F080
:102310001F0020330122824041F82320BFF34F8F5A
:10232000BFF36F8F704700BF00E100E0054B42092B
:1023300000F01F0053F82220012303FA00F01040A0
:10234000704700BF00E100E040B20028A8BF00F1E4
:10235000604001F10101B8BF064B4FEA4111ACBF2B
:1023600000F5614000F00F00C9B2B4BF195480F805
:102370000013704714ED00E0044B054A23F07F037F
:102380009360BFF34F8FBFF36F8F70470000000063
:1023900000ED00E008B5FFF7EFFF074AD2F88830FC
:1023A00023F47003C2F88830FFF7C2FDFFF7CCFDBD
:1023B00000F022F801F0A2FE00ED00E080B50C462E
:1023C00007461546084E86F30988002004498847C9
:1023D000204629461A46B84702488047FEE70000D3
:1023E0007F4F00008D4F0000B8550020014B102298
:1023F0001A61704700ED00E0044800232021C21854
:102400000133302B82F80013F9D1704700E100E06E
:1024100008B5EFF30583064A103B02EBC30152F8FF
:10242000330049688847BDE8084002F0A3BD00BFFB
:10243000086D000008B5054802F087FB002383F310
:102440001188BFF36F8F0423184602DF2D7400003C
:102450000E4A0123C2F840354FF080424FF08051C0
:10246000C2F87835D1F83001082808D1D1F83411F4
:10247000052904D80648415C09B1C2F838364FF046
:1024800080430122C3F880250020704700E001400E
:102490003674000048B1054B054A1B68B3FBF2F3E4
:1024A0005843044B43F00103184770474001002094
:1024B00040420F00606F0000BFF34F8F0549064B8D
:1024C000CA6802F4E0621343CB60BFF34F8F00BFD2
:1024D000FDE700BF00ED00E00400FA0508B5044880
:1024E000044A3F23C0E9002301F000FA002008BDA0
:1024F000341B0020FFFF0F00036803F01F025B097D
:10250000026004D0012B034818BF002070474FF031
:10251000A04070470003005037B51F2101A801916A
:10252000FFF7EAFF019B194C019100EB83000121A9
:10253000D0F80037234043F4A06343F00303C0F80E
:10254000003701A8FFF7D8FF019B01FA03F3C0F899
:102550000835142568460095FFF7CEFF009B0095CF
:1025600000EB8300D0F80037234043F4E06343F0EE
:102570000303C0F800376846FFF7BEFF009B994091
:10258000C0F80C15002003B030BD00BFF0F8FCFF10
:1025900013B504460B4802F06FFD012802D010F17C
:1025A000860F0CD1074801230DF10702002102F02C
:1025B0006BFD20B99DF807301B1B5842584102B0F3
:1025C00010BD00BFEC6C0000014802F08DBD00BFE3
:1025D000EC6C0000084B70B5C31A0D4607499B1000
:1025E000044659430648402202F0AAFD2B46014604
:1025F0002046BDE870401847501B0020B76DDBB681
:10260000D46B000073B50C4C0C4A4023041B0093A0
:102610000D460B460A49A41061430646094802F0DC
:10262000BAFD011E05DA30462B4602B0BDE8704007
:10263000184702B070BD00BF501B002005520000BB
:10264000B76DDBB6D46B00000022F8B5012105465A
:102650001046FFF779FE104801F070F90446B8B94A
:1026600001F08CF92F690D49384602F0CAFA031EB1
:1026700009DB01263E642D69084905F11C0002F0C2
:10268000C0FA031E02DA1C462046F8BDEE64FBE7E2
:102690006FF00404F8E700BF99270000EC70000019
:1026A00010B5EFF31184202383F31288BFF36F8FEB
:1026B000074A136823F00201DB07116002D40120EE
:1026C00003F0F0F984F31188BFF36F8F10BD00BFE2
:1026D000A01B002030B4104B0C2202FB003301463B
:1026E0000020D3E90E529863EFF31180202484F385
:1026F0001288BFF36F8F1C6C04F0C00444F0020416
:102700001C6480F31188BFF36F8F1DB12B46034803
:1027100030BC184730BC7047501B0020D46B000001
:1027200010B4EFF31182202383F31288BFF36F8F6D
:102730001748016841F002040460C80707D482F317
:102740001188BFF36F8F012010BC03F0A3B94FF0C5
:102750008041D1F80C04D1F80C14C907EFD5EFF380
:10276000118083F31288BFF36F8F0A490B6C03F05B
:10277000C00343F002030B6480F31188BFF36F8F33
:1027800082F31188BFF36F8F002010BCFFF7A2BF48
:10279000A01B0020501B002010B1012804D070475E
:1027A000034B1B6C5B0701D1FFF794BF704700BF61
:1027B000501B00202DE9F8433649BFF35B8F0746D5
:1027C000012251E8003F41E800200028F9D1BFF381
:1027D0005B8F33B9304931484B60CB608A6002F07F
:1027E00023FA7B1E012B2DD8012F07D14FF08043F8
:1027F000D3F81C3403F00303012B23D004F020F999
:10280000054608BB264B1B78F3B14FF080430222EC
:10281000C3F808230646DFF88C904FF080444FF051
:102820000108D4F81824D4F81834D20315D503F0CD
:102830000303012B01D0012F0FD125B386F311889B
:10284000BFF36F8FBDE8F883EFF31186202383F386
:102850001288BFF36F8F0125DDE7304602F0ABFB36
:10286000D4F81835002BDCD1D4F80421002AD8D0B4
:10287000C4F80431D4F80431C4F81885C9F880814B
:10288000C4F80880CDE74FF080430222C3F8042348
:10289000D8E700BF4C1B00203C1B00206C1B002015
:1028A000B325002000E100E0002903690ADC1B6871
:1028B00013B113600020704743689968034BB3FB62
:1028C000F1F3F6E76FF01500704700BF00CA9A3BBE
:1028D000024B0B6001231360704700BFAC1B00204C
:1028E000004870472471000010B503F0DDFB034C75
:1028F000206003F0D5FB6060002010BDAC1B002001
:102900004FF08042D2F81015D2F8103501F01E01B8
:1029100023F01F030B4343F00103C2F81035024BB1
:1029200000221A70704700BF902500204FF080539E
:10293000D3F83031082B20D14FF08042D2F8101557
:10294000CB071AD5D2F8103501F01E0123F01F0372
:102950000B43C2F81035D2F808315BB1D2F810350C
:1029600023F01F030B4343F00103C2F810356FF04F
:102970008B007047024B01221A700020704700BF85
:10298000902500202DE9F0410D46164603F088FB06
:1029900031460746284602F0CBFC28B3B5FBF7F3D7
:1029A00007FB135303BBB6FBF7F407FB1464DCB956
:1029B000B74213D803F074FBDFF834800746FFF703
:1029C000B5FF044668B9284601F08AFA98F8003045
:1029D0000BB1FFF795FFF61B3D44F0D12046BDE853
:1029E000F0816FF08B04F9E76FF01504F6E700BF94
:1029F000902500202DE9F8430E463046194617462B
:102A00001C4602F095FC30B344EA060515F00305B8
:102A100021D11CB3DFF848906319032BA6EB0508FE
:102A200007D8104AD2F80034DB07FBD50020BDE8F8
:102A3000F883FFF77BFF58B97B1B4046196801F00C
:102A40006BFA99F800300BB1FFF75AFF043DE3E74A
:102A50006FF08B00EBE76FF01500E8E72046E6E744
:102A60009025002000E00140F0B544681646A068BB
:102A7000227C01F01F0587B045EA421500286DD081
:102A8000B6F5001F04D1294603F002FB002056E0F2
:102A90006268607CC2F8240501AA0020B6F5800FA8
:102AA0000190506037D1B3F1007F14BF0523042398
:102AB0008DF804300023CDE904230393E36823FA5F
:102AC00001F111F001010DF103073AD1B6F1A07F38
:102AD00037D105F01F036A0903F5E07326D0012AF8
:102AE0003FD1214A52F82330DB072AD4A0683A4666
:102AF000294603F043FA16301BD00297A06803AAB8
:102B0000294603F007F9002819DBA06801222946AD
:102B100003F06BFABAE7B3F1C06F05D0B3F1007FF1
:102B200014BF01230223C3E70323C1E74FF0A042F0
:102B3000D8E7A068394601F0D3F80028DDDA07B0FD
:102B4000F0BDA0683A46294603F018FA0028D5D10E
:102B50009DF80310A06801F0BDF8CFE76FF0850085
:102B6000EDE751F82330FFDE00030050420970B555
:102B7000034602D0012A17D070BD0D4E326951684C
:102B80000029F9D003F01F0301250C689D4000299E
:102B9000F2D08A682A4002D04B68304698472CB160
:102BA000236821461C46F2E7024EE7E72346F8E792
:102BB0000C6C0000F06B000038B54568A86890B157
:102BC00003F00BFA014670B9A86803F0EAF904466D
:102BD00058B902460649A86803F0CDF922460521F6
:102BE0000620FFF7B1FB002038BD6FF00400FBE7C3
:102BF0006D2B00002DE9F043476840F20636D00601
:102C00003B7C87B002EA060654BFC2F3401C4FF07B
:102C1000030C01F01F05B6F5837F144645EA431502
:102C20008DF803C045D00DD8062E16D005D8A6B114
:102C3000022E40D06FF0150038E0B6F5807FF9D154
:102C400001260AE040F20222964236D0B6F5407FD5
:102C500035D0B6F5007FEDD102260123220303FA19
:102C600001F12ED57B68C3F80815B86890BB05F054
:102C70001F036D092BD0012D75D13D4A02EB830254
:102C800084F48033D2F80017C3F30043C4F3404404
:102C900044EA430421F4E16144EA8C0421F0070191
:102CA00044EA06230B43C2F80037002007B0BDE812
:102CB000F0830726D1E70426CFE70526CDE70326D4
:102CC000CBE7630344BF7B68C3F80C15CDE74FF037
:102CD000A042D3E70DF10202294603F04FF914F4A4
:102CE000403F80460CD1B868294603F07CF9B8F122
:102CF000000FDAD19DF80210B86800F0EBFFD4E7BE
:102D00004FF0000901ABCDE90199CDE90439CDF8C7
:102D10000C90B86803AA294602F0FCFF4845C4DBC2
:102D200014F4003314D084F480349DF803308DF80B
:102D30000E30C4F300448DF80C608DF80D40B86877
:102D40004B4603AA294603F09DF80028CFDAACE7EA
:102D5000CDE904330DF103030393B86803AA2946B0
:102D600002F0D8FFF1E703F5E07350F82330FFDEFF
:102D700000030050036803F01F025B09026004D0E7
:102D8000012B034818BF002070474FF0A040704748
:102D9000000300502DE9F04FDFF86891DFF868A1DB
:102DA00085B01546064600EB810140F2FF18B1429E
:102DB00003D1002005B0BDE8F08F33685F04C3F392
:102DC000C322C3F3080400F19780444519F8027048
:102DD0004FEA136312D0192B1CD94E2B40F08F8071
:102DE000C5F8144503A80394FFF7C4FF039B4FF0F5
:102DF000010B0BFA03F3C0F8083527E0192B07D9AC
:102E00004E2B7CD14FF0FF33C5F814350436CEE796
:102E10004FF0FF34192B72D8DFE803F00D123D5844
:102E20004047587171717171717171717171717106
:102E300071715B65686BC5F80C45621CD2D1E5E722
:102E4000C5F81445601CE1D04FF0000B5A463368BA
:102E5000019303F40040002818BF002203A8009249
:102E600018BF4FF0010B0394FFF784FF039C019BF5
:102E7000009A00EB8400C3F3412CD0F800473B02DA
:102E800043EA8C03134304EA0A04234343EA4B0353
:102E9000C0F80037BAE7C5F80845CEE7631CC5F8A7
:102EA0000845B3D04FF0000B05E0601CC5F80C4599
:102EB000ACD04FF0010B03A80394FFF75BFF039B1B
:102EC000012202FA03F3C0F80C35C0E7C5F810453B
:102ED000B8E7C5F86045621C336897D0C3F3004378
:102EE000002BE6D07EE7C5F86445F4E7C5F86845F1
:102EF000F1E7C5F86C45EEE76FF015005AE76FF0A3
:102F0000850057E7A2740000F0F8FCFF036803F0A7
:102F10001F025B09026004D0012B034818BF002088
:102F200070474FF0A04070470003005073B503692D
:102F30004168224A0446184603F029F900283BDB81
:102F4000636825691E6B01AA0021304602F06CFA05
:102F5000002805DB019B326819791868FFF71AFF12
:102F6000002631462B6801F5AC7253F82230002B55
:102F70000EDB01A80193FFF7C9FF019AD0F80435D1
:102F8000D34013F001031CBF01238B403343DEB257
:102F900001310429E6D1002301206268116A00FA98
:102FA00003F232420CBF01220022D20321F8132087
:102FB0000133042BF1D1002002B070BD4F5400004A
:102FC000684620F007018D4601B5234BD3F8042352
:102FD000D20517D5D3F82021A2B1EFF31182202119
:102FE00081F31288BFF36F8FD3F8201131B1002124
:102FF000C3F82011D3F820110121D96082F3118880
:10300000BFF36F8F154B144A1B68D2F8581163B188
:1030100089B100211961D97B19B94FF48001C2F837
:1030200008139A7B3AB100229A7301F0A3FFBDE81E
:10303000014085467047084AD2F8241121B1002189
:10304000C2F82411D2F824211A68002AEDD0596858
:1030500003489047E9E700BF002000401C01002022
:10306000286C00002DE9F041044647680D4603F046
:10307000E7FC88B14FF02008EFF31186314688F362
:103080001288BFF36F8F606802F06BFB30BB86F372
:103090001188BFF36F8FEFE71D4B1B78002BE9D032
:1030A0004FF020086426606802F05BFB50B90120F5
:1030B00002F09DFC013EF6D1F4E786F31188BFF3E0
:1030C0006F8FEFE7EFF31186314688F31288BFF375
:1030D0006F8F606802F045FB0028EED0BB691D7061
:1030E0006368BA691B680020C3F844250122C3F84D
:1030F0004825C3F82001D3F82041C3F85801D3F87C
:1031000058019A6081F31188BFF36F8FBDE8F08199
:10311000B325002070B5012383400E4ABFF35B8FB7
:10312000DC4352E8001F01EA040542E80056002E85
:10313000F7D1BFF35B8F4FF4803282400648C0F86E
:103140000823BFF35F8FBFF36F8F0B4214BF0120C3
:10315000002070BDD01B00200010014070B40E494B
:10316000D1E90034D01AC31844F1000422F07F469C
:10317000C1E90034A6F50013B3F5400F09D2074B9F
:103180001B681A0A1B069C19054B42F10005C3E98E
:10319000004570BC01F016B880010020D41B00204F
:1031A0008801002011B3BFF35B8F0123104A8340D5
:1031B00052E800CF4CEA030C42E800C10029F7D1E5
:1031C000BFF35B8F0B4A4FF480338340C2F8043364
:1031D000094BBFF35B8F1B68BFF35B8FC340DB07FB
:1031E00042BF064B4FF40032C3F80021704700BFC6
:1031F000D01B002000100140CC1B002000E100E0AB
:103200000D4B1868010A0006BFF35F8F0B4BD3F814
:103210000435181841F10001B3F5801F0AD2084B9C
:10322000D3E90023904271EB030303D210F18070C5
:1032300041F10001704700BFD41B00200010014085
:10324000880100202DE9F04F85B016461F469DF8F5
:1032500040A00446FFF75EFF0190FFF7D1FFB042A8
:1032600071EB070354D23E4B301A67EB01019842D1
:1032700071F100014FD23B4B03EB0413D3E902235E
:103280009F4208BF96425ED037494FF4803804F120
:10329000500508FA04F8AD00C1F848832046ADB2E5
:1032A00002F039FB26F07F4B05F1804504F5A87349
:1032B00005F58835DC464FF003090293029A2CF09D
:1032C0007F4341F82230C1F84483D1F80435274ABE
:1032D0006FF00200C01A604420F07F40904232D963
:1032E000286868B1D1F804350393A3EB0B0020F0F4
:1032F0007F40B0F5000F26D9204602F00CFB039B5F
:10330000BAF1000F07D109EB030C09F10109D5E768
:10331000BAF1000F09D06FF0150520460199FFF7AB
:1033200041FF284605B0BDE8F08F0123104ABFF3E6
:103330005B8FA34052E8000F184342E800010029C8
:10334000F8D1BFF35B8F07490E98230101EB0412FC
:10335000C8500F9B5360C2E902670025DDE700BF3C
:10336000010080007001002000100140FDFF7F007F
:10337000CC1B00207FB51C4C1C4BC4F80833C4F890
:1033800048331B4B00254FF0FF304FF0FF31C4F89E
:103390000855C3E902014FF48033C4F80433154BD8
:1033A00002264FF400320121C4F804631120C3F84F
:1033B00080212A46FEF7C8FF1120FEF795FF0E4A2E
:1033C0000123A360236013600C4B0D4A0093CDE9E9
:1033D000015500232846FFF735FF3046FFF7EAF98D
:1033E000284604B070BD00BF0010014003000F006C
:1033F0007001002000E100E0D01B00205D310000E2
:10340000FFFF7F002DE9F7432F4CD4F804339907D1
:103410000BD5D4F8043143B12C4A0023C4F804314D
:10342000D4F80431136801331360D4F80433DA0399
:1034300029D5BFF35B8F264B53E8002F22F0010103
:1034400043E800100028F7D1BFF35B8FD30702D405
:10345000D4F84031BBB10025C4F84051D4F8403114
:10346000FFF7CEFEEFF31182202383F31288BFF320
:103470006F8F184BD3E90267B042B94106D282F38D
:103480001188BFF36F8F03B0BDE8F0834FF0FF38B2
:103490004FF0FF39C3E90289D3E900101D604FF4F2
:1034A0008033C4F84833C4F84051D4F8403182F333
:1034B0001188BFF36F8F0029E5D0009032463B465C
:1034C00028468847DFE700BF00100140D41B0020DA
:1034D000CC1B00207001002030B5431C124C85B07D
:1034E00005D08442A8BF0446012CB8BF0124FFF7D1
:1034F00087FE0E4B0C4DD3E90013401AB0F5000FB8
:1035000010D22218AA4228BF2A4652184FF00000B3
:1035100007490091CDE9010043F10003FFF792FE56
:1035200005B030BD2A46F0E7FFFF7F008001002094
:103530005D31000008B5FFF763FE024B1B68C01A3F
:1035400008BD00BF8001002010B5084C0123636056
:103550001120FEF7D7FE064BC4F80833C4F84833F1
:10356000044B4FF40032C3F8802110BD001001401D
:1035700003000F0000E100E0F0B5816885B010396C
:10358000054621F0070401F019FC0B4B6E4603F1D0
:10359000100C324618685968374603C7083363452C
:1035A0003E46F7D110232146284601F0D6FB0038CD
:1035B00018BF012005B0F0BD6872000030B50D469F
:1035C000816887B0102302AA1039044601F0B0FBCD
:1035D000002802DA012007B030BD102202A92046DF
:1035E00002F0B9F900283AD11E49102202A803F0CE
:1035F00077FA00280CBF012302232B70204602F02B
:1036000096F9012301460DF10702204601F090FBD7
:103610000028DFDB9DF8073003F00F021B096A70FA
:103620002B7101220DF10701204602F094F910B927
:103630006B78042B03D901236B7000232B71A268D4
:10364000183A22F00702083AA91C204602F096F91F
:103650000028BFD1E91C204602F0ACF9BBE70323E8
:10366000CBE700BF687200007FB5264D4400694675
:1036700055F8240002F0A4F9002835D1013402A93C
:1036800055F8240002F09CF901282BD103238DF872
:1036900008308DF80B309DF800509DF808601A4AEC
:1036A00000241078294602F048F918B350783146C2
:1036B00002F043F9F0B19378042B03D09DF8031086
:1036C000994217D1D378042B03D09DF80B1099425F
:1036D00010D11379042B09D15079831E022B03D802
:1036E00004B070BD0028D6D0FF20F9E79DF8021085
:1036F0009942F1D00134032C02F10602D1D101200C
:10370000EEE700BF40720000F87400004FF08053F5
:10371000D3F83021082A06D1D3F83431052B02D84A
:10372000024AD05C70470020704700BF107500004F
:10373000024AD2F80034002BFBD0704700E0014071
:1037400008B54FF08053D3F83021082A4ED14FF0FE
:1037500080420021C2F80C11C2F81011C2F83815CD
:1037600002F54042D3F80414C2F82015D3F8081427
:10377000C2F82415D3F80C14C2F82815D3F8101485
:10378000C2F82C15D3F81414C2F83015D3F8181455
:10379000C2F83415D3F81C14C2F84015D3F820141D
:1037A000C2F84415D3F82414C2F84815D3F82814E5
:1037B000C2F84C15D3F82C14C2F85015D3F83014B5
:1037C000C2F85415D3F83414C2F86015D3F838147D
:1037D000C2F86415D3F83C14C2F86815D3F8401445
:1037E000C2F86C15D3F84434C2F87035FFF78EFF79
:1037F00018B1364B364AC3F88C26FFF787FF18B14D
:10380000344BFB22C3F81825FFF780FF70B14FF04F
:1038100080414FF08053D1F8E42ED3F8583222F093
:103820000F0203F00F031343C1F8E43EFFF76EFFEE
:1038300020B1294B4FF40072C3F840264FF080535B
:10384000D3F83031082B1AD14FF08043D3F800243D
:10385000D20744BF6FF00102C3F800244FF0805339
:10386000D3F83431052B02D81C4AD35C3BB14FF05E
:103870001023D3F808224FF08043C3F858254FF0A7
:103880001021D1F80C32DB071FD515480123C0F8F1
:103890000435FFF74DFFD1F80C3223F00103C1F8D6
:1038A0000C32FFF745FF0023C0F80435FFF740FF57
:1038B000BFF34F8F0B490C4BCA6802F4E06213430D
:1038C000CB60BFF34F8F00BFFDE708BD0050004045
:1038D0004881030000F00040009002400A7500009B
:1038E00000E0014000ED00E00400FA05014B186023
:1038F000704700BFD81B002010B5054B1868144650
:1039000002F077F80028A4BF2070002010BD00BF8F
:10391000D81B0020024A01238340C2F804357047B7
:1039200000F00140014B00201B681847DC1B002001
:10393000014B1B68184700BFDC1B002010B50C4C66
:10394000237993B9012323710A4B2060002818BF03
:10395000184600F05BF850B923680748002BBDE813
:10396000104008BF184600F0A1B86FF0770010BDF6
:10397000DC1B0020253900003139000008B5064B5A
:103980001B683BB10020FEF7D1FC18B9BDE8084028
:10399000FEF7AABC08BD00BFDC1B00204FF080531F
:1039A000D3F83021082A06D1D3F83431052B02D8B8
:1039B000024AD05C70470020704700BF16750000B7
:1039C00038B54FF080440123C4F808336360002306
:1039D000C4F80031D4F8003142F21075D4F80C2448
:1039E000D4F80C34D20307D5DB0705D5012001F04C
:1039F000FEFF013DF2D138BDFFF7D0FF0028FAD01D
:103A0000014B00225A71F6E7E41B002010B508496B
:103A10000C794CB9012308600B71FFF7BFFF08B99F
:103A2000002010BD4C71FBE76FF07700F9E700BF95
:103A3000E41B00204FF080430022C3F80021D3F89C
:103A40000021094901221A60096811B1C3F8042351
:103A50007047D3F80021002AFBD00022C3F80021D0
:103A6000D3F80031704700BFE41B002010B54FF0C1
:103A70008043D3F80423D20715D5D3F8002192B19F
:103A80000022C3F800210121D3F80021C3F8081354
:103A9000FFF784FF044B10B15A7922B95971BDE880
:103AA00010401B68184710BDE41B0020074A13791B
:103AB00043B90121106011714FF080421846C2F8DD
:103AC000183570476FF07700704700BFEC1B00207F
:103AD00010B54FF080431D4CD3F81814D3F81824B8
:103AE00011F4803F19D002F00302012A03D00AB179
:103AF00001F0E9FF00224FF08043C3F818250022AF
:103B0000C3F80421D3F8042101229A60226872B913
:103B1000D3F80421002AFBD011E0D3F81424D107F4
:103B2000E8D5D3F81C249207E2D422681AB1022205
:103B3000C3F8042310BDD3F80421002AFBD00022CF
:103B4000C3F80421D3F80431F4E700BFEC1B0020D4
:103B5000F8B54FF08043194FD3F80443012504F022
:103B60001A04002604B9F8BDB4FA84F0C0F11F00AD
:103B7000830003F580739BB203F1804305FA00F2E2
:103B8000196824EA02040029ECD01E601B684FF07B
:103B900080430128C3F808230CD1D3F81824D3F8A4
:103BA0001824920706D10222C3F81805C3F804238B
:103BB0009860D7E73B68C0B29847D3E7EC1B00207A
:103BC000036803F01F025B09026004D0012B034865
:103BD00018BF002070474FF0A0407047000300500E
:103BE000034A430900F01F00D35C1844C0B2704779
:103BF0001C750000034611F0010030B5CCB213D1A2
:103C0000A207C4F3400020D5124AD2F8200558601C
:103C10004FF08053C2F82005D3F83031082B15D06F
:103C2000003818BF012010E04FF0A0414FF0805540
:103C3000D1F820251A60C1F82025D5F83051082D7B
:103C400008BFD1F82015002ADAD030BDD2F82035CF
:103C5000E6E700BF00030050F7B504460846FFF74B
:103C6000BFFF06B204EB46060D46B38ADB072BD531
:103C7000204602F02CF82946204601F097FF58B163
:103C8000204601F0A9FF276800B207EB800300225D
:103C9000C3F81025C3F810252946204601F0C5FFBA
:103CA0000021B18201A80195FFF78AFF019B00EB7B
:103CB0008300074BD0F80027134043F00203C0F8FD
:103CC0000037084603B0F0BD6FF01500FAE700BFFB
:103CD000F0F8FCFF014801F0AABE00BF440100203B
:103CE00010B504480C4601F084FE0028A4BF2070E3
:103CF000002010BD440100202DE9F04F804689B01E
:103D000058F804ABDAF80413C9B28346082241F02C
:103D10000041504601F0B3FF051E2BDA00230321BA
:103D200006A8CDE90633FFF765FF644B01930DF15B
:103D300018090023019A009312F8013B604901928F
:103D4000DA0803F007038A5C22FA03F3DA071AD4CD
:103D5000009B09F10409A3B14FF000410022504635
:103D600001F08DFF032106A8FFF744FF0028DCD1F6
:103D700025F000450124002D40F08A8009B0BDE8FF
:103D8000F08F0123D6E7009B4E4A13440293D9F8E3
:103D900000100029DCD0029B91FAA1F11C78B1FA45
:103DA00081F141EA44142046FFF71AFF0BEB400073
:103DB0000594878AC808BB0819F80020039301F00E
:103DC0000701012303FA01F122EA010209F80020A8
:103DD00005A8FFF7F5FE059A039B02F5E072C7F30D
:103DE000820650F822205B073746C2F3014233D5E2
:103DF000D6B240463A46214601F0F8FE05A80594A1
:103E0000FFF7DEFE059B03F5E07350F82330C3F3A4
:103E100001439E4207D10021204601F0B8FE314601
:103E2000204601F0B4FE05A80594FFF7C9FE059BE6
:103E3000012202FA03F3C0F820354FF08053D3F883
:103E40003031082B01BFD0F82035D0F82035D0F81C
:103E50002035D0F820359AE7022A0DD103212046DB
:103E600001F095FE06F00503012BDCD13A46214610
:103E7000404601F0BBFED6E702212046039201F046
:103E800086FE032EF2D0039A032ACCD1022EECE751
:103E900095FAA5F3B3FA83F304FA03F225EA0205CF
:103EA00003F5A2720BEB43035AF82220B3F87C10FF
:103EB000C2F30142404601F099FE5CE72C75000018
:103EC0004C7200002C750000044AD2F80034DB0765
:103ED000FBD50160BFF35F8F704700BF00E001407A
:103EE0004FF080531A69B0FBF2F302FB13036BB976
:103EF000084B0222C3F80425C3F80805D3F80024B0
:103F0000D207FBD50020C3F8040570476FF00C0002
:103F1000704700BF00E0014010B5054C0123C4F814
:103F20000435FFF7D1FF0023C4F8043510BD00BFEE
:103F300000E00140036803F01F025B09026004D047
:103F4000012B034818BF002070474FF0A040704776
:103F5000000300502DE9F3470B7F04466BBBDFF8ED
:103F6000D8900D1F01F1100601F10C08012755F83A
:103F700004AFBAF1FF3F1CD03378CDF804A001A8FC
:103F8000002B50D0FFF7D6FF019B07FA03F3C0F8D0
:103F9000083501A8CDF804A0FFF7CCFF019B00EB8A
:103FA0008300D0F8003703EA090343F00303C0F8A5
:103FB0000037A84506F10106D9D191F81DC00D8B37
:103FC0004F7D8E7D8A7EC87E2368BCF1000F0BD1A9
:103FD000D1E9008ED1E902C1C3F86085C3F864E578
:103FE000C3F868C5C3F86C1542EA0022C3F80C7523
:103FF000C3F80465C3F80855C3F8102520680023EA
:10400000C0F81031D0F81021C0F80831D0F80821DC
:10401000C0F80C31D0F80C3140F3073002B0BDE8E5
:10402000F047FEF761B9FFF785FF019B07FA03F33D
:10403000C0F80C35ADE700BFF0F8FCFF70B51646D0
:104040001D465A1C03681344C2689A42044605D2AE
:10405000006A082102F0F4FB002070BD32783DB107
:10406000AB1E062B9ABF0C4AD35C00231833DAB27E
:10407000204602F0E8FB0028EED03544B54203D1DB
:10408000A3680133A360E8E723685A1C226015F88F
:10409000012D1A70F2E700BF2E75000038B50A4BEB
:1040A00053F82040013053F82050A54200D838BDC5
:1040B000606830B1037EDB0701D402F084FC083471
:1040C000F3E723689847FAE75072000008B5094BF8
:1040D000012203201A70FFF7E1FF02F0D0FC042058
:1040E000FFF7DCFFFCF7B0FA034A137B23F0010370
:1040F000137308BDB32500209001002008B50020EF
:10410000FFF7CCFF154B83F30888154C636943F424
:10411000007363610025E02384F82230E57725767B
:104120006576A57684F82050636A43F4E0236362E1
:1041300084F82350FEF756F8FEF758F94FF0FF3396
:10414000A3620120E362FFF7A9FF0220FFF7A6FFA9
:1041500004482B462A462946FEF730F9B82D0020A0
:1041600000ED00E0CD400000024B1868984208BF07
:104170000020704748010020034B1B680BB9FFF774
:10418000D9B90020704700BFF41B002030B570B1D2
:104190000B4B5B6898420AD0036843B1D3E9042112
:1041A000D0E90445121941EB0501C3E90421D0E926
:1041B000003213605A600023C0E9003330BD00BFF5
:1041C000480100202DE9F047EFF31185202383F308
:1041D0001288BFF36F8FDFF8A090DFF8A080C9F8D6
:1041E0000000FFF7C1FF00260027D9F80030D8E90A
:1041F00000ECD91750B1D0E90442A34271EB020A96
:104200001ADAE41A62EB0102C0E9044213EB0E036E
:104210004FF000044CEB01012046C8E90031C9F819
:10422000004002F013FC2146FFF756F985F3118890
:10423000BFF36F8FBDE8F08714EB0E024CEBE47315
:10424000C0E90467C8E90023FFF7A0FF85F31188E0
:10425000BFF36F8F83689847EFF31185202383F3B3
:104260001288BFF36F8FD9F800301B1BC9F80030DC
:10427000FFF77AFFB9E700BFF41B0020000200201F
:1042800010B5EFF31184202383F31288BFF36F8FEF
:10429000FFF772FF054A0346D2E90001181841EB07
:1042A000E37184F31188BFF36F8F10BD000200200B
:1042B0000CB430B58BB004460D462022002102A874
:1042C00002F006FC02238DF80A30002D0C4B0393FC
:1042D000069412DB01D06B1E1C440FAA0E990794A2
:1042E00002A8019200F00EF815B1069B00221A7088
:1042F0000BB0BDE8304002B070470024EDE700BFCE
:10430000356B00002DE9F04F8378D0F80480154616
:104310009A0785B0074640F1B580002691F800B0B5
:10432000BBF1000F00F0B080BBF1250F05D001F10B
:10433000010A01363946584660E091F801B0BBF1F8
:10434000250F01F1020AF4D0002401211F2C26D8E8
:10435000ABF12002102A10D9ABF13002092A37D86C
:104360001AF801BBBBF1000FF0D139462520C04738
:104370000028C0F283800236DCE7854B01FA02F0A8
:104380001842EDD1032A64D0ABF13002092AE7D9F3
:10439000BBF12A0F11D1043544F02004E0E77F2C53
:1043A00016D8ABF13002092ADAD9BBF12A0F0CD1A9
:1043B000630605F10405D3D4EEE7BBF12E0F0AD155
:1043C000600661D444F04004CAE7BBF12E0FF7D079
:1043D000BBF16C0F2CD0BBF16C0F13D8BBF1680F85
:1043E0002DD0BBF16A0F31D0BBF14C0F2ED0BBF1F9
:1043F000630F0DD115F8040B01363946C04700286C
:1044000036DA3BE0BBF1740FAAD0BBF17A0FA7D02C
:10441000ABF16402112A00F29080DFE802F0398EDD
:104420008E8E8E398E8E8E8E8E98888E8E1C8E728B
:10443000220648BF44F4007444F0800490E7E3058A
:1044400048BF44F4007444F4807489E744F4207451
:1044500086E7102484E72C684E4B002C08BF1C46CE
:10446000A1464B4619F8010B20B9341B1E1904351F
:10447000514653E73946C0470028F2DABB7843F08B
:104480000403BB704FF0FF36304605B0BDE8F08F37
:1044900020062DD5A10545BF073525F0070555F8A0
:1044A000040B55F8080B0028B8BF44F4806424F0CE
:1044B0001004B8BF4042A4B20DF104090A224946D3
:1044C00002F01EFBE206A0EB09094DD5394630206B
:1044D000C0470028D2DBBBF1000F57D00236394667
:1044E0005846C0470028C9DB4C460DF1040B49E093
:1044F000E20555F8040BD6D5A3054CBF40B200B277
:10450000D1E724F01004A4B20A22200623D5A10585
:1045100045BF073525F0070555F8040B55F8080B7E
:1045200010B924F01004A4B20DF10409C7E744F057
:10453000100410224FF0780BE7E74BF02002782AA6
:104540007FF413AFCBF1780242F01002DDE70822CE
:104550004FF0000BD9E7E30555F8040BE0D5A105B2
:104560004CBFC0B280B2DBE76305BDD5013639462A
:104570002D20B6E7013C39461BF80400C04700284F
:10458000FFF67CAF002CF5D14E4471E70136ABE766
:104590008128010035750000704708B90860704730
:1045A0006FF0150070470020704730B5002985B0C6
:1045B0000446154611DB83688B420ED96368C068D8
:1045C000194401AA00F07BFE28B96268019B9B1A7E
:1045D0002B60029B6B6005B030BD6FF02100FAE7E5
:1045E0007047012303FA01F103691B68194203D0E4
:1045F00022B183681B6903E0002AFAD08368DB6874
:10460000184710B50120FDF7C3FF0128044603D168
:10461000FDF7DAFF204610BD0020FCE72DE9F0434E
:104620009DB0DDE926676846249D0C469146984674
:10463000FCF752FC36B1002F04DD3A46314668469D
:1046400000F0FBF963892289E76813441F440024C2
:10465000A74207D82598694600F015FA00201DB03A
:10466000BDE8F0833E1BAE4228BF2E46334642468D
:104670002146484600F05CFB0028F0D13246414616
:10468000684600F0DAF93444E2E72DE9F7430E46D4
:1046900017469946044628B94FF0FF38404603B004
:1046A000BDE8F0830029F7D0002AF5D0CB680D894A
:1046B0001D4404230DEB03022946384600F038FB65
:1046C00080460028E8D1BDF80410738946F6081228
:1046D000914225D1BDF806109942DDD104230DEB9E
:1046E00003022944384600F023FB0028D4D1BDF84A
:1046F000042046F607139A42CED1C4E900679DF81C
:104700002830A4F80890A3727389BDF806202B44C2
:10471000E360738913442B44043563612561BDE76D
:10472000002BE4D0B8E72DE9F3410E4617461D46AD
:10473000044620B94FF0FF3002B0BDE8F0810368B5
:10474000002BF7D04368002BF4D04FF6FF78D4E964
:1047500004239A4216D223685B8923B1E36893420B
:1047600004BF043323610423216960680DEB030255
:1047700000F0DEFA0028DDD1A37A2BB1D4E90332B0
:104780009A4201D30120D7E72389BDF8061043459B
:1047900001F1040203D0BDF804C09C450BD115B152
:1047A000BDF804302B8023690433336039802369DA
:1047B00013442361C0E7236913442361C7E702F070
:1047C0008FB910B5044600F0F2FA00F075F8A3684E
:1047D000984201D900F0FEFB181A10BD084601F0FE
:1047E000A6B801292DE9F341174601D900F0F2FBE3
:1047F0002C2303FB0104D4F82080B8F1000FF5D07E
:10480000E36826891E4404230DEB0302314640462B
:1048100000F08EFA054620B10125284602B0BDE819
:10482000F081BDF80420648946F608139A421AD133
:10483000BDF806309C4201D00325EEE704230DEBC2
:104840000302A119404600F073FA0028E4D1BDF834
:10485000042046F607139A42EED1BDF80610214413
:1048600031443960D9E7002CF1D0E5E713B54FF4B6
:10487000807201290346019208460AD15A6A03F15F
:10488000280401A900F0C3FA08B9019B236002B013
:1048900010BD022903D11A6D03F15404F1E7012080
:1048A000F5E710B528B1BDE810406022002102F004
:1048B0000FB9FCF7B1F8F6E74FF4407358433030C6
:1048C000704710B412B110BCFBF7DEBF104610BC2D
:1048D0007047002382681946FFF7F3BF08B52C2301
:1048E00003FB0101086A08B900F074FBBDE8084049
:1048F000042201F030B870B513460E46154600216B
:104900000246044600F089F850B92B4604F12C0207
:104910000121204600F081F810B1002E08BF0020D0
:1049200070BD00207047002110B504460846FBF713
:10493000E9FE04F12001C0B2FCF720FE40B90121DC
:10494000FBF7E0FE04F14C01C0B2FCF717FE08B122
:1049500000F040FB10BD10B50446C06C08B100F07B
:10496000E6F9206A18B1BDE8104000F0E0B910BDCA
:104970000123036003F1012343600023C0E90233F4
:1049800070474379012B07D10368012B04D10079CB
:10499000431E58425841704700207047F0B5D0F888
:1049A00028C0BCF5807F36D8436DB3F5807F32D800
:1049B000002422462146254626468C4507D89342A8
:1049C00005D88C4527D19B1A58425841F0BDAE42BC
:1049D0000CD1476A07EBC10701317F683E44076D80
:1049E00007EBC20701327F683D44E6E709D2476A18
:1049F00007EBC107022C7F683E440CD00131012433
:104A0000DBE7076D07EBC207012C7F683D4402D04E
:104A100001320224D1E70020D8E708B52C2303FB9C
:104A20000100006A08B900F0D5FA2023002100F047
:104A30007FF9003818BF012008BDF8B50C4610B149
:104A4000F9B10AB90120F8BD8D1800F12806002738
:104A5000836E5A1C8266034414F8011B83F82810E5
:104A60003F2A0BD93146FCF74FF9D0E9083213F54C
:104A7000007342F10002C0E908328766A542E7D11F
:104A8000E0E70846DFE7F8B50C460546002855D0B4
:104A9000002954D08B6ED1E90821D800121841F1B9
:104AA0000001581C2344C4E9082138284FF0800233
:104AB000A0664FF0000783F8282004F128060AD9E1
:104AC000C0F140023946304400F03BF83146204600
:104AD000FCF71AF9A766A06E0021C0F13802304435
:104AE00000F02FF8236A1ABA636A62661A0A84F819
:104AF000633084F862201A0C1B0E84F86030314653
:104B000084F861202046FCF7FFF82B1D211F243577
:104B100051F8042F03F8012C100E03F8040C100CAC
:104B200003F8030C100A03F8020C0433AB42EFD174
:104B300020467022002100F004F80120F8BD08464C
:104B4000FCE701F0C5BF002070470FB407B504A90A
:104B500051F8040B0191FCF7B5FA03B05DF804EBD2
:104B600004B07047038B13F0070305D10368002BD3
:104B70000CBF002003207047022B05D1408BB0FAF8
:104B800080F0400980007047012B05D10368002B9D
:104B90000CBF0020052070470020704710B50C4660
:104BA00000B111B96FF0150010BD081D00F093F8A9
:104BB0000028F9D1A368032BF6D9F3E72DE9F041DA
:104BC0000D4607461946281D90461E4600F094F8EB
:104BD000044638B13346424629463846A446BDE825
:104BE000F0416047BDE8F08110B4EFF3118220245A
:104BF00084F31288BFF36F8F416110BC0121FCF771
:104C0000AFBB38B50C46054658B151B10B6843B13E
:104C10004B6833B11C22002101F05AFF2C610020A7
:104C200038BD6FF01500FBE770B505460E46FFF77F
:104C3000B5FF041E14DBEFF31182202383F31288E7
:104C4000BFF36F8F6B8B2C8B4FF6FF718B4204F091
:104C5000070407D182F31188BFF36F8F6FF00A0446
:104C6000204670BD022C0CD101336B8382F3118876
:104C7000BFF36F8F0023224631462846FFF79EFF81
:104C8000EEE7062C14D8DFE804F004131313041A1B
:104C90000400002333606B683BB9C5E90066ACB91A
:104CA00002212846FCF75CFBDAE71E606E60F6E73F
:104CB00082F31188BFF36F8F6FF00404D0E782F3A3
:104CC0001188BFF36F8F6FF08504C9E782F31188F5
:104CD000BFF36F8FC4E7034658B1426802F0030286
:104CE000012A03D0032A04D1026812B1002098607F
:104CF00070476FF0150070474268816002F0030250
:104D0000032A4FF0000203460CBF006810465A60A9
:104D100070477047002908DB8068884205D9401A2F
:104D2000904234BF00200120704700207047704738
:104D300070B516461A4605460C46FFF7EBFF48B11C
:104D40006968E8682144826814683246A446BDE870
:104D5000704060476FF0150070BD70B516461A467A
:104D600005460C46FFF7D6FF48B16968E86821445C
:104D7000826854683246A446BDE8704060476FF0D0
:104D8000150070BD10B50B460446FFF7C3FF40B1D8
:104D90006168E068194483689B682BB1BDE81040E6
:104DA00018476FF0150010BD6FF05700FBE708B50E
:104DB000C0688368DB689847006808BD08B5C068AC
:104DC0008368DB689847407908BD70B54C68036814
:104DD000A34201D2012070BD8A682244934201D3CC
:104DE0000020F8E7D1E903254E69B54203D36FF0FF
:104DF0000B038B61F4E71B1B42F8353043680869ED
:104E000002EBC00253600B6901330B61E2E737B577
:104E10000C46C0B201A91546FCF7B0FB00280CDB1C
:104E2000019850B121462A46FCF7CEFB0446019872
:104E3000FFF77DFF204603B030BD6FF01504F9E7A2
:104E400070B506460D460024AC4200DB70BD305DF7
:104E5000FCF736FC0130F9D00134F5E773B583680F
:104E60009A420C460646114604D36FF015042046BC
:104E700002B070BD9442FADC6A46FFF796FB034627
:104E80000028F2D1DDE9005215442A1B21463046A4
:104E9000FBF7FAFC0028E8D12C46E8E72DE9F04FB3
:104EA00085B005460E4690461F4601F0FBFB20B933
:104EB0006FF04C0005B0BDE8F08F00234FF01409EF
:104EC0003B6009FB086934464FF0010A02A92846F5
:104ED00001F0E5FBDDE90232009368BB284601F0F2
:104EE0000AFC0028E4D00020E4E7A14598BF34463E
:104EF00061688A4214D121680098019201F0F0FDA6
:104F0000019A68B9237CD3B9D4E90231284698477D
:104F1000C0B184F810A03B68013314343B60D5E77E
:104F200014340BF1010BD845DFD10021284601F0E4
:104F3000F9FB0028CAD1D1E74FF0000BF3E76FF07F
:104F40006F00B7E76FF02200B4E701F0C1BD01F0D8
:104F500097BD012801D1EFF3058301F062BD014641
:104F60000068FFF7F6BF08B5FDF70AF8BDE808408E
:104F700000F000B8704700210120FFF7EABF61B6DA
:104F800062B680F31188BFF36F8F7047EFF3118023
:104F9000202383F31288BFF36F8F704772B600230C
:104FA00083F31188BFF36F8FBFF34F8F30BF62B6AB
:104FB000BFF36F8F704772B6002383F31188BFF37E
:104FC0006F8FBFF34F8F20BF80F31188BFF36F8FB8
:104FD00062B6704708B5FDF72DFA0A448A4200D13F
:104FE000704711F8013B40BA80B25840C0F3031338
:104FF0004340180380B24340580100F4FF5058402A
:10500000ECE72DE9F04106460D4617461C46ABB1CC
:10501000D0F80880D8F800309847002D11DB844282
:105020000FD8031BAB420CD3D8F808E023463A460E
:1050300029463046F446BDE8F04160471846BDE8D1
:10504000F0816FF01500FAE710B54468206801F0B0
:10505000D2FC70B1206883681B689847002807DB82
:10506000D4E90132134483428CBF6FF01500002055
:1050700010BD6FF01200FBE743681B8A002B0CBFCA
:105080006FF08500012070472DE9F04100291C4692
:105090001746436803DA6FF01500BDE8F081D3E9E5
:1050A00002250819521B9042F5D8D3E900625B7CB7
:1050B000C4B1D6F808801144CD183046D8F8003075
:1050C0009847002DE7DB8442E5D8001B8542E2D8F3
:1050D000D8F804E023463A4629463046F446BDE86F
:1050E000F04160472046D8E77FB50669456800244F
:1050F00010220021684601F0EBFC34702046AB68BA
:10510000A34201D804B070BDD5E9000121441B1BA6
:10511000102B28BF10236A46FFF773FF0028F1DB2E
:10512000AB681B1B102B94BFE4181034E7E703692E
:10513000C9B20C2201FB0233186C00F00700704763
:1051400070B5C9B20369EFF31185202484F3128886
:10515000BFF36F8F0C2606FB0134246C14F0C004DF
:1051600008D0A24206D085F31188BFF36F8F4FF0AD
:10517000FF3070BD71430B4401221A6485F311881E
:10518000BFF36F8F43680B445B6898470020F0E7DC
:105190008022FFF7D5BFF8B5069F0469C9B2EFF3C7
:1051A0001186202585F31288BFF36F8F0C25694384
:1051B0000C44256C05F0070CBCF1010F0BD12764E2
:1051C00086F31188BFF36F8FC4E90E2343685B58E1
:1051D00098470020F8BD05F0C005AF4286F311885E
:1051E000BFF36F8F0CBF6FF077004FF0FF30F1E728
:1051F00013B580240094FFF7CEFF02B010BD6FF00E
:105200008500704710B40069CBB21C2403FB040076
:10521000002110BC104700F06FBCFEF759BC08B568
:105220004368186801F0E7FB00280CBF6FF012001C
:10523000002008BD10B40029036908DC1C689442F2
:1052400001D11C793CB91A6010BCFBF7CDB86FF0E6
:10525000150010BC70476FF07700FAE7F7B51C46F1
:105260001646002382682360A36053690D4601AA95
:1052700069469847019B5A1E01921BB96FF01500B1
:1052800003B0F0BD0098A26847682168676085B9DF
:10529000B31AD0F800C0634528BF63461A4403FB25
:1052A00007112160A26002689A4206D80830009077
:1052B000E0E76B1AB3FBF7F3EBE70020E0E71346F8
:1052C0000022FFF7CBBF2DE9F047836886B05B690A
:1052D0008846914601A902AA98470024A24625467D
:1052E000029BAB4202D806B0BDE8F087019F07EBF6
:1052F000C50700267B6804933A68B2420AEB0603AE
:1053000002D801359A46EBE703940593494603A872
:10531000C0470028E7D0049B01361C44ECE710B5D9
:105320000C4600F0B7FE0023C4E90003184610BD88
:1053300038B505460C4600F0ADFE002D07DBA8424F
:1053400005D9401B84428CBF0020012038BD0020BD
:10535000FCE770B50D462846194616461C46FFF771
:10536000E7FF38B124B122462946304601F088FBD8
:10537000002070BD6FF01500FBE743685B68D3F851
:1053800010350B600020704743685B6802EA01003B
:1053900021EA0201C3F80805C3F80C150020704784
:1053A00043685B680020C3F80815704743685B6872
:1053B0000020C3F80C15704743685A68D2F80435CA
:1053C00021EA03000B40C2F80805C2F80C350020A2
:1053D000704710B503695868F8B1884219D19C68C4
:1053E00008685860A14200D19860002008602AB186
:1053F0005A680A609A68596002B99960002010E002
:10540000814206D10868206098688142EDD19C6095
:10541000EBE7044600680028F2D1002AE8D16FF0DB
:10542000150010BDFEF768BC30B543681360057AFF
:10543000446804EBC504A34202D36FF0010030BD01
:105440005C798C4201D00833F0E70020F7E7704721
:1054500043685B6B0020C2E9003070472DE9F341DF
:10546000BDF820C046680469032905460CF0010C0C
:105470005ED8B07D012808BF5B084FF0010008BF6F
:1054800052088840002B56D09A4257D9A769BA4291
:1054900011D0277F87434BD19646BEF5004F42D2AD
:1054A000A2616777226896F81680C2F80C75C2F878
:1054B0000485C2F808E5627F23FA02F292B24FF047
:1054C000010E6F688CF001083F6A42EAC83227F883
:1054D0001120C7B2BEF1000F3FD1226801F5AC71B7
:1054E00052F82120002A0FDBBCF1000F4AD0B3FA9A
:1054F00083F35B093BBB01A80192FDF707FD019A0D
:1055000001239340C0F80C35217F21EA0701217760
:1055100039B3A37F73BB1023012206F1200120467B
:1055200000F047FE22E00137082F4FEA5E0EB4D1AB
:105530006FF015001BE09E461A46C2E74FF0000EC2
:1055400047F6FF72BDE701A80192FDF7DFFC019A63
:1055500001239340C0F80835D6E7237F3B432377E8
:10556000D7E7286900F05DFE0123A377002002B091
:10557000BDE8F0810023A377204600F06CFE0028F0
:10558000FAD0C8E7003B18BF0123B3E710B50022EB
:10559000044601211C20FCF7D7FE2046BDE8104040
:1055A000FDF7C4BC10B50022044601212120FCF700
:1055B000CBFE2046BDE81040FDF7B8BC0020704788
:1055C00043685868704708B5436800215A681868EE
:1055D00001F07EFA002008BD10B50C461146426865
:1055E00010681A46204401F04BFA002010BD10B597
:1055F00004461046626814681A46214401F040FAD5
:10560000002010BD43681B68D3F88004C3F88004F1
:10561000704742681368D3F8100150B1D269002076
:1056200012780A70C3F81001D3F8102101221A6011
:1056300070474FF0FF307047002A0FDD4268136853
:10564000D3F8100158B10020C3F81001D269D3F883
:10565000100112780A70012018607047002070470E
:1056600010B543681C680369EFF31180202282F3B0
:105670001288BFF36F8F1A68D17B39B991731B6899
:105680000122DA734FF48003C4F8043380F31188E5
:10569000BFF36F8F10BD03691A68D17B21B101215F
:1056A00091731B680022DA73704702691168034620
:1056B000C87B40B15B681B68D3F8580118B1002360
:1056C0000B6113689889704743681B68D3F8100111
:1056D000003818BF0120704743681B68D3F80423C3
:1056E000D2065CBF1022C3F80423704743681B68CE
:1056F000D3F80423D20644BF1022C3F8082370470E
:1057000043681B684FF40072C3F804237047436872
:105710001B684FF40072C3F80823704738B543681C
:105720001D68D5F804335B02044605D4D5F804039C
:1057300010F0100006D138BDFFF7B7FF0028F5D0F4
:105740000120F8E72046FFF7BFFF003818BF01200F
:10575000F1E7012070470369186801601B685A600F
:10576000704702680346D2F8580140B95B68DB070E
:1057700006D4D2F82001003818BF0120704701205C
:10578000704713B501AA0446FFF74EFE002805DB5B
:10579000019B226819791868FDF7FCFA02B010BD68
:1057A000F8B50022054601210220FCF7CDFD0220BC
:1057B000FCF79AFD6C680121E068FFF7E2FF6B6877
:1057C0001A682369C2F82435617D237D0B43A17DCE
:1057D0000B43C2F86C356E68D6E9004313F0010341
:1057E00036D02F6904F10C0107F10C0204F590701A
:1057F00000F03AF900282ADB387BFEF78BF8082303
:10580000C4F80035B369C4F844350023C4F84835FA
:105810000123A360D4F85831002BFBD00021C4F839
:1058200000156D682C68E868FFF7ABFF0823C4F823
:1058300000352A7A52B9EB69C4F834350123C4F82B
:105840003835C4F81021D4F8102123600020F8BDA9
:105850000822C4F80025B269C4F84425C4F84835C4
:105860000123A360D4F82031002BFBD00023C4F81F
:105870002031D4F820310123E3604FF48073C4F861
:105880000433C7E72DE9F041066933689C89BFF30B
:105890005B8F94420546A8BF14461033012753E896
:1058A000002F002A03D143E800700028F7D1BFF38E
:1058B0005B8F0CBF3B4600232BD133682246986890
:1058C00001F0DEF8EFF31188202383F31288BFF391
:1058D0006F8F69680846FFF744FF326840B910616E
:1058E000044688F31188BFF36F8F2046BDE8F0812E
:1058F0000B689268C3F844250022C3F84845C3F8F2
:105900002021D3F82011C3F85821D3F858219F60E3
:10591000E7E71C46E9E700F150039B009BB203F167
:10592000804303F5883300221A601B687047806843
:10593000183820F0070010387047042809D00528CF
:1059400003D1481E18BF01207047431A58425841DE
:1059500070470120704738B515460C4661B15AB101
:10596000FFF72CFA2544214611F8013B834203D16D
:10597000A942F9D1012038BD0020FCE738B50C461A
:105980000123114622460546FFF7D2F900280FDB16
:10599000012221462846FFF7DEFF38B92378012B84
:1059A00014BF022301232370002038BD0323FAE72C
:1059B0000120FAE78268183A22F00702FFF7DEBFFB
:1059C00013B50C46C0B201A9FBF7D8FD50B921466A
:1059D0000198FDF7F3FD04460198FFF7A8F920466A
:1059E00002B010BD0124FAE703460020184700F07A
:1059F000E6BF10B502461168B1B1BFF35B8FB1FAD3
:105A000081F3C3F11F000123834021EA030352E81D
:105A1000004F8C4204D142E8003CBCF1000FF6D1AB
:105A2000BFF35B8FE7D110BD6FF00B00FBE710B544
:105A30000368CB40DB0714D401238B400268BFF31B
:105A40005B8F43EA020150E8004F944204D140E8E2
:105A5000001CBCF1000FF6D1BFF35B8FEED100202C
:105A600010BD6FF01500FBE770B50C460021054630
:105A700008461646FDF740FF00280ADB3378DB00B6
:105A800003F1804303F5F8330020C3F81055C3F841
:105A9000144570BD10B1012802D07047FEF718B848
:105AA000FDF7C8BF18B1012803D100F00AB800F013
:105AB00023B8704708B5FDF7D9FFBDE80840FEF7E9
:105AC00047B8FDF77DBF38B54FF080440223C4F8D6
:105AD00008330123E3600023C4F80431D4F804310F
:105AE00042F21075D4F81834DB0304D50120FFF717
:105AF0007EFF013DF6D138BDFFF7E5BFF7B5019058
:105B000001A8DDE9084716461D46FEF759F8019B36
:105B1000B6F1000C18BF4FF0010C00EB83000B1E18
:105B200018BF0123002D43EA4C0314BF4FF00C0CA7
:105B30004FF0000C002C43EA0C0314BF4FF4E06C50
:105B40004FF0000C002F43EA0C03D0F8002714BFDD
:105B50004FF4403C4FF0000C43EA0C0322EA0303ED
:105B600001B109780EB13678760019430DB12D7860
:105B7000AD0031430CB12478240229430FB13F78A2
:105B80003F040C433C43C0F8004703B0F0BD1FB5D1
:105B90000DF10F03019300238DF80F1000931A46A7
:105BA0001946FFF7ABFF05B05DF804FB10B50446DE
:105BB0000846FEF715F804EB4004A08AC0F3401035
:105BC00010BD10B504460846FEF70AF804EB400481
:105BD000A08AC0F3400010BD10B504460846FDF78A
:105BE000FFFF04EB4004A08A400B10BD70B50446D3
:105BF00008461646FDF7F4FF08300D4634F810301D
:105C0000DA0509D5C3F3432304EBC302314654F844
:105C10003330526828469847A3682BB1E268314672
:105C20002846BDE87040184770BD10B504460846C8
:105C3000FDF7D6FF00B204EB4000838ADA051DD5DC
:105C4000C3F3432123F4F853838204F1120204F1D5
:105C5000720032F8023F13F4807F03D0C3F3432372
:105C600099420BD08242F4D104EBC10300225A6066
:105C700004F17800BDE81040FFF7D9BE10BDF0B5C3
:105C8000034600F5807400200546012784469542AE
:105C90000AD1D3F87C2132B10022C3F87C21D3F899
:105CA0007C3140F00040F0BD25F0404607FA06F692
:105CB000314209D0D4F800E0BEF1000F04D0C4F89E
:105CC00000C0D4F800E0304301350434DFE738B5D4
:105CD00004460D46FFF76AFFB0B12046FFF771FF9B
:105CE00090B92046FFF778FF226801238340C2F86D
:105CF0000833236800B203EB8003D3F8102522F0A9
:105D00000302C3F8102538BD28460021BDE83840FD
:105D1000FFF73DBF2DE9F043174685B0044608461E
:105D2000FDF75EFFD7F800800E460546B8F1000F7C
:105D30001FD02046FFF745FF18B12046FFF736FF7A
:105D400030BB0023CDE900338DF80E308DF80F30D5
:105D50000DF10F0243460DF10E013046FFF7CEFE66
:105D60002AB204EB4202938A23F0020343F00103B8
:105D700093827B68002B34D03146204693F8008014
:105D8000D3F80490FFF71DFF28B1B9F1000F1FD021
:105D90006FF0150028E028B204EB4000838A23F45A
:105DA000604323F020038382B9F1000F10D0B8F1D3
:105DB000030FEDD87B6821685B6893F800C001EBA6
:105DC0008C01B8F1000F12D1C1F81085C1F810850F
:105DD0002AB204EB4202938A23F01C0343EA8803AD
:105DE0009382BB684BBB002005B0BDE8F083D1F8BF
:105DF000102522F00302C1F81025226802EB8C0363
:105E0000D3F8102522F44F3222F44072C3F8102543
:105E10003202D3F8101502F47C5242EA08420A43D7
:105E2000C3F8102504EB4C03A3F87C60838A43EA93
:105E30004C3343F020038382CAE7D3E9007831462C
:105E40002046FFF7F2FE002FCDD063689F4206D0B8
:105E500004F17800FFF7CDFD002804DAC4E7A36859
:105E60009845F5D1002004EBC003C3E901782DB2B9
:105E700004EB4505C0B2AB8A43EA402343F4807388
:105E8000AB82B0E72DE9F043054685B008461746DA
:105E90001E46FDF7A5FE0C46804637B32846FFF7A1
:105EA00090FE18B92846FFF781FE28BB0FFA88F943
:105EB00005EB4909B9F8143013F01C0F02D07B78B8
:105EC000012B19D001238DF80F300023CDE9007389
:105ED0007A1CBB1C0DF10F012046FFF70FFEB9F82D
:105EE000143043F00303A9F81430002E41D02146AA
:105EF0002846FFF766FE20B96FF0150005B0BDE833
:105F0000F08337782B6803EB87030022C3F8102552
:105F1000C3F810250FFA88F205EB42024FEA870C0E
:105F2000938A23F4604323F020039382707800B3B4
:105F30002968B67861440004D1F8103523F4991328
:105F400023F4F853C1F81035230200F4403003F471
:105F50007C5303433005D1F8105500F480100343FF
:105F60002B43C1F81035938A43EA473343F02003AB
:105F700093820020C2E7C0E90312704770B504465F
:105F80001546FFF713FE48B10846FDF729FE04EB5E
:105F900040040020A38A5B0B2B7070BD6FF01500CE
:105FA000FBE738B590F88C4005469CB96022214645
:105FB000143000F08DFD2868C0F87C41D0F87C31A9
:105FC00040F30730FCF790F9012385F88C30AB677C
:105FD000204638BD6FF07700FBE790F88C00003862
:105FE00018BF01207047FDF737BE2DE9F341044685
:105FF0001746FFF7DBFD0D46266800B32046FFF786
:10600000E0FD8046D8B92046FFF7E6FD05B2AD00B9
:1060100005F5807246F802802168B2582944D1F80B
:10602000102542F00102C1F810252FB1216801228C
:1060300002FA00F3C1F8043302B0BDE8F081D6F8EB
:106040000433002BA4BF4FF00043C6F804332846A6
:10605000FDF7C6FD04EB4004A38AC3F38203042BBF
:1060600012D0052B12D001A80195FDF7A9FD019BC7
:10607000D0F81015D94001F001010231284602B0D4
:10608000BDE8F041FFF783BD0321F7E70221F5E703
:10609000FFF71DBE4FF080531A695869504370478F
:1060A0004FF08053186970474FF08053586970471C
:1060B00030B502240C72CA6004680125C4F800558A
:1060C000096879B112F0040F0CBF822192211507E3
:1060D00048BF41F02001D406046848BF21F0800188
:1060E000C4F800139B000168083312F0800006BF5B
:1060F0000122CA50C81830BD30B5A2F58075AD0870
:106100000124AC400C4207D0815829B100218150B4
:1061100082581A6822431A6030BD13B500230C461A
:1061200001934FF4887201ABFFF7E6FF21464FF46D
:106130008A72FFF7E1FF21464FF48E72FFF7DCFF12
:1061400021464FF48272FFF7D7FF21464FF4847245
:10615000FFF7D2FF21464FF48672FFF7CDFF4FF4D1
:106160008C722146FFF7C8FF019802B010BD10B530
:106170004368044633B900680221FFF7CEFF08B137
:1061800001232373207B023818BF012010BD70B596
:10619000067B044656B9C0E9012319B10B7F03758C
:1061A000FDF7D8FE01232373002070BD6FF0770048
:1061B000FBE770B40C46014615461A4651F8043BFD
:1061C0002668C3F82065A688C3F82465A668C3F8C6
:1061D0002865E668C3F82C6503682668C3F840653F
:1061E000A688C3F84465A668C3F84865E468C3F8A0
:1061F0004C45046805F0010303EB5505C4F814553C
:10620000D4070CD412F0020403D0002B14BF0824CE
:1062100004240568C5F8004270BCFFF749BF10248C
:10622000F7E710B503680022C3F8002203680122D3
:1062300004465A6051B12046FFF799FF0028FAD072
:1062400023680022C3F80025012323732046BDE8FC
:106250001040FFF78CBFFFF78ABF70B5B22104462C
:106260000068FFF75AFFC306054607D523695E0796
:1062700004D5636813B1A16801209847A80607D523
:106280002369190704D5636813B1A16802209847F0
:106290002A0607D5206910F0100003D163680BB1FE
:1062A000A1689847AB070CD523680022C3F80025E6
:1062B00001232373636823B1A1680320BDE8704004
:1062C000184770BD30B5026A0346D2E901408442E6
:1062D0004FF0000002D30123D36030BD1874506822
:1062E00001305060186A4268541E0268242505FB7C
:1062F000042218465C1950F8045B42F8045BA04283
:10630000F9D199600120E8E7F0B5064604460F464A
:1063100094460FCE8BB001AD0FC50FCE0FC5216ACD
:1063200033684A682B602068A56822B90223CB60D5
:1063300000200BB0F0BDFB0713D50B682426013AF3
:1063400006FB02337E0703D41A7C0AB10F23EEE763
:10635000224603F1240153F8046B42F8046B8B428C
:10636000F9D1B90741BF226A536803F1FF33536083
:10637000AC4505D2236A002BDAD00422DA60D7E7D5
:106380007A0748BF20603B0701D40120D1E706AB64
:1063900093E80700143484E80700F6E710B50260BC
:1063A0001A44029B836001294FF00003C26003740A
:1063B0000375836101D8036210BD24224A43243A45
:1063C000841804628350026A8C1E9460026A5360CF
:1063D000026AD360026A1374026A022953741EBFF0
:1063E000036A24301860E7E7182871F100030ED320
:1063F000B0F5807F71F100030BD3B0F5803F71F1F0
:10640000000308D3002914BF09200520704701208C
:106410007047022070470320704737B508294FF0B6
:1064200000044FF00005CDE900450A460AD80146B0
:10643000684600F025FBDDE9000103B0BDE830400F
:10644000FFF7D2BF002003B030BD00B1C16070477C
:1064500043680360836801338360006AFFF7F5BF18
:1064600008B50268C3689A4205D3006A0821FFF79D
:10647000ECFF002008BD0120FCE738B504460D46BE
:10648000FFF7EEFF40B123681B78B5EB531F04D034
:10649000206A0A21FFF7D9FF002038BD10B5044655
:1064A000FFF7DEFF38B123681A78FF2A05D0206A8B
:1064B0000A21FFF7CAFF002010BD01332360FBE76C
:1064C00010B5027D044632B1FFF7E8FF48B1002362
:1064D00023754FF0FF3220460721BDE81040FFF73B
:1064E00013BF10BD2DE9F84F04460E4691461D46D8
:1064F000FFF7B6FF804628B1A36843B90321206A9D
:10650000FFF7A3FF4FF000084046BDE8F88F226870
:10651000177807F01F0BBBF11F0F12D12DB3206AA4
:1065200018B1037C0BB11521EAE701232B7000257C
:106530002368636001352B442360A368013BA3609B
:10654000E2E7BBF1170F14D9ABF11803D9B2032955
:106550000BD801259D40A94509D3E36805F1010A3F
:106560005244934207D20821C9E70721C7E7052112
:10657000C5E70025F1E74A460021304600F0A8FAB9
:1065800015B986F800B0D2E72268711E531913F8C6
:10659000010901F8010F9A42F9D1236A002BC7D0F3
:1065A0001B7C002BC4D00737FFB2022FC0D949464D
:1065B0003046FFF732FF8245BAD015219FE738B544
:1065C0000C4611460546FFF758FF08B9002038BDB4
:1065D00004220023A1182846FFF784FF0028F5D0E5
:1065E0002B682360F3E737B5002304468DF80330AA
:1065F000FFF743FFA8B104220DF103030DEB0201E5
:106600002046FFF76FFF60B19DF8035065B901990F
:106610002046FFF757FE50B963682360A368013333
:10662000A360002003B030BD6FF00F01F0E72575C7
:10663000F8E738B504460D46FFF7C1FF48B12268B8
:10664000E3689B1A6A689A4204D908212046FFF73A
:10665000FFFE002038BD38B504460D46FFF7E9FFC0
:1066600018B123686A681344236038BD70B50D46BD
:10667000002104461646FFF700FF38B1324629468E
:1066800020460023BDE87040FFF72CBF70BD0422F8
:10669000FFF7ECBFFFF7FBBF0222FFF7DCBF0322CF
:1066A000FFF7D9BF10B505210446FFF79CFF50B195
:1066B000237D4BB9A3686FF00042934205D30521B7
:1066C0002046FFF7C5FE002010BD5B00A360FBE77E
:1066D000037D23B98068B0FA80F0400970470368F1
:1066E000C268934205D21878A0F1FF03584258417E
:1066F000704700207047FFF7E3BE38B50D4606210E
:106700000446FFF7BAFE08B9002038BD0023042272
:1067100029462046FFF7E6FE0028F5D0A36801339E
:10672000A360F2E7F0B58FB00446FFF799FE0028AA
:106730005DD023681D7800220023CDE902236D0976
:10674000234605AA04F1200718685968164603C6AF
:106750000833BB423246F7D118683060062D1CD092
:106760002A1F0023012A4FF008028DF804300DEB98
:10677000020198BF01AB05A8FFF7B4FE064600284A
:1067800035D0042D3BD019D8023D012D21D9059BD0
:106790002360A368013BA3602AE001A905A8FFF7D5
:1067A000ACFF20B3059B089A934204D30821206ACA
:1067B000FFF74BFE1BE01D786D09CFE7052DE6D1F5
:1067C000DDE90232B3F1004F72F1000113D3294623
:1067D000EDE7E3682168029A5B1A9A4203D8059BA9
:1067E00013440593D3E708212046FFF731FE002626
:1067F00030460FB0F0BDDB185241CDE902329DF8B2
:10680000045025B16FF00F020023CDE90223029B53
:1068100007938DF8285005A8FFF75AFF014638B1B5
:10682000002DB4D005A8FFF739FE0028AFD1DEE770
:1068300005A8FFF777FF0028EDD1D8E7FFF7AEBD39
:1068400000B1C160704710B50368C468A34205D3A6
:10685000006A0821FFF7F4FF002010BD02F01F02BC
:1068600042EA411119700368013303600120F4E723
:1068700070B505460E46104619461446FFF7CDFD85
:106880002246431E31462846BDE87040FDF7D6BB80
:10689000F8B51746C36802689A4204460D4606D307
:1068A000206A0821FFF7CCFF00263046F8BD9B1A6E
:1068B0004A689A42F4D80E4656F8043B53B1042174
:1068C0003046FFF7AAFD6A6823681344E268034470
:1068D0009A42E5D33246042339462046FFF7C8FFE3
:1068E00006460028E0D020682968884202D06A68FD
:1068F00000F0D4F823686A6813442360D5E7082AB7
:1069000073B513460C4606D9006A0521FFF798FFB8
:10691000002002B070BD8E1816F9012C002A0FDA83
:106920000A4669460C46B24204D101212246FFF7CD
:106930009FFFEEE712F8015BED4301F8015BF2E720
:106940000021F3E713460A460021FFF791BF07B580
:10695000042201910DEB0201FFF7D1FF03B05DF8B6
:1069600004FB07B5042201910DEB0201FFF7EAFFDA
:1069700003B05DF804FB0322FFF78ABF07B5CDE93A
:1069800000126946FFF7F7FF03B05DF804FB1F2212
:106990000421FFF758BF1F220521FFF754BF1F2214
:1069A0000721FFF750BFFFF7FABF1FB50024CDE95D
:1069B0000144069C0094FFF7F1FC04B010BD08B13F
:1069C000FBF768BD704710B5436904463BB900202A
:1069D000E268537843F001035370404210BD98477A
:1069E0000028F4D00028B8BF4042E368FF28A8BFC1
:1069F000FF201870ECE740B1C368587810F0010030
:106A00001EBF1878B0FA80F040097047EFF3118389
:106A1000202383F31288BFF36F8FFEE708B5FFF7DB
:106A2000F5FF10B5EFF31184202383F31288BFF331
:106A30006F8FFFF7F3FF84F31188BFF36F8F10BDE3
:106A4000EFF30580003818BF0120704708B50246F3
:106A5000FDF78AFB70B1D0E904319B1A61EBE27259
:106A6000B3F1004F72F1000104DA002AACBF1846FE
:106A7000002008BD6FF00040FBE7FDF701BC704748
:106A80000A44914200F1FF3300D1704710B511F86C
:106A9000014B03F8014F9142F9D110BD884210B566
:106AA00001EB020402D98442234607D8431EA142C7
:106AB00008D011F8012B03F8012FF8E70244014632
:106AC0008A4200D110BD13F8014D02F8014DF7E7DD
:106AD00002440346934200D1704703F8011BF9E7D3
:106AE00010B501390244904201D1002005E003783D
:106AF00011F8014FA34201D0181B10BD0130F2E77D
:106B0000F0B5C2F137050446EDB202F01F020846A7
:106B1000B4FBF2F602FB1641CBB2092988BF5B1920
:106B2000274688BFDBB23033BA4200F8013B344617
:106B3000EED9F0BDD1E9043293421EBF5A1C0A615E
:106B4000187070470096FF7F010000000D050000DF
:106B500000000000DD2400000000000051240000BF
:106B60000000000000000000D46B000000000000E6
:106B70000C6C000000000000F06B00001925000004
:106B80000000000000000000286C000075330000C9
:106B90000000000000000000446C00000000000045
:106BA000606C000000000000986C00000000000015
:106BB000B46C0000000000007C6C000000000000CD
:106BC000D06C000000000000EC6C0000FD1500001F
:106BD0000000000048740000F8700000DC6E000047
:106BE00052010020501B0020492600000000000038
:106BF000867400002C710000A06E00005801002077
:106C0000B41B0020B92B00000000000094740000A9
:106C100040710000A06E00005A010020C01B00203F
:106C2000B92B000000000000EA74000004720000AC
:106C3000146F0000640100201C010020A157000017
:106C400000000000C4740000F4710000CC6E00006D
:106C50006001002000000000BD55000000000000A1
:106C6000D7740000FC710000CC6E000062010020AF
:106C700000000000BD550000000000006C74000022
:106C800000000000886E0000560100200000000097
:106C9000E928000000000000AA7400005471000000
:106CA000C46E00005C010020DC000020A55500003F
:106CB00000000000B7740000A4710000C46E000062
:106CC0005E010020FC0000208D5500000000000047
:106CD0006374000010710000F86E00005401002081
:106CE000A41B00201F520000000000003C740000A4
:106CF000D470000000000000500100208F2500200B
:106D00004950000000000000B55A0000E959000099
:106D100000000000774F000000000000774F0000E7
:106D200000000000774F000000000000774F0000D7
:106D300000000000774F00004C00002025540000A8
:106D400000000000774F000000000000774F0000B7
:106D500000000000774F000000000000774F0000A7
:106D600000000000774F000000000000774F000097
:106D700000000000774F000000000000774F000087
:106D800000000000774F000000000000774F000077
:106D9000000000000534000000000000774F0000F4
:106DA00000000000774F000000000000774F000057
:106DB00000000000774F000000000000774F000047
:106DC00000000000774F000000000000774F000037
:106DD00000000000774F000000000000774F000027
:106DE00000000000774F0000FC0000205B62000004
:106DF00000000000774F000000000000774F000007
:106E000000000000774F000000000000774F0000F6
:106E1000DC0000205B62000000000000774F0000F3
:106E200000000000774F000000000000774F0000D6
:106E300000000000774F000000000000774F0000C6
:106E400000000000774F000000000000774F0000B6
:106E500000000000774F000000000000774F0000A6
:106E600000000000774F000000000000774F000096
:106E700000000000774F000000000000774F000086
:106E800000000000774F000053530000F529000078
:106E900085290000E12800001F530000D1280000D0
:106EA000F52B00007B53000089530000A153000024
:106EB000AD530000B9530000692A0000D35300000D
:106EC000000000005D54000051540000C155000056
:106ED000EF550000D9550000C7550000FF510000D4
:106EE00091510000F1510000000000002F510000FE
:106EF0000000000000000000E903000000000000A6
:106F000000000000A9280000000000003552000029
:106F10000000000013560000653000000556000018
:106F20008558000039560000615600009756000051
:106F3000AB560000D9560000ED560000AB560000DD
:106F4000C9560000015700000F5700001D570000F0
:086F50005357000057570000E1
:106F60000338FDD870470000D9160000414E0000DC
:106F70000100000002000000982F8A4291443771FE
:106F8000CFFBC0B5A5DBB5E95BC25639F111F159AC
:106F9000A4823F92D55E1CAB98AA07D8015B8312EE
:106FA000BE853124C37D0C55745DBE72FEB1DE809A
:106FB000A706DC9B74F19BC1C1699BE48647BEEFC9
:106FC000C69DC10FCCA10C246F2CE92DAA84744A54
:106FD000DCA9B05CDA88F97652513E986DC631A8CA
:106FE000C82703B0C77F59BFF30BE0C64791A7D5A9
:106FF0005163CA0667292914850AB72738211B2E31
:10700000FC6D2C4D130D385354730A65BB0A6A7618
:107010002EC9C281852C7292A1E8BFA24B661AA824
:10702000708B4BC2A3516CC719E892D1240699D634
:1070300085350EF470A06A1016C1A419086C371EAD
:107040004C774827B5BCB034B30C1C394AAAD84E8B
:107050004FCA9C5BF36F2E68EE828F746F63A578C6
:107060001478C8840802C78CFAFFBE90EB6C50A459
:10707000F7A3F9BEF27871C60020004000800240FC
:1070800005000000000000000000000000C000003B
:107090007C6C00000100000000C000000010070030
:1070A0007C6C00000200000000D007000010070008
:1070B0007C6C00000300000000E00E000060000097
:1070C0007C6C00000400000000400F0000C00000C5
:1070D0007C6C0000606C00000000000001000000FB
:1070E0000000000000000000000000000526000075
:1070F000D52500000000000021270000A126000087
:10710000577400001B520000175200005D7400000D
:10711000986C0000000000003577000000000000BF
:10712000000000000400000000FF0000FFFF00005E
:10713000000300504C00002000000000010000008F
:10714000FFFFFFFF000000504C0000200000000087
:10715000000000000000000000000000000000002F
:10716000000000000000000000040000E80302012D
:1071700001010000FA1B00200400000000000000D4
:10718000000000008C7100000024F4000010024098
:107190009871000001000000A071000001000000D3
:1071A000FF010000000000000000000000000000DF
:1071B000000000000000000000040000E8030201DD
:1071C00001010000021C002004000000000000007B
:1071D00000000000DC7100000024F40000C0014049
:1071E000E871000001000000F071000001000000E3
:1071F0000F20001620050040010000001C05004083
:10720000010000000020004001000000000000001C
:10721000247200000000D60100000000922500202A
:107220009125002000200040307200000100000085
:107230003872000002000000090000000A0000018E
:107240000100000002000000080000000300000030
:107250004C6B00005C6B00008C6B0000946B0000BA
:10726000CC6B0000D46B000077C295F360D2EF7F47
:107270003552500F2CB679804661696C6564207474
:107280006F207265626F6F743A207370696E6E69F9
:107290006E6720656E646C6573736C792E2E2E0A92
:1072A000007F7F7F7F7F7F7F7F7F7F7F7F7F7F7F6D
:1072B0007F7F7F7F7F7F7F7F7F7F7F7F7F7F7F7FDE
:1072C0007F7F7F7F7F7F7F7F7F7F7F7F3E7F7F7F0F
:1072D0003F3435363738393A3B3C3D7F7F7F407FFE
:1072E0007F7F000102030405060708090A0B0C0D45
:1072F0000E0F101112131415161718197F7F7F7FA8
:107300007F7F1A1B1C1D1E1F2021222324252627B8
:1073100028292A2B2C2D2E2F303132337F7F7F7F4F
:107320007F4142434445464748494A4B4C4D4E4FA6
:10733000505152535455565758595A6162636465B7
:10734000666768696A6B6C6D6E6F70717273747565
:10735000767778797A303132333435363738392B9D
:107360002F2A2A2A20426F6F74696E67204D435579
:10737000626F6F742076322E332E302D6465762D39
:10738000336465356234646635663966202A2A2A94
:107390000A002A2A2A205573696E67206E524620F9
:1073A000436F6E6E6563742053444B2076332E33E7
:1073B0002E342D39626532653862666664616620F6
:1073C0002A2A2A0A002A2A2A205573696E67205A17
:1073D0006570687972204F532076342E332E3939F8
:1073E0002D333765366332383537366565202A2ABE
:1073F0002A0A00726300696D6167650064617461E7
:10740000006C656E006F666600696D61676573008C
:10741000736C6F740076657273696F6E00256875A2
:107420002E2568752E256875002E25750061626F02
:10743000727428290A00000001000000626F6F7456
:107440005F6D6F6465403000636C6F636B40343018
:10745000303030303030006866636C6B006C6663CF
:107460006C6B0070776D636C6F636B00666C61733F
:10747000682D636F6E74726F6C6C6572403430305F
:107480003165303030006770696F403530303030F2
:10749000333030006770696F403530303030303015
:1074A0003000000102030405060770776D40343098
:1074B0003032313030300070776D403430303163ED
:1074C00030303000677072656772657432403430F6
:1074D00030303035323000677072656772657431F4
:1074E000403430303030353163007561727440346F
:1074F0003030303230303000040104030402040123
:10750000040104030104030401040000000000015D
:1075100001000000000001010100000000203030E7
:107520003030303030303030303030300001010217
:107530000203030303286E756C6C29002DE9F041EA
:10754000036883F30888002383F31488BFF36F8FE5
:10755000BFF36F8FDFF818C0064FD0F804E0A7EB39
:107560000C074FF0005870460047BDE8F08100BF9F
:10757000000000203C00002001000000FFFFFFFF92
:10758000474B0000847000000060004000000000D5
:1075900000000000000000000000000000000000EB
:1075A00000000000000000000000000000000000DB
:1075B00000000000000000000000000000000000CB
:1075C00000000000000000000000000000000000BB
:1075D00000000000000000000000000000000000AB
:1075E000000000000000000000000000000000009B
:1075F000000000000000000000000000000000008B
:10760000000000000000000000000000000000007A
:107610000000000000000000001002400000000018
:10762000000000000000000000000000000000005A
:10763000000000000000000000C001400000000049
:10764000000000000000000000000000000000003A
:1076500000000000000000002C01002000000000DD
:10766000000000000000000000000000000000001A
:107670009325002020000000000000000090D003AF
:10768000FF00000048010020480100200000000029
:1076900000000000000000000000000000000000EA
:0876A0000000000015E015E0F8
:10C000003DB8F3960000000000020000A4F0040018
:10C01000000000000100010002000000000000001C
:10C020000000000000000000000000000000000010
:10C030000000000000000000000000000000000000
:10C0400000000000000000000000000000000000F0
:10C0500000000000000000000000000000000000E0
:10C0600000000000000000000000000000000000D0
:10C0700000000000000000000000000000000000C0
:10C0800000000000000000000000000000000000B0
:10C0900000000000000000000000000000000000A0
:10C0A0000000000000000000000000000000000090
:10C0B0000000000000000000000000000000000080
:10C0C0000000000000000000000000000000000070
:10C0D0000000000000000000000000000000000060
:10C0E0000000000000000000000000000000000050
:10C0F0000000000000000000000000000000000040
:10C10000000000000000000000000000000000002F
:10C11000000000000000000000000000000000001F
:10C12000000000000000000000000000000000000F
:10C1300000000000000000000000000000000000FF
:10C1400000000000000000000000000000000000EF
:10C1500000000000000000000000000000000000DF
:10C1600000000000000000000000000000000000CF
:10C1700000000000000000000000000000000000BF
:10C1800000000000000000000000000000000000AF
:10C19000000000000000000000000000000000009F
:10C1A000000000000000000000000000000000008F
:10C1B000000000000000000000000000000000007F
:10C1C000000000000000000000000000000000006F
:10C1D000000000000000000000000000000000005F
:10C1E000000000000000000000000000000000004F
:10C1F000000000000000000000000000000000003F
:10C2000080060120612B0400497004004D2B0400BE
:10C210004D2B04004D2B04004D2B040000000000AA
:10C22000000000000000000000000000492C040095
:10C230004D2B040000000000B52B04004D2B040022
:10C24000196C030019CB0300196C0300196C03006F
:10C25000196C0300196C0300196C0300196C0300BE
:10C26000196C0300196C0300A97F0300196C03000B
:10C27000196C0300196C0300196C0300196C03009E
:10C28000196C0300196C0300196C0300196C03008E
:10C29000C1CB0300196C0300196C0300196C030077
:10C2A000196C0300196C0300196C0300196C03006E
:10C2B000196C0300196C0300196C0300196C03005E
:10C2C000196C0300196C0300196C0300196C03004E
:10C2D000196C0300196C0300196C0300196C03003E
:10C2E000196C0300196C0300196C0300196C03002E
:10C2F000196C0300196C0300196C0300196C03001E
:10C3000001F0FF01102A2BDB10F0070F08D010F806
:10C31000013B013A8B422DD010F0070F42B3F6D10A
:10C32000F0B441EA012141EA014122F007047FF023
:10C3300000070023F0E80256083C85EA010586EA7A
:10C34000010685FA47F5A3FA87F586FA47F6A5FAB6
:10C3500087F68EB9EED1F0BC01F0FF0102F00702C2
:10C3600032B110F8013B013A83EA010313B1F8D16D
:10C370000020704701387047002D06BF354603384E
:10C38000073815F0010F07D1013015F4807F02BF87
:10C39000013015F4C03F0130F0BC0138704700BFD8
:10C3A000014B1B685B68184700000020014B1B68AD
:10C3B0009B68184700000020014B1B681B69184749
:10C3C00000000020014B1B685B691847000000203B
:10C3D000014B1B689B69184700000020014B1B683C
:10C3E000DB69184700000020014B1B681B6A1847D7
:10C3F00000000020014B1B689B6A184700000020CA
:10C4000030B4044C9DF8085024680295E468A446B2
:10C4100030BC6047000000207FD3000085D30000BF
:10C4200087D30000ADD300008BD30000B7D300004A
:10C4300091D30000C1D3000097D30000CDD30000FA
:10C44000A3D30000A7D3000099D300009FD300001E
:10C45000BDD30000C7D3000030B50346114890F9A2
:10C460001C209A4219DD90F924209A4217DA9A1A70
:10C47000846AA05C0C4A15569D420DD00E320029EC
:10C4800018BF01309442C0B206D129B1013BDBB2E2
:10C49000012B01D80130C0B230BD0D20FCE70020D7
:10C4A000FAE700BFE00900204C92040008B5054BF4
:10C4B00093F91C30984203DAFFF7CEFF024B1B566C
:10C4C000184608BDE00900204C92040008B5184B3E
:10C4D00093F82C20FAB9012283F82C20154A12680F
:10C4E000A2F10800082803D813490141C90709D55A
:10C4F000911F092910D9013212D04FF4DF71742035
:10C5000000F034F80D4A9A62D8221A6283F8242087
:10C5100008229A611A7708BD094A0A41D207ECD469
:10C52000084A9A62D8221A6283F824200422F0E78B
:10C53000E0090020900B0020DEFEFFFF8792040040
:10C54000EEFCFFFF5A920400BFF34F8F0549064BE4
:10C55000CA6802F4E0621343CB60BFF34F8F00BFA1
:10C56000FDE700BF00ED00E00400FA051FB572B65C
:10C57000134B5D6895B9FFF7E7FF2346B2FBF6F270
:10C580005C1C002AF9D104AEDCB256FA83F303F83E
:10C590000C2C0A2234B901A8A847ECE70246002374
:10C5A0000A26EDE7631E04AEDCB256FA83F3B0FB55
:10C5B000F2F602FB1600303003F80C0C3046E9E7C7
:10C5C000580B00204FF08052034BD2F83011196005
:10C5D000D2F834215A607047900B002081F000415E
:10C5E00002E000BF83F0004330B54FEA41044FEA58
:10C5F000430594EA050F08BF90EA020F1FBF54EAF3
:10C60000000C55EA020C7FEA645C7FEA655C00F08E
:10C61000E2804FEA5454D4EB5555B8BF6D420CDD5F
:10C620002C4480EA020281EA030382EA000083EAE2
:10C63000010180EA020281EA0303362D88BF30BD82
:10C6400011F0004F4FEA01314FF4801C4CEA1131D8
:10C6500002D0404261EB410113F0004F4FEA033337
:10C660004CEA133302D0524263EB430394EA050FC2
:10C6700000F0A780A4F10104D5F1200E0DDB02FA31
:10C680000EFC22FA05F2801841F1000103FA0EF2C5
:10C69000801843FA05F359410EE0A5F120050EF18B
:10C6A000200E012A03FA0EFC28BF4CF0020C43FABC
:10C6B00005F3C01851EBE37101F0004507D54FF0C9
:10C6C000000EDCF1000C7EEB00006EEB0101B1F519
:10C6D000801F1BD3B1F5001F0CD349085FEA30005F
:10C6E0004FEA3C0C04F101044FEA445212F5800F6A
:10C6F00080F09A80BCF1004F08BF5FEA500C50F107
:10C70000000041EB045141EA050130BD5FEA4C0CE9
:10C71000404141EB0101013C28BFB1F5801FE9D246
:10C7200091F0000F04BF01460020B1FA81F308BF69
:10C730002033A3F10B03B3F120020CDA0C3208DD35
:10C7400002F1140CC2F10C0201FA0CF021FA02F110
:10C750000CE002F11402D8BFC2F1200C01FA02F180
:10C7600020FA0CFCDCBF41EA0C019040E41AA2BFA5
:10C7700001EB0451294330BD6FEA04041F3C1CDA6D
:10C780000C340EDC04F11404C4F1200220FA04F08D
:10C7900001FA02F340EA030021FA04F345EA030137
:10C7A00030BDC4F10C04C4F1200220FA02F001FAF9
:10C7B00004F340EA0300294630BD21FA04F029467B
:10C7C00030BD94F0000F83F4801306BF81F4801114
:10C7D0000134013D4EE77FEA645C18BF7FEA655C87
:10C7E00029D094EA050F08BF90EA020F05D054EA59
:10C7F000000C04BF1946104630BD91EA030F1EBF5E
:10C800000021002030BD5FEA545C05D14000494161
:10C8100028BF41F0004130BD14F580043CBF01F554
:10C82000801130BD01F0004545F0FE4141F470013A
:10C830004FF0000030BD7FEA645C1ABF1946104615
:10C840007FEA655C1CBF0B46024650EA013406BF16
:10C8500052EA033591EA030F41F4002130BD00BFD5
:10C8600090F0000F04BF0021704730B54FF4806492
:10C8700004F132044FF000054FF0000150E700BF13
:10C8800090F0000F04BF0021704730B54FF4806472
:10C8900004F1320410F0004548BF40424FF000015F
:10C8A0003EE700BF42004FEAE2014FEA31014FEAA2
:10C8B00002701FBF12F07F4393F07F4F81F06051F1
:10C8C000704732F07F4208BF704793F07F4F04BF3C
:10C8D00041F40021704730B54FF4607401F0004519
:10C8E00021F000411CE700BF50EA010208BF704779
:10C8F00030B54FF000050AE050EA010208BF70476A
:10C9000030B511F0004502D5404261EB41014FF4D2
:10C91000806404F132045FEA915C3FF4D8AE4FF0DA
:10C9200003025FEADC0C18BF03325FEADC0C18BFBD
:10C93000033202EBDC02C2F1200300FA03FC20FA0E
:10C9400002F001FA03FE40EA0E0021FA02F114445B
:10C95000BDE600BF70B54FF0FF0C4CF4E06C1CEA74
:10C9600011541DBF1CEA135594EA0C0F95EA0C0FE5
:10C9700000F0DEF82C4481EA030621EA4C5123EA58
:10C980004C5350EA013518BF52EA033541F4801187
:10C9900043F4801338D0A0FB02CE4FF00005E1FB3A
:10C9A00002E506F00042E0FB03E54FF00006E1FB84
:10C9B00003569CF0000F18BF4EF0010EA4F1FF04C7
:10C9C000B6F5007F64F5407404D25FEA4E0E6D4107
:10C9D00046EB060642EAC62141EA55514FEAC52018
:10C9E00040EA5E504FEACE2EB4F1FD0C88BFBCF594
:10C9F000E06F1ED8BEF1004F08BF5FEA500E50F145
:10CA0000000041EB045170BD06F0004646EA01010A
:10CA100040EA020081EA0301B4EB5C04C2BFD4EB3C
:10CA20000C0541EA045170BD41F480114FF0000E35
:10CA3000013C00F3AB8014F1360FDEBF002001F0A3
:10CA4000004170BDC4F10004203C35DA0C341BDC1D
:10CA500004F11404C4F1200500FA05F320FA04F0EF
:10CA600001FA05F240EA020001F0004221F0004123
:10CA700010EBD37021FA04F642EB06015EEA430E96
:10CA800008BF20EAD37070BDC4F10C04C4F12005C6
:10CA900000FA04F320FA05F001FA04F240EA020079
:10CAA00001F0004110EBD37041F100015EEA430E4A
:10CAB00008BF20EAD37070BDC4F1200500FA05F26A
:10CAC0004EEA020E20FA04F301FA05F243EA0203E9
:10CAD00021FA04F001F0004121FA04F220EA0200F8
:10CAE00000EBD3705EEA430E08BF20EAD37070BD3E
:10CAF00094F0000F0FD101F00046400041EB01011E
:10CB000011F4801F08BF013CF7D041EA060195F0FF
:10CB1000000F18BF704703F00046520043EB0303B9
:10CB200013F4801F08BF013DF7D043EA06037047A6
:10CB300094EA0C0F0CEA135518BF95EA0C0F0CD0B1
:10CB400050EA410618BF52EA4306D1D181EA0301F7
:10CB500001F000414FF0000070BD50EA410606BFF1
:10CB60001046194652EA430619D094EA0C0F02D136
:10CB700050EA013613D195EA0C0F05D152EA03367B
:10CB80001CBF104619460AD181EA030101F0004199
:10CB900041F0FE4141F470014FF0000070BD41F0E2
:10CBA000FE4141F4780170BD70B54FF0FF0C4CF4BC
:10CBB000E06C1CEA11541DBF1CEA135594EA0C0FDB
:10CBC00095EA0C0F00F0A7F8A4EB050481EA030E28
:10CBD00052EA03354FEA013100F088804FEA03330F
:10CBE0004FF0805545EA131343EA12634FEA0222DD
:10CBF00045EA111545EA10654FEA00260EF000419E
:10CC00009D4208BF964244F1FD0404F5407402D2EF
:10CC10005B084FEA3202B61A65EB03055B084FEA80
:10CC200032024FF480104FF4002CB6EB020E75EB7D
:10CC3000030E22BFB61A754640EA0C005B084FEAA5
:10CC40003202B6EB020E75EB030E22BFB61A754622
:10CC500040EA5C005B084FEA3202B6EB020E75EB6D
:10CC6000030E22BFB61A754640EA9C005B084FEAE5
:10CC70003202B6EB020E75EB030E22BFB61A7546F2
:10CC800040EADC0055EA060E18D04FEA051545EAE1
:10CC900016754FEA06164FEAC30343EA52734FEA8A
:10CCA000C2025FEA1C1CC0D111F4801F0BD141EA03
:10CCB00000014FF000004FF0004CB6E711F4801F68
:10CCC00004BF01430020B4F1FD0C88BFBCF5E06F48
:10CCD0003FF6AFAEB5EB030C04BFB6EB020C5FEA58
:10CCE000500C50F1000041EB045170BD0EF0004EAD
:10CCF0004EEA113114EB5C04C2BFD4EB0C0541EADF
:10CD0000045170BD41F480114FF0000E013C90E6DB
:10CD100045EA060E8DE60CEA135594EA0C0F08BF9F
:10CD200095EA0C0F3FF43BAF94EA0C0F0AD150EA9E
:10CD300001347FF434AF95EA0C0F7FF425AF104631
:10CD400019462CE795EA0C0F06D152EA03353FF459
:10CD5000FDAE1046194622E750EA410618BF52EAD6
:10CD600043067FF4C5AE50EA41047FF40DAF52EAAA
:10CD700043057FF4EBAE12E74FF0FF3C06E000BF47
:10CD80004FF0010C02E000BF4FF0010C4DF804CD54
:10CD90004FEA410C7FEA6C5C4FEA430C18BF7FEA14
:10CDA0006C5C1BD001B050EA410C0CBF52EA430C42
:10CDB00091EA030F02BF90EA020F0020704710F1C2
:10CDC000000F91EA030F58BF994208BF90422CBF51
:10CDD000D8176FEAE37040F0010070474FEA410C4A
:10CDE0007FEA6C5C02D150EA013C07D14FEA430C68
:10CDF0007FEA6C5CD6D152EA033CD3D05DF8040BD9
:10CE0000704700BF8446104662468C46194663460A
:10CE100000E000BF01B5FFF7B7FF002848BF10F1E1
:10CE2000000F01BD4DF808EDFFF7F4FF0CBF012026
:10CE300000205DF808FB00BF4DF808EDFFF7EAFFA2
:10CE400034BF012000205DF808FB00BF4DF808ED5D
:10CE5000FFF7E0FF94BF012000205DF808FB00BF52
:10CE60004DF808EDFFF7CEFF94BF012000205DF8DC
:10CE700008FB00BF4DF808EDFFF7C4FF34BF0120E9
:10CE800000205DF808FB00BF4FEA410C7FEA6C5CB4
:10CE900002D150EA013C0AD14FEA430C7FEA6C5CB4
:10CEA00002D152EA033C02D14FF0000070474FF02C
:10CEB000010070474FEA410212F5001215D211D558
:10CEC0006FF47873B3EB625212D94FEAC12343F087
:10CED000004343EA505311F0004F23FA02F018BF09
:10CEE000404270474FF00000704750EA013005D1D2
:10CEF00011F0004008BF6FF0004070474FF0000095
:10CF0000704700BF4A0011D212F5001211D20DD5A0
:10CF10006FF47873B3EB62520ED44FEAC12343F03F
:10CF2000004343EA505323FA02F070474FF00000E9
:10CF3000704750EA013002D14FF0FF3070474FF098
:10CF4000000070474FEA4102B2F1E04324BFB3F55D
:10CF5000001CDCF1FE5C0DD901F0004C4FEAC00270
:10CF60004CEA5070B2F1004F40EB830008BF20F054
:10CF70000100704711F0804F21D113F13872BCBF0E
:10CF800001F00040704741F480114FEA5252C2F163
:10CF90001802C2F1200C10FA0CF320FA02F018BFAC
:10CFA00040F001004FEAC1234FEAD32303FA0CFCFF
:10CFB00040EA0C0023FA02F34FEA4303CCE77FEA8E
:10CFC000625307D150EA01331EBF4FF0FE4040F4D8
:10CFD0004000704701F0004040F0FE4040F4000087
:10CFE000704700BF53B94AB9002908BF00281CBFC9
:10CFF0004FF0FF314FF0FF3000F02AB8ADF1080CD0
:10D000006DE904CE00F00CFADDF804E0DDE902235E
:10D0100004B07047D0B50C4B002206460F46FFF710
:10D0200099FCFFF76FFF0446FFF71AFC074B00223D
:10D03000FFF790FC02460B4630463946FFF7D2FA1E
:10D04000FFF760FF2146D0BD0000F03D0000F04139
:10D05000704700BF80F0004002E000BF81F0004157
:10D0600042001FBF5FEA410392EA030F7FEA226C8E
:10D070007FEA236C6AD04FEA1262D2EB1363C1BF1E
:10D08000D218414048404140B8BF5B42192B88BF8D
:10D09000704710F0004F40F4000020F07F4018BFB0
:10D0A000404211F0004F41F4000121F07F4118BFD0
:10D0B000494292EA030F3FD0A2F1010241FA03FC78
:10D0C00010EB0C00C3F1200301FA03F100F0004360
:10D0D00002D5494260EB4000B0F5000F13D3B0F128
:10D0E000807F06D340084FEA310102F10102FE2A97
:10D0F00051D2B1F1004F40EBC25008BF20F0010007
:10D1000040EA03007047490040EB0000013A28BFA5
:10D11000B0F5000FEDD2B0FA80FCACF1080CB2EB28
:10D120000C0200FA0CF0AABF00EBC25052421843A6
:10D13000BCBFD0401843704792F0000F81F400014B
:10D1400006BF80F400000132013BB5E74FEA41031E
:10D150007FEA226C18BF7FEA236C21D092EA030F8A
:10D1600004D092F0000F08BF0846704790EA010F04
:10D170001CBF0020704712F07F4F04D1400028BF31
:10D1800040F00040704712F100723CBF00F5000013
:10D19000704700F0004343F0FE4040F40000704749
:10D1A0007FEA226216BF08467FEA236301464202F5
:10D1B00006BF5FEA412390EA010F40F48000704708
:10D1C0004FF0000304E000BF10F0004348BF4042AE
:10D1D0005FEA000C08BF704743F0964301464FF0EA
:10D1E00000001CE050EA010208BF70474FF0000346
:10D1F0000AE000BF50EA010208BF704711F0004387
:10D2000002D5404261EB41015FEA010C02BF844656
:10D210000146002043F0B64308BFA3F18053A3F5B5
:10D220000003BCFA8CF2083AA3EBC25310DB01FAFC
:10D2300002FC634400FA02FCC2F12002BCF1004F80
:10D2400020FA02F243EB020008BF20F00100704711
:10D2500002F1200201FA02FCC2F1200250EA4C0065
:10D2600021FA02F243EB020008BF20EADC707047AB
:10D270007BB972B90029BEBF00204FF0004106E023
:10D2800008BF00281CBF6FF000414FF0FF30FFF7D0
:10D29000DFBEADF1080C6DE904CE002909DB002BDF
:10D2A0001ADB00F0BDF8DDF804E0DDE9022304B08C
:10D2B0007047404261EB4101002B1BDB00F0B0F8EE
:10D2C000DDF804E0DDE9022304B0404261EB4101F6
:10D2D000524263EB43037047524263EB430300F057
:10D2E0009FF8DDF804E0DDE9022304B0404261EB81
:10D2F00041017047524263EB430300F091F8DDF8BF
:10D3000004E0DDE9022304B0524263EB43037047BB
:10D31000D0B5FFF7C7FA0C4B002206460F46FFF7C1
:10D3200019FBFFF7EFFD0446FFF79AFA074B0022BF
:10D33000FFF710FB02460B4630463946FFF752F91D
:10D34000FFF7E0FD2146D0BD0000F03D0000F041B8
:10D3500008B5FFF737F9BDE80840FFF7B7B8801AFE
:10D3600000F3070038B540B20D4659B21446FFF736
:10D370009DF8002328706B70204440B238BD002314
:10D38000036070477047002070474FF0FF307047D0
:10D390004FF0FF30704770474FF0FF30704700206C
:10D3A0007047002070470023037070479DF80030DD
:10D3B0000022FFF7D4BF4FF0FF30704700207047C6
:10D3C0004FF0FF3070474FF0FF307047704710F854
:10D3D000012B11F8013B012A28BF9A42F7D0D01A3D
:10D3E0007047034613F8012B002AFBD1181A0138A5
:10D3F000704738B50022002304460D46FFF71CFD98
:10D4000028B920462946BDE83840FFF703BE20462C
:10D4100005F10041FFF7FEFD404261EB410138BDDF
:10D420002DE9F04786468C460846089E1546744608
:10D430001946002B40F0C2808542B2FA82F245D9EB
:10D440004AB1C2F1200300FA02FC2EFA03F3954020
:10D4500043EA0C0C94404FEA154EA8B2BCFBFEF810
:10D46000230C0EFB18CC08FB00F943EA0C4399454A
:10D4700028D9EB1808F1FF3704D2994502D9A8F151
:10D4800002072B44A3EB0903A4B2B3FBFEFC0EFB83
:10D490001C330CFB00F044EA0344A04214D92C19BD
:10D4A0000CF1FF3304D2A04202D9ACF102032C44A8
:10D4B000241A43EA07401EB1D4400023346073604D
:10D4C000BDE8F0874746DDE76346F1E792BB431BC3
:10D4D00001214FEA154EAFB2B3FBFEFC200C0EFB50
:10D4E0001C330CFB07F840EA0343984562D9EB185C
:10D4F0000CF1FF3004D2984502D9ACF102002B4464
:10D50000A3EB0803A4B2B3FBFEFC0EFB1C330CFB25
:10D5100007F744EA0344A7424ED92C190CF1FF3314
:10D5200004D2A74202D9ACF102032C44E41B43EA23
:10D530000040C0E7C2F1200320FA03F1954090407B
:10D540002EFA03F303434FEA154EAFB2B1FBFEFCD4
:10D550000EFB1C10190C0CFB07F841EA0041884532
:10D5600004FA02F422D969180CF1FF3004D288457C
:10D5700002D9ACF102002944A1EB08019BB2B1FB36
:10D58000FEFC0EFB1C110CFB07F743EA01439F4214
:10D590000ED9EB180CF1FF3104D29F4202D9ACF145
:10D5A00002012B44DB1B41EA004192E76046E3E7BE
:10D5B0006146F7E76046A3E76346B7E7834206D9CB
:10D5C00016B9002108467BE7C6E900E0F9E7B3FA9F
:10D5D00083F78FB9834201D3724508D8BEEB0204AA
:10D5E00060EB030301209C461EB9002168E7384622
:10D5F000FAE7C6E9004CF8E7C7F1200CBB4022FA75
:10D600000CF41C432EFA0CF120FA0CF3B840014341
:10D610004FEA14490EFA07F5B3FBF9F81FFA84FE36
:10D6200009FB18300B0C08FB0EFA43EA00439A453D
:10D6300002FA07F240D9E31808F1FF3004D29A4504
:10D6400002D9A8F102002344A3EB0A0389B2B3FB79
:10D65000F9F809FB183308FB0EFE41EA03418E4539
:10D660002CD9611808F1FF3304D28E4502D9A8F1F4
:10D670000203214443EA0040A0FB0298A1EB0E0103
:10D680004145CE46434602D306D14D4504D2B9EBBF
:10D69000020E68EB04030138002EA6D0B5EB0E0293
:10D6A00061EB030101FA0CFC22FA07F34CEA0303D5
:10D6B000F940C6E9003198E74046C5E74346D9E757
:10D6C0002DE9F04F2DED068B1C2387B02620CDE9E8
:10D6D00001300D23C44800930822162340F2EA715A
:10D6E00039F0E2FBC14AC249C24839F0DDFBC24809
:10D6F00039F0DAFBC14839F0D7FBC14839F0D4FB27
:10D70000C04839F0D1FBC04BB3F8923403F07F032B
:10D710007F2B00F03582BD4B1B68002BC0F232829C
:10D72000BB4A52F82310B84CBA4839F0BDFB94F804
:10D730009634FF2B08D013F0800FB74BB749B84889
:10D7400018BF194639F0B0FB94F89624B4F8921437
:10D75000B44839F0A9FBB4F8943403F07F037F2B6D
:10D7600000F0128218F0B6FB0146AF4BAF4A1878B2
:10D77000AF4B002818BF1A46AE4839F095FBA24BB4
:10D7800093F89724FF2A0FD0B3F89414090640F1B8
:10D79000FD8193F99624A849A84B31EA220128BFBC
:10D7A00019469F4839F080FB974B9E4893F8972481
:10D7B000B3F8941439F078FB1AF07EF810EE104AA2
:10D7C0001AF066F810EE106A1AF08AF8B5EEC00A80
:10D7D000F1EE10FAB0EE408A204640F3DE81FFF70A
:10D7E00061F804460D4618EE100ACDE90445FFF72E
:10D7F00059F8CDE902013046FFF754F82246CDE949
:10D8000000012B468E4839F04FFBDFF8FCA1DFED1D
:10D810008D8ADAF8FC00FFF745F80446DAF80401CF
:10D820000D46FFF73FF8CDE90201DAF80001FFF7F6
:10D8300039F82246CDE900012B468348834C39F064
:10D8400033FB834B1D685E68D3F80880814B1A78E0
:10D85000814B002A18BF1C4616F0C2FDBAF84C399D
:10D86000024621467D4839F01FFB2846FFF71AF88B
:10D87000044630460D46FFF715F8064640460F466B
:10D88000FFF710F88046894619F0F2FF10EE100AF3
:10D89000FFF708F822462B46CDE90401CDE90289BD
:10D8A000CDE900676E4839F0FFFA9AED5DAADAED2E
:10D8B0005F9A9AED5E9AB7EE008AC8EE0A7A78EE21
:10D8C000677A67EEA87A17EE900AFEF7EBFFC8EECC
:10D8D000297A04460D4678EE677A67EEA87A17EE45
:10D8E000900AFEF7DFFFC8EE097ACDE9020138EEB3
:10D8F000678A68EE287A17EE900AFEF7D3FF224671
:10D900002B46CDE900015748052139F0CDFA1AEE32
:10D91000100AFEF7C7FF044619EE900A0D46FEF7FF
:10D92000C1FFCDE9020119EE100AFEF7BBFF224646
:10D930002B46CDE900014C4839F0B6FA4B494C482A
:10D9400039F0B2FA2F4839F0AFFA9AF86540494BEE
:10D9500049489AF86610002C08BF184639F0A4FA16
:10D960004FF080524548D2F8A830D2F8A4209BB29C
:10D9700039F09AFA424BDAF865205B68414942482F
:10D98000120C002C18BF084642EA03421B0C39F067
:10D990008BFA9AF89814642992BF3C483C48542169
:10D9A00039F082FA174839F07FFA3A4BD3F800B0D1
:10D9B00041F29313ABF2DD529A4288BF4FF0FF3B26
:10D9C000354BB3F900001AF0C9F8344B8146D3E95E
:10D9D00000A61AF057F9054688461AF039F9BBF146
:10D9E000000F04460F465BE08FC30400E9C3040048
:10D9F000EDC304002AC4040041C4040057C4040059
:10DA000066C404005325050000F00320180100201F
:10DA10000894040089C404000CC30400241E0500FB
:10DA200092C40400A1C40400FFB10020E428050052
:10DA3000ECAE0400B6C4040023C3040010C3040009
:10DA4000CEC404000000E14449C5040035C304000D
:10DA5000504B002036070020BB3A050069C5040082
:10DA60008CC50400C7C5040009C6040036C60400FE
:10DA70003AC6040049C3040039C3040047C6040081
:10DA800065F003205CC3040077C3040060C6040093
:10DA900079C604001C010020F406002000120020BA
:10DAA00040F3988038F015FBB0EB0A0361EB0602F7
:10DAB000554EA3FB060106FB0211C00B40EA414094
:10DAC0004FA3D3E90023C90BFFF78CFA194606468A
:10DAD000002310464D4AFFF785FA824648461EB994
:10DAE0005FFA8AF3002B69D0FEF7CAFE484B00228A
:10DAF000FFF75AF8CDE9006A02460B46454839F06F
:10DB0000D3F955EA08036DD03F4BA5FB030103FB96
:10DB10000811C00B40EA414039A3D3E90023C90BE7
:10DB2000FFF760FA0546194610460023374AFFF70B
:10DB300059FA29460246384839F0B6F954EA07033B
:10DB400054D0314BA4FB030103FB0711C00B40EA87
:10DB500041402BA3D3E90023C90BFFF743FA044646
:10DB6000194610460023294AFFF73CFA02462B4883
:10DB7000214607B0BDEC068BBDE8F04F39F094B9F3
:10DB80002749D0E52749CEE52549EEE5264B27492B
:10DB900012F0800F18BF194603E6FEF783FE044615
:10DBA0000D463046CDE90245FEF77CFE2246CDE922
:10DBB00000012B461E4839F077F926E6FEF760FE95
:10DBC000134B0022FEF7F0FF02460B46194839F0CE
:10DBD0006BF996E75AEA060A0CBF1748174839F05E
:10DBE00063F98EE7164839F05FF9A7E7154807B0E3
:10DBF000BDEC068BBDE8F04F39F056B9AFF30080AD
:10DC000000A493D60000000040420F000087930359
:10DC10000000594093C60400EEC604002EC704005D
:10DC20003EBF04004CBF04000CC30400241E0500CA
:10DC30000DC50400B9C60400CAC6040088E5040086
:10DC40000CC7040050C7040070B5234E337813B3DB
:10DC500038F041FA214AD2E9004543F69923041BE2
:10DC600061EB05059C4275F1000317DB082028F0E5
:10DC700095F848B11A4BC561C0E905340423037413
:10DC8000002343748374C37416494FF4025231F075
:10DC9000DBFA002333700020002170BD30F0E2FD7C
:10DCA000114B1D68114B451B04461868C617A5FB90
:10DCB000000107A3D3E9002305FB0611FFF7D8FAFB
:10DCC0000B4B1B681C442044E6E700BFAFF3008009
:10DCD00000CA9A3B00000000CF7700200814002003
:10DCE00076C7040084900400C44B0020B04B002091
:10DCF000C04B002000000000F0B514461A4AA0FBFB
:10DD0000020302FB0131C00B85B040EA414014A37D
:10DD1000D3E90023C90BFFF765F9054619461046FC
:10DD20000023124AFFF75EF9064619461046002303
:10DD30000D4AFFF757F907461946104600234FF4DE
:10DD40007A72FFF74FF90097CDE901023346084890
:10DD50002A46214639F0A8F805B0F0BDAFF300809F
:10DD600000A493D60000000040420F0000879303F8
:10DD70003DCD0400000000002DE9F04F2DED048B97
:10DD800087B00678012E00AF1BD0022E00F0A580D0
:10DD90008EB9B04A136801331360AF4B1E60AF4BAE
:10DDA0001B7843B10CF0E6F928B9AD4B1B78012B79
:10DDB00001D10EF09DFF1C37BD46BDEC048BBDE8C4
:10DDC000F08FA84C0CF022F80BF024FD23680133EF
:10DDD000236038F096F924686422B4FBF2F302FB66
:10DDE0001343A14A2BB1136841F28831C31A8B4205
:10DDF0001ED9984B10601E68A51918BF64234FF0F8
:10DE00000A001CBF6343B3FBF5F527F0C7FF50B111
:10DE1000964BC0E90745C0E9053605230374002386
:10DE200043748374C37492494FF4235231F00CFA53
:10DE3000904E914D3378ABB138F04DF98F4AD2E91D
:10DE40000042041B61EB02010AF0AEFD64380023BE
:10DE5000A04273EB010105DA894A337013602B6825
:10DE600001332B602E68002E99D00A23B6FBF3F401
:10DE700003FB1464A4B9834B1B78F02B10D108204A
:10DE800027F08CFF38B1804B4474C0E9053603237A
:10DE900003748474C47476494FF4C45231F0D4F9D5
:10DEA0002C68B4F5967F7FF47AAF38F014F9774B8D
:10DEB000C3E90001082027F071FF40B1744BC0E9AD
:10DEC000053403230374002343748374C3746849C3
:10DED0004FF4C45231F0B8F961E7614B1B7803F09D
:10DEE000FF0453B9082027F059FF002861D14FF4EF
:10DEF00001525F4931F0A8F95DE7664838F0C4F88F
:10DF000000283FF458AFDFF8B081634CD8F82450B4
:10DF100058F825104B780A78637091F90230A37095
:10DF20000B792371CB78E37001350531601D2270C8
:10DF30003AF05CFB082D28BF002508F12800C8F83E
:10DF4000245039F016F8554B1D78002D3ED023781B
:10DF50000D2B00F0B580112B3FF42DAF032B40F2B9
:10DF600081836379AA2B40F07D830CF003F90028AC
:10DF700000F078832378A279023B03EBD373C3F3D9
:10DF80004703934228BF1346EFF3118E402282F3DA
:10DF90001288BFF36F8F4048414CDFF820C1002644
:10DFA000F2B2934200F23F838EF31188BFF36F8F7A
:10DFB00001E73C4B43613C4B83616FF00C03C36151
:10DFC0000423037444748474C47490E72278082A88
:10DFD0007FF4F1AE354E3278002A3FF4ECAE344A8D
:10DFE00061795279914201D03570E4E60020002138
:10DFF000C7E90401B4F80B20BA82D4F80700B98A43
:10E0000038614FF080527961D2F8A4E0D2F8A820AC
:10E0100092B2914208BF704504F1070C12D106205C
:10E0200027F0BCFE30B1234B4361022303744574D7
:10E030008574C5740E494FF4845231F005F90023FC
:10E040003370B8E6D4F805201A60DCF802205A6074
:10E05000CAE700BF304C00202C4C00202B78002059
:10E060002D780020284C0020244C002041D70400AB
:10E07000849004002A780020304D002028140020CD
:10E08000204C0020181400206AD70400101400202F
:10E09000B4D60400A84B0020DD770020D5770020FF
:10E0A000FAB000208AD7040037DE0400D4770020BD
:10E0B00084070020B0D70400804B00207877002030
:10E0C0006379F12B7FF477AE0C22611D072029F0D4
:10E0D0008DF8637C83420DD0062027F05FFE30B1BF
:10E0E000BD4B43610023067443748374C3744FF4BF
:10E0F0008452FEE6B94BA6791D78DFF84C93DFF821
:10E100004C83B54218D0082027F048FE48B1B44BE4
:10E11000C561C0E905360423037400234374837486
:10E12000C374B0494FF4025231F08EF8002389F8DD
:10E130000030C8F800303EE6AB4BE57993F800B00C
:10E14000AA4BBBEB050A48BF0AF5807A0026BAF154
:10E15000050F89F80060C8F800601E6012DD0A2013
:10E1600027F01CFE48B1A24B4674C0E907BAC0E9CB
:10E170000535052303748674C6749A494FF42252F8
:10E1800031F062F8A168228994F80890B4F8096027
:10E19000638998484FF0000C90F800E0AE4504D138
:10E1A000D0F80480B8F1000F08D10CF1010CBCF1DB
:10E1B0000A0F00F10800EFD14FF00008257B0C2D6D
:10E1C0007AD1D2BA07EE902A9FED8B7AF8EEE77AF1
:10E1D000DBBA87EE878A284607EE903AB4F80D300E
:10E1E000F8EEE77ADBBA87EE879A07EE903AF8EE18
:10E1F000E77AC7EE878A27F0D1FD0646C8B17F4B84
:10E20000436118EE100AFEF74DFBC6E9060119EE50
:10E21000100AFEF747FBC6E9080118EE900AFEF760
:10E2200041FB0823C6E90A01337400237374B374F5
:10E23000F37430466B4944F2C00231F005F8002611
:10E24000B1466F4B1978002940F0B4811D7037F04A
:10E2500042FF6C4B0A2DC3E9000140F0B581D4F8B0
:10E260000D30694A1BBA1360684A00230C2000FB7A
:10E2700003F18C18515CA94240F0B88161680A2D05
:10E2800040F0BA81604B6C468CB01B686A46C2E9AC
:10E29000075340F2DC5353625D484FF4007313851B
:10E2A0005C4BC2E9050142F8103F4FF453514D4811
:10E2B00031F012FFA5467EE5242D2BD1BEB90820F2
:10E2C00027F06CFD38B1544B4674C0E9053903237F
:10E2D00003748674C6744FF4C652424930F0B4FFDA
:10E2E0009FED4E8AB0EE489AF0EE488AA9E776BADA
:10E2F0000820B6B227F052FD48B1494BC661C0E9CB
:10E30000053904230374002343748374C3744FF4E6
:10E310000352E2E7B8F1000F4BD0424BDFF830E197
:10E320001868414BDEF80060DFF82891A0EB080C7C
:10E33000ACFB0323D20B42EA4342BCF1000F3ED0B8
:10E34000B4453CD8CEF800C00023C9F80030DEF850
:10E350000030354E9B00A3FB0636DB0B43EA4643F9
:10E36000B3F57A7F38BF4FF47A739A4221D22F4B9C
:10E370000EBA1A683A60C3F80080361A37F0ABFE5E
:10E380002B4B2C4AC3E900012B492C4B0878002861
:10E3900064D11E602A4BDFF8C0C018600123CCF89E
:10E3A0000060C2F800800B70264B01221A7030F01A
:10E3B00059FA002D00F0DE800026B14690E7D9F82A
:10E3C00000300133772BC9F80030C0D9132EBED8E6
:10E3D0000136CEF80060B7E7ECD70400D377002011
:10E3E000FED7040084900400D1770020204C002048
:10E3F0002CD80400D04B00200000C84258D804009C
:10E40000C17C002000140020CC4C00205494040057
:10E4100029D904000600000181D804000000000092
:10E42000B7D80400CC4B002040420F00C44B002062
:10E4300008140020B84B0020D0770020BC4B0020EF
:10E44000B44B0020CF7700202A780020304D0020E8
:10E4500020010020C84B0020C04B00201268DFF8CC
:10E46000E8921B68BB60A8EB020BD9F80020FA60A9
:10E470004FEAE27CA2FB0B010BFB0C1198A3D3E942
:10E480000023FEF7F5FEBB68974A034412687A60E2
:10E49000F31A83EAE372A2EBE372B2F5FA4F4FF09C
:10E4A000000A23DD0A20FB6027F078FC70B1FB68CE
:10E4B00083617B688D4A4261C0E907360523037496
:10E4C00080F811A080F812A080F813A088494FF4BA
:10E4D000225230F0B9FE844B1E60864B1E60864B84
:10E4E000C3F800800023C9F800305DE7BBF5004F9A
:10E4F00011D3BB688148F11A5A46534681FB00018B
:10E50000FEF7B6FEFB68C01AFB6848BF033003EB9A
:10E51000A000C9F800007A4BD9F800001A6802F18F
:10E52000010AC3F800A03B68A8EB030CC117A0FBCD
:10E530000C0E6BA3D3E900230CFB01E1FEF798FE60
:10E540007B6803449946BAF1050FA6EB030398BF15
:10E5500003EB43039A1C48BF5A1D634BBBF5F01FE6
:10E5600009EBA2021A6081BF624B1E60624BC3F8C6
:10E57000008019E7657BA17BE27B237CFF2D0AD01D
:10E5800049B142B15F4837F07FFDC0B2834202D04B
:10E5900028460BF0CFFB5C4B1A78002A3FF40BACFB
:10E5A0005A4900221A705A4B0A7000200021C3E910
:10E5B000000100E4544A12788A427FF4FCAB954291
:10E5C0007FF444AEFFF7F7BB0C2D07D1514B83ED21
:10E5D000008A83ED019AC3ED028A45E6242D01BF2E
:10E5E0004D4B83F800904D4B1E803DE601332A2BA6
:10E5F0007FF43DAE4A4942E64A4A4B4BA5F1300012
:10E600006C468AB0032898BF13466A464748C2E959
:10E610000753474B5362474BC2E9050142F8103F8D
:10E620004FF4435143E6C279057A45EA02250022B8
:10E6300094F80080D1B288450AD822780F2A0ED8E3
:10E640002278D1B20132D2B222702CF8115006E0F9
:10E650003CF8111089B28D4202F10102E8D1013675
:10E6600002309DE42578012D28D96379203B052BC4
:10E6700024D8DFF8D880304B98F800401B7801345C
:10E6800004F00F049C423FF496AB98F800002B4E28
:10E690002B4900EBC00300EBC3002A46304439F09D
:10E6A000A5FF98F80030492202FB036686F848501F
:10E6B000BFF35F8F88F80040FFF77DBB082027F08D
:10E6C0006DFB40B11F4BC0E90535032303740023E4
:10E6D00043748374C3744FF4C4520AE4AFF30080EC
:10E6E00000CA9A3B00000000C04B0020E8D804009C
:10E6F00084900400BC4B0020B84B002000CA9A3B19
:10E70000B44B0020AC4B0020C27C0020C17C002018
:10E7100000140020C04C00202E78002076750020C8
:10E720000CD7040014D704002AD704006FD90400C2
:10E730000002020405000002C07C002030780020A6
:10E74000E277002097D90400B04B00202F780020FA
:10E750002DE9F04F2DED0A8BADF22C4D0FF0B4FEEC
:10E76000002800F0A3808E4837F08EFC002840F08F
:10E770009D80EFF31188402686F31288BFF36F8FD8
:10E7800088482EF06BFC30B988228749874838F0DA
:10E79000A1FB39F016FB864D82482EF083FC0FCD8D
:10E7A0001EAC0FC40FCD0FC495E80F0084E80F0016
:10E7B000804837F069FC0290EFF3118486F31288E9
:10E7C000BFF36F8F7C482EF049FC0028DCD07A48DC
:10E7D0002EF068FC794B7848D3ED008A93ED018ADE
:10E7E00093ED04BAD3E902572EF046FC10B94FF46A
:10E7F0009A72CAE784F31188BFF36F8F69482EF0CD
:10E800003BFC0028F3D088F31188BFF36F8F10F022
:10E8100069F8064637F075FCBF2E044646DD6848A9
:10E8200037F032FC0646674837F02EFC86423DD072
:10E83000654837F029FC18B1231AB3F5F05F35D3DA
:10E840003146604837F026FC21465F4837F022FC0D
:10E8500000230CA91EA8CDE90C330E931DF036FE43
:10E86000B5EE400AF1EE10FAB0EE409A26D0632DD4
:10E8700024D9DFED567AF4EEE78AF1EE10FA1DD4D2
:10E88000B0EE480A34F006FD80EE288ADFED507ABB
:10E89000B4EEE78AF1EE10FA12D54E4837F0F4FBE9
:10E8A00020B1201A40F6B733984209D800252846EF
:10E8B0000DF22C4DBDEC0A8BBDE8F08FB7EE008A4F
:10E8C000444837F0E1FB28B1201A40F6B8339842AB
:10E8D00000F2A680B5EE409AF1EE10FA00F0A080AA
:10E8E000DFED3D7AB4EEE78AF1EE10FA40F1988060
:10E8F000022F40F39580DFED397AB4EEE78AF1EE2E
:10E9000010FA1AD50A2027F049FA044670B1344BA0
:10E91000436118EE100AFDF7C5FF0523C4E906019F
:10E920002374002327626374A374E3744FF42352A7
:10E930002C49204630F088FCB8E70FF0FBFFDFEDF4
:10E940002A7AB4EEE70AF1EE10FA10EE106A4FD50B
:10E950000E2027F023FA0446C0B1244B436118EE81
:10E96000100AFDF79FFF0CA3D3E90023C4E90601B9
:10E97000C4E908233046FDF795FF0923C4E90A01DD
:10E980002374002327636374A374E37444F6C00202
:10E99000CEE700BFAFF30080000000A09999A93F27
:10E9A000344D00203866002082CE040065A40500A6
:10E9B00048660020086600202466002010660020BB
:10E9C000B45900200466002000660020BD3786355B
:10E9D0000AD7233D704D0020CDCC4C3D295C0F3D26
:10E9E000710305001C900400CDCCCC3DA1030500B3
:10E9F000082027F0D3F9054660B1AB4B43613046A0
:10EA0000FDF750FF0423C5E906012B7400236B7446
:10EA1000AB74EB74A5494FF40352284630F014FC54
:10EA200000214FF4487242A839F008FE4FF0000A66
:10EA30004FF0FF334FF0FF324FF0000B00259C48A2
:10EA40000B95CDE904ABCDE9095539F09AFA0FA839
:10EA50000FF0EEFEDDF83C9036A948460FF09CF82A
:10EA600036A88DED000B0EF00FFECDE906AB10EED3
:10EA7000108ADFF860A29AF88131002B42D101356B
:10EA8000082D0AF5C47AF6D1894837F007FC9DF8BD
:10EA90004430DDF840B0002B3FF408AF029B9B45AB
:10EAA0007FF404AFDDE90001824B0022FEF7C4F9D8
:10EAB000054600287FF4FAAE07EE108AF6EE007ADB
:10EAC000B4EEE77AF1EE10FA61D50C2027F066F982
:10EAD0000446A0B1784B43614046FDF7E3FE774B17
:10EAE0000022C4E90601C4E90823DDE90001FEF7BC
:10EAF000E1F90723A06223746574A574E5744FF4EB
:10EB0000635215E7DAF88431A9EB0303B3F5207FEC
:10EB1000B5D856464FF0000B32E056F8040CFDF71E
:10EB2000C1FE41EC1C0B56F8080CFDF7BBFE41EC96
:10EB30001A0B56F80C0CFDF7B5FEB0EE4C2AF0EEB1
:10EB40006C2AB0EE4A1AF0EE6A1A41EC100B06AAD3
:10EB500004A942A816F076FB56F80C3C129356F81E
:10EB6000083C13932AAA56F8043C149312A936A819
:10EB700037F081FB2AA909A837F0E2FA0BF1010B63
:10EB80009AF881319B4506F10C06C6DB77E79DEDCF
:10EB900004ABDDE9002351EC1A0BFEF705F8FEF794
:10EBA000D1F9B5EE409AF1EE10FA08EE900A00F0B5
:10EBB0009380002F40F39080B5EEC0BAF1EE10FACA
:10EBC00040F38A80C8EE8B9AF7EE047AF4EEE79A67
:10EBD000F1EE10FA06DCDFED3A7AF4EEE79AF1EEA8
:10EBE00010FA79D50C2027F0D9F80546C8B1354B75
:10EBF00043611BEE100AFDF755FEC5E9060118EE4C
:10EC0000900AFDF74FFEC5E9080119EE900AFDF7DD
:10EC100049FE0823C5E90A012B7400236B74AB7409
:10EC2000EB7422494FF48142284630F00DFBEFF39C
:10EC30001186402585F31288BFF36F8F22482EF08E
:10EC40000DFA00283FF4A0AD1F482EF02BFA204605
:10EC500012F0A2FEEFF3118485F31288BFF36F8FD9
:10EC60001A482EF0FBF900283FF48EAD17482EF01D
:10EC700019FA174B15480022DA6000221A612EF0AB
:10EC8000FBF900283FF4B3AD84F31188BFF36F8F15
:10EC90000D482EF0F1F900283FF4A9AD86F3118854
:10ECA000BFF36F8F02E600BFE60305001C9004006F
:10ECB000E008002000006840220405000000E03F5A
:10ECC000CDCC4C3F7004050038660020246600203F
:10ECD00010660020B8590020DDE9000100224FF045
:10ECE0008043FEF7A9F8F7EE009A002876D1DDE917
:10ECF0000001FEF727F907EE900A89EEA77ADDED0D
:10ED00000A7ADDED096A9DED0B6A67EE277A67EEF8
:10ED1000266A27EEA70A06EEA60A27EE067A07EE6F
:10ED2000070A34F0B7FA10EE100AFDF7BBFDCDE983
:10ED30000201DDE90001FEF7BDF805460C2027F0D1
:10ED40002DF8064688B1B94B43614046FDF7AAFD50
:10ED50009DED027B0723C6E9060186ED087B33742F
:10ED60000023B5627374B374F3744FF46352304686
:10ED7000AF4930F069FAB0EE4A0AF0EE6A0A9DED4A
:10ED8000001B42A936A816F011FB38EEA80A36A8D7
:10ED90000EF04EFF064620B30DF1D80EBEE80F0070
:10EDA0000DF1480CACE80F00BEE80F00ACE80F0016
:10EDB0009EE80F008CE80F000FF086FB064620BB94
:10EDC000062026F0EBFF30B19A4B43610223037417
:10EDD00046748674C6744FF4865214E019EE900A95
:10EDE000A3E70A2026F0DAFF58B19DED027B924B93
:10EDF000467480ED087BC0E90535062303748674EC
:10EE0000C6744FF443528A4994E5B5EE409AF1EE48
:10EE100010FA00F05A81894837F036F928B1201AE3
:10EE200041F26F7398427FF641AD12A91EA80EF011
:10EE300075FFDFED837AB4EEE70AF1EE10FA80F2A7
:10EE4000D7809FED807ADFED807AB4EEC70AF1EECD
:10EE500010FA09D930EE470A9FED7C7AC0EE076AB6
:10EE60009FED7B7A46EE877A1EAB002279EEE79A19
:10EE700012A9881836A9114403F10C0CB0EC017AE0
:10EE8000F3EC016A27EE877A09EEA67A6345A1ECD6
:10EE9000017AF3D10C32302AEAD19FED6E0A36A8FE
:10EEA0000EF0C6FE002800F0A6800DF1A80C0DF1B2
:10EEB000D80EBEE80F00ACE80F00BEE80F00ACE8CB
:10EEC0000F009EE80F008CE80F0012A91EA80EF09C
:10EED00025FFDFED5C7AB4EEE70AF1EE10FA10EEF2
:10EEE00010AA1CD55046FDF7DDFC022F804689464E
:10EEF00000F3C4800A2026F051FF58B1564B4361FD
:10EF00007B1C0362C0E90689052303740023437454
:10EF10008374C37446494FF4235230F095F90E20A0
:10EF200026F03CFF07F101088146E0B19DED027B30
:10EF30004A4BC561C0E9053880ED087B18EE100A20
:10EF4000FDF7B0FCC9E90A015046FDF7ABFC0A2306
:10EF5000C9E90C0189F81030002389F8113089F8CB
:10EF6000123089F81330324945F2C00248462AAEC1
:10EF700030F06AF90FCE36AD0FC50FCE0FC596E84B
:10EF80000F0085E80F001CF089FDEFF31189402781
:10EF900087F31288BFF36F8F31482EF05FF8002897
:10EFA0003FF4F2AB2E482EF07DF82E4837F06CF887
:10EFB0000646002800F0AC8029482EF05DF80028B5
:10EFC0003FF415AC89F31188BFF36F8F264837F0F3
:10EFD00065F9062026F0E2FE00283FF4FCAE234B44
:10EFE000436102230374002343748374C374F2E601
:10EFF000DFED1F7A38E79FED170A12A80EF018FE12
:10F00000064630B9062026F0C9FE38B94FF48452BE
:10F01000F9E60DF1A80C0DF1480E4AE7154B4361D6
:10F020000223037446748674C674EFE7CB040500AC
:10F030001C90040048050500080505003466002002
:10F04000EC51783F9A99593F3333333F90C2F53DA5
:10F05000E17A14BF00000000B8050500BF060500F6
:10F0600038660020344D00200809002054070500B0
:10F070008FC2F53D7F050500CDCC4C3D18EE100A42
:10F08000FDF710FC5FED047AB4EEE78AF1EE10FABA
:10F0900004460D464FF00A0011D526F07FFE58B108
:10F0A0008A4B4361C0E906890623C0E90845037419
:10F0B000002343748374C3744FF44252A3E626F0D2
:10F0C0006DFE0028F8D0824BEBE70A2026F066FEA2
:10F0D00060B19DED027B7F4B80ED087BC0E905357B
:10F0E00006230374002343748374C3747A494FF472
:10F0F000435212AD30F0A8F80FCD36AE0FC60FCD8B
:10F100000FC695E80F004FF0010886E80F003AE7B8
:10F11000724836F0B9FF00283FF44EAF704836F021
:10F12000B3FF83457FF448AF36AD0FCDDFF8D0C1D4
:10F13000ACE80F000FCDACE80F0095E80F000DF123
:10F14000D80E8CE80F00BEE80F00DFF8A4C1ACE8D1
:10F150000F00BEE80F00ACE80F0095E80F008CE848
:10F160000F00204612F018FC21465E4836F092FF50
:10F17000EFF3118487F31288BFF36F8F5A482DF095
:10F180006DFF00283FF400AB5748DFF878A12DF061
:10F1900089FF5548CAF80C80CAED048A2DF06CFF2F
:10F1A00000283FF424AB84F31188BFF36F8F4F48DE
:10F1B0002DF062FF00283FF41AAB89F31188BFF3EA
:10F1C0006F8F4B49302205201DF000FE36AC0FF04A
:10F1D000D5FF484837F062F80FCC12AD0FC50FCC01
:10F1E0000FC594E80F0085E80F0037F07EF818F09F
:10F1F000A1FAEFF3118487F31288BFF36F8F3A48B7
:10F200002DF02CFF00283FF4BFAA37482DF04AFF0D
:10F2100000233548CAF80860CAF80030CAF804303C
:10F220002DF02AFF054600283FF4E1AA84F3118857
:10F23000BFF36F8F16F0C4FE062026F0AFFD38B185
:10F240002D4B436102230374002343748374C374FE
:10F2500021492A4F4FF486522FF0F6FF0DF148084E
:10F26000032658F804BBD8ED087AD8F808A0D8F8D7
:10F270001490CDED007A0E2026F090FD0446D0B11A
:10F2800047615846FDF70EFBC4E906015046FDF7FD
:10F2900009FBC4E908014846FDF704FBC4E90A017B
:10F2A0000098FDF7FFFA0A22C4E90C01227400223B
:10F2B0006274A274E274084945F2C00220462FF03D
:10F2C000C3FF013ECDD1FFF7F2BA00BFF405050040
:10F2D0005B0605000F0705001C9004000C6600206B
:10F2E000086600203466002024660020386600206E
:10F2F00014F10320080900209607050026EE0400FB
:10F3000048660020106600202DE98048D7B0002113
:10F310000CAF07201DF076F9AE49AF48AF4DB04CA9
:10F32000B04E802239F062F9AF4AB04B07CA83E889
:10F330000700AF4AAF4B07CA83E80700AE4AAF4B9E
:10F3400007CA83E807000FCD0FC40FCD0FC495E89F
:10F350000F0084E80F0096F89C34A948022B84BF64
:10F36000002386F89C3412F035FC96F89C04023891
:10F3700018BF012012F07EFB0FF0A6F8A14AA24BA5
:10F380006C4688B0002818BF13460CAA9F49A048B5
:10F39000C2E905134FF4007393839E4B42F8103F6C
:10F3A0004FF4E65130F098FEA5460FF08DF8002896
:10F3B00000F08580002407F1F800C7E93244C7F85F
:10F3C000D0400FF063F907F1C80107F1F8001DF014
:10F3D0007DF8B5EE400AF1EE10FA70D0EFF3118629
:10F3E000402585F31288BFF36F8F8B482DF036FED2
:10F3F00030B9882289498A4837F06CFD38F0E1FC41
:10F4000085482DF04FFE36F07CFE12F0C5FA2146FD
:10F41000844836F03FFEEFF3118885F31288BFF37E
:10F420006F8F81482DF01AFE0028E2D07E482DF023
:10F4300039FE7E4B6B4A9C60C3E9004492F8A424D9
:10F44000DA607B4A784812681A612DF015FE10B90F
:10F450004FF49A72CEE788F31188BFF36F8F6E482E
:10F460002DF00AFE0028F3D086F31188BFF36F8FCA
:10F4700007F178000FF0B2F8D7F88430002B16DDD2
:10F4800007F1B4000FF0AAF807F1A000D7F8C050B8
:10F490000FF0A4F80820D7F8A84026F07FFC002839
:10F4A00061D15B494FF403522FF0CEFE07E007F124
:10F4B0008C000FF093F8D7F89430002BE0D1494C32
:10F4C0005C4D94F8A8342B7014F06AFF2A784D4BE9
:10F4D0004D4D002A18BF1D4614F082FFB4F84C3978
:10F4E0006C4622468CB05449544EC4E90703544B31
:10F4F0005448C4E905150421C4E90913524B42F8E4
:10F50000103F4FF4635130F0E7FDA54696F80080B8
:10F5100036F0E1FD04460D46B8F1000F0CD142F281
:10F52000107807201CF090FF0A2036F0BFFD96F8F7
:10F530000090B9F1000F21D02A4BB3F84C49032CAD
:10F5400000F28A800021012208460EF0BDFE012152
:10F5500000200EF047FF3D4B1B785BB301210020DC
:10F5600012F098FD26E03A4BC461C0E9053504234A
:10F570000374002343748374C37492E736F0ABFDC5
:10F58000001B61EB0501404571F10001C9DB06205C
:10F5900026F004FC48B12F4B43610223037480F82A
:10F5A000119080F8129080F8139019494FF4865208
:10F5B0002FF04AFE002011F02FFA431EF865052BAC
:10F5C00001F22E83DFE813F0A000DA00F400A102BC
:10F5D000E20373086DF0032030B2002044F10320F1
:10F5E000E066002000F00320F0F003201067002008
:10F5F000FCF003201C67002008F10320286600208F
:10F6000014F10320ECAE0400E4280500AE07050069
:10F6100044900400030000013866002082CE0400FC
:10F6200065A40500346600202466002010660020D2
:10F63000A0F4032036070020030805002BB20020A9
:10F64000000201033C90040006000002B87700208D
:10F65000C90705003B080500462C1CD90A2026F0E6
:10F660009DFB60B18D4B43618D4BC0E90634462351
:10F67000036205230374002343748374C3744FF43B
:10F68000215288492FF0E0FD874B0022A3F84C2936
:10F6900083F84E2956E718F0EBF8B4EE400AF1EE85
:10F6A00010FAB0EE408A1DD6082026F077FB0446FB
:10F6B00068B17E4B436118EE100AFDF7F3F804239E
:10F6C000C4E90601237400236374A374E3747549C9
:10F6D0004FF4035220462FF0B7FDB0EE480A16F063
:10F6E000FFFE2FE7062026F059FB38B1704B43612F
:10F6F00002230374002343748374C37469494FF471
:10F7000084522FF0A1FD1DE70121202018F066FC96
:10F7100010F09CFA4FF0FF3011F07EF9002120200C
:10F7200018F05CFC634B93F87534022B39D101233C
:10F73000FB65604C5C4BD4F87024B3F84C399A42AA
:10F740004FF0000501F08782A4F874540820D4F823
:10F75000844426F023FB50B1574BC0E905344723BE
:10F76000C36104230374002343748374C3744D4939
:10F770004FF403522FF068FD01F058BA0121202008
:10F7800018F02CFC0FF00AFE4FF0FF3011F044F996
:10F790000021202018F022FC464B93F87534022BF0
:10F7A000C7D007201CF050FE4FF4247201F001BABC
:10F7B0002020012118F012FC062026F0EFFA38B1C3
:10F7C0003E4B436102230374002343748374C37468
:10F7D0003B494FF486522FF037FD18F049F8B4EE4C
:10F7E000400AF1EE10FAB0EE408A0DD6FBEE047A34
:10F7F000B4EEE70AF1EE10FA06D4DFED327AB4EE99
:10F80000E70AF1EE10FA13DD082026F0C7FA48B136
:10F810002D4B43612D4B83610323037400234374F9
:10F820008374C37426494FF4C2522FF00DFDABE729
:10F8300030F086FA044600284ED1062026F0AEFAB3
:10F8400030B1234B43610223037444748474C47441
:10F850004FF484521A492FF0F7FC134A92F85239A8
:10F860000133DBB2012B82F852398DD9082026F002
:10F8700095FA48B1174B4361022383610323037454
:10F88000002343748374C3744FF4C4520C492FF0A3
:10F89000DBFC054B012283F8512975E77B08050045
:10F8A000641905004490040000F00320B10805002D
:10F8B000FA080500786A0020811705002E09050066
:10F8C0003C9004000000704252090500DF1805005A
:10F8D00074090500940905004FF4FA7036F0E6FB50
:10F8E000062026F05BFA38B1AB4B43610223037468
:10F8F000002343748374C374A8494FF486522FF0D5
:10F90000A3FCA74BC7F8F83040F6B833009307F1D3
:10F91000F80241F2883307F16C0107F1C80007F0E3
:10F92000AFFE0646002874D0421C4ED1062026F0B9
:10F9300035FA38B19B4B43610223037400234374AF
:10F940008374C3744FF4865294492FF07DFC964A19
:10F9500092F852390133DBB2012B82F852397FF62B
:10F9600013AF082026F01AFA48B1904B43610223E6
:10F97000836103230374002343748374C37487492E
:10F980004FF4C4522FF060FC07F1F800B0EE480AC3
:10F9900014F076FD044600287FF47BAF062026F0A5
:10F9A000FDF930B1824B43610223037444748474C3
:10F9B000C4747A494FF486522FF046FC7A4B0120EA
:10F9C00083F8510911F028F8DEE6831C10D10820D5
:10F9D00026F0E4F948B1774B4361774B8361032309
:10F9E0000374002343748374C3744FF4C252ABE7AF
:10F9F0000336ACD1062026F0D1F938B16F4B436104
:10FA000002230374002343748374C3744FF4845239
:10FA10009AE797ED1B8AD7F8C8A0D7F8CC90D7F80B
:10FA2000D08018EE100AFCF73DFFD7ED3E7A044671
:10FA300010200D46C7ED167A26F0B0F9834600B3C4
:10FA40005F4A42615046FCF72DFFCBE9060148466C
:10FA5000FCF728FFCBE908014046FCF723FFCBE980
:10FA60000C45CBE90A01B86DFCF71CFFCBE90E0190
:10FA70000C228BF810208BF811608BF812608BF839
:10FA80001360464946F2C00258462FF0DDFBB0EE47
:10FA9000480A07F1C80014F093FD064680B108201B
:10FAA00026F07CF948B1474B4361474B8361032300
:10FAB0000374002343748374C3744FF4C252E5E6A5
:10FAC000394B012283F85129404B83ED008A36F0EF
:10FAD00002FB3F4B8146C3E900010A20884626F01D
:10FAE0005DF950B13B4B4361C0E90645C0E9089858
:10FAF0000623037446748674C6744FF44352274930
:10FB00002FF0A2FB30F018FA3EE62020012118F079
:10FB100065FA062026F042F938B12F4B43610223E3
:10FB20000374002343748374C3741C494FF48652D6
:10FB30002FF08AFB17F09CFEB4EE400AF1EE10FAAB
:10FB40000DD6FBEE047AB4EEE70AF1EE10FA06D415
:10FB5000DFED227AB4EEE70AF1EE10FA46DD082076
:10FB600026F01CF948B11E4B43611E4B83610323F1
:10FB70000374002343748374C3744FF4C25207495F
:10FB80002FF062FB36F0A7FA174A114B801861F18B
:10FB90000001C3E90001F7E5C70905003C90040036
:10FBA0000000C07FFB09050000F00320C90A050022
:10FBB000F10A0500270A0500C61805004F0A0500CE
:10FBC000800A05003A0B0500DF18050064010020DB
:10FBD000402A0020650B0500A10B050000007042C3
:10FBE000E00B05001B190500D08AFFFF082026F056
:10FBF000D5F840B1A44B4361032383610374002310
:10FC000043748374C374A1494FF4C6522FF01CFB94
:10FC10009F4BC7F8C8304FF4FA63009307F1C8024E
:10FC200040F6B83307F16C0107F1F80007F028FD42
:10FC30000446002846D0461C20D1062026F0AEF807
:10FC400038B1944B436102230374002343748374DB
:10FC5000C3744FF486528D492FF0F6FA082026F02F
:10FC60009DF840B18C4BC0E9053403230374002395
:10FC700043748374C3744FF4C45280E7851C10D15D
:10FC8000082026F08BF848B1844B4361844B836194
:10FC900003230374002343748374C3744FF4C25268
:10FCA000D9E7E01CDAD1062026F078F838B17D4B90
:10FCB000436102230374002343748374C3744FF4B9
:10FCC0008452C8E797ED1B8AD7F8F8B0D7F8FCA0A4
:10FCD000D7F8006118EE100AFCF7E4FDD7ED327A90
:10FCE000804610208946C7ED167A26F057F805465B
:10FCF000E0B16D4A42615846FCF7D4FDC5E9060102
:10FD00005046FCF7CFFDC5E908013046FCF7CAFDB7
:10FD1000C5E90C89C5E90A01B86DFCF7C3FDC5E961
:10FD20000E010C222A746C74AC74EC74574946F2C0
:10FD3000C00228462FF088FAB0EE480A07F1F80012
:10FD400014F03EFC044648B1082026F027F80028AD
:10FD50003FF468AD554B4361554B5CE536F0BBF95C
:10FD6000544BC3E90001544B082083ED008A26F070
:10FD700015F840B1514B4361C0E90689042303746F
:10FD800044748474C4744FF40352B8E601212020F3
:10FD900018F024F94A4B1B78BB654A4B1C88BB6D95
:10FDA000022B00D8D4B9082025F0F8FF48B1464B03
:10FDB0004361464B836103230374002343748374BC
:10FDC000C37443494FF4C2522FF03EFA414837F012
:10FDD0006BF80121084618F07DFBD5E407EE904A48
:10FDE000F8EEE78ADFED3C7ABA6D3C4B68EEA78A05
:10FDF0009B5C7B6518EE900AFCF754FDC7E90E0189
:10FE00000A2025F0CBFF70B1354B436197ED0E7B97
:10FE10007B6D80ED087BC0E9063406230374002364
:10FE200043748374C3742A494FF443522FF00CFA7D
:10FE30000420012118F04EFB062025F0AFFF38B159
:10FE4000284B436102230374002343748374C374F7
:10FE50001F494FF486522FF0F7F92FF071FF044637
:10FE6000002845D1062025F099FF30B11E4B436193
:10FE70000223037444748474C47415494FF4845287
:10FE80002FF0E2F91948A2E7050C05003C900400A8
:10FE90000000C07F3B0C0500150D05006A0C050035
:10FEA000FF180500950C0500C90C0500430D050061
:10FEB0001B190500402A002064010020710D050077
:10FEC000B977002054750020A30D05003E190500E8
:10FED0002C900400D30D05000000B44330DB040077
:10FEE000120E05004F0E0500730E0500A80E05004A
:10FEF00000220023C7E93E23C7E94023C7E9422384
:10FF000036F0E9F800240646884636F0E4F8801B0F
:10FF100061EB0801B0F57A7F71F1000113DB002C71
:10FF200047D1062025F03AFF30B1AD4B43610223A3
:10FF3000037444748474C474AA494FF484522FF037
:10FF400083F9A94843E74FF40042002307F16C000E
:10FF500010F014FC054690B1062025F01FFF38B1C3
:10FF6000A24B436102230374002343748374C3745C
:10FF70009C494FF484522FF067F99D4827E707F119
:10FF8000F80A07F16C0BDAE900235BF8040BC7E908
:10FF90001223FCF787FCD7E91223FCF725FB013578
:10FFA000032DEAE80201EED1072001341CF04CFADF
:10FFB000ABE707F1F80A07F1C80603252046FCF76E
:10FFC0005FFCFAE8028902460B4640464946FCF7C8
:10FFD000EBFDFCF7B7FF013D46F8040BEED10C201A
:10FFE000D7F8C880D7F8CC60D7F8D04025F0D6FE37
:10FFF0008146C8B17F4B43614046FCF753FCC9E9D9
:020000040001F9
:1000000006013046FCF74EFCC9E908012046FCF722
:1000100049FCC9E90A01082389F8103089F8115010
:1000200089F8125089F813506E4944F2C0024846CC
:100030002FF00AF90520012118F04CFA082025F0CC
:10004000ADFE48B16C4B43617B6D83610323037448
:10005000002343748374C3744FF4C65261492FF074
:10006000F3F836F038F8BB6D07F5947204460E4687
:100070000546884647F2305A02EB830936F02BF8E2
:10008000001B61EB0601504571F1000112DB0620F7
:1000900025F084FE38B1594B4361022303740023D9
:1000A00043748374C3744F494FF484522FF0CCF8D7
:1000B00053488CE64FF40042002307F16C0010F027
:1000C0005DFB0028DAD119ED189A19ED2F8A36F068
:1000D00002F8401B61EB0801B0F57A7F71F1000175
:1000E00038EE498A06DB07201CF0AEF935F0F3FF45
:1000F00005468846B0EEC88AF3EE0E7AB4EEE78A7B
:10010000F1EE10FABADD0220012118F0E3F9062021
:1001100025F044FE38B13B4B4361022303740023B6
:1001200043748374C3744FF486522E492FF08CF8B5
:1001300035F0D1FF3865796135F0CBFF9FED267B37
:100140003B6DBB6087ED0C7B87ED107B87ED127BF1
:100150007B697B604FF0FF3480468946254635F049
:10016000BAFF3B6DC01A7B6961EB03014EF6602359
:10017000984271F1000112DB062025F00FFE38B124
:10018000214B436102230374002343748374C374BB
:1001900014494FF484522FF057F81C4817E64FF4D7
:1001A0000042002307F16C0010F0E8FA064698B30D
:1001B000062025F0F3FD38B1154B4361022303748B
:1001C000002343748374C37406494FF484522FF0A0
:1001D0003BF81048FBE500BF0000000000000000F5
:1001E000740F05002C900400A70F0500EA0E05000F
:1001F000260F0500E30F050014100500541005003C
:1002000088100500C510050069110500AA11050038
:10021000E81005002411050035F05BFFBA4BB0EB88
:10022000080861EB0909C7E90310A8FB038118F569
:10023000804803FB091141F100014FEAD83040EA40
:100240004140C90BFCF750FBA9A3D3E90023FCF7FD
:1002500081FBBB6D07F5947202EB830313ED2F8ACC
:1002600038EE498A8046894618EE100AFCF71AFBD8
:1002700042464B46FCF76EFB02460B46D7E912019D
:10028000FCF7B2F9B0EEC88AC7E9120118EE100AFD
:10029000FCF708FB42464B46FCF75CFB02460B466C
:1002A000D7E91001FCF7A0F99FED937BC7E9100196
:1002B00087ED0A7B07F16C0A07F1C80BBB6DB342EF
:1002C00015D09AED007ADBED007A77EE677A17EEBB
:1002D000900AFCF7E7FA02460B46FCF73BFB0246A6
:1002E0000B46D7E90A01FCF77FF9C7E90A01013695
:1002F000032E0AF1040A0BF1040BDFD197ED0A0B70
:1003000032F0F2FE404653EC102B4946FCF722FB3C
:100310000B460246D7E90C01FCF766F9C7E90C0168
:1003200035F0D9FEBB68C01A7B6861EB0301B0F5FC
:100330007A7F71F1000106DB07201CF085F835F0AB
:10034000CAFEC7E90110F2EE047AB4EEE78AF1EED4
:1003500010FA4CD5BB6CDFED6D7A3B62FB6C68EE3E
:10036000A77A23F000437B6217EE900AFCF79AFA13
:1003700002460B46D7E90801FCF772FD002836D08B
:10038000002D06DA35F0A7FE04460D46D7E903989E
:10039000E5E635F0A0FE001B61EB0501B0F57A7FC4
:1003A00071F10001F2DBBB6CBB617B6AFB61D7E9D9
:1003B0000601FCF7C7FDDFED567A08EE100AB4EE31
:1003C000E78AF1EE10FA16D5062025F0E7FC38B1E1
:1003D000504B436102230374002343748374C3743A
:1003E0004D494FF484522EF02FFF4C48EFE44FF06C
:1003F000FF342546CAE742A3D3E90023D7E9100119
:10040000C8EE889AFCF736FD00286DD0D7E9102396
:10041000D7E90C01FCF7C8FBFCF794FD09EE100AC4
:1004200018EE100AFCF73EFA824619EE100A8B46C7
:10043000FCF738FA80460E20894625F0AFFC0446CA
:10044000B8B197ED0E7B80ED087B78EE687A344B7F
:100450004361C0E906AB17EE900AFCF723FA0A23C2
:10046000C4E90A01C4E90C89237400236374A374EA
:10047000E3742046284945F2C0022EF0E5FE19EE4D
:10048000900AFCF70FFA044608200D4625F086FC7A
:1004900048B1244B4361C0E906450423037400239B
:1004A00043748374C3741C494FF403522EF0CCFE82
:1004B0009FED1D7AF0EEE97AF4EE477AF1EE10FA4C
:1004C00038D9062025F06AFC38B1184B4361022365
:1004D0000374002343748374C3740F494FF484522C
:1004E0002EF0B2FE124872E4B7EE009A98E700BF11
:1004F0008DEDB5A0F7C6B03E000000000000000082
:10050000FCA9F1D24D62503F40420F009A99593FE9
:100510006F12833AF41105002C900400301205008C
:1005200075120500DA120500FFFF7F7F0713050033
:1005300047130500F5EE007AB4EEE79AF1EE10FAF3
:100540001EDD0A2025F02AFCAB4D002458B1AB4B30
:100550004361C0E906890623C0E908450374002306
:1005600043748374C374A6494FF442522EF06CFE58
:10057000CDE90045A34842464B4636F095FC28E4B9
:10058000F7EE007A87EEA97A77EEC77A9FED9E7A2A
:1005900067EE877A17EE906ADFED9C7AF4EEE79AC1
:1005A000F1EE10FA06D4DFED9A7AF4EEE79AF1EE66
:1005B00010FA34DD0C2025F0F1FB0FF22C29D9E9DB
:1005C00000899FED8B8B68B1924B4361C0E9064572
:1005D0000823C0E9088980ED0A8B03740023437463
:1005E0008374C3744FF4814285492EF02DFE30464A
:1005F000FCF758F90523CDE90A0108938DED068B28
:10060000CDE90489CDE9024597ED0E7B82488DED59
:10061000007B52465B4636F047FCFFF7DABBBB6D0A
:100620009A007E4B1344C3ED019A0EF0A7FD7C4A5D
:1006300006200C2311461CF089FC0A2025F0AEFB95
:1006400058B1784B43617B6D8361C0E9084506234F
:100650000374002343748374C37469494FF4435291
:100660002EF0F2FDDFED707AB4EEE79AF1EE10FABB
:10067000CDE9048930460FDDFCF714F90523CDE9F7
:1006800002010093796D694822462B4636F00CFC36
:1006900001210920FFF79FBBFCF704F90523CDE9F1
:1006A00002010093796D624822462B46EEE7614ACB
:1006B000614E1378002B65D000240620147025F0BD
:1006C0006DFB30B15D4B4361022303744474847449
:1006D000C4744FF486525A492EF0B6FD012104200D
:1006E00017F0F8FE07201BF0AFFE4FF4FA6035F06C
:1006F000DDFC07201BF0A8FE0121082017F0EAFE10
:100700004FF4487035F0D2FC07201BF09DFE0DF031
:10071000B7F8EFF31184402383F31288BFF36F8F90
:1007200048482CF09BFC00283EF463AE45482CF072
:10073000B9FC35F0E6FC11F02FF94348002135F003
:10074000A9FC40482CF098FC00283EF481AE84F3CC
:100750001188BFF36F8F3378062063F07F03337007
:1007600025F01CFB38B1394B43610223037400238D
:1007700043748374C37432494FF486522EF064FD7F
:10078000FFF70AB896F90020002A80F2438207F1A9
:10079000C800C7E91833BB660DF078FF07F16001A8
:1007A00007F1C8001BF092FEB5EE400AF1EE10FA18
:1007B000DFF8A0A050D00DF063F8DAF80030990609
:1007C0000DD44FF0FF3010F027F9214B93F875341A
:1007D000022B40F059824FF0FF33FEF7A9BF0021F2
:1007E000202017F0FBFBECE7000000C0CCCCEC3F76
:1007F000000000A09999F13F0000D03F921305003E
:100800002C900400D71305000000E1446666663FA3
:10081000CDCC8C3F3B1405008614050070F10320FD
:1008200074F103202D150500CDCCCC3D60150500DD
:10083000141605002CB20020BA7700208E16050091
:10084000449004003866002034660020B916050084
:10085000786A0020D04C0020DAF800309A0603D4E1
:100860000121202017F0BAFB35F033FC012871F18B
:10087000000132DB35F02DFC10F5004441F100059C
:10088000DFF88893DFF88883D9E90023C8E90023DB
:10089000D9E90013D8E90002884272EB030320D2A1
:1008A00000220023C8E9002335F013FCA042A9412F
:1008B00020DB082025F072FA48B1C14B4361C14BDF
:1008C000836103230374002343748374C374BE4998
:1008D0004FF4C2522EF0B8FC73E74FF400440025E9
:1008E000CEE735F0F6FBA042A941D9DA012009F0A4
:1008F0001FFBCDE7B54A07CA07F16C0383E8070081
:1009000018460DF049FA35F0E6FBB14BD3E9004249
:10091000041B61EB0202B4F57A7F72F1000221DB65
:10092000C3E90001AB4B0820D3E9004525F036FAB6
:10093000804688B1A84B436129462046FCF7BAFAA5
:10094000032388F810300023C8F8180088F8113005
:1009500088F8123088F81330A0494FF4C652404648
:100960002EF072FC3378FF2B7EF4DCAE062025F0EF
:1009700015FA38B19A4B4361022303740023437480
:100980008374C3744FF4865294492EF05DFC16F0C4
:10099000E5FE904B934993ED001B934B07F1F80054
:1009A00093ED000B14F002FD0CF06AFF062025F019
:1009B000F5F938B18D4B436102230374002343746E
:1009C0008374C37485494FF486522EF03DFC07F1C1
:1009D000F806032556F804BBD6ED087AD6F8089039
:1009E000D6F81480C7ED177A0E2025F0D7F9044603
:1009F000D8B17F4B43615846FBF754FFC4E9060169
:100A00004846FBF74FFFC4E908014046FBF74AFFA1
:100A1000C4E90A01F86DFBF745FF0A22C4E90C019D
:100A2000227400226274A274E2746C4945F2C0021E
:100A300020462EF009FC013DCCD1294607F1F800F3
:100A400011F028FBF865002864D00121084617F052
:100A500041FD062025F0A2F930B1664B4361022327
:100A6000037445748574C5745C494FF486522EF046
:100A7000EBFB062025F092F938B15C4B4361022371
:100A80000374002343748374C37454494FF486522F
:100A90002EF0DAFB07F1C8000DF0F8FD07F1C806EB
:100AA000002556F804BBD6ED087AD6F80890D6F89B
:100AB0001480C7ED177A0E2025F070F90446D8B1DE
:100AC0004B4B43615846FBF7EDFEC4E9060148462F
:100AD000FBF7E8FEC4E908014046FBF7E3FEC4E982
:100AE0000A01F86DFBF7DEFE0A22C4E90C0122744C
:100AF00000226274A274E274384945F2C0022046B2
:100B000001352EF0A1FB032DCBD10121002011F0E6
:100B1000C1FA52E6062025F041F930B1364B436167
:100B20000223037445748574C5742C494FF48652AE
:100B30002EF08AFB07F1F80011F04CF835F0D5FBE8
:100B400016F0F8FD05202D49302307F1F8021CF0BE
:100B5000FDF9062025F022F938B1294B4361022323
:100B60000374002343748374C3744FF486521B4987
:100B70002EF06AFB0121092017F0ACFC15F020FAD9
:100B8000DAF800309B0603D50021202017F026FA62
:100B90004FF0FF300FF040FF1A4B93F87534022BE3
:100BA0003EF4C7ADFDF7D4FD07201BF04DFC40F629
:100BB000CD420023144835F0B2FAFEF7FBBC00BF6B
:100BC000FF16050054190500249004003C6600201F
:100BD000F8260020202A00201F170500149004008A
:100BE0003D17050000270020282A00206C1705006B
:100BF00026EE04003AEE040059EE040014F103203E
:100C00006EEE0400786A002048090020D8260020F3
:100C1000D02600204FF0FF300FF0FEFEFEF7BCBDE7
:100C20001C4B93F87534022B3EF483ADFB6D002B07
:100C3000B8D007201BF008FCFB6D002B27DBFEF76C
:100C4000B3BD421C14491301CB5C9BB9C4F8782492
:100C500013F07EFB0135082DD4F878040CD0002366
:100C60004628EEDD43B1C4F87804032384F87534D4
:100C7000FEF76CBD1046F3E7D4F87834462BF4DC6D
:100C80000A2035F013FAD1E707201BF0DDFBA42280
:100C90008FE700BF786A0020746A0020000000001F
:100CA0002DE9F04F8BB0CDE900014C1CE400054666
:100CB0004FF000084FF0000A4FF0000BD5E9006735
:100CC00052465B4630463946FCF7ACF8002840F007
:100CD00096803B46504932460020FBF765FF019B5A
:100CE00008F101084345C5E900012544E6D1009B10
:100CF000A4F1080903EB0907B8460125009B0793F7
:100D00000023069702932DE0DBE90023F6E80201B9
:100D1000FBF720FE02460B46DDE90401FBF764FC0D
:100D2000CDE904010AF1010ACB445545ECDCD8F8C1
:100D300008300893D8F80C3003F100430993DDE93B
:100D40000801DDE90423FBF705FE069BE3E8020149
:100D50000693029B01330293079B23440793029B54
:100D60009D4209D0DDE9063B9FED297BDDF808A017
:100D70008DED047B1E46D8E7019B0135AB424F4405
:100D8000A044BBD1009E083C002530E0069B08EB48
:100D90000301049B4344D3E90023D1E90001FBF79D
:100DA000D9FD02460B46DDE90201FBF71DFCCDE94A
:100DB00002010AF1010AA044019B5345E6DC9DEDC6
:100DC000027B0137AF42ABEC027B89ED007BA14493
:100DD00008DC9FED0F7BFB008DED027B0493B0469A
:100DE000AA46E9E7019B0135AB4226440CD0EB0053
:100DF0000693009BB34603EBC5090027E9E74FF0D4
:100E0000FF300BB0BDE8F08F0020FAE7AFF30080B1
:100E100000000000000000000000F03F00000000A3
:100E20002DE9F04F2DED028B85B09FED1D8B119EAE
:100E30000392DB0004460D46F60000934FF00009D4
:100E4000009BDDF840802B44029333192746019321
:100E5000A7EC028BAA46C346DBE90023FAE80201AD
:100E6000FBF778FD0B46024657E90201FBF7BCFB96
:100E7000029B9A4547E90201B344EDD1019B9F4291
:100E800008F10808E4D1009B1D44039B09F1010906
:100E90004B453444D4D105B0BDEC028BBDE8F08F96
:100EA00000000000000000002DE9F04F97B0CDE9F0
:100EB0000101900014462DF009FD0390002800F078
:100EC0005E81019B03EBC4030593A31EE500009321
:100ED000059B0D9305F108030F93029B03EB04138D
:100EE00004930E93059BCDE9063382464FF0000B29
:100EF0009FEDA57BD9460BF1010B4FEACB088DED99
:100F0000087BA8F108034AF804BF069E13935F46C6
:100F1000A742C0F29180DAF800305B4540F0A4802F
:100F20000D9BEB1812931F46019B434414930E9B99
:100F300009F10206A6420C93C0F2BD80DDE90E3233
:100F400013440E93069B13440693079B2B4407936D
:100F5000009B9B456DDB059BA5F108062B440827EC
:100F60003A461846049937F041FB049A083703467D
:100F70002A44B7422B440492F2D1029BDFF810B20C
:100F8000661E671C03F108094FF001084FF0000AC4
:100F900049E902AB2A464846002137F04FFB0F9A39
:100FA000434608F1010844459144F1D1029A029860
:100FB0005F4302EBC707009A013B04FB0233029A2E
:100FC00002EBC303019AC7E900AB6FF0070EE743DA
:100FD00006FB0441FF00AEEB050EC900183AA0F174
:100FE0001009009809EB010C461C5018B44200F39C
:100FF000B080009E039850F82600B0420CD000FB51
:101000000460029E06EBC000009E84469846B442EF
:1010100000F3AB80C0E900AB009801383B44714459
:101020000090DED1039831F0D7FA009817B0BDE8F0
:10103000F08F129B0D935BE733681093736823F076
:1010400000431193DDE91001DDE90823FBF712FFEE
:1010500038B1CAF8007033680893736823F000430E
:1010600009932E44013753E70199079A634301EB33
:10107000C303A91893ED007BD2E90067A2EC027BC1
:101080008A42E3E80267F5D1019B019903EB08026C
:10109000DAF8003001EBC3030021D2E9006793EDD9
:1010A000007B01318C4282ED007BC3E900672A445A
:1010B0002B44F2D134E7139BF918069BD1E90001C8
:1010C000D3E90023FBF770FDCDE90A01EB19DDF848
:1010D00034901593B84698ED007BDDE90A23F9E8D2
:1010E00002018DED087BFBF735FC0B460246DDE97E
:1010F0000801FBF777FAE8E80201159B9845EAD169
:101100009DED0A7B0C9BDDF8508083ED007B019BFD
:1011100003EBC60308934FF00009089BDDE90A01C1
:10112000D3E90023FBF716FC0B460246D8E9000181
:10113000FBF75AFA089B09F101092B444C45C8E911
:1011400000010893A844E8D10C9B2F4401362B449E
:10115000F0E690ED007B8CED007B9FED0B7B013684
:1011600080ED007BAC44284440E79CED007BA8EC7C
:10117000027B9FED057B0136ACEC027B47E74FF02D
:10118000FF33009351E700BF0000000000000000A3
:101190000000F03F000000002DE9F04F2DED028B24
:1011A000B74BB3F84C59D5B0B0EE408A044695B968
:1011B000082024F0F3FD40B1B24B4361B24B836190
:1011C0000323037445748574C574B0494FF4C25247
:1011D0002EF03AF86EE0AE4FD7F8A030AB420BD00D
:1011E00000233B7787F83C3087F85C3087F87C3009
:1011F00087F89C30C7F8A050A54A0023F6EE006A95
:10120000117F09B3D2ED007A37EEC87AB0EEC77A13
:10121000B4EEE67AF1EE10FA16D507EB431378EE4A
:10122000677A043304F10C02B3EC017AD3ED026A5D
:1012300007EEA67AA4EC017AA242F5D1002055B0BF
:10124000BDEC028BBDE8F08F0133052B02F12002CB
:10125000D6D1012D31D18A49002303F14B0210016F
:1012600001EB0212D2ED007AF5EE407AF1EE10FABF
:101270001DD0884B034493E8070084E80700B0EED4
:10128000480A10F04DFF07EB401383ED000A4501BB
:1012900094E807002E1D3E44103586E80700002222
:1012A00079197A51C1E9012201221A77C6E701337F
:1012B000462BD2D14FF0FF30C1E70025764EDFED4F
:1012C000777ADFF8BC81DFED764A2B46AC46B1EE8B
:1012D000095AF7EE005A4FF0140E0CF14B0208EBCE
:1012E0000212D2ED006AF5EE406AF1EE10FA3AD041
:1012F00036EEC87A27EE077A87EE056A36EE256A5B
:1013000085EE867AB4EEE47AF1EE10FA2BD4092D4C
:1013100065DC0EFB05F909F5A8726A4442ED326AF4
:1013200002ED2E7A09F1040922AA914496E80700F9
:1013300001350A2D89E8070015D1DDED267A22AAAC
:101340000023012592ED097AB4EEE77AF1EE10FA66
:1013500048BF2B4605F1010548BFF0EE477A0A2D3C
:1013600002F11402EED10CF1010CBCF1460F06F1B2
:101370001006B2D1002D63D19FED4A7A40494FF05B
:10138000FF3305F14B0201EB0212D2ED007AF5EECC
:10139000407AF1EE10FA0CD077EEC87AF0EEE77AE8
:1013A000F4EEC77AF1EE10FA48BF2B4648BFB0EE14
:1013B000677A0135462DE4D15A1C3CD1082024F02F
:1013C000EDFC00283FF401AF2E4B43612E4B8361AF
:1013D00003230374002343748374C374F5E6B4EEEB
:1013E000E77AF1EE10FABEDD0EFB03F303F5A87207
:1013F0006A4402ED2E7A42ED326A043322AA134483
:1014000096E8070083E80700DDED267A22A900238D
:10141000012291ED097AB4EEE77AF1EE10FA48BFB5
:10142000134602F1010248BFF0EE477A0A2A01F1A1
:101430001401EED197E7184A1B011A4407CA1CE7AA
:10144000012D23AE30D196E80700B0EE480A84E8BB
:10145000070010F065FE07EB401383ED008A46019C
:1014600094E8070006F1040CBC4410368CE8070031
:101470000022B919BA51C1E901221D77DEE600BF89
:1014800000F003202D1F05003A2F050034900400C2
:101490009870002004F00320B4F403200000000042
:1014A0008FC2F53C0000807F0023002243EC172B05
:1014B0008DED027B8DED047BCDE91C23CDE91E2350
:1014C000CDE92023CDE91623CDE91823CDE91A2350
:1014D000CDE9002300230893F068FBF7E3F956ED0C
:1014E000017A77EEC87ACDE90A0117EE900AFBF788
:1014F000D9F9DDE90A2380468946DDE90201FBF7D7
:1015000073F8DDE90A23CDE9020140464946FBF7BD
:1015100021FA02460B46CDE90601DDE90001FBF7A1
:1015200063F84246CDE900014B46DDE90601FBF7D1
:1015300011FA0B460246DDE90401FBF755F81CAB36
:101540000E93CDE9040116ABDDF838B00D939A4641
:101550000F9600270F9B53F8040B0F93FBF7A2F98C
:10156000DBE9008902460B46CDE91023DDE90A23B9
:10157000FBF7F0F942464B46FBF736F8DAE900890B
:10158000DDE91023EBE80201DDE90601FBF7E2F9F2
:1015900042464B46FBF728F80137032FEAE80201E1
:1015A000D8D1089B0133AB42089306F1140693D1BE
:1015B000DDE90223DDE90401FBF7CCF9DDE90023D5
:1015C00006460F4610461946FBF7C4F902460B467D
:1015D00030463946FBF706F848A3D3E900238B468B
:1015E00021F000418246FBF727FC00B3DDE902232E
:1015F000DDE91C01FBF7D8FAFBF7A4FCDDE90223C7
:101600002060DDE91E01FBF7CFFAFBF79BFCDDE96B
:1016100002236060DDE92001FBF7C6FAFBF792FCCC
:10162000B0EE480AA06010F07BFD334F2BE6254654
:101630000DF14C0804F10C090E9BB3EC027B0E93E8
:101640000D9BF3E8026751EC170B0D93DDE90423C2
:101650008DED067BFBF77EF9DDE90023CDE908017E
:1016600030463946FBF776F902460B46DDE90801BC
:10167000FAF7B8FF52465B46FBF796FAFBF762FCB7
:10168000DDE9022345F8040B39463046FBF762F9E1
:10169000DDE9002306460F46DDE90601FBF75AF9AE
:1016A00002460B4630463946FAF79CFF52465B46E7
:1016B000FBF77AFAFBF746FCA94548F8040BBBD1C7
:1016C000B0EE480A10F02CFD0B4E06EB401585EDF0
:1016D000008A430194E807001F1D374487E807008C
:1016E00013AA07CA1036334483E8070001232B7777
:1016F000A4E500BFAFF3008098700020BBBDD7D930
:10170000DF7CDB3D0000000010B5254C9FED257A05
:1017100000230122C4E90023234BD3ED007AF0EE2D
:10172000E76AF4EE476AF1EE10FA30D8F5EEC07AC7
:10173000F1EE10FA2BDD17EE900AFBF7B3F816A3C3
:10174000D3E90023FBF706F941EC100B06F0A4FAED
:1017500051EC100BFBF75EFC50EA010304BF0021C3
:101760000120124B124AC90341EA5041C003C0187C
:1017700041F100010023FBF735FC01280B4671F114
:1017800000010246BCBF00230122C4E90023BDE8DA
:10179000104014F07BBB00BF0000000080842E418D
:1017A00030000020FFFF7F7F3C6F00203F420F0092
:1017B00040420F00000000002DE9F04F2DED048B9A
:1017C000634E8BB096F8883000AF002B00F091800C
:1017D000D6F820A0BAF5FA6FC0F28B80B34607F1B5
:1017E000100403255046FBF74BF8FBE8028902463C
:1017F0000B4640464946FBF7D7F9FBF7A3FB013DF3
:1018000044F8040BEED1706A002810DDFBF738F8BD
:1018100002460B46D6E90601FBF7C6F9FBF792FB39
:1018200008EE100AB4EE488AF1EE10FA0FD706203F
:1018300024F0B4FA38B1474B436102230374002308
:1018400043748374C3744FF4845243494DE034F0BD
:1018500042FCD6E92423801A61EB0301FBF7CAFCA2
:10186000DFED3E7AD6ED218A07EE100A87EE279A41
:10187000DFED3B7AB4EE679AF1EE10FA48BFB0EEB6
:10188000679AD6ED207A78EEE78ADFED367AC8EEF1
:10189000899AF4EEE79AF1EE10FA30DD0E2024F08A
:1018A0007DFA0446E8B1304B436119EE900AFAF72D
:1018B000F9FF25A3D3E90023C4E90601C4E90823FD
:1018C00018EE900AFAF7EEFFC4E90A0119EE100AC1
:1018D000FAF7E8FFC4E90C010A2323746574A574C0
:1018E000E5741D4945F2C00220462DF0ADFC12F012
:1018F0008BFD2C37BD46BDEC048BBDE8F08FF2EEBE
:10190000047A78EE677A18EE100A77EEA77AFDEE81
:10191000E77A17EE904AFAF7C5FF452C80468946CC
:1019200026D9082024F03AFA40B1104B4361C0E9AF
:1019300006890423037445748574C5744FF40252F8
:1019400083E700BFAFF3008000000040E17AA43FCE
:1019500060310020082A05003C90040000007A4411
:101960006F12833A0AD7233D472A0500902A0500C3
:101970001020D6F820A024F011FA0646B0B1A84BEA
:10198000C0E90889C0E9053A18EE900AFAF78AFF1B
:10199000C6E90A0119EE900AFAF784FFC6E90C01BC
:1019A0000B23B46333747574B574F5749D4945F6AF
:1019B000C00230462DF048FC9B4B83ED008A0DF0B1
:1019C000DDFB9A4BD3ED007AF4EE677AF1EE10FA74
:1019D0000CD678EE677A9FED967AF4EEC77AF1EE40
:1019E00010FA40F3B180934A0121117083ED008A0F
:1019F000914E07F1100393E8070023011E4496ED72
:101A0000009AB5EE409A07F11C05F1EE10FA85E850
:101A1000070000F0A880874B1B78012B00F09F8007
:101A2000DFED868A864A022BF6EE007A854B18BFD8
:101A3000F0EE678A18BF1346EB468CB0EA46824A3E
:101A4000CAF81C30CAE9052418EE900AFAF72AFFF2
:101A5000524640F20133AAF828307C4BCAE908010B
:101A600042F8103F6F484FF453512EF035FBB7EE5C
:101A7000007AA30037EE687A7548FB60DD46294698
:101A8000AB460022FB68D1ED007A134403F5967350
:101A900000EB8303D3ED016A67EEA87A47EE267A5E
:101AA0000132032AE1EC017AECD1D7ED077AC7EDD8
:101AB000027AD7ED087AC7ED017AD7ED097A0C20C2
:101AC000C7ED007A24F06AF98246D0B1614A4261DA
:101AD000B868FAF7E7FECAE906017868FAF7E2FEA5
:101AE000CAE908013868FAF7DDFE0822CAE90A01E6
:101AF0008AF8102000228AF811208AF812208AF829
:101B000013204849DFED548A44F2C00250462DF0BC
:101B10009BFB4F490022FB68FBEC017A134403F561
:101B2000967301EB830393ED017A77EEC77A013266
:101B3000F0EEE77AF4EE687AF1EE10FAC8BFF0EE54
:101B4000678A032AE7D116E09FED447AF4EEC77A5C
:101B5000F1EE10FA7FF54AAF364A022145E7DFED94
:101B6000408A404B68E73A4ADFED3B8AB2F84C398D
:101B70000133A2F84C393C4B86ED008A2201134414
:101B800095E8070083E80700314A002682F84E698D
:101B9000D7ED097AD7F81CB0D7F820A0C7ED037AA3
:101BA000122024F0FBF80546F0B1304AC0E908895C
:101BB000C0E905245846FAF775FEC5E90A01504602
:101BC000FAF770FEC5E90C01F868FAF76BFEC5E993
:101BD0000E0118EE900AFAF765FEC5E910010E2213
:101BE0002A746E74AE74EE740E4947F2C002284631
:101BF0002DF02AFBB5EE409AF1EE10FA06D0DFED9B
:101C00001C7AF4EEE78AF1EE10FA04DB14F05CFDC6
:101C100034F061FA6BE60DF0B1FA12F07DFBF7E7F4
:101C2000D72A05003C900400ACF40320600100209A
:101C3000CDCC4C3EB0B20020B0F403209A99193EAE
:101C400099CA0400EEEE0400352B050006000001E1
:101C500000F00320E9F2040000000000CDCC4CBEEF
:101C60003333333FE7EE0400B4F40320662B050062
:101C70006F12033B000000002DE9F04F2DED028BA9
:101C80009FED538B85B00025009089462C462E464B
:101C9000A846AB4601275FFA85FAB9F1000F04D0D8
:101CA00007FA05F313EA090F14D0009B02A9504666
:101CB0008DED028B984708430CD0029B18EB030371
:101CC0009846039B50464BEB030B15F095FA04190D
:101CD00046EBE0760135132DDDD154EA06036ED0D4
:101CE0003346224640465946FBF77CF9A0457BEB3C
:101CF0000606074601912FD200273D46BA463C46CC
:101D00003E469FED338BFAB2009B019202A910462A
:101D10008DED028B984701430CD00299019A61180E
:101D20000C460399104646EB010615F065FA451975
:101D30004AEBE07A0137132FE5D155EA0A0237D092
:101D400053462A4620463146FBF74CF9AC4276EB27
:101D50000A030746019136D39FED1D8B4546DA46AF
:101D6000002601245FFA86F8B9F1000F04D004FAC6
:101D700006F111EA090F18D0009B02A940468DED2B
:101D8000028B9847084310D1404615F035FA019B65
:101D90004FEAE07C00FB03F107FB0C11A0FB070CF2
:101DA00040196144054641EB0A0A0136132ED9D188
:101DB0002846514605B0BDEC028BBDE8F08F2546A4
:101DC000B24600279DE70025AA46F1E7AFF3008061
:101DD00000000000000000002DE9F04F87B005462C
:101DE000039117461E46836804AA5B68984700283B
:101DF00031DBDDE9044AA7FB04B307FB0A37584689
:101E000019A3D3E900233946FBF7ECF8DFF860802B
:101E100002904FF0FF39D94578EB07031ED3A6FB9C
:101E200004B406FB0A4410A3D3E900232146584614
:101E3000FBF7D8F8D94578EB040403460ED3029992
:101E4000AA6899420DD3BDF8401000911468284645
:101E5000DDE90221A04707B0BDE8F08F6FF08500F3
:101E6000F9E76FF01500F6E700CA9A3B00000000A2
:101E7000FFC99A3B000000002DE9F04F85B000AF8C
:101E800014F004F8224A234BD2ED017ADFF8A8803F
:101E900011681960F1EE677AC3ED017AD2ED027A2A
:101EA0001D4CF1EE677AC3ED027AD2ED037AF1EEC2
:101EB000677AC3ED037A98F800309BB1174B1B7813
:101EC00083B1174B9B88190608D5164B93F9003040
:101ED000002B03DB236801201B6B9847124B1B6808
:101EE0005B689847114A2368117851B310498B42B7
:101EF00024D100250620157023F050FF002840F063
:101F000038830C494FF486522DF09EF91DE000BF36
:101F1000DC030020CC030020E4020020FFB10020FD
:101F20002C6F0020D5070020E0020020CDB2002059
:101F30005C9A040054910400B8770020BA498B429F
:101F4000D7D000215B681170984707F10C01012080
:101F50002EF000F8FA2007F0EBFF2368B3499B68E6
:101F6000B348DFEDB40AB3EE000A9847B04B08203F
:101F70001E6823F013FF054660B1AF4B4361304646
:101F8000FAF790FC0423C5E906012B7400236B7457
:101F9000AB74EB742846A9494FF403522DF054F961
:101FA000A24B08201E6823F0F9FE054660B1A44B41
:101FB00043613046FAF776FC0423C5E906012B7429
:101FC00000236B74AB74EB7428469C49DFF8C0B2F5
:101FD0004FF403522DF038F99A4B9B499FED9B1A11
:101FE000DFED9B0A97ED030A01221A702368584619
:101FF0001B689847944B9BED007AD3ED007A954B84
:10200000B4EE677AF1EE10FA48BFF0EE477AC3ED0E
:10201000007A914B05460820D3F8049023F0BEFEC9
:10202000064688B18D4B43614846FAF719FC7CA3FC
:10203000D3E90023FAF7B8FD0423C6E90601337497
:1020400000237374B374F37430467C494FF4035225
:102050002DF0FAF80820DBF8009023F09FFE0646EA
:1020600090B17F4B43614846FAF71CFC0B46024691
:102070007C490020FAF798FD0423C6E90601337471
:1020800000237374B374F37430466C494FF40352F5
:102090002DF0DAF86C4B0820D3F8009023F07EFE88
:1020A000064690B1704B43614846FAF7FBFB0B467E
:1020B00002466C490020FAF777FD0423C6E90601C1
:1020C000337400237374B374F3745C494FF4035294
:1020D00030462DF0B9F8002DC0F2468298F8003055
:1020E000002B3ED0614B1B78002B3AD0604B9B8875
:1020F0001A0608D55F4B93F90030002B03DB2368E9
:1021000001201B6B98475C4B5C4E1B689FED500A8F
:102110001B683046984705460820D6F8009023F003
:102120003DFE064690B1564B43614846FAF7BAFB6E
:102130000B4602464B490020FAF736FD0423C6E958
:102140000601337400237374B374F3743B494FF482
:10215000035230462DF078F8002DC0F20582FFF7CB
:10216000D3FA062023F01AFE38B1464B436102230E
:102170000374002343748374C37430494FF486524C
:102180002DF062F8062023F009FE38B13E4B436182
:1021900002230374002343748374C37427494FF4E8
:1021A00086522DF051F80025AB0003F1005303F5E2
:1021B0007C33D3ED547AD3F84491C7ED017AD3ED53
:1021C0005A7AD3F85CA1C7ED007A0E2023F0E6FD21
:1021D0000646D8B12D4B43614846FAF763FBC6E982
:1021E00006017868FAF75EFBC6E908015046FAF77F
:1021F00059FBC6E90A013868FAF754FB0A22C6E916
:102200000C01327400227274B274F2740B4945F2FC
:10221000C002304601352DF017F8032D3AE000BF1B
:102220000000000080842E41F89A04000C72002007
:102230001072002000007A45AA3305005491040072
:10224000C5330500DB070020047200200AD7233BBA
:102250000AD7233C206F0020C0020020DE33050097
:10226000FF3305000000F03F22340500FFB10020DD
:102270002C6F0020D5070020E00200203C6F0020DA
:10228000413405006334050010EE040026EE04001E
:102290000872002088D1BB4B0C20D3F8FC90D3F8F7
:1022A0000061D3F8045123F079FD8246D0B1B64BDA
:1022B00043614846FAF7F6FACAE906013046FAF7EA
:1022C000F1FACAE908012846FAF7ECFA0823CAE944
:1022D0000A018AF8103000238AF811308AF8123087
:1022E0008AF81330A94944F2C00250462CF0ACFFE2
:1022F00098F80030002B40F08981A24B93F8803190
:10230000002B00F0D481062023F048FD38B1A04B0B
:10231000436102230374002343748374C374994D8F
:102320009A494FF486522CF08FFF95F88031012B9B
:1023300040F0BD81974810F001F8002385F8803106
:102340000CF01CFF944B1A68944B1A702268944B43
:102350009A4223D1062023F021FD38B1914B4361ED
:1023600002230374002343748374C3748E4E87491D
:102370004FF486522CF068FF3378012B0ED1802267
:102380007721002012F0FEFE03220546711C782002
:102390002BF08AFC054301D01AF0DEF8834B9FED49
:1023A000847AD3ED007A834BF8EEE77A0126C7EE04
:1023B000876A93ED007AC6EE877ABDEEE77A17EE6C
:1023C000900A17EE103A1DB2012D7B4BA846B8BFFC
:1023D0004FF00108A3F80080784B1E70FAF762FAFC
:1023E000774A784BB542D8BF13466D468CB06A46E3
:1023F000C2E9088340F202531385DFF80CC2724B26
:10240000C2F814C0C2E9060142F8103F5F484FF419
:1024100053512DF061FE2368AD465B6A3046984704
:102420000446002800F057810A2023F0B7FC58B179
:10243000664BC0E905360D23C0E907340523037454
:10244000002343748374C37450494FF423522CF017
:10245000FBFEC4F30711012900F03481CB1E594261
:102460005941090100231943594841F4803104F0CE
:102470000F040CF033F8032C00F02781022C4FF0EE
:10248000000340F026814FF0A8611943504813F033
:10249000E5FF5049504B4B6050484FF400538B6060
:1024A0006C4633F018FF88B06A464D4B53614D4B74
:1024B00093614FF4007393834B4B344842F8103FC1
:1024C0004FF4E6512DF008FE0620A54623F066FCE9
:1024D00038B1464B43610223037400234374837471
:1024E000C3742A494FF486522CF0AEFE404B0122B1
:1024F0001A7013F0CBFC07F03DFE002833D015F026
:1025000097FE07F041FE3B4BD3F800903A4BD3F8CF
:1025100000803A4B0E209E685D6823F03FFC044625
:10252000D8B1374B43614846FAF7BCF9C4E9060114
:102530004046FAF7B7F9C4E908013046FAF7B2F9AC
:10254000C4E90A012846FAF7ADF90A23C4E90C01E7
:10255000237400236374A374E3740C4945F2C0022E
:1025600020462CF071FE002528461437BD46BDE8F4
:10257000F08F244B43610223037445748574C57442
:10258000BFE400BF00F00320DAF00400549104001F
:102590007734050081F10320180100202FB20020BC
:1025A000949B04008D34050030B20020BC02002052
:1025B00000007A44206F00209C770020C6B20020E3
:1025C000542505008D28050006000001A5340500EE
:1025D000209F0400F8710020B5710200848A040075
:1025E000CF34050036C6040003000001D8340500CE
:1025F000C9B200200C72002010720020EC030020F1
:10260000EB3405007F3305009A280500334B1B7817
:10261000002B3FF472AE062023F0C0FB38B1304BE4
:10262000436102230374002343748374C3742D49EC
:102630004FF486522CF008FE0025AB0003F1005346
:1026400003F57C33D3ED457AD3F820A1D3F82C9150
:10265000D3F83881C7ED017A0E2023F09FFB0646A0
:10266000D8B1214B43617868FAF71CF9C6E9060135
:102670005046FAF717F9C6E908014846FAF712F981
:10268000C6E90A014046FAF70DF90A22C6E90C012B
:10269000327400227274B274F274124945F2C002AC
:1026A000304601352CF0D0FD032DC6D125E60F4B69
:1026B000DBED000A93ED001A0D4B93ED000A0FF0CD
:1026C00099FE3FE620230021CDE64FF05073002114
:1026D000DBE61946D9E64FF0FF3545E7FFB10020AC
:1026E0006C1705005491040026EE04003C6F002096
:1026F00004720020000000002DE9F04F2DED0C8B3E
:10270000C34B1B78FBB0002B02F01F8113F0D6FBEC
:1027100015F034FC0021084619F074FFFFF7ACFBFC
:102720000446002800F0CB810121084615F056FC34
:102730009FEDB59B33F0CFFCB64A136801331360AD
:10274000B54B1B78CDE90F01002B00F0B18233F0BF
:10275000C0FC7822CDE91101002133A835F06EFFCD
:1027600033A815F0F3FD33F0B4FC06460F4633F002
:10277000B0FC04460D4615F001FC33F0AAFCA74A54
:10278000001B61EB0504A0FB023102FB0411A44C09
:1027900013F58043D4E9000241F10001DB0B43EA69
:1027A000414398424FEAD1318A419E4A38BFC4E939
:1027B00000319D4B92F800809C4C93F800A083F868
:1027C000008033F086FC236805461B6998488946DB
:1027D0004FF480619847ADF8CE0033F07AFC401B8F
:1027E0008E4D61EB0901A0FB052305FB0133914DE3
:1027F00012F58042D5E9000143F10003D20B42EA11
:10280000434290424FEAD333994138BFC5E9002390
:10281000894B1A7852B3BDF8CE203AB3874DB5F93B
:1028200000004FF0000B012883F800B01EDD236884
:1028300080B25B6A98478146B5F900500820B9F12B
:10284000000F40F04A8123F0A9FA50B17C4B80F888
:102850001190C0E905350323037480F8129080F8C5
:1028600013904FF4C45277492CF0EEFC764DDFF80C
:10287000189233F030FCD5E90032C01A61EB020146
:10288000B0F57A7F71F1000180F238810023C9F838
:102890000030D9ED007AF5EE407AF1EE10FA43D02F
:1028A000BBEE047AF4EEC77AF1EE10FA3CDD9FED50
:1028B000677AF4EEC77AF1EE10FA35D533F00BFCF7
:1028C000634B99ED007A634CC3E90001624B83EDE1
:1028D000007A624B1A78002A40F01A81012284EDB6
:1028E000007A1A705E4B94ED008AC3E900015D4BDB
:1028F0001B7873B15C4B1B785BB133F0F4FC40B1D7
:10290000DFED5A7AB4EEE78AF1EE10FA48BFB1EE85
:10291000488ADFED577A574AB4EEE78AF1EE10FAAB
:1029200040F1258101231370534B389333F0D3FBCF
:10293000474AD2E90032002A10DBC31A61EB0201D8
:1029400040F2E932934271F1000107DA434B1B7800
:10295000002B00F024813F4B1B68389300233493F5
:102960003593369300238DF8DC303E4B1B78002BDB
:1029700000F03D813C4B1B78002B00F0388133F098
:10298000A8FB3E4BD3E900230D4652EA030104465F
:1029900004D0944275EB0303C0F22481384B1B68CA
:1029A00034A81B6998478DF8DC00002800F01F81CF
:1029B000324ADFF8D8C0D2E9001051EA000EDCE953
:1029C000003C00F0EE80B4EB010B65EB000E9B4584
:1029D0007EEB0C0E80F2E580CB1840EB0C00C2E9D8
:1029E000003007F0C7FB002800F0018107F0C2FBB0
:1029F000002800F0FC80234833F046FB14AD044669
:102A0000294645E0AFF30080000000000000000010
:102A10002BB20020E8710020CCB2002040420F0011
:102A200030360020EFB20020F0B20020E402002097
:102A3000200C002028360020C6B200209C77002001
:102A400053360500549104007000002000007042CD
:102A500068000020B4030020B8030020EEB200207C
:102A600020360020B8770020FFB1002000001A4275
:102A700000001AC206B200200000C07F682C0020AF
:102A8000E0020020F04C0020E47100203000002023
:102A900034A833F02EFBEFF3118B402383F312881D
:102AA000BFF36F8F42482AF0D9FA002840F0908295
:102AB00088224049404834F00DFA35F082F93F4B06
:102AC00001221A7033F007FB3D4B143041F1000135
:102AD000C3E900013B4B1C702AE623F05FF950B1BB
:102AE000394B80F811B0C0E905350323037480F831
:102AF00012B080F813B04FF4C652B4E623681B6AD4
:102B0000984789ED000A33F0E6FAC5E90001C0E60E
:102B10002E4AD2E9003242F21175C31A61EB020269
:102B2000AB4272F1000502D384ED007ADAE61A4373
:102B300008BF012307EE903A254B1B78002B0CBFF2
:102B40004FF4FA73642306EE903AF8EEE77AF8EE63
:102B5000E66A204B76EEA76A93ED006AC7EEA65AA6
:102B600037EE467A05EE876A83ED006ABAE6DFED56
:102B70001A7AB4EEE78AF1EE10FADFBFF3EE097AC3
:102B800038EE678ADFED157A38EE088ACFBFFF236B
:102B900038EE278AFCEEC87A17EE903AC3E6104B5F
:102BA000DAE6E31845EB0C05C2E9003519E700BF8A
:102BB000EC4C002082CE040065A40500CCB20020BD
:102BC00068360020F1B200207B3605002036002058
:102BD0002DB20020B40300200000B1420080004369
:102BE000B80300209DF8DC30002B7FF4FAAEC2451C
:102BF0001BD0C14B1C78012C00F00B82022C00F082
:102C00001A8294B9062013F08DFB062023F0C6F833
:102C100030B1BA4B43610223037444748474C474A6
:102C2000B7494FF486522CF00FFB33F052FAB54BF4
:102C3000B54D801B61EB0701A0FB032012F580421C
:102C400003FB0103D5E9001043F10003D20B42EA74
:102C5000434289184FEAD33440EBD333AB48C5E93C
:102C60000013D0E900139142A34138BFC0E900240A
:102C7000A74CD4E90023012A73F10003C0F2FC81C0
:102C800033F029FAD4E90032984271EB020280F263
:102C9000F381A04B1A780AB901221A709E49BDF837
:102CA000CE00D1E900321B1842F10002C1E9003226
:102CB000002019F0C9FB13F0F7F833F00CFA0F9B62
:102CC000C41A109B61EB0305012C75F1000317DB9F
:102CD00020462946FAF78EFA904B93ED007AB5EE2E
:102CE000C07AF1EE10FA07EE900A81BFDFED8C6A30
:102CF00067EEA67ADFED8B6A47EE267AC3ED007A9F
:102D0000894E3268D317A242AB4107DA8749D1E92D
:102D10000023A242AB41B8BFC1E90045844C854DB8
:102D200033F0D9F9D4E90032C01A41F2893361EBAA
:102D30000201984271F10001C0F2C18033F0CBF979
:102D4000C4E90001794CD4E90087B8F1010F77F1AB
:102D5000000326DBD6ED007A704BF8EEE77AB7EE8B
:102D6000087A67EE877A93ED007AF4EEC77AF1EE8F
:102D700010FA12D5082023F011F848B16E4BC76144
:102D8000C0E9053804230374002343748374C374B7
:102D90005B494FF402522CF057FA00220023C4E999
:102DA0000023664C2768AFB1082022F0F7FF50B12E
:102DB000634BC0E905370523C36104230374002373
:102DC00043748374C3744E494FF402522CF03CFA9E
:102DD000002323605B4A136823B35B4B5B480021ED
:102DE00019605B4B116000221A6000220023C0E9C9
:102DF00000234948C0E900234348C0E9002355485F
:102E0000C0E90023544801604049C1E90023534907
:102E1000C1E900235249C1E900235249C5E9002311
:102E2000C1E90023504B514C1B78002B01F0348535
:102E30004F4B1B78002B01F02F854E4F9FED4E7AA4
:102E4000D7ED007ADFED4D6AF8EE677A67EE877AA4
:102E500087EEA67A84ED007A15F080F968B3484BC6
:102E6000D4F80090D7F800A0D3F800800C2022F00E
:102E700095FF0446D8B1434BC0E9053A41F2883387
:102E8000C3614846F9F70EFDC4E908014046F9F769
:102E900009FD0B4602463C490020F9F785FE082350
:102EA000C4E90A01237400236374A374E37414490E
:102EB00044F2C00220462CF0C7F900233B60334B9C
:102EC0004FF00009C3E9009933F003F94A46074679
:102ED0004B462F48884633F022F9002841F0E08421
:102EE0002C4B01221A702FF081FA33F0F2F8054AC8
:102EF000C01BA0FB02034FE0EFB200209A36050092
:102F00005491040040420F006036002058360020E3
:102F100068360020F1B20020383600204C4B0020EB
:102F2000CDCCCC3D6666663FBC020020F03500206B
:102F3000E8350020E03500200E3B050090710020B0
:102F4000333B0500E8710020A471002048360020C2
:102F5000A8710020503600201C6F00204036002051
:102F60003036002028360020B8770020484B00205B
:102F7000FFB10020C471002000007A4400409C454D
:102F80003C6F0020583B05000000F03F482B00201C
:102F900088090020EDB2002061EB080102FB01333B
:102FA00010F5804143F10000D5E90023C90B41EA47
:102FB0004041891843EBD033C5E90013244B1B78FB
:102FC00013B1244813F0BAFE12F078FFFFF7B2BB3A
:102FD00021482AF067F807F0CDF870B11F4833F0A8
:102FE00053F8844209D195E807001D4B83E8070098
:102FF0001C4B1C601C4B01221A7017482AF03CF82D
:1030000010B94FF49A7254E58BF31188BFF36F8FA8
:10301000EDE5212013F086F9062022F0BFFE0028FE
:103020003FF4FEAD114B436102230374002343744C
:103030008374C374F4E5642013F074F9062022F05D
:10304000ADFE00283FF4ECAD094B43610474EDE79D
:10305000CAB20020502B0020EC4C0020F04C002085
:10306000D44C0020E04C0020FCB10020B936050013
:10307000D83605000000000033F02BF800245FED87
:10308000038ADFF8F8B31391CDE93D44CDE9484414
:1030900082463994CDED3A8ACDED3B8ACDED3C8A1E
:1030A000CDED3F8ACDED408ACDED418ACDED428A0E
:1030B000CDED438ACDED448ACDED458ACDED468AEE
:1030C000CDED478ACDED4A8ACDED4B8ACDED4C8AC8
:1030D000CDED4D8ACDED4E8ACDED4F8A8DF8404134
:1030E000BDF8CE30A0B2834200F2928232F0F1FFFE
:1030F000139AC84CB0EB0A0361EB0201C64AA3FB6A
:10310000023013F5804302FB0101D4E9000241F1D2
:103110000001DB0B43EA41431B1842EBD132C4E907
:103120000032BE4B1B7851AC002B00F06D81BC4BC4
:103130001B78002B00F068819DF8DC30002B00F03C
:10314000638134AD95E80700B64B01261E701AABBB
:1031500083E8070018460EF057FA95E80700B24BCF
:1031600083E80700B149D1E900329B1942F100021E
:10317000C1E90032AE4BD3E90023134302D03046FD
:1031800006F0D6FE204634AD9FEDAAAAA54E0BF060
:103190007DFA2146284633F032FB0027B0EE4A0A7A
:1031A0001DA92846CDE91D771F9719F0ABF9002816
:1031B00000F061841AAB93E8070085E807003770D8
:1031C00014F0CCFF60B11AAA07CA4AAB83E8070023
:1031D00034AA07CA4DAB83E8070001238DF84031BC
:1031E000369B22933378359A349920912192002B83
:1031F00000F0DD8032F06DFF8F4F904B054693ED70
:10320000000AD7E90003012873F100020E4615DB1E
:10321000281A61EB0303012873F100020EDB7E49DB
:10322000A0FB010201FB0321C00B40EA4140C90B96
:10323000F9F7D8FF00EE100A20EE0A0A20A810F0D5
:10324000A3F97F4A1368C7E900567E4D0133136026
:103250002A783D9B002A00F0AA80002B00F0A7806E
:1032600007EE903A9DED3A7AF8EEE77AB7EE00AACB
:10327000C7EE27CA9DED3B7A87EE278A9DED3C7A03
:10328000C7EE27BA28EE080A0CEEAC0A0BEEAB0A22
:1032900030F000F870EE4A7A9FED6B7AF0EEE77A44
:1032A000F4EEC77AF1EE10FAF0EE40AA7FDC9DED65
:1032B00021DA9DED20CA9DED22BA2DEE0D0A0CEE0D
:1032C0000C0A0BEE0B0A2FF0E5FF9FED607AB4EECF
:1032D000C70AF1EE10FAF0EE407A68D48AEE2A7A44
:1032E00028EE0D8A0CEE8C8A0BEE8B8A28EE078A6C
:1032F00088EE270AB4EECA0AF1EE10FA00F315843C
:10330000BFEE007AB4EE470AF1EE10FA48BFB0EE15
:10331000470A4F4B4F4F93ED007A37EE878A83ED84
:10332000008A2FF047FF4C4BD3ED007A37EEC00AEE
:1033300083ED000A3B680133632B3B6037DD07EE0A
:10334000903AF8EEE77A002688EE27AA80EE278AE0
:10335000B0EE4A0AF0EE480A32F0C9FF0C202E7097
:103360003F6822F01BFD0546D8B13C4BC0E905374C
:103370001AEE100AF9F796FADFED397A28EE278A65
:10338000DFED387AC8EE277AC5E9080117EE900A12
:10339000F9F788FAC5E90A0108232B746E74AE7434
:1033A000EE74314944F2C00228462BF04DFF23ADA4
:1033B000294620A829F0D2FFEFF31186402383F39A
:1033C0001288BFF36F8F294829F048FE00283FF488
:1033D0006FAB2648264F29F065FE95E8070087E881
:1033E0000700012107F1140032F054FEA7F120007C
:1033F00029F042FE00283FF404AE86F31188BFF3A3
:103400006F8F1C4832F08DFE3D9B1B4A002B00F352
:10341000908335E05036002040420F00B8770020FE
:10342000FFB10020C7B200203C660020D826002053
:10343000D0260020BD378635602C00203C6F002050
:10344000C4710020F3B200209A99993E0AD7233C18
:10345000F4710020EC710020F07100201437050099
:1034600000003443DB0F494054910400F84C002025
:10347000184D002058090020B8710020E4020020F7
:1034800032F029FEBDF8CE3005460E46002B40F046
:103490006783652871F1000303DB3E9B002B00F07E
:1034A000B4834F4B00221A704E4BB3F900302BB14E
:1034B000399A3D9B134301D032F00DFE4A480FF07C
:1034C00027FA494923460422084625F0D7F89DEDFE
:1034D000510AB5EE400AF1EE10FA10D0B5EEC00A6E
:1034E000F1EE10FAC0F2D783B1EEC00A3E49F7EE12
:1034F000007A87EE800A0422084625F0DDF80023D2
:103500003A48199317A9CDE9173318F0DFFFB5EE44
:10351000400AF1EE10FA2ED0334B344893ED006A96
:10352000D3ED025AD3ED036AD3ED017A26EE257A64
:1035300017EEA67A22462BA967EE867A46EEA57A82
:1035400037EE077A77EEA77A8DED2B7ACDED2C7AD0
:10355000F6EE007A56EE067A46EEA67A77EEA77A6F
:10356000CDED2D7A2AF020FC9FED210A032217A928
:10357000204625F0A1F81F4F32F0ADFD97F800B0BE
:1035800006460D46BBF1000F40F0B083164B0FCB43
:1035900007F1180585E80F0000230022C7E9022380
:1035A000C7E9042301233B70134B144F1E68144BCF
:1035B000144D93F80080144B1B7833B9134B1B78D0
:1035C00003F0FF0A002B00F0B28432F084FD2B7868
:1035D000002B40F0C18401232B7000F0BDBC00BF64
:1035E000EDB200209C770020A4030020B8710020D9
:1035F0000AE81C4140000020D04C0020EFB200201F
:10360000CD770020ECB2002030140020F9B000206B
:1036100000231DAEC6E90033CDE920332293B36009
:10362000DBF80030C9495D69324620ABA847074640
:10363000002840F00982D6ED007AF5EE407AF1EEEE
:1036400010FA0DD1D6ED017AF5EE407AF1EE10FACE
:1036500006D1D6ED027AF5EE407AF1EE10FA04D0FA
:1036600096E80700BA4B83E807009DED207AB5EE97
:10367000407AF1EE10FA0ED1DDED217AF5EE407AC6
:10368000F1EE10FA07D1DDED227AF5EE407AF1EE97
:1036900010FA00F0C3809DF8CC30002B00F0D781E9
:1036A0009FEDAC6ADDED217ADDED226A27EE868A98
:1036B00027EE06AA28EE080A0AEE0A0A66EE86AA8D
:1036C0000AEEAA0A2FF0E6FDDFEDA37AB4EEE70AD0
:1036D000F1EE10FAF0EE40BA5FDDA04BA04D93ED95
:1036E00000BA20EE0BBAF6EE007A2BEE27BAB0EE57
:1036F0004B0A2FF087FC80EE2BCAB0EE4B0A2FF05E
:103700003DFCD5ED014A95ED005AD5ED025A95EDF7
:10371000036A2AEE0C7A6AEE8C6A60EE24AA47EEFF
:1037200005AA27EE24BA68EE0C7A10EE05BA27EE49
:10373000A48A46EEA5AA26EEA4AA07EEE5BA17EEDD
:1037400085AA06EE858A47EEC6AA06EEC6BA00EE40
:1037500025AA07EE658A07EE06AA00EE068A2AEE7B
:10376000AA0A0BEE0B0A0AEE0A0A08EE080A2FF064
:1037700091FDB7EE007AC7EE007A2BEE27BA6AEE1B
:10378000A7AA2AEE27AA28EE278A85ED00BAC5ED5A
:1037900001AA85ED02AA85ED038A724A5378117851
:1037A0000133DBB29942537038D8002353706C4B0D
:1037B0009DED388A0FCB23AD85E80F00644B93E86D
:1037C00007000DF19C0888E8070085ED078A06F0E0
:1037D000D1FCF0B195E80F002BAE86E80F0098E819
:1037E00007002FAB83E8070086ED078A002200233D
:1037F00030462FF065F848B10022002351A82FF081
:10380000FBF80022002330462FF05AF8564832F0D9
:1038100088FC4F4B0022C3E900229A60534B1B687F
:10382000092B2CDCDDED227ADDF88080219ECDEDA8
:103830000E7A0C2022F0B2FA0546B0B14C4A426131
:103840004046F9F72FF8C5E906013046F9F72AF89E
:10385000C5E908010E98F9F725F80822C5E90A011B
:103860002A7400226A74AA74EA7444F2C0024149BC
:1038700028462BF0E9FC3D4A136801331360DDED67
:10388000207AF5EE407AF1EE10FA0DD1DDED217AD5
:10389000F5EE407AF1EE10FA06D1DDED227AF5EE82
:1038A000407AF1EE10FA6DD014F058FC80B13FAAC6
:1038B00020A90023D2ED007AB1EC017A013377EE32
:1038C000877A032BE2EC017AF4D1489B01334893C9
:1038D00020A80CF0B1FF284BDDED207A93ED5D6A56
:1038E000DDED216A9DED227A67EE867ACDED517A83
:1038F000D3ED5E7A67EEA67ACDED527AD3ED5F7A9C
:10390000164B67EE877A93ED008ACDED537A14F06B
:1039100025FC002840F0A080184ADFED196A51A963
:103920000323D2ED007AB1EC017A37EE677A013BDE
:1039300047EE267AE2EC017AF3D1B0EE480A51A8BC
:103940000EF016FF399B013339931BE0200C002049
:10395000D871002035FA8E3CBD37863504720020C0
:10396000BC030020EC03002058090020D471002083
:10397000F93605005491040000F00320C8710020BE
:103980000AD7A33CDDED1D7AF5EE407AF1EE10FA90
:103990000DD1DDED1E7AF5EE407AF1EE10FA06D18A
:1039A000DDED1F7AF5EE407AF1EE10FA49D014F011
:1039B000D5FB80B142A91DAB0022D1ED007AB3EC5A
:1039C000017A013277EE877A032AE1EC017AF4D1A9
:1039D000499B013349931DAD95E80700AF4B83E840
:1039E0000700AF49D1E90032013342F10002C1E9D9
:1039F0000032AC4BD3E90023134302D0012006F080
:103A000097FAA949284632F0FAFE2B6851936B6861
:103A10005293AB685393A54B51A893ED000A0EF057
:103A2000B9FF3AAA51ABD2ED007AB3EC017A013773
:103A300077EE877A032FE2EC017AF4D13D9B0133D4
:103A40003D933E9B01333E930134FFF749BB984AB7
:103A5000C2E900339360E1E645AA51A90023D2ED03
:103A6000007AB1EC017A013377EE877A032BE2EC2E
:103A7000017AF4D150E732F036FC00287FF4A0AB95
:103A80009DED350A9DED347ADDED367A20EE000AA3
:103A900007EE070A07EEA70A2FF0FCFBB0EE408AFC
:103AA0000AF012FD00283FF48BABB4EECA8AF1EEA7
:103AB00010FA3FF585ABEFF31185402383F31288AD
:103AC000BFF36F8F7B4829F0C9FA00283EF4F0AFAE
:103AD000784829F0E7FA784B9A689AB9DFED777A57
:103AE00083ED008A01327348C3ED017A9A6029F0B0
:103AF000C3FA00283FF485AA85F31188BFF36F8FBE
:103B0000FFF75EBBD3ED007A9FED6D7A38EE678AE2
:103B100048EE077AC3ED007AD3ED017AF0EE676ADA
:103B200058EE086A46EE877ADCE7B0EE4A0AFFF7FD
:103B3000F0BB07EE903ADDED3A6AF8EEE77A86EEF2
:103B4000A77ADDED3B6A82ED007A86EEA77ADDED9D
:103B50003C6A82ED017A86EEA77A82ED027A8FE4E2
:103B60003E9D6DB1AB427FF49CAC564A002313607E
:103B7000554A00200021C2E90001544A137090E424
:103B8000062022F00BF930B1514B4361022303743C
:103B900045748574C5744F494FF484522BF054FB1F
:103BA000494B00200021C3E90001484B00221A7054
:103BB000494B1D78002D7FF474AC424A13680133E1
:103BC0000A2B13607FF46DAC082022F0E7F840B1B7
:103BD000424B4361424B83610323037445748574F4
:103BE000C5743C494FF4C2522BF02EFB012108460C
:103BF00014F0F4F9BDF8CE30002B3FF452AC12F0C3
:103C000079F9042014F0C0F94BE4334B1F78002FEE
:103C10007FF447AC062022F0C1F830B1314B43614C
:103C20000223037447748774C7742A494FF484527B
:103C30002BF00AFB244BD3E900120A43234A1778DE
:103C400008BFC3E90056002FB2D1D3E90023AD1A53
:103C500066EB030640F6B8339D4276F10003A7DB1E
:103C60000A2022F09BF850B11F4B4361C0E908566F
:103C70001B4B83610623037447748774C7744FF426
:103C8000415214492BF0E0FA0121084614F0A6F93C
:103C90000E4B01228BE79FED090A27E4886600207E
:103CA000F026002018360020E06600200872002070
:103CB000D87100202466002010660020000000005B
:103CC0000AD7233C286F002010360020CBB20020FA
:103CD0004F37050054910400EDB200209D370500D8
:103CE000B54305006437050079370500A34B93ED14
:103CF000010A93ED007AD3ED027A20EE000A07EE76
:103D0000070A07EEA70A2FF0C5FA23A917A8CDEDD9
:103D1000238ACDED248ACDED258AB0EE40AA18F095
:103D2000D5FB97482346042207F11801F0EE408A9C
:103D300024F0A4FC9DED510AF7EE007AB0EEC00A23
:103D4000B4EEE70AF1EE10FA00F393802FF000FAD8
:103D500030EE008A8B4B93E8070084E8070052A8F6
:103D60000EF082FA01238DF844310EF055FA8DF8E9
:103D70004501DFED857ADDED525A9DED536A03462C
:103D800094E80700B4EEE7AA2BAFF1EE10FA87E84B
:103D9000070071D5B6EE007AF4EEC78AF1EE10FA9C
:103DA0004CBF01210021B7EE087AF4EEC75AF1EEBC
:103DB00010FA63D5B4EEC76AF1EE10FA4CBF0122D7
:103DC0000022B0EE087AB4EEC7AAF1EE10FA57DC82
:103DD000F4EEE78AF1EE10FA52DCDFED6C6AB4EE35
:103DE000E68AF1EE10FA4BD500294BD1002B18BF13
:103DF0000122B4EEE7AAF1EE10FA45DCF6EE006A15
:103E0000F4EEE68AF1EE10FA3EDCDFED606AB4EE25
:103E1000E68AF1EE10FACCBF01210021F0EE006A33
:103E20005B4FF4EEE65AF1EE10FA7B782EDCB4EE3E
:103E3000E66AF1EE10FA29DCB4EEC7AAF1EE10FA48
:103E400037DCF4EEE78AF1EE10FA32DCDFED517A7E
:103E5000B4EEE78AF1EE10FA2BDC002B49D1002AF0
:103E600060D0D7E9023253EA02014BD1C7E90265BB
:103E700028E09FED498A6DE7002194E70022A0E742
:103E80000022B6E70A46B4E70121C7E7B4EEC7AAA5
:103E9000F1EE10FA0DDCF4EEE78AF1EE10FA08DC30
:103EA000DFED3C7AB4EEE78AF1EE10FA01DC00298E
:103EB000D3D0002BD3D0D7E9042352EA030105D194
:103EC000C7E9046597F801B0FFF76EBBB21A65EB5E
:103ED0000303FA2A73F10003F4DB00237B70002252
:103EE0000023C7E90223264B2C4D0FCB85E80F009A
:103EF000E8E700200021C7E90401002AB6D1C7E99C
:103F00000201DFE7F31A65EB020540F2DC5293424F
:103F100075F10005D6DB01237B7000220023C7E981
:103F20000423E0E700220023C7E90223F7E732F089
:103F3000D2F82B7806F0200623B1194B85F800A0A3
:103F4000C3E90001B8F1000F06D12EB9154B93F863
:103F50000080BBF1000F29D13B78134D022B02D01A
:103F60002B78012B06D132F0B6F82B78012B04BF49
:103F700000232B7000233B7034E000BFC871002089
:103F8000A4030020249204009A99993F8FC2753CA3
:103F900040000020CDCCCC3C0000000058000020A8
:103FA00000360020EFB20020EBB20020B44AB54B3F
:103FB000D2E90065861B61EB0505B8F1000F40F002
:103FC0003F83DFF8F0A2B24578EB0502C0F2F08241
:103FD0001B78012B06D843F699239E4275F1000306
:103FE00080F2008314F0BAF8002800F0E681499AC4
:103FF000002A40F3E281A44EB3691A44F369B26126
:104000009A42C0F0DA81336A00250133B561336228
:1040100032F061F8D6E90232C01A61EB0201F9F719
:10402000E9F8CDE92055CDE92255CDE92455CDE972
:104030002B552D95489DDFED957A07EE100A002D42
:1040400087EE278A00F31483499B002B00F3278314
:10405000204610F0F9FE18EE100AF8F723FC04468B
:10406000D9F800008A4E0D46F8F71CFCCDE90C018A
:104070002298F8F717FCCDE90A012198F8F712FC0D
:10408000CDE908012098F8F70DFCCDE90601259847
:10409000F8F708FCCDE904012498F8F703FCCDE912
:1040A00002012398F8F7FEFB22462B46CDE90001DA
:1040B000784832F0F9FE3068F8F7F4FB04462D98A2
:1040C0000D46F8F7EFFBCDE908012C98F8F7EAFB6D
:1040D000CDE906012B98F8F7E5FBCDE90401B068BE
:1040E000F8F7E0FBCDE902017068F8F7DBFB2B463F
:1040F000CDE900012246684832F0D6FE9DF84031F5
:1041000013B34A98F8F7CEFB04464F980D46F8F7DC
:10411000C9FBCDE908014E98F8F7C4FBCDE90601CB
:104120004D98F8F7BFFBCDE904014C98F8F7BAFBBE
:10413000CDE902014B98F8F7B5FB2246CDE9000125
:104140002B46564832F0B0FE554E3068F8F7AAFBC1
:10415000044619980D46F8F7A5FBCDE90A01189811
:10416000F8F7A0FBCDE908011798F8F79BFBCDE91C
:104170000601F068F8F796FBCDE90401B068F8F79E
:1041800091FBCDE902017068F8F78CFB2246CDE97E
:1041900000012B46434832F087FE9DF84431529887
:1041A000002B0CBF4E265926F8F77CFB0446589886
:1041B0000D46F8F777FBCDE90A015798F8F772FB3F
:1041C000CDE908015698F8F76DFBCDE90601559841
:1041D000F8F768FBCDE904015498F8F763FBCDE9E3
:1041E00002015398F8F75EFB2246CDE900012B4609
:1041F00031462D4832F058FEDDE967A39DED698A0E
:104200000E9318EE100AF8F74DFB04466A980D4617
:10421000F8F748FBDDED6B8A064618EE900A0F466C
:10422000F8F740FBF5EEC08AF1EE10FA80468946B9
:1042300040F34C82DFED1D7A28EE278AC8EE287AFB
:1042400017EE900AF8F72EFB0E9ACDE90601CDE99C
:10425000004517485146CDE90489CDE9026732F09F
:1042600023FE7798F8F71EFB044679980D46F8F779
:1042700019FBCDE902017898F8F714FB1CE000BFA8
:1042800000360020EBB200200800002000007A4435
:10429000B871002026380500603805008F38050009
:1042A000A4030020C2380500F93805000000C84208
:1042B0005339050080EE36002246CDE900012B4639
:1042C000A34832F0F1FD9DF8D841082C00F201829C
:1042D00014B3A048214632F0E7FDDFF8CCA2DFF8A6
:1042E000CC929D4F51AD002695F87030E86E002BB2
:1042F0000CBFD046C846F8F7D5FA01360B46024641
:104300004146384632F0D0FDF3B2A34205F108052C
:10431000EAD3924832F0C8FD914B1B78002B4CD069
:104320005E98F8F7BFFA04465F980D46F8F7BAFAB8
:104330002246CDE900012B468A4832F0B5FD9DF8B2
:1043400064315A98002B0CBF4E265926F8F7AAFA6A
:1043500004465D980D46F8F7A5FACDE904015C988E
:10436000F8F7A0FACDE902015B98F8F79BFA22462C
:104370002B46CDE900017C48314632F095FD60982E
:10438000F8F790FA044663980D46F8F78BFACDE9F2
:1043900006016298F8F786FACDE904016498F8F707
:1043A00081FACDE902016198F8F77CFA2246CDE95D
:1043B00000012B466D4832F077FD9FED6D0A6D4987
:1043C0006D4832F0F5F99FED6D0A6D49814617A8E9
:1043D00018F098F8804631F07EFE6A4B1B78002B6F
:1043E000694B0E46D3E9002305460CBF4FF47A71A2
:1043F0000A21B9F1000F0AD0B8F1000F07D0AA1AAC
:1044000066EB03038A4273F10003C0F2E6815A4C63
:10441000584FD4ED017A97ED016AD4ED006A97ED1B
:10442000007A67EE867A46EE877A0DF1AC0AD4ED13
:10443000026A97ED027A46EE877AD4ED036A97ED29
:10444000037A46EE877AB7EE000AF0EEE77AF4EEEA
:10445000407AF1EE10FAD8BFB0EE670A2EF078FE7F
:104460004A4B4B4AD3ED007A30EE000A30EE270A71
:1044700083ED000A13680133136094E80F0087E8A6
:104480000F0017AF97E807003D4B83E80700204671
:104490004049524632F023F99AE80F0051AC84E8C3
:1044A0000F003946384628F059FFB9F1000F06D001
:1044B000B8F1000F03D00023C7E90033BB60DDED86
:1044C000517AF4EE677AF1EE10FA15D6DDED527AF4
:1044D000F4EE677AF1EE10FA0ED6DDED537AF4EED3
:1044E000677AF1EE10FA07D6DDED547AF4EE677ACA
:1044F000F1EE10FAC0F1F380062021F04FFC38B144
:10450000254B436102230374002343748374C374F3
:1045100022494FF484522AF097FE1B4BC3E9005600
:10452000BBF1000F40F019811D4BC3E9005610F09C
:104530008DF91C4B93F88820002A00F018811B6A23
:10454000B3F5FA6FC0F24F81FDF736F90FE100BF06
:10455000A0390500BC390500D539050053250500F3
:10456000FFB10020DF3905000A3A0500573A05007F
:104570006F12833A94030020A40300200AD7233D3E
:10458000AC710020CD770020402C0020A8710020C5
:10459000A4710020DC030020A63A05006C90040002
:1045A0000036002060310020503605004D360500F1
:1045B000082021F0F3FB50B1C94B80F81180C0E90D
:1045C000053A0323037480F8128080F81380C549EC
:1045D0004FF4C6522AF038FE01233B70C24B1B78C1
:1045E000012B31D8082021F0D9FB98BB4FF403529E
:1045F000BC492AF029FEBC4B02221A70BB4B002793
:10460000B34277EB0505BFF6EDAC082021F0C6FB01
:1046100058B1B74B436145F260420023C0E906231D
:104620000423037447748774C7744FF40352AD496D
:104630002AF00AFE31F054FFAB4B03221A70D1E48A
:104640001B78012B7FF6C7ACA74B1B78022B7FF49E
:10465000C9ACD3E7A74B436145F260420023C0E9F0
:10466000062304230374002343748374C374BDE7D7
:1046700007EE905AF8EEE77A3FA820AA2BAB032169
:10468000F0EC016A86EEA77A0139D0ED056AA2EC5A
:10469000017A86EEA77AA3EC017AF1D1D4E407EE91
:1046A000903ADDED426AF8EEE77A86EEA77ADDED24
:1046B000436A8DED237A86EEA77ADDED446A8DEDAF
:1046C000247A86EEA77A8DED257AC1E451EC190B98
:1046D000BAE52146884832F0E7FB0824FDE5874F1C
:1046E0009FED870A3946204632F062F8804694E80A
:1046F0000F0087E80F00EFF31189402383F312883E
:10470000BFF36F8F7F4F384628F0A8FC00283EF497
:10471000CFA9384628F0C6FC94E80F0007F1040C36
:104720008CE80F0017AA07CA07F1140383E80700F3
:10473000012107F1300087F82C8031F0ABFC3846BE
:1047400028F09AFC00283EF45CAC89F31188BFF392
:104750006F8F6D4831F0E5FCDFE610F077F86B4BBA
:1047600093ED008AB4EE488AF1EE10FA3ED7684C19
:10477000D4E9002341F28831AA1A66EB03038A4286
:1047800073F1000303DB11F0B5FBC4E9005631F00F
:10479000A0FC119B5F4A604DC01A129B61EB0301A4
:1047A000A0FB020302FB013310F5804143F100003E
:1047B000D5E90032C90B41EA40415B1842EBD032E7
:1047C000C40B5648C5E90032D0E900238A42A34110
:1047D00038BFC0E90014FEF761BA10F037F8BBF13A
:1047E000000FBCD1A5E60FF00FFEC0E7DFF84C913B
:1047F00031F071FC99F8003007468846002BB6D09E
:10480000474BB3F84CB9BBF1000F03D0454BC3E99C
:104810000056ACE7DFF828A1DAE90032C31A61EBF1
:10482000020243F698218B4272F10002EEDBFBEEAE
:10483000047AB4EEE78AF1EE10FAE7D4DFED3A7AC3
:10484000B4EEE78AF1EE10FAE0DC082021F0A6FAD7
:10485000044678B1354B436118EE100AF8F722F898
:10486000C4E906010423237484F811B084F812B05B
:1048700084F813B020462E494FF403522AF0E4FC8A
:1048800001200CF0C9F808B9CAE9007899F800309D
:10489000002B3FF46CAFB9E700232360FEF70FBB9A
:1048A000336813F1090F4DDB03F10A044FF400469E
:1048B00040F2E73000214FF47A720023C4FB060176
:1048C000F8F790FB02460B461A4831F028FC002806
:1048D0003EF40BAB184A136801331360FEF705BBB7
:1048E000C137050054910400EBB200200097490144
:1048F00006380500E0370500BC390500947100203A
:104900000AD7A33BF84C002058090020E47100208E
:104910000836002040420F00483600204036002074
:1049200000F003200036002000007042BE3A05006F
:104930003C9004008809002090710020B3B2002050
:10494000F83500204A464B46BEE77BB0BDEC0C8BE9
:10495000BDE8F08F000000002DE9F04F04468DB057
:10496000F9B1BB4B1A8B42F210739A4261D8062000
:1049700021F014FA38B1B74B4361022303740023CA
:1049800043748374C374B4494FF486522AF05CFCB8
:1049900012F05AFD4FF0FF3014F0ACF812F072FD37
:1049A00047E0AE4AAA4EB2F900301080834218BFE9
:1049B000AB49AC4D1EBF0B7823F008030B7031F0F0
:1049C00088FBA94BC3E90001D6E90A01A74BC3E95B
:1049D0000001B5F90030013305D12C8031F079FBAD
:1049E000A34BC3E90001328BB6F9187042F2107381
:1049F0009A4223D9082021F0D1F9054680B19D4B78
:104A000043612046F7F73CFF9B4B0022F8F7CCF8B8
:104A10000423C5E906012B7400236B74AB74EB749B
:104A20008D494FF4035228462AF00EFC204614F01C
:104A300061F80DB0BDE8F04F0AF0A0BBB6F91A60FE
:104A4000A6F164039C4227DA0A2021F0A7F9054663
:104A5000C8B18A4B43613046F7F712FF864B0022FC
:104A6000F8F7A2F8C5E906012046F7F709FF824BDF
:104A70000022F8F799F80623C5E908012B740023F2
:104A80006B74AB74EB744FF44252734928462AF0AE
:104A9000DBFB12F0D9FCC9E706F164039C422ADD76
:104AA0000C2021F07BF90546D8B1754B4361754B5D
:104AB00083613046F7F7E4FE6F4B0022F8F774F895
:104AC000C5E908012046F7F7DBFE6B4B0022F8F73B
:104AD0006BF80823C5E90A012B7400236B74AB74CF
:104AE000EB7428465C4944F240022AF0ADFB12F018
:104AF000ABFC204650E707F164031BB29C4223DD68
:104B00000C2021F04BF90546D8B15F4B43615D4B5A
:104B100083613846F7F7B4FE574B0022F8F744F8A4
:104B2000C5E908012046F7F7ABFE534B0022F8F722
:104B30003BF80823C5E90A012B7400236B74AB749E
:104B4000EB7444F24002A0E7B5F90030581C00F0C5
:104B5000A380643B9C4280F29F80454F31F0B9FABC
:104B6000D7E90032C01A494B61EB0201984271F15A
:104B7000000180F0918031F0ACFA81460E20B5F949
:104B800000B0D7E900A7884621F008F905460028BB
:104B900047D03F4AB9EB0A0668EB0703A6FB02675A
:104BA00002FB03773B4B4361A4EB0B00F7F768FE76
:104BB000314B0022F7F7F8FFF60B46EA4746FF0BAA
:104BC000CDE9000130463946F7F78EFE1EA3D3E942
:104BD0000023F7F7E9FF02460B46DDE90001F7F78E
:104BE000E3FFC5E906015846F7F74AFE224B0022CB
:104BF000F7F7DAFFC5E908012046F7F741FE1E4B3B
:104C00000022F7F7D1FFC5E90C67C5E90A014FF0AB
:104C1000000A0A232B7485F811A085F812A085F8E4
:104C200013A00D4945F2C00228462AF00DFB12F0F0
:104C30000BFC204613F05EFF0A4B1C800C4BC3E9B3
:104C40000098F6E6AFF3008000000000389C8C412D
:104C500000F00320773C0500FC8F0400F4060020E0
:104C6000B5B200202C07002000120020C83500201B
:104C7000C0350020903C050000005940AC3C0500C8
:104C8000E63C050055430500213D050001001E00DE
:104C900040420F005C3D0500934BB3F91A20A2423D
:104CA000B3F91820C8BF5C836FF495710A4494422D
:104CB00080F29D80B3F930306FF4F97213449C4256
:104CC00080F295802046F7F7DBFD884B0022F7F74E
:104CD0006BFF064608200F4621F060F848B1844B70
:104CE0004361C0E90667042303740023437483749B
:104CF000C37480494FF403522AF0A6FA7A4BB3F9F1
:104D00001830A3F21F339C4268DA082021F046F8DD
:104D100048B1794B4361C0E906670423037400235B
:104D200043748374C37473494FF403522AF08CFAAA
:104D300004F2F31413F0C8FE4FF4FA7394FBF3F487
:104D4000694BD3E90A51D3E90E23E4B2122C28BFF0
:104D50001224AD1A61EB030A684BA5FB039803FB11
:104D60000A884FEAD9390E2049EA48494FF0000B2A
:104D70004FEAD83821F012F880B1614B4361C0E9A5
:104D80000667C0E90A5AC0E90C980A230462037452
:104D900080F811B080F812B080F813B0554945F290
:104DA000C0022AF051FAB5F5160F7AF1000321D2AC
:104DB0000A2020F0F3FF60B1524B4361524BC0E92F
:104DC0000898C0E9063406230374002343748374EF
:104DD000C3744FF4415247492AF036FA424BD3E9A3
:104DE0000A011A8EC3E90E01A2F5FA721A8613F0AF
:104DF0006BFE1EE604F109062022002104A8F6B28B
:104E000033F01CFC202204A9304618F029F9BDF823
:104E10001030079A0133ADF81030069B5B194AEB4E
:104E20000202CDE90632DDE908329D427AEB020149
:104E300001D3134301D1CDE9085A0A9BAB420B9B26
:104E4000304673EB0A0304AA4FF020034FF0000131
:104E500038BFCDE90A5A18F079F82C4B4FF0000A08
:104E600083F800A0BDF810300093DDE90672DDE99B
:104E700008631020DDE90A5B0392029320F08EFFA5
:104E800078B32349039A009BC361C0E905141B4909
:104E9000029B80F811A0A7FB017401FB0242FF0BEB
:104EA00047EA4247D20BC0E90872A6FB016201FB48
:104EB0000323F60B46EA4346DB0BC0E90C63A5FB74
:104EC000015301FB0B33ED0B45EA4345C0E90A985A
:104ED000DB0BC0E90E530C23037480F812A080F89A
:104EE00013A046F2C00276E700F00320000059400C
:104EF000973D0500FC8F0400AC3D050040420F00CB
:104F0000C43D05000F3E050045430500B5B2002035
:104F10004D3E0500000000002DE9F04F9FB0824695
:104F2000039117461C460025387810B9284600F032
:104F3000B2BD252809D00399D0470028C0F2AB851F
:104F40007B1C01350693069FEEE71822002110A86E
:104F500033F074FB7B78252B00F0BC800023791C98
:104F600098469E469C4618460E4611F8012B2B2A61
:104F700000F0E38000F2DA80202A00F0E180232AAA
:104F800000F0E1802BB19DF8483043F040038DF8EC
:104F90004830B8F1000F05D09DF8483043F02003A9
:104FA0008DF84830BEF1000F05D09DF8483043F031
:104FB00010038DF84830BCF1000F05D09DF8483043
:104FC00043F008038DF8483028B19DF8483043F08D
:104FD00004038DF848309DF8483003F0440144291B
:104FE00003D16FF386138DF848309DF848300E9644
:104FF00043F080032A2A8DF8483040F0A9809DF8BC
:10500000493043F001038DF84930731C1A782E2A79
:105010009DF849200CBF0121002161F341028DF868
:1050200049200CD15A1C0E925A782A2A40F0A080AE
:105030009DF8492042F004028DF8492002331A7885
:105040006C2A00F0C18000F2A380682A00F0A980D9
:105050006A2A00F0C2804C2A00F0C78013F8012BA6
:105060000693782A8DF84B2000F209816D2A00F210
:10507000C980692A00F20381572A00F2E280412A9E
:1050800004D0A2F14503022B00F2F9809DF84A30CA
:1050900002F0DF020421A2F1410961F30203D9F118
:1050A00000029DF849108DF84A3042EB090262F384
:1050B000C7110A068DF84910CBB200F11F8103F029
:1050C0007802182A40F009816FF3C6038DF8493041
:1050D0000023F8E08DF84B30BB1C06939DF8493057
:1050E0009DF84A20DE0702F0070040F1098154F8DC
:1050F000041B0491002908DA9DF8481041F00401CE
:105100008DF84810049949420491590740F10081F3
:1051100054F8046B002E80F2FF809DF849306FF345
:1051200041038DF849304FF0FF36F5E02D2A0DD0C0
:10513000302A7FF427AF012316E74FF0010C13E765
:105140004FF0010E10E74FF001080DE701200BE7CB
:105150000EA81FF0B9FE0E9BB3423FF457AF9DF867
:1051600048201390C00F60F341028DF848204DE7AE
:105170000EA81FF0A9FE9DF848301490C3F340021A
:1051800042EAD07262F341038DF848300E9B56E735
:10519000742A26D07A2A7FF461AF9DF8492006212F
:1051A0000CE05A78682A9DF8492006D1012161F364
:1051B000C6028DF84920023350E7022161F3C6028E
:1051C0008DF84920013349E75A786C2A9DF8492027
:1051D00001D10421EBE70321F0E79DF849200521E7
:1051E000ECE79DF849200721E8E7BDF8482022F4C4
:1051F000F04222F0020242F4804242F00202ADF894
:105200004820DFE76E3AD3B201229A4040F282434F
:105210001A429DF8493039D112F0240F61D1D107DB
:105220002DD59DF84A2003F07803A3F1400803210F
:1052300061F30202D8F100038DF84A2043EB080322
:1052400041E0A2F15801C9B2012000FA01F111F4C4
:10525000624F7FF41BAF40F6010319429DF84930BD
:105260001AD111F4043F0AD09DF84A2060F30202DB
:1052700003F07803402B8DF84A207FF429AF9DF886
:10528000483043F001038DF8483021E79DF84A206B
:10529000022161F30202EBE79DF84A10022003F0BD
:1052A000780360F30201402B8DF84A1002BF9DF88D
:1052B000481041F001018DF84810632A7FF408AFCF
:1052C000003B18BF01239DF84820C2F340010B4367
:1052D00063F341028DF8482000E713F0380FCED178
:1052E000F6E69DF84A20032113F0780F61F30202DD
:1052F0008DF84A2014BF01230023E4E70123E2E7ED
:105300009DF948100029B4BF13994FF0FF31FBE617
:105310009E077FF508AF149E00230428CDE91333C0
:105320009DF8493007D1990705D49DF94910002906
:10533000ACBF06260D2602F00702012AC3F3C30301
:105340002ED1DA1E042A04D8DFE802F00E43430E01
:105350000E0054F8042B012B4FEAE271CDE9102125
:1053600017D19DF9402001E054F8042BD117CDE965
:1053700010219DF848200592920754D0069B03996E
:105380003A46504631F068FB0028C0F28483054459
:10539000D9E5022BEDD111B242F3C03210912CE0CD
:1053A000022A30D1DA1E042A04D8DFE802F00E12F5
:1053B0001A22220054F8042B10920021012B119183
:1053C0001DD0022BD5D192B21BE054F8041B002251
:1053D000E4E7073424F00704F4E80201CDE9100102
:1053E000C7E7E21D22F007021446526854F8081B72
:1053F000D4E754F8042B109200221192B9E702F07E
:10540000FF021092B5E7042A08D1073424F00704FC
:10541000D4E900010834CDE91001AAE7032AA8D194
:1054200054F8042BEDE79DF84B80B8F1780F3FF668
:105430008AADB8F1570F5CD8B8F1250F00F0A48001
:10544000B8F1240F7FF67FADB8F1410F04D0A8F179
:105450004503022B3FF677ADDDE91023002BC0F2A8
:105460004D810599080700F14C81C1F300194FEAFD
:105470004919C3F30A51C3F31303002940F04481CF
:1054800052EA030014BF4FF0010C4FF0000CD80299
:1054900040EA5250D702CDE90C70B8F1460F47EA06
:1054A000010740EAE17008BF4FF06608384300F09A
:1054B000B981BCF1000F10D01B0343EA125317034C
:1054C0003A4618464FF0000C002880F25681BCF195
:1054D000000F40F05981CDE90C730D9B43F0004360
:1054E000A1F2FE3B0D930021DDE90C230F460520C0
:1054F00060E1A8F15802202A3FF625AD01A151F83C
:1055000022F000BFCF560100474F0100474F010076
:10551000474F0100474F0100474F0100474F01002F
:10552000474F0100474F010059540100474F010008
:105530007B5601008F560100595401005954010057
:1055400059540100474F01008F560100474F010099
:10555000474F0100474F0100474F0100D55601005A
:10556000CF5601001F560100474F0100474F010071
:1055700099550100474F0100CF560100474F0100E8
:10558000474F0100CF56010003994046D0470028FD
:10559000C0F281820135D6E4002E109F3BDB3146FC
:1055A000384632F0B9FD002F3FF4CDAC3E18F31B66
:1055B0004FF000099DF84A2012F01001059100F00B
:1055C0005F82023312F04002DDF84C80089218BF6F
:1055D000149ACDF81C80434418BF9B18049A002AE3
:1055E00040F36982D31A9DF8482004935007C2F310
:1055F000800B00F16082510640F15082B9F1000F3A
:1056000007D003994846D0470028C0F244820135AC
:10561000D946302243E23846F7F7E3FEC6E7109852
:10562000002800F028820DF17503009312AA17AB31
:1056300000211FF05FFCBDF84A3003F0EF0343F494
:10564000F04343F010030746ADF84A304FF000092D
:10565000002E0CDB9DF848200DF17503DB1B6FF36A
:105660008612B3428DF8482001D2F31A1393002F0B
:105670003FF469AC0DF175066DE0109B8DF85C3060
:105680004FF000090DF15D0617AF012392E7059B6E
:105690001F0758BFC3F30019DDE9102354BF4FEAB9
:1056A00049194FF02B09002B06DA524263EB4303F2
:1056B000CDE910234FF02D090DF175030093DDE9BD
:1056C000100117AB12AA1FF015FC0746C0E74FF0F8
:1056D0000009F1E7109A072B3FF635ACDFE803F03D
:1056E0000C04060C08080C0C15702CE415802AE438
:1056F000EB17C2E9005326E4156024E44FF02D09AE
:10570000B7E64FF02B09B4E640F2FF70814231D189
:1057100008F10108A4495FFA88F8134311F808104A
:1057200001F003011ED101290BBF492369234E213A
:105730006E210CBF462266228DF85C309DF8483001
:105740008DF85D106FF386138DF85E208DF848306C
:105750000DF15F0617AFF31BB9F1000F3FF42AAF4D
:10576000013327E7012915BF6E234E236121412113
:105770001A46E1E74FF0000C89E6921801F1FF317B
:1057800040414FF0010C9FE6CDE90C20A5E6520800
:1057900042EAC3725B08B3F1333F59460BF1010B88
:1057A000F5D200FB03FCA2FB002301F1020B6344D2
:1057B000013F01211BF1020FE9DB09B1CDE90C2307
:1057C000BBF1000FDDE90C322FDCCBF10401A1F1BC
:1057D00020000BF11C0B02FA0BFB22FA00F0CA406E
:1057E000CB40079208F0DF0243EA0B03472A43EA63
:1057F00000037FD1F91C01DBBE422CDAA8F10208BC
:10580000002E5FFA88F87EDD9DF84820920606F1AA
:10581000FF3678D4002ED4BF4FF0000B4FF0010BB1
:10582000721C28E04FF0000B5DE6023342F10002EB
:105830000CA8CDE90C3231F0E0F8DDE90C320BF1C7
:10584000FF3B0137DB185241002A0BF1FF3BF9DA2D
:10585000CDE90C32B4E79DF848209006A6EB070688
:105860004ED4002ED4BF4FF0000B4FF0010BF219B5
:105870004FF066084AD4102AA8BF10229FED487B3B
:105880008DED0E7B10200B90DDE90E01002A3FD13B
:10589000079A1B1842EB0101B1F1805F47D2CDE9B5
:1058A0000C31059BB8F1660F03F0200240F0C38075
:1058B000002F47DC30238DF85C30002A76D1002E93
:1058C00040F3BC812E238DF85D3087B17B42B3421B
:1058D000A8BF33469DF84A201393002BA6EB03067E
:1058E000D4BF0023012363F345128DF84A200DF144
:1058F0005E0340E0B8F1660F4FF0000BB7D08FE7C2
:105900004FF0000BB3E74FF0000B89E70022B5E73B
:10591000400840EAC1704908CDE90E010EA8CDE962
:10592000082331F06AF8089A099B013AACE75B0852
:1059300043EAC1730CA84908CDE90C31013731F0B5
:105940005CF8AEE717AB0B9900290BDD0BA90CA88F
:105950000792059331F069F8059B079A03F8010B4C
:10596000013FF0D11397AAB9002E40F365812E2193
:1059700003F8011B0027002E21DD0B9A002A1EDDF3
:105980000BA90CA8059331F050F8059B013E03F8D4
:10599000010BF0E72E2203F8012BEBE7AFF30080B9
:1059A0000000000000000008B9A405002E238DF8B7
:1059B0005D30002F9BD0002E88DC0DF15E03BBF123
:1059C000000F4CD114961E4608F0DF03452B21D161
:1059D000002FBABF7F422D232B23632FC8BF642221
:1059E0007370C2BFB7FBF2F303F1300102FB137710
:1059F0004FF00A0286F80080CABFB1700236033643
:105A0000B7FBF2F303F1300102FB13733033317053
:105A100073700236139B002B2BDC149B002BD4BF1E
:105A2000002301239DF84A2063F3861200238DF89A
:105A30004A2033708EE60BA90CA8059230F0F5FFD2
:105A4000059A8DF85C00302818BF07F1FF3712B9AE
:105A5000002E40F3F3802E238DF85D3047E71E467D
:105A6000013B16F8012C302AF9D02E2A08BF1E4619
:105A7000AAE70123D6E7734E8146771F052399E5F0
:105A8000110748BF01339DE5104609920399D0479D
:105A90000028099A05DA1FB0BDE8F08F2022DDF852
:105AA00010B0594600290BF1FF3BEDDC049BCDF80B
:105AB00010B02B445D1AB9F1000F05D00399484688
:105AC000D0470028E7DB0135089B002B79D09DF9F2
:105AD0004930002B29DBDFF870913B46187819F824
:105AE000002052079B4603F101033FD49DF84A3042
:105AF000EF1B98065F4407D44246002A08F1FF389E
:105B00003BDC079B3B449F1A9BF800002E280AD1E0
:105B10000399D0470028BEDBB8F1000F07F1010759
:105B200031DC0BF1010B5D4638E0B94699F8000015
:105B30007028C84609F1010913D1EF1B149D474491
:105B40003D44EB1B002B34DC039933464246504660
:105B500030F082FF00289EDB3844049E0546064450
:105B600065E00399D0470028E0DA94E705930399AC
:105B7000D0470028059BB1DA8DE703993020D04744
:105B80000028B9DA87E703993020D04708F1FF38B9
:105B9000C0E70399D0470028FFF67DAF287819F8B1
:105BA00000305907A84605F10105F2D4A7EB0B0711
:105BB000C4E703993020D0470028FFF66CAF0137C7
:105BC000BFE79DF84A30DA0601D41B0706D50399D2
:105BD0003020D0470028FFF65EAF0135059B3BB172
:105BE00003999DF84B00D0470028FFF654AF0135CC
:105BF000A84406E003993020D0470028FFF64BAFB9
:105C00000135A8EB0503002BF4DC039933463A4633
:105C1000504630F021FF0028FFF63DAF28449CE7B6
:105C200003992020D0470028FFF635AF0135731BBC
:105C3000002BF5DCFFF787B91746C0E60DF15D03D1
:105C4000BDE600BF94810500BAA405000000000075
:105C50002DE9F04F2DED028BB5EEC00AF1EE10FAF2
:105C600087B0B0EE608A82468B4640F28F80F5EEB8
:105C7000C00AF1EE10FA40F28980F6EE007A60EE8A
:105C8000A77AB4EEE70AF1EE10FA7FD410EE100A0C
:105C9000F6F708FE02460B4644A1D1E90001F6F7EB
:105CA00083FF44A3D3E90023F6F754FE044618EE1D
:105CB000100A0D46F6F7F6FD02460B462046294629
:105CC000F6F748FEF7F73EF900EE100A2DF0E0F97E
:105CD00010EE100AF6F7E6FD02460B4604460D46A6
:105CE000F6F738FE35A3D3E90023CDE900012046BD
:105CF0002946F6F72FFE02460B46CDE90401DDE901
:105D00000001F6F771FC284B0022F6F76DFC024605
:105D10000B46CDE90201DDE90001F6F745FF024639
:105D20000B4606460F46F6F75FFC1F4B0022044663
:105D30000D46DDE90001F6F755FC02460B46F6F785
:105D400053FCDDE90223F6F72FFFDDE9042380464B
:105D5000894600201449F6F745FCDDE90023F6F7F3
:105D600043FCDDE90223F6F71FFF32463B46CAE952
:105D70000023CAE90245CAE90467CBE90089CBE9F7
:105D8000020107B0BDEC028BBDE8F08F00240025B6
:105D9000054B002226462F46A046A9462046294606
:105DA000E5E700BFAFF300800000F03F00000020F7
:105DB00064CFCC3F00000060FB2109400000006080
:105DC0009EA0F63F000000002DE9F04F2DED028B64
:105DD000ADF5137D9FED647B1C939E9B0890013B6A
:105DE00015939E9B2F91DB0001935B422A939E9B10
:105DF00027925B008DED187B8F93159B0293029A7F
:105E00009E9B53432693269A089B03EBC2030A9357
:105E1000029B0A9A03F10053013B02EBC3038E93EA
:105E200001231693019BC3F1FF2303F57F03F8338E
:105E30001493029B013B0993029B8E9C0A9D0C9339
:105E40000C9B002B40F03E81029B0C9A9B1A00F0A9
:105E50006881012B00F08682169A0A23B2FBF3F5C3
:105E600003FB1525099B4FEAC3080A9B08F10804A8
:105E700003EB0409D9E9006703EB080A002D40F0A1
:105E800013843B46DDE918013246F6F7ADFB019B72
:105E9000089ECDE9180103F10807D9E90023D6E9E6
:105EA0000001F6F79FFB029B0135AB42C6E90001FA
:105EB0003E44F2DA9E9A029B0A999B1A03F1005320
:105EC0000A9A023B02EBC30251F833303C93536809
:105ED00023F000433D9351F808303E93DAF8043044
:105EE00023F000433F93DDE93E23DDE93C01F6F773
:105EF0007BFB02460B4606460F46F6F72BFD1C4B76
:105F0000CDE92201002230463946F6F723FDCDE9DE
:105F10000601029B0299023B0493049A9E9B534301
:105F2000089A02EBC3039E9A0A44D1001091029989
:105F300003EBC202CD1E9E990E928F9A6D1A0299A2
:105F4000013A0A441C4403EBC50503EBC2031A9350
:105F5000109B2B93083B049A10930C9B934240F3A5
:105F6000C98307E0AFF300800000000000000000DC
:105F70000000F83F049B019A0498991CDD009E9B49
:105F800008324B431E92DA0002EBC002089802442A
:105F90000298884280F27A849E99049A0B44089968
:105FA000033205EBC3030B440299914280F27684DD
:105FB0009E9B049A02FB03F4089B03EBC40404EBCE
:105FC000050ADAE90067DDE9062330463946F6F7C7
:105FD00009FB32463B46F6F7BDFCDDE92223F6F726
:105FE00003FB2B9B234453E90423F6F7DDFDDAE999
:105FF0000223F6F7F9FA109B234480468946D3E939
:10600000002330463946F6F7EFFADDE90623F6F7C6
:10601000E9FA9E9A049BCDF8688103EB420304EBF6
:10602000C303D3E90267CDE9060129F000435B937E
:10603000069B5C93079B23F000435D93DDE95C23A3
:10604000DDE95A01F6F7D0FA27F000435E965F9338
:10605000DDE95E23F6F7C8FACDE9100102460B46EA
:1060600040464946F6F7A0FDDDE910238046894603
:10607000DDE90601F6F798FDDDE91023CDE90E0113
:1060800030463946F6F790FD083D631910939E9B04
:10609000DDF810B0CDF868A0CDE906011B019193A1
:1060A000099B9B4540F30A84169B0133652B16938D
:1060B0007FF4C2AE4FF0FF300DF5137DBDEC028BC7
:1060C000BDE8F08F23682893636823F00043299389
:1060D000019BE31A1A685B68369223F000433793FA
:1060E000A3683893E36823F000433993DDE938234C
:1060F000DDE93601F6F778FA994B0022F6F72AFC2B
:106100000B46149902460C44DDE92801F6F79EFE81
:1061100000287FF499AE0C9B013B0C932A9B1D44F5
:106120008EE60C9B05EBC305DC00DDE91801D5E923
:106130000023F6F759FA279B2344C5E900019FED98
:10614000847BC3E900011C9B1C4484ED007B029B03
:106150000993099B013B0293099B002B7FF44FAEEF
:10616000089B019AD3E9000323F00041019B03F14E
:106170000806089B9C1801231293129B27465D1E5C
:106180009E9BAB4200F3B185129B01331093109A92
:106190009E9B9342344440F0A585714B0022F6F754
:1061A000D9FB019A1C9B13443E931346159ACDE9E3
:1061B00046015A4308990198D31ACB183A93129B77
:1061C000023B03FB00113891279901441891109963
:1061D00001FB0333089901EBC30336930B461344C9
:1061E0000C93109A159B02FB033301EBC3030A9334
:1061F000109B1B01083B24939FED578B3E9B0993FB
:10620000159B0E930E9BDB002293099B029373E96F
:1062100002AB09930E9B2893013B0E9300220023AF
:1062200050465946F6F7FEFD002800F063860A9BAB
:10623000DDF8E890289F0E9C9FED457B83ED008B59
:106240000C9B8DED167BA3F10805099B1E93631C27
:106250008DED047B40F05685019A3A9B9B1A3A9348
:10626000389B9B1A3893189B149A083B1893369BBB
:10627000134436930C9B13440C930A9B13440A93C8
:10628000249B083B24930E9B0133BBD1019BA3F1BC
:1062900008043E9B73E9026700223E9330460023C8
:1062A0003946F6F7C9FD0546002801F0AF812F9D5C
:1062B000A4F10809002704F1080A9FED257B8DED64
:1062C000027B8DED047B089EA84605EB0A0BB8EC1B
:1062D000027B09EB060351EC170BD3E900238DED8C
:1062E000067BF6F737FB02460B46DDE90401F6F7BD
:1062F0007BF9A319D3E90023CDE90401DDE9060107
:10630000F6F728FB0B460246DDE90201F6F76CF9C9
:10631000019BC345CDE902011E44D8D19DED047B0C
:1063200009EB050383ED007B129A6319C3E90001B1
:10633000019B97421D4407F1010341F06481159BC5
:10634000013B15930133A4F10804A2D10020B3E668
:106350000000000000000000000000000000F03F0E
:106360000000B03C9E9A269B9B1A089A02EBC30B36
:10637000099BDB000493099B0BEBC30A049B0833C6
:106380000693DAE900890A9B069A9C18D4E900234F
:1063900040464946F6F726F9B34B0022F6F7DAFAFB
:1063A0000A9B049A13440E93069BCDE90C010BEB58
:1063B00003010E9BD1E90001D3E90023F6F7CAFAE5
:1063C000DDE90C23CDE9100110461946F6F7C2FAB3
:1063D000DDE91023F6F708F9DDE9182306460F4634
:1063E00040464946F6F700F9CAE90001DDE918011F
:1063F000D4E90023F6F7F8F8049A279B1344CDE973
:106400000A01C4E900011693279B069A03EB0209CF
:106410001C9B049A03EB0208069A30469D183946E5
:1064200000220023F6F726FD002800F01F8147EC2C
:10643000106B2CF059FE00220023DDE90C0157EC13
:10644000106BF6F7F9FC32463B46002800F0CD8091
:10645000DDE90C01F6F7C6F806460F4602460B4684
:10646000DDE90A01F6F7C0F8169B3246C3E90001E0
:10647000DDE910013B46F6F797FB02460B46D4E9EF
:106480000001F6F7AFF89FED767BC9E9000188EDD2
:10649000007B85ED007B0E9BD3E9008942464B468D
:1064A00040464946F6F756FA324604460D463B4604
:1064B00030463946F6F74EFA02460B462046294644
:1064C000F6F792F841EC100B2CF00EFE55EC104B49
:1064D000404622462B464946F6F766FB2246CDE962
:1064E0000A012B4630463946F6F75EFB019B049ABB
:1064F000099DCDE90C019C185C449E9BAB4279DC64
:10650000089C0025049B1F19069B1E19D6E9002331
:10651000DDE90A01F6F71EFAD7E900AB80468946A5
:1065200052465B46DDE90C01F6F714FA02460B46CB
:1065300040464946F6F758F8C7E90001DDE90C0185
:10654000D6E90023F6F706FA5246804689465B46AE
:10655000DDE90A01F6F7FEF90B46024649464046D8
:10656000F6F740F8019B1C44029B0135AB42C6E99B
:106570000001C7DA2F9C0025049B1F19069B1E19DA
:10658000D6E90023DDE90A01F6F7E4F9D7E900AB23
:106590008046894652465B46DDE90C01F6F7DAF99A
:1065A00002460B4640464946F6F71EF8C7E9000189
:1065B000DDE90C01D6E90023F6F7CCF95246804616
:1065C00089465B46DDE90A01F6F7C4F90B46024647
:1065D00049464046F6F706F8019B1C449E9B013550
:1065E000AB42C6E90001C7D1B3E5DDE90C01F5F71F
:1065F000FBFF31E7DAE9008994ED007B42464B4628
:10660000DDE90C018DED0E7BF6F7A4F9DDE90E2333
:1066100006460F46DDE90A01F6F79CF902460B46ED
:1066200030463946F5F7E0FFEAE80201DDE90C0102
:10663000F4E80223F6F78EF9424606460F464B462B
:10664000DDE90A01F6F786F902460B46304639467F
:10665000F5F7C8FF013544E902014EE7AFF30080CA
:1066600000000000000000000000E03FDDE90A2318
:10667000DDE90C01F5F7B8FF169B3A96C3E9000176
:1066800027F000433B93C9E900019DED3A0B2CF044
:106690002BFD1C9B069957EC106B88ED000B5E5090
:1066A00007F100436B6054E50A9B2A9A9D18A844A1
:1066B000D8E9008932463B4640464946F5F794FF03
:1066C0003246CDE906013B4640464946F6F742F9D7
:1066D0002544DAE9002306460F46D5E90001F6F71E
:1066E00039F902460B4630463946F5F77BFFCDE9CE
:1066F00022010EE454E90467DDE9062330463946F9
:10670000F5F770FF32463B46F6F724F9DDE9222320
:10671000F5F76AFF0E9B53E90423F6F745FA54E9AF
:106720000223F5F761FF0E9B13ED027B824653ECCB
:10673000172B8B46304639468DED1E7BF5F754FFFF
:10674000DDE90623F5F74EFF1A9BCDF818A193ED6E
:10675000007B2BF00043CDE9473021F00043499303
:10676000DDE9482380468946DDE946018DED207B41
:10677000F5F73AFF209B4A93219B23F000434B936C
:10678000DDE94A23F5F730FFCDE9240102460B4647
:1067900050465946F6F708FADDE9242382468B462F
:1067A00040464946F6F700FADDE92423804689464B
:1067B000DDE92001F6F7F8F90C9B049A93423FF4C7
:1067C000D9AB54F8183C4C9354F8143C23F00043D4
:1067D000CDE94D3829F00043CDE94F3021F0004399
:1067E0005193DDE95023DDE94E01F5F7FDFE024648
:1067F0000B46DDE94C01F6F7ADF8049B03F1FF38D9
:106800002B6852936B6823F00043CDE9533627F091
:1068100000435593DDE95423CDE92001DDE9520120
:10682000F5F7E2FE1E9B56931F9B23F00043579300
:10683000DDE95623F5F7D8FE2BF000435993CDF848
:1068400060A11D4B06460F460022DDE95801F6F710
:1068500081F802460B4630463946F6F77BF80B4680
:10686000149902460C4414980D440E9901440E915B
:106870001A9901441A91DDE92001F6F7E7FA002898
:106880007FF478ABCDF81080FFF762BB9FED087BFB
:106890001E9882ED007B0131FFF779BB9FED047BF1
:1068A0001E9983ED007B0132FFF77DBBAFF30080C3
:1068B00000000000000000000000B03C049B9B456D
:1068C0004DDD099B9B4500F04981919B109A134433
:1068D00093ED007B109B109AD3E90067019B6096B3
:1068E0001344D3E9004527F00043CDE9613425F096
:1068F00000436393DDE96223DDE960018DED067BF2
:10690000F5F772FE069B6493079B23F000436593A3
:10691000DDE96423F5F768FE02460B46CDE9122354
:1069200000220023F6F77EFA002840F00C81DDE912
:10693000122330463946F6F737F9DDE9122380464F
:10694000894620462946F6F72FF9DDE91223CDE9DD
:106950000E01DDE90601F6F727F9CDE90601424609
:106960004B4640464946F5F7F5FFDDE90E23044660
:106970000D4610461946F5F7EDFF02460B46204638
:106980002946F5F731FEDDE9062304460D4610469B
:106990001946F5F7DFFF02460B4620462946F5F774
:1069A00023FE41EC100B2CF09FFB002200234046FD
:1069B000494655EC104BF6F73FFA28B105F1004374
:1069C00066946793DDE96645049B9B4540F3C98067
:1069D00005F1004369936894DDE91223DDE968015C
:1069E000F5F7B8FF109BC3E9000122462B4640464D
:1069F0004946F5F7F9FD22462B4606460F46F6F7BF
:106A0000D3F82246CDE912012B46DDE90E01F6F757
:106A1000CBF82246CDE922012B46DDE90601F6F747
:106A2000C3F832463B46CDE92401DDE90E01F6F715
:106A3000BBF832463B46CDE90E01DDE90601F6F72B
:106A4000B3F81A9A019BCDE906019E181346019AE4
:106A5000984603EB4207D9469E9B4B4500F3948032
:106A6000029A089E0BF103039342A8BF134690932A
:106A70004FEACB03209308332B93209B10332E93A4
:106A80000027909BBB4280F2D1802F9C0025209B49
:106A90001E192B9BDDE912011F19D6E90023F5F71A
:106AA00059FFD7E9002380468946DDE92201F5F741
:106AB00051FF0B46024649464046F5F795FD099BB6
:106AC0009B458046894622D02E9B03EB040A9AED13
:106AD000007BDDE9240153EC172B8DED2C7BF5F7C2
:106AE00039FF02460B4640464946F5F77DFD024612
:106AF0000B4680468946DDE90601F5F72BFF024685
:106B00000B46DDE92C01F5F76DFDCAE900014246AF
:106B10004B46DDE90E01F5F71DFF02460B46D7E9AE
:106B20000001F5F75FFDC7E900014B46D6E900011A
:106B30004246F5F757FD019B1C449E9B0135AB4235
:106B4000C6E90001A3D1109B1E9A134410931A9B0F
:106B500013440BF1010B1A93FFF7A2BA9FEDA67B2A
:106B6000B8E60C9B049A93423FF43FAF109B1B681E
:106B70006A93109B5B6803F100436B939DED6A7B06
:106B8000109B83ED007B30E7D6E90023DDE90E01A1
:106B9000CDF88080F5F7DEFED8E90023F5F724FD77
:106BA000099B9B45B24604460D461FD097ED007BDE
:106BB000DDE9060153EC172B8DED207BF5F7CAFEBE
:106BC00002460B4620462946F5F70EFD02460B46C7
:106BD00004460D46DDE92401F5F7BCFE02460B46EE
:106BE000DDE92001F5F7FEFCC7E9000122462B464E
:106BF000DDE92201F5F7AEFE02460B46DAE90001B7
:106C0000F5F7F0FC2246E6E802012B46DDE9120129
:106C1000F5F7A0FE02460B46D8E90001F5F7E2FCC5
:106C200009F10109E8E80201083715E7209B03EBA9
:106C300006082B9BDDE9120103EB0609D8E90023C6
:106C4000F5F788FED9E9002304460D46DDE9220167
:106C5000F5F780FE0B46024629462046F5F7C4FCB0
:106C6000099B9B4504460D4622D02E9B03EB060A4A
:106C70009AED007BDDE9240153EC172B8DED2C7B85
:106C8000F5F768FE02460B4620462946F5F7ACFCB0
:106C900002460B4604460D46DDE90601F5F75AFEAD
:106CA00002460B46DDE92C01F5F79CFCCAE9000120
:106CB00022462B46DDE90E01F5F74CFE02460B4657
:106CC000D9E90001F5F78EFCC9E900012B46D8E9A6
:106CD00000012246F5F786FC019BC8E90001013757
:106CE0001E44CEE6109BFFF747BAF7E8022323F0D5
:106CF00000436C926D93DDE96C23F5F775FC01356B
:106D0000FFF73EBA189B13ED027B55E9020153ECE5
:106D1000172B8DED1C7BF5F765FC229B03EB090817
:106D2000109B98ED007B07FB03F6229BCDE9060143
:106D300003EBC6068DED027B089B09EBC70B1E44D7
:106D4000BA46289B534540DC1E9B33ED027B002254
:106D50001E9351EC170B00238DED1A7BF6F76CF8A0
:106D600030BBDDE91A0100220023F6F75BF80028AA
:106D700046D0029B4093039B03F100434193DDE91E
:106D8000060100220023F6F74DF8002830D1DDE996
:106D90000623DDE94001F5F707FFC8E900019DED95
:106DA000167B8DED027B9DED047B8DED067B2746EA
:106DB0002A9B9DED027B9944149B8DED167B013C33
:106DC0009DED067B1D44FFF742BAD6E90023FBE8A0
:106DD0000201F5F7BFFD0B460246DDE90201F5F7BA
:106DE00003FC019BCDE902010AF1010A1E44A8E758
:106DF000DDE94623CDE700BF0000000000000000F1
:106E0000019B2B4413ED027B279B03EBC401D1E9CB
:106E10000001DDE91C238DED207BF5F7E3FB024645
:106E20000B46F5F797FDD5E900ABCDE91C01DDE98F
:106E3000162350465946F5F78DFDDDE90423064635
:106E40000F46DDE90201F5F785FD02460B463046A7
:106E50003946F5F7C7FBDDE91A2306460F4610460B
:106E60001946F5F777FDDDE91C23F5F7BDFB024672
:106E70000B4630463946F5F797FE249BCDF8B8A16E
:106E800006460F46C8E9006709EB03082BF00043EC
:106E90006F93049B7093059B23F000437193DDE98E
:106EA0007023DDE96E01F5F7E5FF32463B4680B120
:106EB000DDE90601F5F74EFDDDE90223F5F794FB68
:106EC00001F1004373937290DDE9720152465B4613
:106ED00061E7DDE92001F5F73DFDDDE91623F5F772
:106EE00083FB01F1004375937490DDE90423DDE930
:106EF000740150E70022002350465946F5F79CFFE5
:106F000000283FF4A9A90A9B53E902670C9B7696D7
:106F100053E90245189B53E9028927F00043CDE964
:106F2000773425F000437993DDE97823DDE97601B4
:106F3000F5F7A0FF002800F0FF800A994246D1E94A
:106F400000014B46F5F74EFB01F100437B937A902D
:106F500032463B46DDE97A01F5F726FE0C9B43E914
:106F60000401099B1B687C93099B5B6803F1004348
:106F70007D930A9BDDE97C0153E90223F5F714FEBA
:106F80000C9BDDF8E0900E9D1FED657B43E902014F
:106F90000A9B03ED028B83ED007B289B023B2B9326
:106FA000229B083B4893249B083B5093029B103B39
:106FB0004A93189B8DED207B083B8DED1E7B3C9307
:106FC000369B26932B9B002B8DED067BFFF644A969
:106FD000189B269913ED027BD1E9000153EC172B86
:106FE0008DED1A7BF5F7FEFA229B1FED7D7B4B445E
:106FF000D3E900672E93109BCDE9020105FB03F452
:107000008DED047B089B09EBC50A03EBC404A8467D
:10701000289B434500F3E3804A9B33ED027B00222B
:107020004A9351EC170B00238DED1C7BF5F704FF01
:1070300000286CD1099BD3E900AB52465B46504611
:107040005946F5F787FC489BCDE94C0109EB03084D
:10705000DDE91C0100220023F5F7E4FE002800F022
:10706000E78007F100433393049B3493059B3296EA
:1070700003F100433593DDE9022310461946F5F785
:1070800069FCDDE94C23F5F7AFFADDE9322304466C
:107090000D46DDE90201F5F75DFC524606460F4656
:1070A0005B46DDE93401F5F755FC02460B463046F8
:1070B0003946F5F799FA22462B46F5F775FDDDE9D5
:1070C0003423C8E90001DDE90201F5F743FC52462B
:1070D00006460F465B46DDE93201F5F73BFC02460A
:1070E0000B4630463946F5F77DFA2B462246F5F732
:1070F0005BFD2E9BC3E900019DED207B8DED047BA4
:107100009DED067BDDE91E678DED027B2B9D2A9BA5
:10711000149A99442B9B013B2B933C9B083B9DED80
:10712000047B3C93269B13448DED207BCDE91E67A9
:107130009DED027B269345E70C99309405F10043C1
:10714000424651E9040131934B46F5F74BFA0246AA
:107150000B4604460D46F5F7FDFB524606460F4624
:107160005B4650465946F5F7F5FB02460B4630465E
:107170003946F5F739FA224606460F462B46DDE931
:107180003001F5F7E7FB0022804689460023504690
:107190005946F5F7DFFB02460B4640464946F5F7F0
:1071A00023FA32463B46F5F7FFFC0C9B002243E9ED
:1071B0000401002320462946F5F7CCFBDDE9302306
:1071C00004460D4650465946F5F7C4FB02460B46A9
:1071D00020462946F5F706FA32463B46CEE6BAEC9B
:1071E000027B489B234451EC170BD3E900238DED20
:1071F000167BF5F7AFFB02460B4630463946F5F7EE
:10720000F3F9229B2344D3E9002306460F46DDE928
:107210001601F5F79FFB0B460246DDE90401F5F781
:10722000E3F9019BCDE9040108F101081C44EFE6F4
:10723000269B269A3C9993ED027B019B13448DED8E
:10724000167B93ED007B51E90401DDE91A238DEDF6
:107250002C7BF5F7C7F902460B4604460D46F5F7B9
:10726000C3F952465B46F5F775FB2246CDE91A0194
:107270002B4620462946F5F76DFBDDE91C23044625
:107280000D4610461946F5F765FB02460B462046AB
:107290002946F5F7A9F9DDE94C23F5F7A3F90246EC
:1072A0000B46CDE91C23169B4293179B23F000430A
:1072B0004393069B4493079B23F00043459300228E
:1072C0000023F5F7AFFD00282FD0DDE91A010022D9
:1072D0000023F5F7A7FD40B3029B7E93039B23F0A9
:1072E00000437F93DDE97E01DDE94223F5F77CF978
:1072F0002C9B80932D9B23F000438193DDE9802319
:10730000F5F772F9DDE94423F5F76EF92BF0004348
:10731000CDF808A28393DDE98223F5F765F9DDE96D
:107320004623F5F717FBCDE91C01DDE91E23DDE956
:107330001601F5F70FFBDDE9062304460D4630463E
:107340003946F5F707FB02460B4620462946F5F776
:1073500049F9524604460D465B46DDE90401F5F75E
:10736000F9FA02460B4620462946F5F73DF9DDE9D4
:107370002023CDE94C01DDE91601F5F7EBFADDE953
:10738000062304460D46DDE90401F5F7E3FA02465B
:107390000B4620462946F5F725F9524604460D4688
:1073A0005B4630463946F5F7D5FA02460B4620468D
:1073B0002946F5F717F9DDE91C23CDE94E01104602
:1073C0001946F5F7C7FADDE91A2304460D461046BB
:1073D0001946F5F7BFFA02460B4620462946F5F74F
:1073E00003F9DDE91C2304460D46DDE94C01F5F700
:1073F000B1FADDE94E2382468B46DDE91A01F5F745
:10740000A9FA02460B4650465946F5F7EDF82246D2
:107410002B46F5F7C9FBC8E90001DDE91C23DDE9CE
:107420004E01F5F797FADDE94C2382468B46DDE9FC
:107430001A01F5F78FFA02460B4650465946F5F702
:10744000D1F822462B46F5F7AFFB2E9B04460D469E
:10745000C3E90045099BD3E900AB509BCDF810A2CE
:107460004B441A93249B4B441C932BF0004385936D
:10747000DDE98401DDE94423F5F7B6F8DDE94223CF
:10748000F5F7DAFC00284CD007F100438793DDE9DB
:107490000201D8E900238696F5F75CFA02460B460E
:1074A000DDE98601F5F79EF822462B4606460F4693
:1074B00050465946F5F74EFADDE91623F5F774FB09
:1074C00002460B4630463946F5F78EF81A9BC3E95B
:1074D0000001049B8893059B03F1004389932E9B35
:1074E000DDE90201D3E90023F5F734FA02460B4641
:1074F000DDE98801F5F776F80D460999D8E900230A
:107500000446D1E90001F5F725FADDE91623F5F780
:107510004BFB02460B4620462946F5F763F81C9BB9
:10752000E8E51E9B8A931F9B03F100438B93DDE9E3
:107530002C01D8E90023F5F70DFA02460B46DDE9E8
:107540008A01F5F74FF8209B8C93219B03F10043B0
:10755000CDE902018D9322462B46DDE92C01F5F79A
:10756000F9F902460B46DDE98C01F5F73BF8DDE958
:10757000062306460F4610461946F5F7EBF9524624
:1075800004460D465B4650465946F5F7E3F9024678
:107590000B4620462946F5F727F8DDE90223044685
:1075A0000D46DDE90601F5F7D5F93246CDE90401CE
:1075B0003B4650465946F5F7CDF902460B46DDE904
:1075C0000401F5F711F822462B46F5F7EDFA1A9B60
:1075D0003246C3E900013B46DDE90601F5F7BAF999
:1075E000DDE9022306460F4650465946F5F7B2F943
:1075F00002460B4630463946F4F7F4FF22462B4646
:10760000F5F7D2FA8BE71F46FEF757BE002200239C
:1076100030463946F5F706FC00283EF490AE2F9E22
:1076200004F10809089B03EB040806EB090337463D
:107630004FF0000A4FF0000B0293D8E90023F7E85F
:107640000201F5F787F90B46024659465046F4F712
:10765000CBFF019B9844029BBB4282468B46ECD1F8
:10766000019A33191644129AAA42C3E900AB05F1F4
:1076700001033EF464AE1D46D4E700BF00000000E5
:107680002DE9F04F2DED088BB3B0CDE9171216930D
:107690000022002320ACCDE92C23CDE92E23CDE917
:1076A000302312904FF400420023204628F0EAFADB
:1076B0000290002840F0298194E8070023AB83E87A
:1076C000070010F0D5F8B4EE400AF1EE10FAB0EE73
:1076D000408A80F1D880FBEE047AB4EEE70AF1EE3E
:1076E00010FA40F3D080DFEDB27AB4EEE70AF1EEA3
:1076F00010FA40F1C880B0EE409A2EF0ECFCCDE9D3
:107700001A0110F0D9F8F0EE409A10F0C1F8DFED50
:10771000A97A9FEDA9AA69EEA77A19EE900A87EED9
:107720008A7AF0EE408AFDEEC77AB6EE007A17EE5E
:10773000903AC9EE807A012BB8BF0123039377EE0C
:10774000877AFDEEE77A17EE903A012BB8BF012356
:107750000093F5F7A7F8CDE910010C201EF01EFBF1
:10776000044698B19DED107B944B436180ED067B00
:1077700018EE900AF5F796F8009BA362C4E9080199
:107780000723237400236374A374E3748C49DFED2F
:107790008DAA9FED87BA4FF46352204627F054FD1F
:1077A0009FED817B169B8DED0A7B8DED087B8DED2A
:1077B000067B8DED0C7B4FF0000BDB17CDF804B092
:1077C000D846DA46D946CDF810B0CDF84CB019936A
:1077D0002EF081FC1A9BC41A1B9B61EB0305169BC0
:1077E0009C42199B75EB030352DB08201EF0D6FA6E
:1077F00048B1754BC561C0E9053404230374002307
:1078000043748374C3744FF403526D4927F01CFD15
:1078100008201EF0C3FA40B16C4BC0E905380323C1
:107820000374002343748374C37465494FF4C652D0
:1078300027F00AFDDDED447AB8EEE77AC7EE0A7A62
:1078400067EEA97AFDEEE77A17EE904AA04580F23E
:10785000A0810C201EF0A2FA78B15D4BC4619DEDB1
:10786000107BC0E90538449B836280ED087B0723C9
:107870000374002343748374C37451494FF46252F8
:1078800027F0E2FC41E09FED539A9FED538A34E7E5
:10789000FDEEE97A0BF1010B17EE903A9B4504DB04
:1078A000072014F0D1FD4FF0000B449B449ADB17E6
:1078B000944275EB030313DB049B8BB10A201EF08B
:1078C0006DFA50B1454BC0E90758C0E905340523AE
:1078D0000374002343748374C3744FF4235294E7F6
:1078E000DDE90032934205DC1DA806F07DFCA8B955
:1078F00000230193019B0133019340F6CD42002305
:107900001DA808F03BFF00286CD06FF00103029324
:10791000029833B0BDEC088BBDE8F08F1DAB20AAF8
:1079200023A90025B3EC017AF2EC017AB4EEE77AF0
:10793000D1ED007AF1EE10FAB4EE677A48BF02EDAD
:10794000017AF1EE10FAC8BFF0EE477A12ED017A33
:10795000E1EC017A77EEC78AF4EEEA8AF1EE10FAEA
:107960001CDD0A201EF01AFA044670B11C4BC4E953
:10797000053518EE900AF4F795FF0623C4E90801CF
:10798000237400236374A374E3740D494FF44352CA
:10799000204627F059FC4FF0FF33B8E70135032D9F
:1079A000C0D1A5E7AFF30080000000000000000098
:1079B0000000704200007A4300007A445E9B05009C
:1079C000049004008FC2753DAE9B05006F9C0500BE
:1079D000859C0500000080FF0000807FD29B050091
:1079E0000E9C05002CAB05931DAD1E460324D6E965
:1079F000002355F8040BCDE90E23F4F753FFDDE91E
:107A00000E23F4F7F1FD013CE6E80201EFD1039B00
:107A100009F101094B455BDC29AB26AF0E931E46ED
:107A20003D46059BB3EC027B48468DED147B0593E8
:107A3000F4F726FF0B460246DDE91401F5F7B4F82A
:107A4000F5F780FA139B07EE900A3BBB2860C6ED62
:107A5000007A0134032C05F1040506F10406E0D197
:107A6000182200212CA830F0E9FD0025F2EE047A5E
:107A70000E9BB7EC017AF3EC018A78EEC78A0E937D
:107A8000F4EEE78AF1EE10FA1BDD0A201EF086F90B
:107A9000044600283FF479AF7A4B68E795ED007A09
:107AA000B4EE677AF1EE10FAC8BFB0EE677A85EDF2
:107AB000007A96ED007AF4EEC77AF1EE10FAC6DCA1
:107AC000C7E70135032DD3D101234FF000091393EC
:107AD0001D98F4F7E7FE02460B46DDE90601F4F7D0
:107AE00083FDCDE906011E98F4F7DCFE02460B4645
:107AF000DDE90801F4F778FDCDE908011F98F4F7F6
:107B0000D1FE02460B46DDE90A01F4F76DFDCDE931
:107B10000A010FF0ADFEB4EE400AF1EE10FAF0EEFD
:107B2000408A33D6FBEE047AB4EEE70AF1EE10FA9F
:107B30002CDDB4EECB0AF1EE10FA27D510EE100AC8
:107B4000F4F7B0FE0B460246DDE90C01F4F74CFDFC
:107B5000F4EE488AF1EE10FAF4EE498A48BFB0EE2E
:107B6000688AF1EE10FAC8BFB0EE689A39EE487A2A
:107B7000F7EE007AB4EE677AF1EE10FACDE90C0177
:107B8000049BA8BF01230AF1010A049308F101082C
:107B90001EE6BAF1000F27D05046F4F771FE0246F8
:107BA0000B46DDE90C01F4F7FFFFF5F7CBF9179B66
:107BB000054618600A201EF0F1F8044670B1324BF9
:107BC00043612846F4F76EFE0523C4E906012374D9
:107BD0000023C4F820A06374A374E3742B494FF40A
:107BE0002352204627F030FB189B79EE488A0C2060
:107BF000C3ED008A1EF0D2F80446C8B1244B43619D
:107C000018EE900AF4F74EFEC4E9060118EE100AC9
:107C1000F4F748FEC4E9080119EE100AF4F742FE31
:107C20000823C4E90A01237400236374A374E37472
:107C300044F2C0022046154927F006FB4046F4F7FF
:107C40001FFE02460B4604460D46DDE90601F4F729
:107C5000ABFFF5F777F9129B224618602B46DDE95A
:107C60000801F4F7A1FFF5F76DF9129B2246586061
:107C70002B46DDE90A01F4F797FFF5F763F9129B4C
:107C8000986045E6389C0500D29C050004900400ED
:107C9000019D05000000000051EC100BC1F30A53D8
:107CA0002DE9F041A3F2FF36132E0C46054680461F
:107CB0002EDC002E11DA32A3D3E90023F4F794FC72
:107CC00000220023F5F7D6F820B1002C4FDB254326
:107CD00051D12C462146284623E02B4F374101EA5B
:107CE000070303431DD026A3D3E90023F4F77CFC4C
:107CF00000220023F5F7BEF80028EBD0002CC2BF0D
:107D00004FF480133341E41824EA07040025E1E727
:107D1000332E0ADDB6F5806F03D102460B46F4F729
:107D200063FC41EC100BBDE8F081A3F213434FF06C
:107D3000FF37DF403842F4D011A3D3E90023F4F732
:107D400053FC00220023F5F795F80028C2D0002C40
:107D50000ADD142E01D1013406E0C6F134060123F8
:107D6000B3401D44A845F6D825EA0705B2E700252B
:107D70004FF00044AEE7054C0025ABE7AFF30080C1
:107D80009C7500883CE4377EFFFF0F000000F03F49
:107D90009FED010B704700BF000000000000F87F5E
:107DA0002DE9F04F9DB01F46002318939A4B0F9278
:107DB0001D68824628460C46F5F713FB4FF0000875
:107DC00083464FF000092246179213782B2B3BD0A5
:107DD0002CD80D2B26D8082B26D8002B2FD00023EB
:107DE0000D93179E3378302B74D1737803F0DF0333
:107DF000582B65D10D9B019318AB0093874A0297CE
:107E000019AB17A950462DF067FA10F00705044684
:107E100035D0062D1AD10F9B0BB101361E6042469C
:107E20004B4637E0202BDAD10132CDE72D2BD6D1CE
:107E300001230D93531C17935378002BD1D10F9B23
:107E4000002BECD01C60EAE70023F2E7189A3AB165
:107E500035211AA830F096FC189950462DF0F8FC00
:107E6000013D199A042D06D8DFE805F019032225F3
:107E70001900DDE91A89210701D549F000490F9B56
:107E800013B10F9A179B13600D9B002BC7D042466E
:107E900009F1004343EC102B1DB0BDE8F08FDDE984
:107EA0001A8302F2334223F4801343EA0259E2E7D1
:107EB000DFF86C91DFE76FF000494FF0FF38DAE749
:107EC000179B5A1C17925B78302BF9D0002BD6D019
:107ED000012300E000230027CDE905770493179BD9
:107EE0000A930A2217980678A6F13003D9B2092915
:107EF00024D95A46294630F0DAFC00282DD000203B
:107F0000059D324683460346652A01D0452A13D192
:107F10001DB9049A024392D00025179C621C179247
:107F200062782B2A6FD02D2A73D04FF0000CA2F16B
:107F3000300109297AD91794002699E00599082972
:107F4000DDBF069902FB0133069302FB0737059B51
:107F50000130013305931790C4E7179B03EB0B0225
:107F6000179213F80B20059BABB383461D46A2F175
:107F70003003092B12D90123C6E7179B5A1C17920D
:107F80005A780130302AF8D0A2F13103082B00F2E0
:107F9000EF84179B0A93834600200546303A00F190
:107FA000010312D09B4400EB050C2B460A216345CC
:107FB00013D12B18082B05F10105054419DC06998E
:107FC0000A2303FB012306930023179A511C1791E0
:107FD00052781846CBE70598D4E7082B03F1010344
:107FE00003DC069E4E430696E1E7102BD8BF4F43B5
:107FF000DDE70F2BDCBF0A2303FB0727E4E74FF085
:10800000000B012385E74FF0000CA21C1792A27809
:108010008DE74FF0010CF8E79CAE040028AE040099
:108020000000F07F179A511C17915278302AF9D02E
:10803000A2F1310108293FF67FAF303A0792179A33
:108040000C92179A561C17965278A2F1300EBEF178
:10805000090F38D90C99761A082E44F61F6603DCEE
:1080600007998E42A8BF0E46BCF1000F00D07642A1
:10807000002D4FD1049908437FF401AF002B7FF40A
:10808000DEAE692A29D026DC492A26D04E2A7FF482
:10809000D6AE9B4917A830F0C2F900283FF4CFAE06
:1080A000179B1B78282B2FD196491AAA17A830F0B6
:1080B000CAF9052828D11B9BDDF8688043F0FF49E9
:1080C00049F4E009DBE6079E0A2101FB0621A1F144
:1080D00030020792B5E76E2AD9E78B4917A830F02E
:1080E0009EF900283FF4ABAE179B8849013B17A8C7
:1080F000179330F094F910B9179B01331793DFF8F9
:108100001C924FF00008BAE68148FFF741FE59EC97
:10811000108BB4E6A6EB0B030C93059B0698002B83
:1081200008BF2B46102D05932C46A8BF1024F4F74A
:1081300097FB092D8046894613DC0C9B002B3FF4EE
:108140009EAE0C9B78DD162B45DC724901EBC3011A
:10815000D1E9000142464B46F4F7FCFB80468946D4
:108160008DE66C4B03EBC40353E91223F4F7F2FBE7
:10817000804638468946F4F773FB02460B46404674
:108180004946F4F731FA0F2D80468946D5DD0C9B20
:108190002C1B1C44002C25DC00F0A280644214F04F
:1081A0000F020AD05B4B03EBC20340464946D3E9BA
:1081B0000023F4F7F9FC80468946241100F09080F2
:1081C0001F2C40F3B18022234FF000084FF000092C
:1081D000CAF8003053E60C9AC5F12503934219DA28
:1081E0002C1B144414F00F030AD04A4901EBC301BD
:1081F00042464B46D1E90001F4F7ACFB8046894684
:1082000034F00F046CD0B4F59A7F41DD2223CAF814
:10821000003074E73F4CC5F10F0504EBC501424641
:108220004B46D1E90001F4F795FB0C9B5D1B04EB79
:10823000C504D4E900238FE71633A8DB354BABEB3D
:10824000060203EBC203D3E9002340464946F4F794
:10825000ABFC83E7002306932223DFF8C090CAF823
:1082600000304FF00008189950462DF0F1FA0699A9
:1082700050462DF0EDFA059950462DF0E9FA109987
:1082800050462DF0E5FA079950462DF0E1FAF6E553
:108290000023214F0493241140464946012C22DC3F
:1082A0000BB180468946049B1B49A9F1547901EB27
:1082B000C30142464B46D1E90001F4F74BFB174B93
:1082C0000A460B4016498B4280469FD8A1F5801183
:1082D0008B4286BFDFF84C904FF0FF3802F15479A3
:1082E000002304934BE0E20704D5D7E90023F4F719
:1082F00031FB0123049A0132049264100837CDE760
:10830000C72C050014AE0400FD890500EDA505008D
:108310005425050028930400009304000000F07F1A
:108320000000A07CFFFFEF7F14F0100318BF6A234A
:10833000AA4F0493404649460023E20704D5D7E9F3
:108340000023F4F707FB0123641007F10807F4D1B9
:108350000BB180468946049B43B1C9F30A52C2F16E
:108360006B03002B49464EDC6A2304930022002352
:1083700040464946F4F756FD00287FF424AF069B9B
:108380000093059A0A992B4650462DF0C9FA109091
:1083900000283FF43BAF0C9BABEB060B002BB4BFAC
:1083A0005B46002311930C9B23EAE3731393002392
:1083B00007930593109B504659682DF009FA0690D3
:1083C00000283FF449AF109B1A69023203F10C01F7
:1083D00092000C3030F00AF949EC108B1AAA19A956
:1083E0005046CDE90A892DF06FFD189000283FF422
:1083F00033AF012150462DF0DDFA05900346D0B988
:108400000023059328E71F2B0EDD342BDEBF4FF032
:10841000FF33C2F14B0293404FF00008CCBF4FF046
:108420005C7903EA01099FE74FF0FF3202FA03F398
:1084300003EA080898E7199C1A9A002CABBF119B15
:10844000139B139E119FACBFE7181E1B049BE41ADD
:108450001444634B013C9C42C2F1360280F2B2806C
:108460001B1B1F2BC2BFC4F17F4404F57F0404F51E
:108470007B444FF00105C8BFE234A2EB0302DABF30
:108480009D40002405FA04F407EB020B049B5F45B2
:1084900016441E443B46A8BF5B46B342A8BF3346C2
:1084A000002BC2BFABEB030BF61AFF1A119B002B7C
:1084B00016DD05991A4650462DF03CFB0590002824
:1084C0009ED00146189A50462DF08AFA0E90002848
:1084D0003FF4C2AE189950462DF0BAF90E9B18938E
:1084E000BBF1000F71DC0C9B002B08DD139A069981
:1084F00050462DF01FFB069000283FF4ABAE002E37
:1085000008DD0699324650462DF06EFB0690002895
:108510003FF4A0AE002F08DD05993A4650462DF0F5
:1085200063FB059000283FF497AE069A18995046D1
:108530002DF0C6FB079000283FF48EAEC3680E9363
:1085400000230599C36030F0D0F800284ADA0E9B6A
:1085500053EA080340F0BB80C9F31303002B40F03B
:10856000B68029F000431B0D1B05B3F1D66F40F216
:10857000AE80079B5B6923B9079B1B69012B40F306
:10858000A6800799012250462DF02EFB05990790F1
:1085900030F0ABF8002840F39A8029F00043049AA9
:1085A0001B0D1B05002A78D0B3F1D66F6CD8B3F140
:1085B0005C7F45D84FF000084FF000092223CAF82D
:1085C000003050E6002401255EE718995A465046CF
:1085D0002DF00AFB1890002885D13DE6D8920400C2
:1085E00002FCFFFFCB4640F0A3800E9AC9F31303B1
:1085F000002A40D09C4A934258D1049B42467BB902
:10860000B8F1FF3F40F08980984B99453FF424AE84
:10861000974BDDF8108009EA030303F5801922E681
:10862000934B09EA0303B3F1D46F16D918F1010192
:108630001BD18E4A91453FF40FAE03F58019804659
:108640008C4B404649460022F4F784F90B4603431D
:10865000804689467FF407AEB0E71E0DC6F16B0673
:108660004FF0FF31B1408845E7D0002C5ED014EACE
:108670000B0FE5D01EE0002B4AD1B8F1000F8CD0D3
:1086800064B314EA0B0F2BE0A3F580136FEA1359C0
:108690006FEA09594FF0FF38D2E7A3F580136FEA6C
:1086A00013596FEA09594FF0FF38DCE59CB114EA21
:1086B000090F0CD040464946049A2FF039FDDDE9F8
:1086C0000A0153EC102BF3F78FFF80468946049B79
:1086D000002BB5D1C7E515EA080FEAE718EA050F40
:1086E000F5D0049A404649462FF022FDDDE90A0103
:1086F00053EC102BF3F776FF0022002304460D46BF
:10870000F4F790FB00287FF455AFA046A946DEE7BA
:10871000002CB6D115EA080FE2E724B114EA090FDC
:108720003FF4A1ADC6E718EA050FF9E72A42A0E732
:10873000059907982FF0F4FF55EC104B00224FF0ED
:10874000804320462946F4F781FB00286DD00E9B1C
:10875000002B78D1B8F1000F56D1C9F31303002BC9
:1087600059D1454B002220462946F4F765FB0028E5
:1087700058D120462946414B0022F4F7EBF8044635
:108780000D4605F1004308940993394B0BEA0303A6
:108790001293129A3A4B9A42DDE9086740F0A98099
:1087A000ABF1547949EC108B2DF01EFBDDE9082369
:1087B00051EC100BF4F7CEF842464B46F3F714FF9A
:1087C0000B462B492F4A1940914280465CD90B9A9F
:1087D000264B9A4203D10A9B01333FF43DADDFF8AB
:1087E0008C904FF0FF38189950462DF031F80699CB
:1087F00050462DF02DF8059950462DF029F807998F
:1088000050462DF025F8D5E5B8F1010F03D1B9F1A7
:10881000000F3FF4CFAE9FED107B174D8DED087B21
:108820000024B2E7154D0024ABE7144B204629463F
:108830000022F4F78FF80E9B04460D46002BA0D0C3
:10884000CDE90845A1E79FED067B8DED087B55EC52
:10885000174B9AE7AFF30080000000000000F0BF64
:10886000000000000000F03FFFFF0F00FFFFEF7F60
:108870000000F07F000050390000F03F0000E03FB2
:108880000000E07FFFFF9F7C03F15479049B4E467C
:10889000002BA8D129F00043129A1B0D1B059A4208
:1088A000A1D120462946F4F7A4FDF4F725F80B469C
:1088B000024629462046F3F795FEC9F313060E9BA0
:1088C00046EA08061E4304460D464BD02EA3D3E9C4
:1088D0000023F4F7B1FA00287FF4C5AC2CA3D3E948
:1088E000002320462946F4F7C5FA00283FF47BAF61
:1088F000B9E4049B13B3129BB3F1D46F1ED826A323
:10890000D3E9002320462946F4F7A0FA90B129467E
:108910002046F4F7F7FA012838BF0120F3F7A0FF4B
:108920000E9B04460D46D3B901F1004314901593F4
:10893000DDE91467129A07F1D6639F1A9DED0A0BC1
:108940002DF052FA304653EC102B3946F4F702F86A
:10895000DDE90A23F3F748FE8046894696E7CDE92C
:108960001445E5E70EA3D3E90023F4F765FABCE765
:10897000652A3FF444AB452A3FF441AB0123FFF79E
:1089800079BB00BFAFF300809535A094FFFFDF3FB8
:1089900035E5AF350000E03F0000C0FFFFFFDF41DD
:1089A0009535A094FFFFCF3F0C4B1B68132B0CD8C1
:1089B000092B0DD8042B0ED8012B8CBF4FF4FA7362
:1089C0000023074A10681844704742F22833F8E73A
:1089D0004FF47A63F5E740F2DC53F2E7304D0020C4
:1089E000240100200E4B1B7803700E4B1B78437044
:1089F0000D4B1B7883701823C37009230371002368
:108A000043710A4B1B788371094B1B78C37140F685
:108A1000165303810123438103730D20704700BF68
:108A200008B2002007B2002006B2002005B20020E4
:108A300004B20020034B1B780370034B1B78437078
:108A400002207047D107002003B2002000230A490A
:108A5000184603F14B0201EB0212D2ED007AF5EE5B
:108A6000407AF1EE10FA18BF013003F1010318BF8C
:108A700080B2462BEDD1704700F003200A4A02EB8A
:108A8000C1035B680BB112F83130C2680133134483
:108A9000442BDFBF826881540132C0E90223D4BF76
:108AA00001200020704700BFE8960400034B1878AF
:108AB00008B1034B187800F001007047CE77002012
:108AC0002B78002010B588B0044601A904A826F030
:108AD00087F8DFED686ADDED057A9FED677A67EE6E
:108AE000A67AF4EEC77AF1EE10FA00F399809FEDC2
:108AF000636AF4EEC67AF1EE10FA00F19480FDEEAE
:108B0000E77A17EE903A9BB2DDED067A238067EEA6
:108B1000A67AF4EEC77AF1EE10FA00F387809FEDA3
:108B2000576AF4EEC67AF1EE10FA00F18280FDEE9B
:108B3000E77A17EE903A9BB2DDED077A638067EE35
:108B4000A67AF4EEC77AF1EE10FA75DC9FED4B6A67
:108B5000F4EEC67AF1EE10FA71D4FDEEE77A17EE74
:108B6000903A9BB2DDED047AA38067EEA67AF4EE2C
:108B7000C77AF1EE10FA65DCDFED406AF4EEE67AD2
:108B8000F1EE10FA61D4FDEEE77A17EE903A9BB25F
:108B9000DFED3B6ADDED017AE38067EEA67AF4EE65
:108BA000C77AF1EE10FA53DC9FED346AF4EEC67A20
:108BB000F1EE10FA4FD4FDEEE77A17EE903A9BB241
:108BC000DDED027A238167EEA67AF4EEC77AF1EE44
:108BD00010FA43DC9FED296AF4EEC67AF1EE10FA42
:108BE0003FD4FDEEE77A17EE903A9BB2DDED037AC3
:108BF000638167EEA67AF4EEC77AF1EE10FA33DC01
:108C00009FED1E7AF4EEC77AF1EE10FA2FD4FDEE46
:108C1000E77A17EE903A9BB20E20A38108B010BD00
:108C200047F6FF7370E74FF400436DE747F6FF73B5
:108C300082E74FF400437FE747F6FF7392E74FF474
:108C400000438FE747F6FF73A2E74FF400439FE727
:108C500047F6FF73B4E74FF40043B1E747F6FF73FD
:108C6000C4E74FF40043C1E747F6FF73D4E74FF47E
:108C70000043D1E70000004700FEFF46000000C7A8
:108C80000000004310B52DED048B88B0044601A907
:108C900004A825F0A5FFB7EE008A9DED049A854B48
:108CA000DFED857A1B782370B0EE487A09EE497AB9
:108CB000824B1B78637077EE277A814BF5EEC07A92
:108CC0001B78A370F1EE10FAB0EEC90AC0F2CB80A7
:108CD000F1EEE77AC8EE278A27EE287A87EE000AB7
:108CE0002AF078F8DFED777AB5EE409AF1EE10FAD7
:108CF00020EE270A00F0BA8019EE103AF7EE007A5B
:108D0000002BBFEE007AB8BFF0EE477A68EE806ABB
:108D1000DDED075A66EEA76ADDED067AB0EE487A19
:108D200006EEA77AF0EE487A46EEA57ADDED055A12
:108D300006EEA58AB6EE006ADFED636A28EE068AC3
:108D400027EE067A28EE268ADFED606AB4EEE68A20
:108D5000F1EE10FA67EE867A00F38B80B5EEC08AEA
:108D6000F1EE10FA00F18880BCEEC88A18EE103AD5
:108D70009BB29FED576ADFED576A27EE067AB4EE95
:108D8000E67AF1EE10FA79DCB5EEC07AF1EE10FA7F
:108D900077D4BCEEC77A17EE102A91B267EE867AC6
:108DA000F4EEE67AF1EE10FA6DDCF5EEC07AF1EE53
:108DB00010FA6BD4FCEEE77A17EE902A92B2DFED50
:108DC000466ADDED017A9FED457A67EEA67A43EAC1
:108DD0008123F4EEC77A43EA4253F1EE10FAC4F865
:108DE000033055DC9FED3E6AF4EEC67AF1EE10FAE0
:108DF00051D4FDEEE77A17EE903A9BB2DDED027AA0
:108E0000A4F8073067EEA67AF4EEC77AF1EE10FA0E
:108E100044DC9FED336AF4EEC67AF1EE10FA40D4EA
:108E2000FDEEE77A17EE903A9BB2DDED037AA4F8F7
:108E3000093067EEA67AF4EEC77AF1EE10FA33DC69
:108E40009FED277AF4EEC77AF1EE10FA2FD4FDEEFB
:108E5000E77A17EE903A9BB20D20A4F80B3008B0D9
:108E6000BDEC048B10BDDFED1F7A33E7F7EE007A1F
:108E70004CE740F2FF337CE700237AE740F2FF71D2
:108E80008CE700218AE740F2FF7298E7002296E71C
:108E900047F6FF73B2E74FF40043AFE747F6FF73BF
:108EA000C3E74FF40043C0E747F6FF73D4E74FF43E
:108EB0000043D1E708B20020BD37863507B2002055
:108EC00006B2002083F9223F0000804400C07F44A6
:108ED0000000004500E0FF440000004300FEFF46A4
:108EE000000000C70000000038B504460EF0CAFEBE
:108EF000064DA0FB053205FB0121DB0B43EA414394
:108F0000C90B23606160082038BD00BF40420F00DC
:108F100070B50C460D4D06460F220021601C2FF047
:108F20008DFB05EBC6035B686BB105EBC605084B13
:108F300026701B7863706B68A01C98476B780BB128
:108F40000023E37370BD08350126F0E7E8960400BE
:108F500002B2002080B50C4A0C4B00AF88B000284C
:108F600018BF13466A460A490A48C2E905134FF476
:108F700000739383084B42F8103F4FF4E65127F0FB
:108F8000ABF8BD4680BD00BFECAE0400E428050090
:108F9000F4AE0400BC91040003000001024B034A3C
:108FA0001A600020704700BF8C4C0020344C002019
:108FB00008B506201CF0F2FE38B1094B43610223CC
:108FC0000374002343748374C37406494FF48652B8
:108FD00026F03AF9BDE80840012012F069BD00BF53
:108FE00007AF04008490040008B506201CF0D6FEEC
:108FF00038B1094B43610223037400234374837423
:10900000C37406494FF4865226F01EF9BDE80840A5
:10901000002012F04DBD00BF2EAF0400849004006C
:1090200008B506201CF0BAFE38B1094B4361022393
:109030000374002343748374C37406494FF4845249
:1090400026F002F9BDE8084004200EF09DBF00BFE5
:1090500056AF04008490040008B506201CF09EFE64
:1090600038B1084B436102230374002343748374B3
:10907000C37405494FF4845226F0E6F8BDE8084071
:1090800014F092BB77AF04008490040008B506206A
:109090001CF084FE38B1094B4361022303740023A2
:1090A00043748374C37406494FF4865226F0CCF897
:1090B000BDE80840012007F0AFBC00BF9AAF040034
:1090C0008490040008B506201CF068FE38B1094BF6
:1090D000436102230374002343748374C3740649F9
:1090E0004FF4865226F0B0F8BDE80840022007F0A1
:1090F00093BC00BFBEAF04008490040008B50620F6
:109100001CF04CFE38B1094B436102230374002369
:1091100043748374C37406494FF4865226F094F85E
:10912000BDE8084001200DF0CFBE00BFE5AF040050
:109130008490040008B506201CF030FE38B1094BBD
:10914000436102230374002343748374C374064988
:109150004FF4865226F078F8BDE80840012100203F
:1091600008F09ABD04B004008490040008B50620FD
:109170001CF014FE38B10A4B436102230374002330
:1091800043748374C37407494FF4865226F05CF825
:109190000121002008F080FDBDE8084008F0C6B9B4
:1091A00028B004008490040008B506201CF0F6FDE9
:1091B00038B1094B43610223037400234374837461
:1091C000C37406494FF4865226F03EF8BDE80840C5
:1091D00001200CF0FFBE00BF4AB0040084900400E0
:1091E00008B506201CF0DAFD38B1094B43610223B3
:1091F0000374002343748374C37406494FF4865286
:1092000026F022F8BDE8084000200CF0E3BE00BFC5
:109210006BB004008490040008B506201CF0BEFD6D
:1092200038B1094B436102230374002343748374F0
:10923000C37406494FF4865226F006F8BDE808408C
:10924000012008F071BC00BF8DB0040084900400C0
:1092500008B506201CF0A2FD38B1094B436102237A
:109260000374002343748374C37406494FF4865215
:1092700025F0EAFFBDE80840002008F055BC00BF1B
:10928000B3B004008490040008B506201CF086FDED
:1092900038B1094B43610223037400234374837480
:1092A000C37406494FF4865225F0CEFFBDE808404E
:1092B00001200BF0E1BB00BFDAB004008490040091
:1092C00008B506201CF06AFD38B1094B4361022342
:1092D0000374002343748374C37406494FF48652A5
:1092E00025F0B2FFBDE8084000200BF0C5BB00BF71
:1092F000FCB004008490040008B506201CF04EFD6C
:1093000038B1084B43610223037400234374837410
:10931000C37405494FF4845225F096FFBDE8084018
:1093200028F098BC1FB104008490040008B5062002
:109330001CF034FD38B1084B436102230374002351
:1093400043748374C37405494FF4845225F07CFF41
:10935000BDE8084028F07EBC50B1040084900400B1
:1093600008B506201CF01AFD38B10B4B43610223EF
:109370000374002343748374C37408494FF4865202
:1093800025F062FF00210122084604F03FFFBDE8FE
:1093900008400CF0AFBF00BF89B104008490040006
:1093A00008B506201CF0FAFC38B1094B43610223D2
:1093B0000374002343748374C37406494FF48652C4
:1093C00025F042FFBDE808400121002004F0D6BF8F
:1093D000ADB104008490040008B506201CF0DEFC4A
:1093E00038B1084B43610223037400234374837430
:1093F000C37405494FF4865225F026FFBDE80840A6
:109400000FF02CBCD1B104008490040008B50620F4
:109410001CF0C4FC38B1084B4361022303740023E1
:1094200043748374C37405494FF4865225F00CFFCE
:10943000BDE8084007F044BBF5B104008490040087
:1094400008B506201CF0AAFC38B1094B4361022381
:109450000374002343748374C37406494FF4865223
:1094600025F0F2FEBDE8084001200AF0E1BF00BF90
:109470001AB204008490040008B506201CF08EFC8B
:1094800038B1094B4361022303740023437483748E
:10949000C37406494FF4865225F0D6FEBDE8084055
:1094A00000200AF0C5BF00BF41B204008490040050
:1094B00008B506201CF072FC38B10B4B4361022347
:1094C0000374002343748374C37408494FF48652B1
:1094D00025F0BAFE06482DF0E7FC0CF00BFFBDE8C6
:1094E000084004482DF0E0BC69B2040084900400F8
:1094F00090B20400BDB2040010B55E485E4C2DF081
:10950000D3FC5E482DF0D0FC5D482DF0CDFC5D48CD
:109510002DF0CAFC5C482DF0C7FC5C482DF0C4FC63
:1095200020462DF0C1FC5A482DF0BEFC59482DF0C4
:10953000BBFC59482DF0B8FC58482DF0B5FC5848F4
:109540002DF0B2FC57482DF0AFFC57482DF0ACFC85
:1095500056482DF0A9FC56482DF0A6FC554805218B
:109560002DF0A2FC052154482DF09EFC53482DF00F
:109570009BFC53482DF098FC20462DF095FC51485B
:109580002DF092FC50482DF08FFC50482DF08CFCB3
:109590004F482DF089FC4F482DF086FC4E482DF0A9
:1095A00083FC20462DF080FC4C482DF07DFC4C487F
:1095B0002DF07AFC4B482DF077FC4B482DF074FCD5
:1095C00020462DF071FC49482DF06EFC48482DF0E6
:1095D0006BFC48482DF068FC47482DF065FC2046A0
:1095E0002DF062FC45482DF05FFC45482DF05CFCF9
:1095F00044482DF059FC44482DF056FC43482DF0CA
:1096000053FC43482DF050FC42482DF04DFC42489D
:109610002DF04AFC20462DF047FC40482DF044FC3C
:109620003F482DF041FC3F482DF03EFC3E482DF0D8
:109630003BFC3E482DF038FC3D482DF035FC3D48C4
:109640002DF032FC3C482DF02FFC20462DF02CFC58
:109650003A482DF029FC3A482DF026FC39482DF0E7
:1096600023FC39482DF020FC2046BDE810402DF0A9
:109670001BBC00BFD5B2040053250500F3B20400A3
:1096800008B304003DB3040083B30400B3B3040083
:10969000E9B30400FDB304002FB4040062B4040075
:1096A0009FB40400D6B4040010B5040056B50400FD
:1096B00093B50400D0B504001AB6040075B60400D2
:1096C000B6B6040013B7040020B7040054B7040072
:1096D00085B70400B6B70400F3B7040047B8040028
:1096E00054B8040090B80400C4B8040001B90400E0
:1096F0000AB904003DB9040071B90400A4B904001A
:10970000ACB90400F2B9040016BA04004EBA040061
:1097100083BA0400DABA040026BB040062BB04006A
:1097200073BB0400A7BB0400E5BB040026BC040017
:1097300062BC04009FBC0400D3BC040004BD040050
:1097400027BD040063BD0400AEBD040008B5034896
:109750002DF0AAFBBDE8084014F026B8E7BD0400D0
:1097600008B506201CF01AFB38B10B4B43610223ED
:109770000374002343748374C37408494FF48652FE
:1097800025F062FD06482DF08FFBBDE80840002162
:109790000A200EF09FBE00BFFEBD040084900400AE
:1097A0001DBE040008B506201CF0F8FA38B1094BBC
:1097B000436102230374002343748374C374064912
:1097C0004FF4865225F040FDBDE8084001200BF023
:1097D0002BB900BF3BBE04008490040008B50620EE
:1097E0001CF0DCFA38B1094B4361022303740023F7
:1097F00043748374C37406494FF4865225F024FDE4
:10980000BDE8084000200BF00FB900BF62BE0400A5
:109810008490040010B521F0F5FF0446C8B110F1A2
:10982000100F16D010F13D0F13D008201CF0B6FA1F
:1098300040B1084BC0E9053403230374002343748B
:109840008374C374BDE8104003494FF4C45225F03B
:10985000FBBC10BD8ABE0400849004007FB51C4E82
:109860003578002D32D1012302931A4B01951868E7
:10987000039569461CF070F9041E15DA08201CF0E7
:109880008DFA48B1144B4361144B4574C0E906345A
:10989000042303748574C57411494FF4015225F0F3
:1098A000D3FC204604B070BD029D15F0030502D024
:1098B00028F09CFDF8E7039C34B108201CF06EFAF8
:1098C0000028E9D0074BDEE7012333700024E8E7E6
:1098D0002C7800208C4C0020A2BE040045DE040041
:1098E00084900400BFBE040070B5234D0646A871E5
:1098F000284621F0EBFE10F11C0F044605D121F0A3
:10990000F7F9284621F0E2FE0446B4B10A201CF023
:1099100045FA58B1194B4361194B0462C0E9063648
:1099200005230374002343748374C37415494FF4EF
:10993000215225F089FC204670BD21F063FF10F113
:10994000100F0546F7D00028F5D00A201CF026FAA3
:1099500050B10D4B43610A4B0562C0E90636052341
:10996000037444748474C47406494FF4215225F07E
:109970006BFC2C46DFE700BF84070020E2BE04003A
:1099800024DE04008490040010BF04002DE9F0439D
:109990002DED048BC54887B02DF086FAC44AB2F885
:1099A000923403F07F037F2B00F02581C14B1B68AD
:1099B000002BC0F22281C04951F82350B2F89434F0
:1099C00003F07F037F2B00F01A810CF083FA02462C
:1099D000BA4CBB492078BB4B002818BF0B46BA488D
:1099E00029462DF061FA0DF07BFFB84B1B78F0EEA5
:1099F000408A002B00F005812378002B00F00181C4
:109A0000B34B93ED008AB34BB34893ED009A2DF01E
:109A10004BFA0DF051FF10EE100AF2F743FF024629
:109A20000B46AE482DF040FA0DF032FF10EE100A52
:109A3000F2F738FF02460B46A9482DF035FAF5EE4D
:109A4000C08AF1EE10FA40F3DF8018EE900AF2F7C8
:109A500029FF02460B46A3482DF026FAB5EEC08A30
:109A6000F1EE10FA40F3DA8018EE100AF2F71AFF5E
:109A700002460B469C482DF017FA0DF01DFF10EE24
:109A8000100AF2F70FFF02460B4698482DF00CFA29
:109A9000B5EEC09AF1EE10FA40F3C88019EE100A44
:109AA000F2F700FF02460B4691482DF0FDF9914870
:109AB000DFF87C822DF0F8F90025AC0004F10054A9
:109AC00004F57C340135D4F84401F2F7EBFE064688
:109AD000D4F868010F46F2F7E5FECDE90401D4F8A9
:109AE0005C01F2F7DFFECDE90201D4F85001F2F794
:109AF000D9FE3246CDE900013B4640462DF0D4F96F
:109B0000032DDAD16A4C7C48DFF824822DF0CCF9A1
:109B1000D4F84401F2F7C6FE0646D4F84C010F46CD
:109B2000F2F7C0FECDE90201D4F84801F2F7BAFE1F
:109B300032463B46CDE9000170482DF0B5F9D4F826
:109B40005001F2F7AFFE0646D4F870010F46F2F767
:109B5000A9FECDE90201D4F86001F2F7A3FE324676
:109B6000CDE900013B4666482DF09EF965482DF091
:109B70009BF90025AC0004F1005404F57C34013558
:109B8000D4F81401F2F78EFE0646D4F838010F46D9
:109B9000F2F788FECDE90401D4F82C01F2F782FE39
:109BA000CDE90201D4F82001F2F77CFE3246CDE97E
:109BB00000013B4640462DF077F9032DDAD13C4BAE
:109BC000D3ED457AF5EE407AF1EE10FA06D1D3EDF9
:109BD000467AF5EE407AF1EE10FA2BD004F074FCE0
:109BE00000285BD14849494807B0BDEC048BBDE86B
:109BF000F0432DF059B9464DE0E6464DDEE6444AC5
:109C0000E6E69FED458AFEE644482DF04DF9B5EEB7
:109C1000C08AF1EE10FA7FF730AF25E72378002BEA
:109C20003FF42BAF3E482DF03FF926E73D482DF09D
:109C30003BF93CE7D3ED477AF5EE407AF1EE10FAC6
:109C4000CCD104F041FC70B3002704F03DFC044685
:109C500030B304F06FFE10EE105A04F043FE0446D9
:109C600004F0EEFC304E284B10EE100A002F18BF07
:109C70001E46F2F717FE804628468946F2F712FE86
:109C80000094CDE90201424628484B4631462DF06A
:109C90000BF907B0BDEC048BBDE8F0830127D4E7D6
:109CA0004FF07E55DCE720499DE700BF69BF040007
:109CB00000F003201801002008940400FFB10020E8
:109CC000ECAE0400E428050080BF0400B877002053
:109CD000484B00204C4B002098BF0400A1BF04005B
:109CE000B9BF0400D1BF0400E9BF040033C00400C1
:109CF0004BC0040078C00400A5C00400BAC0040032
:109D0000D8C00400F5C0040062BF040054C10400C0
:109D10003EBF04004CBF04000000000002C004006D
:109D200016C0040064C0040005A205000BC10400B5
:109D300090C0040081422DE9F84305460C461646C2
:109D40001F4614D808201CF029F848B1284BC461DC
:109D5000C0E9053504230374002343748374C3747A
:109D60004FF40252BDE8F843224925F06DBA02FBD8
:109D700001F840EA022141EA08411F482CF08AF923
:109D800039461E482CF086F91D4801212CF082F935
:109D9000814690B906201CF001F848B1194B436187
:109DA0000223037480F8119080F8129080F81390C9
:109DB00010494FF4865225F047FA0C201BF0EEFFB5
:109DC00090B1114BC0F82480C0E90535C0E90746C1
:109DD0004FF40043B3FBF8F3C0E90A3708230374D8
:109DE000002343748374C37444F2C002BAE700BF13
:109DF00074C10400BC910400E44C0020AC4B002072
:109E00007C4B0020BCC10400E1C1040010B5164B1E
:109E10001A7802F0FF0482B11B78012B07D1134896
:109E20002CF032F9F0B1BDE8104020F0EFBEBDE8F3
:109E300010400F4801212CF02DB908201BF0AEFF77
:109E400048B10C4B43616FF00C038361032303742F
:109E500044748474C474BDE8104007494FF4C4527C
:109E600025F0F2B910BD00BF2D780020B84C0020BD
:109E7000BC4C00202CC204008490040070B5062065
:109E80001BF08CFF38B1244B436102230374002381
:109E900043748374C37421494FF4845225F0D4F978
:109EA0001F4B1C78B4B30A201E695D681BF076FF57
:109EB00050B11C4BC0E90765C0E9053405230374A4
:109EC000002343748374C37417494FF4225225F05E
:109ED000BBF941F26802002111482EF0AFFB0EF0F1
:109EE00057F906201BF05AFF38B1104B436102238B
:109EF0000374002343748374C3740B494FF4845276
:109F000025F0A2F9C8202CF0D1F8BDE8704004205B
:109F10000EF03AB870BD00BF51C204008490040036
:109F20003014002075C2040094900400A9C20400FB
:109F300038B50C490C4A00244FF400458C462146A4
:109F4000C0FB05C100236046F3F74CF828F0B6FAD1
:109F5000054A47F6FF73C0FB0234DB0B43EA44407B
:109F600038BD00BF3F420F0040420F0090B583B0A4
:109F7000062000AF1BF012FF38B1254B43610223CE
:109F80000374002343748374C3744FF486522149CD
:109F900025F05AF92CF09DF84FF4C3620023F3F733
:109FA00067F9104619464E220023F3F761F904467B
:109FB0001946104600230D22F3F75AF9E4B2164B66
:109FC000C0B253F82440154BD2B253F82010144BB2
:109FD0008CB053F822306A46D16112493960124878
:109FE000136240F20241B98007F10803C2E9050497
:109FF00013E903000D4B50621185064842F8103FEB
:10A000004FF4535126F068F80C37BD4690BD00BFA1
:10A01000E6C2040084900400989604008096040030
:10A020004C9604000002010305C304000500000370
:10A0300010B50A4B1B7863B1094CD4E900321343C5
:10A0400007D02CF048F8D4E90032C01A61EB0201C5
:10A0500010BD4FF0FF300146FAE700BFCF77002078
:10A060000814002080B5104B00AF1870B8B12CF068
:10A0700032F80E4B0E4A88B0C2E900016A460D491B
:10A080000D48C2E905134FF4007393830B4B42F85C
:10A09000103F4FF4E65126F01FF8BD4680BD00206A
:10A0A000074B0146E6E700BFF9B00020B6C7040041
:10A0B000E0240020E1C704006C90040003000001CC
:10A0C000CAC7040008B506201BF068FE38B1094B6A
:10A0D000436102230374002343748374C3740649E9
:10A0E0004FF4865225F0B0F8BDE808400120FFF794
:10A0F000B9BF00BFF4C704008490040008B506206F
:10A100001BF04CFE38B1094B43610223037400235A
:10A1100043748374C37406494FF4865225F094F84F
:10A12000BDE808400020FFF79DBF00BF30C8040015
:10A1300084900400122898BF094B0A4A94BF1B5C04
:10A14000002300291370A8BF074B084AA3BF1B7840
:10A150000133DBB200231370054B01221A707047E4
:10A1600013DF040005B20020FFB1002004B200207C
:10A1700000B2002008B503482BF086FF003818BF56
:10A18000012008BDF44C0020054A00231370054A45
:10A190001380054A1370054B01221A70704700BFE7
:10A1A000F8B0002098770020F7B00020FBB1002025
:10A1B00010B5084C23784BB10023052023702BF0F9
:10A1C00075FF054B1B780BB11FF0F6F800232370C9
:10A1D00010BD00BFCE7700202D78002010B5FFF70E
:10A1E000E7FF0C4B00241C700B4B06201C605C60CE
:10A1F0001BF0D4FD30B1094B436102230374447456
:10A200008474C474BDE8104005494FF4865225F0AB
:10A210001BB800BF2B780020D577002070C8040041
:10A220008490040038B5394D2C68642C4FF0080038
:10A230005BD81BF0B3FD40B1354BC0E905340323B7
:10A240000374002343748374C3743249324C4FF453
:10A25000C65224F0F9FF2B6884F8983404F08EFF7E
:10A260002E4A1F200123114612F070FE082094F898
:10A2700098441BF093FD40B1294BC0E905340323FA
:10A280000374002343748374C37422494FF4C65289
:10A2900024F0DAFF2BF039FF0446A0B108201BF0B0
:10A2A0007DFD48B11F4B43611F4B83610323037442
:10A2B000002343748374C3744FF4C252BDE8384022
:10A2C000144924F0C1BF144B082093F898541BF094
:10A2D00065FD38B1154B4474C0E90535032303749B
:10A2E0008474C4744FF4C652E8E71BF057FD50B1B4
:10A2F0000F4B43610C4BC0E9063404230374002365
:10A3000043748374C3744FF40152D7E7CC4C0020DC
:10A3100082C804008490040000F0032098F4032015
:10A32000AEC80400CAC804006FDE0400FBC8040005
:10A330001DC9040010B506201BF030FD38B1294BB3
:10A34000436102230374002343748374C374264956
:10A350004FF4865224F078FF244BFF2283F8982490
:10A3600004F00CFF224A1F200123114612F0EEFDDB
:10A3700006201BF013FD38B11E4B4361022303740A
:10A38000002343748374C37417494FF4865224F036
:10A390005BFF2BF0BAFE044608209CB11BF0FEFCCC
:10A3A00048B1154B4361154B8361032303740023AC
:10A3B00043748374C3744FF4C252BDE810400A4919
:10A3C00024F042BF1BF0EAFC40B10D4B4361542323
:10A3D00083610323037444748474C4744FF4C652B9
:10A3E000EBE700BF4BC904008490040000F0032099
:10A3F00098F4032085C90400B7C9040052DE0400A4
:10A40000E7C90400044B1B7813B9044B1B780BB14C
:10A41000FFF7E4BE704700BFD57700202B780020FF
:10A4200008B5FFF7EFFF02200B4A0C49082312F092
:10A430008DFD06201BF0B2FC38B1094B43610223AD
:10A440000374002343748374C374BDE80840054952
:10A450004FF4865224F0F8BED577002065F0032033
:10A4600011CA04008490040008B506201BF096FC75
:10A4700038B1084B4361022303740023437483748F
:10A48000C37405494FF4845224F0DEFEBDE8084051
:10A49000FFF7C6BF24CA040084900400014608B533
:10A4A00006482BF0F7FD003818BF0120884204D081
:10A4B000BDE808400846FEF74DBD08BD7C4B0020B6
:10A4C00008B506201BF06AFC38B1094B4361022332
:10A4D0000374002343748374C37406494FF4865293
:10A4E00024F0B2FEBDE808400120FFF7D7BF00BF4F
:10A4F00054CA04008490040008B506201BF04EFCEA
:10A5000038B1094B436102230374002343748374FD
:10A51000C37406494FF4865224F096FEBDE8084005
:10A520000020FFF7BBBF00BF76CA04008490040080
:10A5300008B503482BF0A8FD003818BF012008BD5E
:10A540007C4B002008B5FFF7F3FF60B108482BF003
:10A550009BFD030C09D04FF47A7247F6FF7002FBA3
:10A560000300C00B08BD0620FCE70120FAE700BF8E
:10A57000E44C00202DE9F04FA74B89B01B7800AFC9
:10A5800080460C46FA610BB9FFF768F9BFF35B8FA1
:10A59000A24B002253E8001F012903D143E8002009
:10A5A0000028F7D1BFF35B8F01D1FFF72FFCFB69C8
:10A5B000ABB908201BF0F2FB58B1994B4361994BA2
:10A5C0008361FB69C36104230374FB69437483746F
:10A5D000C37495494FF4015224F036FE0CE298F80A
:10A5E0000030BB61103BDBB27B61002C00F0AE8021
:10A5F000042B94BF002301233B618C4B97F81C90E4
:10A600001B78DFF870A20722B3FBF2F2C2EBC202A2
:10A610009B1A874A01335370D47082F800902BF054
:10A620005AFD844B0E46D3E9002105460A4308BF74
:10A63000C3E90056DAF8002002F1010BD3E9002348
:10A6400041F28831AA1A66EB03038A4273F10003D0
:10A65000CAF800B035DB784B784A79491B68126834
:10A66000FB600A200B687A60BB601BF097FBB8B1F7
:10A6700074497A6841610521BBFBF1F3B2FBF1F249
:10A680008361FB68B3FBF1F3C361BB68B3FBF1F11A
:10A690000623037400230262416243748374C3740B
:10A6A0004FF44352604924F0CFFD634A0023136006
:10A6B000624ACAF800301360614A13605D4BC3E917
:10A6C0000056BB69F02B1AD15F4B604A1B78127899
:10A6D00088F8022063B1F3F7B7FA030E88F8033065
:10A6E000030C88F80430030A88F8053088F806005F
:10A6F0000C22414607201CF079FD88F80C00544DCF
:10A70000FA69544841462DF071FF98F800302B70DB
:10A710006C7085F802902BF0DEFCC5E90201002C7C
:10A7200052D07B69042B13D8414820F0CFFF10F1A1
:10A730000C0F044600F05481002800F06F8114F1E2
:10A740001C0F40F06A826FF01B04E7E13C6154E7A4
:10A75000FFF7EEFE002800F033813F482BF094FC19
:10A7600090B33E482BF090FC050C04462CD010F41E
:10A770007F4FC0F3072A27D0FFF75AFC42F2F3635A
:10A78000984271F100011FD2F3F75EFA50EA01031B
:10A790001AD02A460023F2F725FCE4B20AFB04F49F
:10A7A000131BB3EB550F4FEA550B2FDD5B1B002B33
:10A7B00062DB0AF102018B425EDC5345ACBF284AE2
:10A7C000284A136801331360194820F07FFF10F105
:10A7D0000C0F044600F00481002800F01C81BB69C6
:10A7E000F02BACD1204B00221A70204B14F11C0F1F
:10A7F0001B6840F00682012B06D00A21B3FBF1F260
:10A8000001FB1232002A9ED11949E0E1CBF100018F
:10A810008B42B8BF5B19CAE72C780020BC4C0020E3
:10A82000FACA04001ADE040084900400D3770020E2
:10A830003707002010120020704B0020744B0020BE
:10A84000784B002015CB0400CF770020D177002073
:10A85000181400203C0700207C4B0020E44C002012
:10A86000684B0020644B00202A7800202C4C0020EC
:10A87000D4CA04006C4B002004F104094D4598BF74
:10A88000A9EB05094A458ABFAE1AA9EB02064E4458
:10A890002EB1B54203D30021304627F06DFEF3F709
:10A8A000D3F950EA01038FD02A460023F2F79AFB2E
:10A8B000141BA3451ADA641B002C1DDB0AF10203EA
:10A8C0009C4219DCA245D4BFA34AA44A13680133B1
:10A8D00013602BF000FC0D46A149D1E9002304468A
:10A8E00052EA03002ED1C1E900456DE7CBF1000B20
:10A8F0005C45B8BF6419DFE79A490B68914588BF8A
:10A90000A5EB090503F101034FF00A0094BFA2EB88
:10A910000905AD180B601BF041FA68B1924BC0E914
:10A9200005340AF1FF334362C0E907650623037467
:10A93000002343748374C3748C494FF4425224F04F
:10A9400083FCC6E7A21A42F2107165EB03038A4248
:10A9500073F10003FFF638AFDFF800A2DFF8F891DB
:10A96000804EDAF80020D9F80030D6F800B0D118BF
:10A9700011EB0B01F96019D00A20C7E901321BF075
:10A980000DFA70B17B687A49BA684161C0E9073B4A
:10A99000FB6843620623037400238261437483745B
:10A9A000C37472494FF4435224F04EFC0023CAF89A
:10A9B0000030C9F800303360694BC3E9004503E754
:10A9C0002CF038FF4FF47A73C0F30900B0FBF3F2B8
:10A9D00003FB120064287FF6F7AEFFF7A9FAF3E64F
:10A9E0003B69644A63B164490B6801330B601378B7
:10A9F000012B01D1FEF70EFF2437BD46BDE8F08FD5
:10AA00001378012B48D120F073F95C4820F05EFEEA
:10AA10000446002879D17B69042B52D898F800307D
:10AA2000122B0BD0142B09D054480123C37020F0F3
:10AA30004DFE18B9524A136801331360514B00227E
:10AA40001A602BF048FB504A1368013313604B4BDC
:10AA50005B79F02BCED1EFF31185402383F312887D
:10AA6000BFF36F8F494C267823F0FCFE484B03EB75
:10AA7000C6030A22586023780133B3FBF2F102FBCC
:10AA80001133237085F31188BFF36F8F2BF023FBF5
:10AA9000404BC3E90001ADE701202BF007FB3E4B23
:10AAA0003969BFF35B8F53E8002F012A03D143E8D4
:10AAB00000100028F7D1BFF35B8FA6D1FFF7A6F9EE
:10AAC000A3E7BB69F02BB9D1FB690D2BB6D1334B92
:10AAD00001221A70324A137801331370EFF3118197
:10AAE000402383F31288BFF36F8F284B23481A78D3
:10AAF000274BC07903F8320003EBC20300225A60EF
:10AB000081F31188BFF36F8F98E7BB69F02B4BD0AF
:10AB100014F10C0F7FF413AE6FF00B042BF0DBFA83
:10AB2000204BD3E9005240F2E936451B61EB0202AB
:10AB3000B54272F10002134DA4BF00222A602E68B4
:10AB40000136C3E900012E6020F0D2F8002840F061
:10AB50009B80286050E700BF684B0020644B0020BA
:10AB600008120020604B00204FCB0400BC91040071
:10AB700085CB04002D780020784B0020370700207B
:10AB8000744B00202C4C0020704B0020BB77002021
:10AB9000D04B002028140020BC4C00202A78002034
:10ABA000D1770020181200206B4B00221A706B4BDB
:10ABB00010F10C0F1B687FF418AE012B06D00A2190
:10ABC000B3FBF1F201FB1232002AA5D16449654AB8
:10ABD0006D468CB0D0796A46634E56619362634E7F
:10ABE00040F203539385624BC2E90660C2E9084113
:10ABF000604842F8103F4FF4715125F06DFAAD46B0
:10AC000086E714F10D0F24D1012B3BD00A21B3FBB1
:10AC1000F1F201FB1232002A34D0504B1B680A2299
:10AC2000B3FBF2F102FB1133012B7FF4E5AE0820F8
:10AC30001BF0B4F800283FF4CCAC4F4A42614B4AB9
:10AC4000C0E9062404220274002242748274C27491
:10AC5000BFE414F13D0F0AD1012B06D00A21B3FB4A
:10AC6000F1F201FB1232002AD7D14449AFE7012BA0
:10AC700006D00A21B3FBF1F201FB1232002ACCD13B
:10AC80003F49A4E73F49A2E7103048D1022E43D9FB
:10AC900008201BF083F840B13B4BC0E90536032385
:10ACA0000374002343748374C37432494FF4C45251
:10ACB00024F0CAFA2E68052E2ED908201BF06EF853
:10ACC00050B1324B4361294BC0E90636042303746B
:10ACD000002343748374C37426494FF4015224F053
:10ACE000B3FA1DF0A3FB08B1783015D120F000F8BD
:10ACF0000646B0B906201BF051F830B1244B436131
:10AD00000223037446748674C6741A494FF486523B
:10AD100024F09AFA00232B6001202BF0C7F92B684E
:10AD20007DE708201BF03AF848B11A4B43610F4BFE
:10AD3000836103230374002343748374C3740D4934
:10AD40004FF4C25224F080FAFFF732FA01202BF0C0
:10AD5000ADF925F041FADDE72A7800202C4C0020DF
:10AD6000E7CA040037070020BECB04001ADE040047
:10AD7000070000018490040096CC0400A1CA0400DE
:10AD800099CA0400BDCA040006CC04003ECC0400ED
:10AD900063CC04007FCC0400044B1B7823B1044B2C
:10ADA0001B780BB1FFF7E6BB704700BFCE770020E2
:10ADB0002B78002030B587B00246FDF777FEB0B1A2
:10ADC000134601AC02F1100518685968224603C207
:10ADD0000833AB421446F7D1064A13788DF8143085
:10ADE000591C117001A811220121FFF7D5FF07B0EE
:10ADF00030BD00BF01B20020F0B5044693B0A66894
:10AE0000012E084633DDFDF751FE60B3FE238DF8B9
:10AE100000301A4B1A4F1B788DF802608DF8013004
:10AE20002644032214F8013B551C48326A44052B82
:10AE300002F8483C07D807EBC3035B681BB10DEB76
:10AE4000050098470544A6420FD10E4A1378591CB5
:10AE5000117005F148026A44012102F8483C684635
:10AE60006A1CFFF799FF13B0F0BD2A46DAE769467E
:10AE7000FEF74EF86846FFF79DFFF4E702B20020A8
:10AE8000E896040001B2002000B5062093B01AF045
:10AE900085FF38B12C4B43610223037400234374B4
:10AEA0008374C37429494FF4865224F0CDF90620E7
:10AEB0001AF074FF38B1264B436102230374002358
:10AEC00043748374C37423494FF4865224F0BCF94D
:10AED0003F2200210DF107002DF0B0FB22238DF859
:10AEE00004301D4B1B788DF805301C4B02939923C1
:10AEF0008DF80C301A4B8DF80D30C3F307211B0C65
:10AF000001228DF80F301B0A8DF806208DF80E10E7
:10AF10008DF810308DF8122003232F2211498DF85F
:10AF200011300DF113002DF0F1FC412101A82BF09F
:10AF30007BFA42228DF84500002101A8FFF72CFF83
:10AF400013B05DF804FB00BFDDCC04008490040066
:10AF500006CD04009490040002B20020010D166B8F
:10AF6000A4F2040023CD040038B52BF0B2F80A4A4D
:10AF70000C460546F2F7C0FE084BD3E90401D3E9BD
:10AF80000223801A61EB0301401941EB0401044ADA
:10AF9000BDE83840F2F7B0BE5BCD040000F00320FE
:10AFA00062CD04009FED345ADFED345A80EE056A1D
:10AFB00030B5F7EE007A37EEC66A2DED048BB0EEB1
:10AFC000C67AB4EEE57AF1EE10FA85B0B0EE409AAA
:10AFD000B0EE608AF0EE418A15D4C0EE856A77EE55
:10AFE000E66AB0EEE67AB4EEE57AF1EE10FA0AD44B
:10AFF00081EE057A37EEC77AB0EEC75AB4EEE55A5D
:10B00000F1EE10FA07D51E4805B0BDEC048BBDE883
:10B0100030402BF049BFC7EE865A1A4B87EEA66A1E
:10B02000C7EE876AC3ED5D5A83ED5E6AC3ED5F6A62
:10B0300004F0A4F8144A0C231146062011F086FFF0
:10B0400019EE100AF1F72EFC044618EE900A0D4690
:10B05000F1F728FCCDE9020118EE100AF1F722FC05
:10B060002246CDE900012B4608482BF01DFF05B014
:10B07000BDEC048B30BD00BF0000E144BD37863518
:10B080006ECD040000F0032074F10320C2CD040053
:10B0900008B506201AF082FE38B10C4B436102233A
:10B0A0000374002343748374C37409494FF48652B4
:10B0B00024F0CAF8074B93ED021AD3ED010A93ED81
:10B0C000000ABDE80840FFF76DBF00BFF8CD0400DF
:10B0D00084900400C04C002008B50C482BF0E4FE1E
:10B0E0000B4B4FF07E52C3F87421C3F87821C3F89C
:10B0F0007C2104F043F8074A0C230620114611F086
:10B1000025FFBDE8084004482BF0CEBE1BCE04004E
:10B1100000F0032074F1032044CE040008B506209B
:10B120001AF03CFE38B1084B43610223037400233C
:10B1300043748374C37405494FF4865224F084F831
:10B14000BDE80840FFF7C8BF5DCE0400849004004E
:10B1500070B505462DED088BEFF31186402383F380
:10B160001288BFF36F8F794C204621F077FF30B9FA
:10B170008822774977482BF0ADFE2CF022FE20463E
:10B1800021F090FF002104F13000D4ED019A94EDFC
:10B1900002BAD4ED03AA94ED04AA94ED089AD4ED72
:10B1A000098A94ED0A8A2AF075FF04F134002AF026
:10B1B00071FF204621F060FF10B94FF49A72D8E772
:10B1C00086F31188BFF36F8FDFED636A9FED637ABB
:10B1D0006BEE267AF4EEC77AF1EE10FA00F38C806B
:10B1E0009FED5F6AF4EEC67AF1EE10FA00F1878007
:10B1F000FDEEE77A17EE903A9BB26AEEA67A2B80C4
:10B20000F4EEC77AF1EE10FA7CDC9FED556AF4EEAD
:10B21000C67AF1EE10FA78D4FDEEE77A17EE903A9E
:10B220009BB26AEE267A6B80F4EEC77AF1EE10FAE2
:10B230006EDC9FED4B6AF4EEC67AF1EE10FA6AD43A
:10B24000FDEEE77A17EE903A9BB269EEA67AAB80F4
:10B25000F4EEC77AF1EE10FA60DCDFED416AF4EE4D
:10B26000E67AF1EE10FA5CD4FDEEE77A17EE903A4A
:10B270009BB2DFED3C6AEB8069EE267AF4EEC77A8A
:10B28000F1EE10FA50DC9FED366AF4EEC67AF1EE7C
:10B2900010FA4CD4FDEEE77A17EE903A9BB268EEC6
:10B2A000A67A2B81F4EEC77AF1EE10FA42DC9FED1C
:10B2B0002C6AF4EEC67AF1EE10FA3ED4FDEEE77A8F
:10B2C00017EE903A9BB268EE267A6B81F4EEC77A5D
:10B2D000F1EE10FA34DC9FED227AF4EEC77AF1EE4B
:10B2E00010FA30D4FDEEE77A17EE903A9BB2AB81BC
:10B2F000BDEC088B0E2070BD47F6FF737DE74FF461
:10B3000000437AE747F6FF738BE74FF4004388E783
:10B3100047F6FF7399E74FF4004396E747F6FF734C
:10B32000A7E74FF40043A4E747F6FF73B7E74FF4EE
:10B330000043B4E747F6FF73C5E74FF40043C2E7A5
:10B3400047F6FF73D3E74FF40043D0E7F84C0020F3
:10B3500082CE040065A405000000004700FEFF4601
:10B36000000000C7000080442DE9F047044600AF0C
:10B370007B482AF089FE0646A4B1002840F0C98027
:10B38000EFF3118A4FF0400989F31288BFF36F8FF2
:10B39000744C204621F062FE8046002836D1882277
:10B3A000714943E06E4821462AF074FED6B1EFF3AE
:10B3B0001185402383F31288BFF36F8F6B4821F010
:10B3C0004DFE0028EBD0694821F06CFE684B6748C1
:10B3D0001C7021F051FE002800F0B68085F3118822
:10B3E000BFF36F8F634B88B06A4663496348C2E915
:10B3F00005134FF400739383614B42F8103F4FF4F1
:10B40000E65124F069FEBD46BDE8F087204621F0F4
:10B4100049FEEFF3118389F31288BFF36F8F83F333
:10B420001188BFF36F8F33B95649A62256482BF0C7
:10B4300051FD2CF0C6FCA4F1080554F8084CAC42B0
:10B4400000F08A80002C73D0204623F05BF804F1D2
:10B45000180025F0DBFE6FF02206C4F8A860204635
:10B4600026F04EF8EFF3118389F31288BFF36F8F44
:10B4700083F31188BFF36F8F002BD5D02C68AC42BB
:10B480004DD100236362236AE3613648514623F0BD
:10B4900057F93E4B00241C803D4B1C703D4B1C70EB
:10B4A0003D4B00210020C3E900013C482AF0DFFDAC
:10B4B000EFF31186402585F31288BFF36F8F2B4879
:10B4C00021F0CCFD00283FF46AAF284821F0EAFDC6
:10B4D000274B26481C7021F0CFFD002834D086F37E
:10B4E0001188BFF36F8F2E4B2E481C704FF4807263
:10B4F00021462DF0A3F8EFF3118385F31288BFF3F3
:10B500006F8F294A147083F31188BFF36F8F274B15
:10B510001C60134801212AF0BDFD254B63E744B1AF
:10B52000204622F0EFFF04F1180025F06FFE94E7AB
:10B53000A04600236B622B6AEB61B8F1000FA4D127
:10B54000084821F099FD10B94FF49A7228E78AF360
:10B550001188BFF36F8F9CE7236A6662E361EFE7B0
:10B56000F44C00202409002082CE0400EC4C002082
:10B57000FCB10020B7CE0400EACE04006C900400B9
:10B5800003000001BFCE040065A405009A770020E7
:10B59000FEB10020FDB10020E8240020F04C002086
:10B5A000FBB10020FBB00020FAB00020E84C0020E6
:10B5B000AFCE040008B506201AF0F0FB38B10A4BF4
:10B5C000436102230374002343748374C3740749E3
:10B5D0004FF4865223F038FE0120FFF7C5FEBDE888
:10B5E0000840012010F064BAFDCE040084900400ED
:10B5F00008B506201AF0D2FB38B10A4B436102238A
:10B600000374002343748374C37407494FF4865250
:10B6100023F01AFE0020FFF7A7FEBDE80840002037
:10B6200010F046BA27CF0400849004002DE980482A
:10B63000C5B0002102AF022010F0E4FF2AF04BFD5C
:10B6400006460220884610F0FFFEFDF72FFAB44BA5
:10B6500038621B6840F2AA5213F0020F40F2E53341
:10B6600018BF1346AF4A1360002840F001816420E0
:10B670002AF01CFDE2E7AC4BAC491B78DAB2FA6168
:10B6800049225343CA18CC5C202C14D0082092F8CD
:10B6900048501AF083FB48B1A54BC561C0E9053499
:10B6A00004230374002343748374C374A1494FF4C7
:10B6B000025223F0C9FD9D4AF969492303FB012386
:10B6C00093F848A0BAF1010F40F2CA8001EBC10320
:10B6D00001EBC303D518D45CA4F12003052B00F2C1
:10B6E000C684DFE813F04F02C404C40406007103EB
:10B6F0001704BAF13F0F11D808201AF04FFB50B1D0
:10B700008D4B43618D4BC0E9063A0423037400233B
:10B7100043748374C3744FF4015234E0884B1C7833
:10B72000ACB1A31F012B12D908201AF037FB40B18E
:10B73000844BC0E9053403230374002343748374EA
:10B74000C3744FF4C452804923F07EFD86E03F214C
:10B7500028462AF069FE95F83F408442814616D07B
:10B760000A201AF01BFB60B1784B4361734BC0F8A1
:10B770002090C0E9063405230374002343748374C6
:10B78000C3744FF42152704923F05EFD68E0A81C99
:10B790002AF060FE7862A81D2AF05CFE6B8995F89D
:10B7A0000CA0786193FA93FB1FFA8BF3BB6107F14E
:10B7B000D40205F10D0305F1350C186859681446DB
:10B7C00003C4083363452246F7D11868206099887E
:10B7D0009B79A371A180B5F83D9099FA99F900245D
:10B7E0006D461FFA89F98EB087F803414FEA09398F
:10B7F00002AA574B53617B6A93617B69D361BB6932
:10B800005148C2E9083A07F1D403C2E90A3940F2C3
:10B81000046313864F4B42F8103F44F2C04124F0BA
:10B820005BFCBAF1010FAD4657D008201AF0B6FA0A
:10B8300048B1494B4361414B4474C0E9063A042383
:10B8400003748474C4744FF401523F4923F0FCFC28
:10B850003B4B07221A70102283F828200CF098FC2A
:10B86000BFF35F8FFB69304A013303F00F0313709E
:10B870002D4B1A78394B1B789A427FF4FCAE384C2A
:10B88000FDF792F8D4E90023B21A68EB0303824271
:10B8900073F100030546C0F2F4830023C7F8D430E7
:10B8A000F02287F8E030C7F8D7302E4B87F8D42045
:10B8B0002D4A1B78127887F8D520002B00F00A84D7
:10B8C000002187F8DB30C7F8DC100D2207F1D40027
:10B8D000FFF762FAC4E90068B0E62BF01EFC00280E
:10B8E00046D104466FF00F050A201AF057FA68B1E6
:10B8F0001E4B4361114B83617B6A4562C0E907348B
:10B9000006230374002343748374C3744FF44152B9
:10B910000D4923F099FC0A4B07221A7013229BE76A
:10B92000D04C002024010020C07C00203078002072
:10B9300052CF04008490040079CF04008ADE040012
:10B94000301400209FCF040094900400D6CF040050
:10B9500010D00400080000015CD004002F78002003
:10B96000D8240020C27C002002B200208BD004002A
:10B9700007F1740102201BF083F805460028B3D1BB
:10B9800007F1A40102201BF07BF8041E2ED037DB48
:10B990007B6F9A68002A33D05B683B617B6A002B1F
:10B9A000A2D0A342A0D807F1D40AA449A44D50467E
:10B9B000F1F70DFDA14938B36C468AB002AAA14B3C
:10B9C0005361A14B1162C2E9063AA04B5362A04BEE
:10B9D00042F8103F9F484FF4415124F07DFB07236C
:10B9E0002B70A546112385F8283037E7D7F8A43007
:10B9F0009C68203C04D47B6F9A680AB1002CCBD1A0
:10BA000000246FF00B056FE7B9F1000F17D07862D3
:10BA100008201AF0C3F948B18F4A42618A4A7B6A0A
:10BA200082610322027443748374C37489494FF49E
:10BA3000C25223F009FC07232B701323D3E7874856
:10BA40002AF0DBFCC0B908201AF0A8F958B1844BE1
:10BA500043617D4B83610323037480F8119080F868
:10BA6000129080F813904FF4C2527A4923F0ECFB05
:10BA700007232B701223B6E741F268024946284695
:10BA80002CF0DCFD7B6A6B6051467B69AB602F223A
:10BA900005F12900A5F80CB02CF038FF3B6905F53D
:10BAA000805A07F1A4010220CAE917331AF0E8FF0F
:10BAB000834628B9D7F8A4309A689AB96FF0150B65
:10BAC00008201AF06BF950B1664B43615E4BC0E938
:10BAD000063B04230374002343748374C3744FF43C
:10BAE0000152C2E75968D8682AF0C4FC834600288E
:10BAF000E6D10820DAF860A01AF050F958B15A4B94
:10BB0000C461C0E9053A0423037480F8119080F8F9
:10BB1000129080F813904F494FF4035223F094FB96
:10BB200006201AF03BF938B1504B436102230374ED
:10BB3000002343748374C37446494FF4845223F042
:10BB400083FB002010F036FE00240BF00FFE0AF0FD
:10BB5000EFF902232B706C612AF0BDFAC5E90601EA
:10BB600008201AF01BF950B1414B43617B6A836195
:10BB7000BB69C3610423037444748474C4744FF4B4
:10BB80000352E0E52E4C94F80090A9F10203012B3A
:10BB90000FD908201AF002F940B1364BC0E9053937
:10BBA00003230374002343748374C3744FF4C45297
:10BBB000E9E5BAF1040F09D808201AF0EFF80028D7
:10BBC0003FF4A9AD2C4B43612C4B9CE5B5F802909A
:10BBD0002B1D25697B6299FA99F91FFA89F9AAF157
:10BBE000040A05BBBAF1030F1DD918462AF032FC2E
:10BBF000234A904217D008201AF0D0F840B1214AC9
:10BC000042611E4A82610322027445748574C574C0
:10BC10004FF4C2520F4923F017FB0723237004236C
:10BC200084F828301AE6B4F80EB0CB452CD0A9EB36
:10BC30000B0919F4004F7FF413AE0FE623CD040077
:10BC400030140020CED004008ADE04000103020478
:10BC5000050000029490040006D10400848B0400C7
:10BC600040D1040066D10400A7D10400E7D104004C
:10BC700017D2040043D204006FD204009FDE0400F8
:10BC80003DB8F39694D204006268A2EB0509032341
:10BC9000D145237028BFD1462AF01DFAC4E9060118
:10BCA000C34C04F114030025BB61A9454CD823699A
:10BCB00061684B440BF1010B8B422361A4F80EB079
:10BCC00035D3BC4BB3F85A20DAB1A3F6A7701A6E7D
:10BCD000C7F8D40003F15A00C7F8D80003F15C009C
:10BCE000A3F6EC73C7E938320123C7F8DC00C7F8C4
:10BCF000E81087F8EC3007F1D4000CF061F8002868
:10BD00005ED10820D4F81090E5891AF047F848B1C0
:10BD1000A94BC561C0E905390423037400234374AA
:10BD20008374C374A5494FF4035223F08DFA2AF0AB
:10BD3000D2F9D4E90832C01A61EB0201C82871F1C6
:10BD40000001FFF68DAD89E5DFF868A27B6ABAF8DD
:10BD50005A00A9EB0501C0F580528A4200F1590052
:10BD600028BF0A46204459197A612CF03FFCBAF8E2
:10BD70005A107A69114489B2B1F5805FAAF85A1055
:10BD8000154492D3AAF6A7730AF15A02DAF86000B2
:10BD9000C7F8D430C7F8D820BB696168C7F8E81085
:10BDA0000AF15C02C7F8DC200122C7E9383087F8C5
:10BDB000EC2007F1D4000CF003F800283FF475AF35
:10BDC0000723237012232BE7794CD4F81090656871
:10BDD000A94512D20A2019F0E1FF58B1784B43610E
:10BDE000784B0562C0E906390523037400234374C8
:10BDF0008374C3744FF42152A5E4062019F0CEFFDA
:10BE000038B1714B4361022303740023437483747C
:10BE1000C3746A494FF4865223F016FA0423237040
:10BE20000CF0B6F9634BD4F804A0D3F860B0A3F6D5
:10BE3000A77300257B62BAF1000F25D0BAF5805FA9
:10BE4000D14628BF4FF480597A6A60484B4659461C
:10BE50002AF002FB80B378620A2019F09FFF60B1DC
:10BE60005B4B43615B4B7A6A0262C0E9063B052388
:10BE70000374002343748374C37457494FF42152ED
:10BE800023F0E2F94FF0FF35D4F80890A9451DD012
:10BE90000A2019F083FF60B1504B4361494BC0F851
:10BEA0002090C0E90635052303740023437483748E
:10BEB000C3744FF42152ADE62846796A4A461BF016
:10BEC000ABF9CB440546AAEB090AB4E7082019F000
:10BED00065FF40B1424BC0E90535032303740023DD
:10BEE00043748374C3744FF4C652344923F0ACF9DD
:10BEF00004232370032384F828302AF0ECF8C4E9E3
:10BF0000060164202AF0D2F80CF042F964202AF0ED
:10BF1000CDF8A5E4264C64202AF0C8F894F828301F
:10BF2000032B10D0082019F039FF48B12D4B436185
:10BF30002D4B836103230374002343748374C37400
:10BF40004FF4C2521FE4062019F028FF38B1274BE6
:10BF5000436102230374002343748374C3744FF456
:10BF60008452164923F070F9052323700CF010F960
:10BF700032202AF09BF807F1D40102201AF080FD4C
:10BF8000024630B90146D7F8D40020F04DFE0546F0
:10BF900070B332202AF08AF8082019F0FFFE00283A
:10BFA0004FD106494FF4015223F04EF908E700BF84
:10BFB0003014002030240020C9D2040094900400E2
:10BFC000F7D20400CFDE04002BD30400848B0400DE
:10BFD00043D30400B3DE04009C90040071D304003A
:10BFE000B5D30400D5D30400E5DE0400FDD304007E
:10BFF00032202AF05BF8062019F0D0FE78BBBC494D
:10C000004FF48452062523F01FF925700CF0C0F878
:10C010004FF4FA702AF04AF8284619F0BFFE38B1FA
:10C02000B44B436102230374002343748374C374C9
:10C03000AF494FF4865223F007F904200BF0A4FF18
:10C040000EE4AD4B4361AD4B83616FF00D03C361F3
:10C0500004230374002343748374C374A1E7A84BBF
:10C0600043610223037445748574C574C7E70820CF
:10C0700019F094FE00283FF499ADA24BC0E90534B5
:10C080008EE5FEF755FAB8B1FDF7D2FFB5F57A7F28
:10C090002CBF6A084FF4FA7200236D195B41854288
:10C0A0008B4109DAD4E90013711A68EB030391425A
:10C0B00073F10003BFF6F1AB934C2578002D41D00E
:10C0C000062D0BD10CF064F840F2DC50FDF730FF88
:10C0D000FFF7B4BA8D4B1B78FFF7F2BB29F0FBFFDB
:10C0E000D4E90632C01A47F2315361EB020198429B
:10C0F00071F1000122DB082019F050FE60B1844B81
:10C100004361844B836147F23053C361042303745A
:10C11000002343748374C37475494FF4015223F0B0
:10C1200093F807232370152384F828300CF030F897
:10C13000C82029F0BBFF04200BF026FF2378002B3A
:10C14000C2D0BFE7744B1B780BB3744BD3E9002309
:10C15000012A73F100012EDB7149B21A68EB030367
:10C16000914275EB030326DA062019F017FE30B171
:10C170006C4B43610223037445748574C5746A492A
:10C180004FF4845223F060F80020FDF76BFF674BFB
:10C190001B6813F0020939D0FDF7ECFF00283FF4CB
:10C1A00066AA634CD4E9002352EA030107D1C4E92B
:10C1B0000068FFF75CBA642029F078FFE7E7B21A5D
:10C1C0004EF6612168EB03038A4273F10003FFF628
:10C1D0004EAA0020FFF7C8F800200FF069FC0022EB
:10C1E00000230620C4E9002319F0D8FD38B1514BD3
:10C1F000436102230374002343748374C3744A4964
:10C200004FF4845223F020F8FFF731BAFDF7B2FF64
:10C21000002800F0F682EFF31181402383F31288A7
:10C22000BFF36F8F444A137803F0FF0A7BB3434B8D
:10C230001C88A4B210784D4609F10109814520DB24
:10C240001378013BDBB2137081F31188BFF36F8F5A
:10C250003B4AE3B2D25C002A3FF4F0A9394A32F8F3
:10C260001320A2427FF4EAA93748342202FB0300DC
:10C270000021FEF791FD354A136801331360FFF783
:10C28000DDB933F8190080B223F81500D2E781F345
:10C290001188BFF36F8FDFF8C8B09BF80030002B18
:10C2A00060D029F018FF2A4BD3E90023821A61EBF2
:10C2B0000303C82A73F1000304460D4656DB9BF8BE
:10C2C0000010002900F0A580342222480021FEF74A
:10C2D00063FD00238BF800301F4B01221A701F4BA7
:10C2E000C3E900451A4BC3E90045FFF7A7B900BFF2
:10C2F000949004008DD404001DD40400E5DE0400F5
:10C300005DD40400B1D4040030140020C17C0020AE
:10C31000D1D40400FDDE0400F9B00020E0240020A8
:10C32000C0270900FDD404006C900400D04C00200C
:10C33000D024002026D50400FAB000207877002011
:10C34000FBB0002078750020F77C0020E84C00202E
:10C35000E8240020C37C0020FEB1002098240020A7
:10C36000FDB10020B74B1B78002B9AD1B64B1B7840
:10C37000002B00F046820022002307F1A40026F0E3
:10C380003BFB0146002840F03C82142207F1F400F8
:10C390002CF054F9132387F8D430AC4BAC4A1B78FB
:10C3A00087F8D530138814885BBAA7F8D630D7F849
:10C3B000A430C7F8D830D7F8A830C7F8DC30D7F8A1
:10C3C000AC30C7F8E030D7F8B030C7F8E430D7F871
:10C3D000B430C7F8E830D7F8B830C7F8EC30611C93
:10C3E000D7F8BC301180C7F8F030EFF31185402347
:10C3F00083F31288BFF36F8F964820F02FFE00283A
:10C4000040F0A8818822944994482AF063FD2BF0DB
:10C41000D8FCDFF8308298F800B0BBF1000F31D0C3
:10C42000322207F1D6002CF009F9142387F8D43012
:10C43000864B8B4E1B7887F8D5303378042B00F26F
:10C440006881DFE813F005002400A200C10021018B
:10C450000123DFF828C2DFF828E287F8D63007F199
:10C46000D702634603CB7345106051609C4602F1CE
:10C470000802F6D13422002107F1D400FEF78CFC2B
:10C48000012333704FF41670FDF752FD2AE70223A3
:10C4900087F8D63007F1740002F0F8F8DFF8E4C14D
:10C4A000BCE80F0007F12C060FC6BCE80F000FC652
:10C4B000DCF80030336007F12C0007F150064FF034
:10C4C000000807F1A40129F014FED7F8A43046F8BB
:10C4D000043B08F10108D7F8A830B360B8F1030FA6
:10C4E000D7F8AC30736100F10C00EAD107F17400A9
:10C4F00029F0FFFD07F1BC020021A2F10C0607F1B3
:10C5000050001AE0B3EC017AB8EC016A26EE877AA3
:10C510004B4547EE067AF5D10CF1010CBCF1030F47
:10C5200005D0FEEC016A804603F10C09EAE7E6EC6F
:10C53000017AB24200F10C000AD007F1500303EB7C
:10C54000010EDFED487A07F180034FF0000CE8E7B9
:10C550000C31242902F10C02CFD107F1A40607F116
:10C56000D70207F1D40C334603CB6345106051600A
:10C570001E4602F10802F6D1342200216046FEF781
:10C580000BFC374B02221A707CE74FF00308364B46
:10C5900087F8D68003CBC7F8D700C7F8DB10186838
:10C5A000C7F8DF00703303CBC7F8E710C7F8E30024
:10C5B0001868C7F8EB003422002107F1D400FEF719
:10C5C000EBFB86F800805DE7042387F8D630274B25
:10C5D00093F8A89407F0F8FE01282FD0022801D183
:10C5E00049F0020987F8D790FCF730FA204BC7F8DA
:10C5F000DA304FF0000A03F18A73A7F8D800C7F8C1
:10C60000DE30C7F8E2A0C7F8E6A0C7F8EAA0814686
:10C6100007F0DAFE342287F8E200514607F1D40031
:10C62000FEF7BAFBB9F1000F73D004233370114B3E
:10C63000A3F800A0104B83F800A023E749F00409F9
:10C64000D0E700BFFBB10020FEB1002002B2002005
:10C650009A770020EC4C002082CE040065A40500EF
:10C66000F8B0002000000000FCF0032000F00320E0
:10C670000000204198770020F7B0002044F103200B
:10C6800074F1032000920400B84EFCF7DFF9338800
:10C69000452B3ED800283CD0DFF81C93A7F8D800E3
:10C6A000052387F8D63099F8003087F8D73007F19E
:10C6B000DB0A002331884529084616D8022B17D0FB
:10C6C000AB4A00F14B0C4FEA0C1E02EB0C1CDCEDEC
:10C6D000007AF5EE407AF1EE10FA1ED1013081B207
:10C6E0004529EDD9BBF1000F32D113F0FF0310D073
:10C6F00087F8DA303422002107F1D400FEF74CFB32
:10C7000099F80030013389F800303388452B7FF6E3
:10C71000B9AE002388F80030B4E60EF100520131C2
:10C7200002F57C32318002F11001D64679629446DE
:10C73000BCE80300CEF80000CEF80410796A8C45FE
:10C7400062460EF1080EF2D101330AF1100AB1E788
:10C750003180CAE7874820F0A5FC874A16784EB991
:10C76000002600238348137020F086FC88B94FF41C
:10C770009A7248E68148824B29F086FC1B689842F1
:10C78000EED1804B1968F96059689B68B9607B608D
:10C79000E7E785F31188BFF36F8F56B1FB68C7F8E1
:10C7A000F430BB68C7F8F8307B68C7F8FC304FF04E
:10C7B000010AD7F8C030C7F80131734B87F800A1E0
:10C7C000E6B207F1D405342202FB063307F5827E78
:10C7D000AC462A4603CA724518605960154603F1F3
:10C7E0000803F6D110681860684B23F81640684BB0
:10C7F00001229A55002134226046FEF7CDFAFEF759
:10C800001DBFFDF7B7FC70B1624BD3E90012711A7E
:10C8100068EB0202092972F1000202DA4FF4967005
:10C8200054E4C3E90068FDF78DFE02465A4829F03A
:10C830002BFC034658B1594BD3E90013711A68EB2E
:10C840000303D01791428341ACBF01230023544816
:10C8500029F01AFC024658B1524AD2E90012711A64
:10C8600068EB0202652972F10002ACBF01220022CE
:10C870004D494E4809787962D0E90010711AB961C2
:10C8800068EB000179614A49D1E90001B6EB000A81
:10C89000786A68EB0101F961002864D04548D0E965
:10C8A0000040341B68EB0000652C70F10005ACBF44
:10C8B0004FF0010B4FF0000B5B2C70F10000ACBF90
:10C8C0004FF001094FF00009354840F2DF3529F0FB
:10C8D000DBFBF969AA4571F10004B969ACBF012419
:10C8E0000024A942796971F10005ACBF012500253A
:10C8F000002863D1BBF1000F40F0068109F001016F
:10C900003962002A40F00281002B40F0A880BA6909
:10C9100040F2E9339A427A6972F10002C0F23F8133
:10C9200040F2DF339A45FB69204C73F10001C0F2FD
:10C9300029810023C7E93733032107F1D400FCF72D
:10C940009DF8CDE900681A4B0122052107F1D400BA
:10C9500029F07AFB032107F1D400C4E90068FEF74F
:10C960004BFAFEF76BBED7F824B0ADE798770020FE
:10C9700000F00320EC4C0020FCB10020F04C002023
:10C98000E04C0020D44C0020F77C0020787500207B
:10C99000FBB00020C8240020284D0020C024002027
:10C9A0002C4D0020B824002000B20020A824002034
:10C9B000A0240020B0240020F7B00020C248D0E915
:10C9C00000C0B6EB0C0C68EB0000BBF1000F3DD1D2
:10C9D00009F001013962002A40F09880BCF15B0F38
:10C9E00070F1000090DB002B91D00023C7E91F33CA
:10C9F000042107F17400FCF741F8B34BC3E9006868
:10CA0000B24B89462A460321CDE9006807F174003C
:10CA100029F01AFBAE4B22460521CDE9006807F14B
:10CA2000740029F011FBCDE90068AA4B3A6A002195
:10CA300007F1740029F008FB494607F17400FEF77E
:10CA4000DBF9A54BC3E90068FEF7F8BD002A5DD10C
:10CA5000BCF15B0F70F100002FDA83B3994600231D
:10CA6000C7E91F33EFF3118A402383F31288BFF322
:10CA70006F8FDFF878B2584620F0F0FA00283FF4C4
:10CA8000C1AC584620F00EFB9BF82C307B62584618
:10CA900020F0F2FA00283FF46AAE8AF31188BFF35F
:10CAA0006F8F7B6A002B57D1B9F1000F54D0022150
:10CAB00007F17400FBF7E2FFA2E7002B95D10DB957
:10CAC000002C55D04FF000094946C7E9379907F1C6
:10CAD000D400FBF7D3FF7D4B2A460321CDE9006844
:10CAE00007F1D40029F0B0FA0521CDE90068784BB0
:10CAF000224607F1D40029F0A7FA494607F1D400ED
:10CB0000FEF77AF9734B9DE7002AA6D0002B7FF43D
:10CB10006CAF05B914B30023C7E93733042107F11B
:10CB2000D400FBF7ABFF694B2A460321CDE900682F
:10CB300007F1D40029F088FA0521CDE90068644B9B
:10CB4000224607F1D40029F07FFA042107F1D4002E
:10CB5000FEF752F95C4B75E70121A9E707F1D40113
:10CB60000420FCF7D5F907F1D400FEF723F9F1E72B
:10CB7000204607F1D401FCF7CBF907F1D400FEF70A
:10CB800019F9BFE7C4E9006807F1D4010320FCF7F5
:10CB9000BFF907F1D400FEF70DF9FEF74FBD9A4536
:10CBA000FB694B4C73F1000105DBC4E9006807F138
:10CBB000D4010520EBE716F57A7948F10005FDF779
:10CBC000C1FC0146FBF772FF68B1FBF7EDFE434B7A
:10CBD000D3E90023801843F10003484573EB0502B5
:10CBE000BCBF81461D463E4829F04EFA58B13A4B2B
:10CBF000D3E900238A1843EBE1734A4573EB05013F
:10CC0000BCBF91461D46374829F03EFA58B12E4B1D
:10CC1000D3E90023643243F100034A4573EB050175
:10CC2000BCBF91461D467B6A5BB12A4AD2E90032FD
:10CC3000643342F100024B4572EB0501BCBF9946DB
:10CC40001546224BD3E90001D4E9003210F57A7081
:10CC500041F1000113F57A7342F10002834272EB55
:10CC60000104BCBF18461146814575EB0103BCBFEA
:10CC700048462946801B61EB0801012871F1000339
:10CC800006DA00220023184829F049FAFEF7D6BC3C
:10CC900040F2E933984271F10003A4BF00214FF440
:10CCA0007A70C90341EA504140F2E733C003C0182B
:10CCB0004FF47A724FF0000341F10001F0F792F95E
:10CCC00002460B46DFE700BFB8240020A82400205E
:10CCD000A0240020B0240020C0240020D82400205C
:10CCE000284D00202C4D002058090020F84C002031
:10CCF00070B5204B1A78002A3AD000221A701E4BC9
:10CD00001C6804F11405EFF31186402383F31288A5
:10CD1000BFF36F8F284620F0A1F910B98822174978
:10CD20000CE0284620F0BEF9A18B01F00701022992
:10CD300013D1E38B3BB9124940F2EF1211482AF0AC
:10CD4000C9F82BF03EF8013B9BB2E3832BB9324686
:10CD50002046BDE8704018F089BD284620F08CF9C7
:10CD600010B94FF49A72DAE786F31188BFF36F8F28
:10CD700070BD00BF2C7800208C4C002082CE0400B7
:10CD80005ED5040065A405002DE9F04F00218DB0AB
:10CD900001200FF037FCC24BC24CD3F86530C24FB4
:10CDA00023607B6863604FF000084FF000090523A3
:10CDB0000025CDE90035BD49BD4BBE484FF400729A
:10CDC000CDE9028924F0ECF908230093CDE902892A
:10CDD000B94BBA49BA4801954FF4007224F0E0F912
:10CDE000B84BB94E1D78002D40F0D881294602205D
:10CDF00035600BF0F3F8B549DFF8588300220023C3
:10CE0000C1E90023B24988F800500D70B1490D7096
:10CE1000B1490D70B149C1E90023B14B1D60B14B5F
:10CE20001D60B14B1D60B14B1D60B14B1D60B14B1E
:10CE30000A221A60B04B1D602578002D40F0A680B4
:10CE4000062018F0ABFF30B1AC4B436102230374F2
:10CE500045748574C574AA49DFF8FCA2DFF8FC921A
:10CE60004FF4865222F0F0F9A64BA74A1B681360D4
:10CE7000A64BA749A74A1B68CAF800300B68136085
:10CE80004B685360002523F0A7F9A34B89F80350A2
:10CE90001868C9F807009B88A9F80B304FF080523A
:10CEA0000820D2F8A4300593D2F8A8B018F076FF85
:10CEB00058B19A4A059B42611FFA8BF2C0E90632CB
:10CEC0000423037445748574C5748D494FF403526B
:10CED00022F0BAF99249062207201AF087F9051EB6
:10CEE0004FF0080008BF082518F058FF40B18D4BDF
:10CEF000C0E9053503230374002343748374C374AA
:10CF00004FF4C6527E49DFF80CB222F09DF902219F
:10CF1000032089F805500BF0DDFA29F0DCF8CDE9A3
:10CF200005012378AB4210D04FF08051236862682E
:10CF3000D1F8A400D1F8A8101B0C43EA0243120C4C
:10CF40008A4208BF834240F00182092002210BF08F
:10CF5000C1FA062018F022FF38B1734B4361022357
:10CF60000374002343748374C37465494FF4865279
:10CF700022F06AF902204B4A082339460FF0E6FFF7
:10CF8000FDF716F94FF4C86029F090F8082065788D
:10CF900018F004FF40B1654BC0E905350323037465
:10CFA000002343748374C37455494FF4C65222F06E
:10CFB0004BF908203D68D7F8048018F0EFFE70B1F7
:10CFC0002D0C5B4B436145EA08454FEA18420423A8
:10CFD000C0E906520374002343748374C3744FF48E
:10CFE0000352474922F030F96578524B52481D7080
:10CFF0004FF00A08B5FBF8F308FB1355EDB24F4BA1
:10D0000045F4340141F490511D7029F043F800219A
:10D010004B4829F03FF84B4829F03CF80C2018F019
:10D02000BDFE90B1484BC0F81C80C0E90535B42264
:10D030000523C0E908230421B623C0E90A13082305
:10D040000374002343748374C374404944F2C002E0
:10D0500022F0FAF83E4B6278D4F802101A70089168
:10D06000A279A178E07911448DF82410E178114477
:10D070008DF825102179114400238DF8261061794F
:10D08000CDE90A330A448DF827200DF12702C11893
:10D090000133082B02F8011FF9D108A910225FE023
:10D0A00000F00320D577002065F0032000C60020A3
:10D0B0006B600400201200209F65040080C80020DF
:10D0C000101300202B780020304D00201014002079
:10D0D0002A780020CF770020D07700200814002085
:10D0E000C44B0020C04B0020B04B0020BC4B0020A4
:10D0F000B84B002020010020B44B002083D5040051
:10D1000084900400F9D60400C9770020FED60400FC
:10D1100003D70400BD770020A40000108BD50400C5
:10D120008B070020A3D50400E5D50400ECD504004E
:10D13000FBD5040002B20020E44C0020BC770020A4
:10D14000AC4B00207C4B002015D60400BC910400A1
:10D15000D3770020D2770020C577002084070020F5
:10D1600011F8013B1BB1552B01D0AA2B02D108337A
:10D1700001F8013C013AF3D1B64B089A1A60B64B5C
:10D18000099A1A600AAB03CBB44A10605160B44AE2
:10D1900001231370FFF7ACFD23F01EF83368B3F5DD
:10D1A000967F44D3AF4B1B78002B40D1AE4D2B68FC
:10D1B00013F0220F03D1012102200AF00FFFDFF844
:10D1C000048398F8003093BBDFF8C4A2DAE90023A7
:10D1D000012A73F100032ADBA44B1B7803F0FF093B
:10D1E0002BBB28F078FFDAE90032C01AA04B61EBC4
:10D1F0000201834279EB010119DA2D6815F020054F
:10D2000015D1082018F0CAFD38B19A4B43610323A9
:10D210008361037445748574C57497494FF4C4528F
:10D2200022F012F8012388F8003029F059F9DFF8CC
:10D2300098A228F050FF9AF800B005468846BBF146
:10D24000000F2FD0DFF8849299F800305B4529D089
:10D250008A4BD3E90023012A73F1000122DBABF1F1
:10D260003001032908D9AA1A40F2DC5168EB030304
:10D270008A4273F1000315DB814A00230C2000FB76
:10D2800003F101EB020C515C594540F03C81DCF8A4
:10D29000083003B198479AF8003089F80030012B24
:10D2A00000F04881DFF828B29BF80030002B46D010
:10D2B000744AD2E90031B5EB030A68EB0101FBF7D0
:10D2C00073FB64384FF00009504579EB010136DA01
:10D2D0006D4B8BF80090C3F800903368082003F181
:10D2E000010AC6F800A018F059FD50B1674B80F84C
:10D2F0001190C0E9053A0323037480F8129080F876
:10D3000013905D494FF4C45221F09EFF3668B6F584
:10D31000967F14D15E4B0820C3E9005818F03EFDFB
:10D3200040B15C4BC0E9053603230374002343740A
:10D330008374C37450494FF4C45221F085FF012017
:10D340000FF082F8642028F0B1FE49E5524B1B78BB
:10D3500083B9524B3F4A1B681360514B514A1B68BB
:10D36000CAF800301368CBF800305368CBF80430AB
:10D3700022F032FF4C4B1B780BB9FCF76FFA98F890
:10D380000090B9F1000F24D128F0A5FE059BC01A2A
:10D39000069B61EB0301364B834279EB010118DAFE
:10D3A000082018F0FBFC50B1404B4361032383611C
:10D3B000037480F8119080F8129080F813902E4931
:10D3C0004FF4C45221F040FF012388F8003029F0C7
:10D3D00087F894F80090B9F1000F13D0082018F0E6
:10D3E000DDFC40B1324BC0E905390323037400234F
:10D3F00043748374C37420494FF4C65221F024FF50
:10D40000002323702B4B1B7883B1012019F064FC9F
:10D4100029482AF013FA294B294800212022C3E980
:10D4200008112BF00BF9012019F048FCDFF8A4904B
:10D430001DF05EFC0023012089F800300FF004F895
:10D4400000231846FCF750FA002845D0642028F045
:10D450002DFE66E5C9770020C5770020BD77002046
:10D460002B780020CD770020D04C0020F9B0002090
:10D4700020BF02005AD6040084900400001400204B
:10D480005494040028140020204C00209AD6040054
:10D4900010140020B4D60400CE770020F9D6040082
:10D4A000FED6040003D704002C780020B2D5040077
:10D4B000CCD504002D780020A84B0020804B002004
:10D4C00056750020D2770020C17C0020C27C00204D
:10D4D0002A780020D47700200790022028F0E6FD6B
:10D4E000012089F80000FCF7FFF9079B10B189F8CB
:10D4F0000030ABE7022028F0D9FD0220FCF7F4F958
:10D500004FF47970A3E701332A2B7FF4B8AE0820DB
:10D5100018F044FC40B1094BC0E9053B03230374F8
:10D52000002343748374C37405494FF4C45221F03B
:10D530008BFEB0E60DB0BDE8F08F00BF7BD60400D7
:10D5400084900400022870B505460C4605D90146B2
:10D55000BDE87040294829F0A7BC39B1642932D907
:10D5600027486422BDE8704029F09EBC254B1E5C14
:10D5700005244FF0FF324FF0FF3323482AF001FD1E
:10D58000224B1A6822B9224A92F90020002A1DDA99
:10D590001D4828F083FE082018F000FC48B11D4B00
:10D5A00043611D4B8361032303740023437483741D
:10D5B000C3741A494FF4C25221F046FEBDE87040D0
:10D5C000174829F071BC0F4B1E5CD2E7154A0E4874
:10D5D0001570154A148005221A6028F05FFE134862
:10D5E00028F09FFD22463146114829F05DFC114884
:10D5F00029F05AFC104832462146B3E7BAD9040054
:10D60000EBD9040030DB0400B80800205C4B00209C
:10D61000BA77002018DA0400FADD04004490040010
:10D6200042DA0400B9770020547500204809002030
:10D6300072DA0400B2DA0400E6DA0400F8B50E4C3F
:10D640000E4D27782E88082018F0A8FB48B10C4B07
:10D65000C661C0E90537042303740023437483744F
:10D66000C37408494FF4035221F0EEFD2988207855
:10D67000BDE8F840FFF766BF2E78002076750020E1
:10D6800034DB040084900400037E03B3D0ED007A01
:10D6900090ED037AD0ED016A90ED050A37EE677AD6
:10D6A000D0ED047A77EEE67AB4EEE77AF1EE10FA8E
:10D6B000D8BFF0EE477A90ED027A30EE470AF4EEEA
:10D6C000C07AF1EE10FAD8BFB0EE670A70479FED4E
:10D6D000010A70470000000008B528F024FDDFEDC6
:10D6E000167AB4EEE70AF1EE10FA034621D4B5EE4D
:10D6F000C00AF1EE10FA19DBB1EEC00AF7EE007ABB
:10D7000087EE807A0120D3ED007A67EE877AC1ED4B
:10D71000007AD3ED017A67EE877AC1ED017AD3ED15
:10D72000027A67EE877AC1ED027A08BD9FED030A9F
:10D73000E4E70020F9E700BF77CC2B3200000000BF
:10D74000014829F0B1BB00BF26DF0400F0B5012875
:10D7500085B0044607D902284F680AD003288D688F
:10D7600008D0CE6847B93C4805B0BDE8F04029F084
:10D770009BBB00250026F5E738493846EFF727FE22
:10D7800088BB042C01D93648EEE71DB12C780CB1CA
:10D790006B780BB13348E7E7783CE4B2022C07D84A
:10D7A0006EB90521204605B0BDE8F040FFF7CABEBE
:10D7B0002D48294605B0BDE8F04029F075BB0A2286
:10D7C00001A9304627F020FB019B1B7813B9431EAB
:10D7D000632B06D925486422314629F065FB05B044
:10D7E000F0BD81B2DEE722493846EFF7F0FD20B9FF
:10D7F00005B0BDE8F040FDF76FBC38461D491D4F30
:10D8000027F050FA01AE04460025D4B1032D06D10D
:10D81000194829F049FB194829F046FBDFE769461A
:10D82000204627F0E5F9009BA6EC010AA342EFD0C1
:10D8300018780028ECD1394627F034FA013504462F
:10D84000E3E7032DE4D19DED031ADDED020A9DED22
:10D85000010AFDF7A7FBC2E75DDF0400BCDF04009F
:10D86000C1DF040005E004004CE0040077E00400A0
:10D870001ECA0400A6E00400A8E0040005E10400BC
:10D88000184B10B500241C70174B00200021C3E971
:10D8900000014FF44872214614482AF0CFFE144983
:10D8A00000220023C1E900231249C1E90023124BE1
:10D8B00012494FF080404FF0404208601A604860C3
:10D8C0005A6088609A600E481C2221462AF0B6FEF3
:10D8D0000C4BC3E900449C600B4BC3E900449C60C3
:10D8E00010BD00BFBA770020F826002000270020D6
:10D8F000282A0020202A0020C8660020D4660020A4
:10D90000AC660020A066002094660020F0B50228D6
:10D910008DB0064605D033480DB0BDE8F04029F083
:10D92000C3BA4C6810220021204627F011FB2E4A72
:10D93000CDE9000105460F4607A8112117F0FCFCB0
:10D9400055EA07034AD0214607A8EFF740FD0446F1
:10D95000002843D1254B93E8030006220590ADF83B
:10D960001810072005A919F041FC031E08BF082361
:10D9700005F0FF02A44208BF9A4210D0062018F01A
:10D980000DFA28B11A4B4361067444748474C4744C
:10D9900018494FF4865221F057FC0DB0F0BDFCF74A
:10D9A00031FDCDE9025702AB03CB134A10600620CC
:10D9B000516018F0F3F928B1104B436106744474B8
:10D9C0008474C4740B494FF4865221F03DFC0A4A1A
:10D9D0000B49082302200FF0B9FADEE7094829F0C5
:10D9E00063FADAE723E1040040E10400A400001038
:10D9F00048E1040084900400D5770020E5D50400B8
:10DA000065F003205BE10400012810B501D94C68E2
:10DA10003CB9114829F048FA1048BDE8104029F0F7
:10DA200043BA0F492046EFF7D2FC18B9FCF7C0FB08
:10DA30000C48F2E70C492046EFF7C9FC30B928F052
:10DA400064FB08B10948E8E70948E6E721460948C8
:10DA5000BDE8104029F028BA6CE1040083E104001D
:10DA600035C30400BFE10400BB3A050000E2040036
:10DA700020E2040039E20400012808B506D94B6809
:10DA800023B1BDE80840054829F00EBA044829F042
:10DA90000BFABDE8084024F0DDB800BF62E20400E4
:10DAA0009FE2040008B5044829F0FEF9BDE80840EB
:10DAB00000210A200AF00EBD1DBE0400012810B589
:10DAC00017D94C68ACB111492046EFF780FC38B942
:10DAD0000120FCF7E3FC0E48BDE8104029F0E4B952
:10DAE0000C492046EFF773FC18B9FCF7D7FC0A483D
:10DAF000F2E7FCF71DFD094A0949BDE8104000287E
:10DB000008BF1146074829F0CFB900BFBB3A05004E
:10DB1000BBE2040035C30400C9E20400E4280500A8
:10DB2000ECAE0400D8E20400012810B517D94C6807
:10DB3000ACB111492046EFF74AFC38B901200DF08D
:10DB4000B7FF0E48BDE8104029F0AEB90C49204699
:10DB5000EFF73DFC18B90DF0ABFF0A48F2E70A4BAE
:10DB60000A4A19780A4B0B48BDE8104000290CBF3F
:10DB70001146194629F098B9BB3A0500E2E20400C3
:10DB800035C30400F5E20400CD770020E428050049
:10DB9000ECAE040009E304002DE9F04F884685B09F
:10DBA00082461C22002140462AF048FD1E4C4FF0C0
:10DBB00000090026002794F8813133B1D4F884316C
:10DBC000AAEB0303B3F5207F29D909F10109B9F1C3
:10DBD000080F04F5C474EED147EC106B05B0BDE836
:10DBE000F08F55F80C3C019355F8083C029301A9BD
:10DBF00055F8043C0393404628F011FB3046394663
:10DC00000A4B0022EEF7F0FC0BF1010B06460F4623
:10DC100094F881315B4505F10C05E2DCD5E725463A
:10DC20004FF0000BF4E700BFB85900200000F03FB0
:10DC300000B52DED028B90ED037A90ED078AD0EDC3
:10DC40000B7A77EE086AB0EE086A76EEA76A8BB0B8
:10DC5000C6EE868A0023CDE9073309938DED047A59
:10DC60008DED058AB0EEC77AB0EEC88AB4EE487A78
:10DC7000F1EE10FAC8BFB0EE478ACDED067AF0EEAD
:10DC8000E77AF4EEC87AF1EE10FAB5EEC00A58BFA2
:10DC9000B0EE678AF1EE10FACDED018ACDED028A81
:10DCA000CDED038A0CDCB0EEE80A30EE000ADFEDC1
:10DCB000197AB4EEE70AF1EE10FAD8BFB0EE670AAF
:10DCC00007A90EF01FFC28B900200BB0BDEC028B99
:10DCD0005DF804FBDFED107A9FED0E0AF0EEE88AA6
:10DCE00068EEA78A01A9F4EEC08AF1EE10FAC8BF67
:10DCF000B0EE680A04A80EF005FC0028E4D0F2EEAD
:10DD0000007AB4EEE78AF1EE10FA94BF0120002009
:10DD1000DBE700BFCDCCCC3DCDCC4C3EDFED1C7A5B
:10DD200070B50023B0EE670A01F10C06CA18C418DA
:10DD3000F518B2EC017AF4EC016A37EE667AAA4281
:10DD400007EE070A46EEA67AF3D10C33302BEDD15D
:10DD50009FED107AF4EEC77AF1EE10FA02D59FED3E
:10DD60000C0A70BD80EE270A25F094FAF7EE007ACF
:10DD700037EEC00AB5EEC00AF1EE10FAEFD4B4EEF9
:10DD8000670AF1EE10FAC8BFB0EE670AE9E700BF14
:10DD900000000000CCBC8C2B2DE9F0472DED048B4E
:10DDA000C24D95ED016A95ED007AD5ED027A26EE29
:10DDB000066A07EE076A96B0044607EEA76AF6EE13
:10DDC000087AB4EEE76AF1EE10FA5ADBDFEDB87AC2
:10DDD000B4EEE76AF1EE10FA94BF0126002623683C
:10DDE00007936368089307A8A368099328F09BF931
:10DDF000DFEDB07AB4EEE70AF1EE10FA00F135810A
:10DE00000146AD4828F00BFAAB4804AA07A928F050
:10DE1000E3F9002800F02981AEB3B0EE460A25F000
:10DE200039FAF7EE007A87EE808A95ED009AD5ED03
:10DE3000018AD5ED027A28EE099A68EE288A28EE42
:10DE4000278ADFF890A20023DAE900010022EFF729
:10DE500011F89A4BDDED045A9DED056ADDED066A79
:10DE6000C0B9C3ED005A83ED016AC3ED026A002E0A
:10DE700039D0934B83ED009AC3ED018A83ED028A7A
:10DE800031E00026ABE79FED8F8AF0EE488AB0EED6
:10DE9000489AD6E78C498D4A087818B98C481060A2
:10DEA00001200870D3ED017A93ED007AD2ED004A9B
:10DEB00066EE277A45EE877A93ED027A46EE877A08
:10DEC000B7EE005A75EE677A002E40F0AE80F4EEA1
:10DED000E47AF1EE10FAC0F2C880C3ED005A83ED87
:10DEE000016AC3ED026AA068EEF7DCFC41EC190B95
:10DEF0006068EEF7D7FC41EC180B2068EEF7D2FC17
:10DF0000B0EE492AF0EE692AB0EE481AF0EE681A2F
:10DF100041EC100B6F4A7049704807F093F966485E
:10DF200007A901AA28F0A7F90AA901A8FFF7D4FBBD
:10DF3000002840F09F80DAE90045694B0022204626
:10DF40002946EEF78DFF002800F08F8020462946F5
:10DF5000EEF7B0FF602290FBF2F302FB1303002BFD
:10DF6000804600F382805F4A5F4B0325B0EE008A53
:10DF7000F2EC017AB3EC017A77EEC77AB4EE678AF5
:10DF8000F1EE10FAC8BFB0EE678A013DF0D14A4801
:10DF9000FFF77AFB18EE100AF0EE408AEEF782FCEB
:10DFA000064610200F4617F0F9FE0446B8B14F4B55
:10DFB000DFF84491C0E905384FF00008C0E9086770
:10DFC000C0E90A8918EE900AEEF76CFCC4E90E89E4
:10DFD000C4E90C010C2323746574A574E5744449E9
:10DFE00046F2C002204621F02FF9F6EE007AB4EE98
:10DFF000E78AF1EE10FA04D4F4EEE78AF1EE10FAB3
:10E000007CD5062017F0CAFE38B13A4B4361022393
:10E010000374002343748374C37435494FF48652E8
:10E0200021F012F901210820BFE0254AF4EEE47A3C
:10E03000F1EE10FAD2ED003A92ED017A92ED024A39
:10E0400006DBC3ED005A83ED016AC3ED026A10E7F7
:10E0500067EE287A43EE897A44EE087A35EE675AFD
:10E06000B4EEE45AF1EE10FAEBDA16B0BDEC048B24
:10E07000BDE8F0871C491B4A0AA80323F0EC017A8B
:10E08000B1EC017AF4EEC77AB2EC017AF1EE10FA53
:10E09000F4EEC77A48BF41ED017AF1EE10FAC8BF3D
:10E0A00042ED017A013BE9D145E700BF88660020D7
:10E0B0006666A63F77CC2B32AC660020A0660020B7
:10E0C00094660020000000002EB20020846600202C
:10E0D00000E9783C202A0020282A00200027002080
:10E0E00000006840C8660020D466002018E30400E1
:10E0F000149004006AE304000000E03FDAE90089BC
:10E10000324B002293ED008B4046314B4946EEF7EF
:10E1100093FE054660B10820DAE9006717F03EFE7D
:10E120000446002844D12B494FF4C652204677E7D5
:10E13000B0EE480AF0EE680A49EC118B26490AA8AD
:10E1400007F034F942464B4651EC180BEEF72CFD24
:10E15000EEF7F8FE00EE100A0AA830EE000AFFF70C
:10E1600067FD0028D7D01D4A13780A2043F07F03AB
:10E17000DAE90089137017F011FE044668B1184BF4
:10E18000436149464046EEF795FEC4E90867062319
:10E19000A06123746574A574E5740E4920464FF49C
:10E1A000435221F051F8012105200AF093F95CE770
:10E1B0000C4B436139463046EEF77CFE0323237453
:10E1C0000023A0616374A374E374ACE7282A0020E1
:10E1D000000068401490040000270020BA77002057
:10E1E00094E30400BEE304000649D1E900210A4398
:10E1F00018BF054A03461DBF07CA83E80700012070
:10E2000000207047F026002088660020254B70B55E
:10E21000002814BF06461E46234B002914BF0D4696
:10E220001D46002434607460B4602C606C60AC6087
:10E23000002A36D0062017F0B1FD30B11B4B4361E8
:10E240000223037444748474C47419494FF48652CD
:10E2500020F0FAFF17490C23324603200EF076FE19
:10E260000C232A46042014490EF070FE134B144A66
:10E27000002483F8604900231360536093600620F4
:10E2800017F08CFD30B10F4B4361022303744474CB
:10E290008474C474BDE8704005494FF4865220F080
:10E2A000D3BF70BD106700201C670020F1E304009D
:10E2B00044900400F0F00320FCF0032000F0032061
:10E2C00054F9032012E40400F0B5264B002814BFD3
:10E2D00006461E46244B85B00024002914BF0F4675
:10E2E0001F46B6EE000A01A93046CDE901441546A5
:10E2F00003940EF007F910BB30462A463946FFF763
:10E3000085FF062017F04AFD18BB18494FF48452C8
:10E3100020F09AFF062017F041FD38B1144B4361FD
:10E3200002230374002343748374C3740F494FF4AE
:10E33000845220F089FF4FF0FF3005B0F0BD9FED13
:10E340000D0A01A938460EF0DDF80028D4D0204689
:10E35000F3E7094B4361022303740023437483747E
:10E36000C374D2E7106700201C67002044900400AB
:10E3700057E40400000048423FE40400154B70B528
:10E38000002814BF04461C460D46302200212046BA
:10E390002AF054F94FF07E53E360E361E362C5B1C4
:10E3A000062017F0FBFC38B10B4B436102230374CA
:10E3B000002343748374C37408494FF4865220F0D9
:10E3C00043FF22460649BDE87040302307200EF087
:10E3D000BDBD70BDE0660020F1E304004490040080
:10E3E00044F1032070B5334B2DED028B002814BF90
:10E3F00005461D46D5ED037AD5ED076A95ED0B7AF6
:10E400008AB0CDED047A77EEA67A8DED067A77EEB6
:10E41000877AB0EE087A87EE878A00240E4628466F
:10E4200007A9CDE907440994B6EE000ACDED056AC7
:10E430008DED018A8DED028A8DED038A0EF062F872
:10E4400018BB28463146FFF799FF062017F0A6FCB7
:10E4500038BB19494FF4845220F0F6FE062017F01D
:10E460009DFC38B1154B43610223037400234374B0
:10E470008374C37410494FF4845220F0E5FE4FF0CA
:10E48000FF300AB0BDEC028B70BD9FED0D0A01A9F3
:10E4900028EE000A04A80EF035F80028D1D0204656
:10E4A000EFE7084B43610223037400234374837432
:10E4B000C374CEE7E06600204490040057E40400F3
:10E4C000CDCCCC3D3FE4040008B5034827F0DCFD8B
:10E4D000003818BF012008BD0C6600202DE9F0416E
:10E4E00003460A461979DB880068134303F03002BB
:10E4F000302AD0E90147066907D140F2F7321E49B8
:10E500001E4828F0E7FC29F05CFC1D4A1D4D1A400E
:10E51000AA4202D140F2FB32F1E703F00602042ADC
:10E5200002D140F2FE32EAE713F440220CD09D0300
:10E5300002D440F20142E2E7B2F5402F0ED0124A77
:10E540009A4301D183F44023246801258D4025425C
:10E5500023F4801205D140F21142D0E740F2054287
:10E56000CDE73468DB074CBF2C43AC4334603B68D9
:10E57000BDE8F041184700BF98E4040065A4050019
:10E5800002000300020001000100100010B5034664
:10E590000A46006819790469012303FA01F1436806
:10E5A0001B68194207D10B490B4840F2A26228F0C0
:10E5B00091FC29F006FC2368194218BF82F0010281
:10E5C00022B18368DB68BDE81040184783681B6987
:10E5D000F9E700BF98E4040065A40500F8B5064615
:10E5E000EFF31187402383F31288BFF36F8F104836
:10E5F0001EF034FD30B988220E490F4828F06AFC1D
:10E6000029F0DFFB0D4D0A481EF04CFD0FCD3446BE
:10E610000FC42B68064823601EF02EFD10B94FF47E
:10E620009A72E9E787F31188BFF36F8F3046F8BD20
:10E630002466002082CE040065A405001066002038
:10E6400000B52DED028B87B001A8FFF7C7FF039B34
:10E65000632B15D99DED018ADFED0B7AB4EEE78AC5
:10E66000F1EE10FA0CD49DED020A24F013FEC0EE78
:10E67000087AB0EE670A07B0BDEC028B5DF804FBC8
:10E68000F7EE007AF5E700BFBD37863570B5044672
:10E69000EFF31186402383F31288BFF36F8F114885
:10E6A0001EF0DCFC30B988220F49104828F012FC1B
:10E6B00029F087FB0E4D0B481EF0F4FC0FCD0FC464
:10E6C0000FCD0FC495E80F0084E80F0005481EF039
:10E6D000D3FC10B94FF49A72E6E786F31188BFF3C2
:10E6E0006F8F70BD3866002082CE040065A40500DF
:10E6F000486600202DE9F0434FF0FF3287B04FF01D
:10E70000FF33424829F03DFC0EF090F840B94048F4
:10E7100028F0CAFB3D4807B0BDE8F04327F0BEBD76
:10E720003C4C3D484FF4C04128F0BEFBE168228AD2
:10E730003A4801FB02F328F0B7FBA57C0820EDB9AD
:10E7400017F02CFB40B1364B4361364B83610323FA
:10E75000037445748574C57433494FF4C25220F074
:10E7600073FD6FF00C06A37C002B46D117F03AFE28
:10E7700002462E48314628F097FBCBE71FF066FB98
:10E78000E568238AA5EB4005013B5D436368009380
:10E79000074602A968461FF0E1FB06460028E2D1C1
:10E7A0006368019304A901A81FF0D8FB064600285E
:10E7B000D9D1BDF80890BDF8103066684B4502D03D
:10E7C000019BB342EED102A81FF04EFBDDF80080A2
:10E7D00038B1BDF80C0040B94FF6FF73994500D130
:10E7E000ED1BB045D5D12E46BDE7019B9845F8D12C
:10E7F0001FF02CFBED1B2D1AF3E708201FF026FB62
:10E80000D4E90123D21A121AB3E700BF0809002085
:10E81000C9E4040048680020DAE40400F7E40400D6
:10E820001AE50400E2190500C490040032E5040072
:10E83000F8B50446254827F027FC0546244827F06C
:10E8400023FC85420BD023484FF44462002129F079
:10E85000F5FE0023C4E9003323722046F8BD4FF0D3
:10E86000FF324FF0FF331C4829F08BFB174827F08D
:10E870000BFC0646164827F007FC0746174827F00A
:10E8800003FCBE4205460CD0134827F007FD4FF4A9
:10E89000446200250F48002129F0D0FE2E462A466A
:10E8A0000FE00F490B484FF4446229F09FFE0748E0
:10E8B00027F0EAFB0746084827F0F0FCBE42E6D105
:10E8C0000122C4E900562272C7E700BF0866002093
:10E8D000F8650020B8590020CC080020B459002069
:10E8E000744D002030B54FF0FF3285B04FF0FF334C
:10E8F0000E4829F046FB01A8FFF79AFF019D0C4B3B
:10E900000822002493F8810130B1D3F88411691AE8
:10E91000B1F5207F98BF2418013A03F5C473F1D1F3
:10E92000024827F0BBFC204605B030BDE0080020BF
:10E93000B85900202DE9F04794B04FF0FF324FF066
:10E94000FF33002539480395CDE9015529F019FB1E
:10E950000AA8FFF76DFFDDF828A0DFF8D4800DA925
:10E960005046FFF719F957EC106B98F881318BBBC3
:10E970000135082D08F5C478F7D12C4827F08EFC16
:10E9800000224FF0804330463946EEF755FA002812
:10E9900046D130463946EEF7D5FA07EE100AF7EEC3
:10E9A000006AC6EE877A9DED020A9DED017ADDEDE3
:10E9B000036A27EE800A27EE877A20EE000A07EE28
:10E9C000070A67EEA67A07EEA70A14B0BDE8F0477B
:10E9D00024F060BCD8F88431AAEB0303B3F5207FA0
:10E9E000C6D844464FF0000913E054F80C3C079396
:10E9F00054F8083C089304AA54F8043C099307A966
:10EA00000DA827F038FC04A901A827F099FB09F10B
:10EA1000010998F881314B4504F10C04E5DCA7E7C6
:10EA2000B7EE000A14B0BDE8F08700BFE008002090
:10EA3000B85900202DE9F04FAC4BAD481968AD4DE9
:10EA4000AD4E93B028F030FAAC4BD3F800A041F2B1
:10EA50009313AAF2DD529A4240F2D780B5F9000032
:10EA600009F07CF8A648D6E9004628F01DFA54EAD9
:10EA7000060300F0EA8027F02CFB001BA14A61EBA3
:10EA80000601EFF739F909F0E3F89F4C9F4E8A46EB
:10EA9000217811F00201834600F0DB80D6E900986E
:10EAA00021789B4B11F0040100F0DF80D3E9007660
:10EAB00009F0E8F850EA010300F0E480954AEFF726
:10EAC0001BF95BEA0A0300F0E180934A584651467D
:10EAD000EFF712F959EA080300F0DC808F4A484644
:10EAE0004146EFF709F957EA060300F0D7808C4A50
:10EAF00038463146EFF700F9102200210AA829F024
:10EB00009DFD10220AA908200EF0AAFABDF92A706C
:10EB1000102200210AA829F091FD47EAE77B102284
:10EB20000AA908200EF09CFA5846BDF9286009F0A1
:10EB300015F846EAE67A0690504609F00FF81022DA
:10EB4000099000210AA829F079FD10220AA90820BD
:10EB50000EF086FA3743DDE90C9800F1A38059EAFC
:10EB6000080300F09F800998EDF78AFE6D4B0022A4
:10EB7000EEF71AF8064658460F46EDF781FE694B48
:10EB80000022EEF711F8CDE904015046EDF778FECA
:10EB9000644B0022EEF708F8CDE902010698EDF784
:10EBA0006FFE604B0022EDF7FFFF3246CDE900011A
:10EBB0003B465D4828F078F95C4A48464146EFF705
:10EBC0009BF823785A4F13F020036FD03E78594AB0
:10EBD000002303F1200132F9111000297CDDDBB2A2
:10EBE000C3EB431203EB8200800000B2514B1127AC
:10EBF00007F1200233F91220002A74DD431C40F093
:10EC0000AF804D4828F050F9CDE0B5F90070384696
:10EC100008F0A4FFEDF734FE424B0022EDF7C4FFED
:10EC200080463846D6E900468946CDF808A0EDF77B
:10EC300027FE3C4B0022EDF7B7FF4246CDE900012D
:10EC40004B463E4828F030F911E73D4828F02CF9B2
:10EC500019E73C48F3F710F8237843F00203C6E9BC
:10EC600000018146884623701AE73748F3F704F815
:10EC7000274BC3E90001237843F0040307460E46FF
:10EC8000237015E7314828F00FF91AE7304828F0CB
:10EC90000BF91FE72F4828F007F924E72E4828F042
:10ECA00003F929E72D4828F0FFF88AE73B70092689
:10ECB00020220AA930460EF0D3F9BDF8283013B14E
:10ECC0003B7801333B700136B6B21C2EF0D123786D
:10ECD00043F02003237079E70133122B7FF479AFDF
:10ECE0004FF0FF3082E7013F82D28AE768010020BF
:10ECF0007BE50400F4060020001200201C01002027
:10ED000087E50400BDE50400B5B20020482A0020D4
:10ED1000502A0020DFE50400F2E5040008E60400C4
:10ED200038E604000000594068E60400A8E6040044
:10ED3000B4B2002000F0032008E7040097E50400C7
:10ED4000CAE504008F630400C56304000CC7040017
:10ED500050C7040018E6040048E60400BBE60400BF
:10ED6000EDF78EFD0022BF4BEDF71EFF06EB86068A
:10ED70008046F0B289460237EDF772FDC7EB4713C4
:10ED800007EB8307CDE90201B80000B2EDF778FD8B
:10ED9000B44B0022EDF708FF4246CDE900014B4697
:10EDA000B14828F081F82378B04F13F0100300F039
:10EDB00029813868AE4CEDF753FDAE4B0022EDF7DC
:10EDC000F3FE02460B46AC4828F06EF8AB4828F03C
:10EDD0006BF8AB4B278BAB49AB4842F21076B7428E
:10EDE00088BF194628F060F8A84828F05DF8238B02
:10EDF000B4F91810B34240F21A81A54828F054F82B
:10EE00009B4B5A8BB3F91A1042F210739A4240F29C
:10EE10001B81A04828F048F8954B1A8EB3F93010A2
:10EE200042F604139A4240F25F819B4828F03CF876
:10EE30008F4C9A4EA26AE16A9948A2FB062306FB10
:10EE40000133D20B42EA4342DB0B28F02DF8D4E920
:10EE50000E21A2FB062306FB0133D20B42EA4342FA
:10EE60009048DB0B28F020F88F4828F01DF8B5F902
:10EE70000000EDF705FD7B4B0022EDF795FE024605
:10EE80000B468A4828F010F842F210739F422ED8A1
:10EE9000D4E90A23D4E90E10521A63EB0001A2FB55
:10EEA000062306FB0133D20B42EA43428048DB0BC8
:10EEB00027F0FAFFB4F93000A0F5FA70EDF7E0FCA6
:10EEC000684B0022EDF770FE0646B4F91800A0F575
:10EED000FA700F46EDF7D4FC624B0022EDF764FEAA
:10EEE0003246CDE900013B46724827F0DDFF72480B
:10EEF000DFF8D491694E27F0D7FF002425464FF064
:10EF00000008202200210AA829F098FB04F109003A
:10EF100020220AA980B20EF0A3F8BDF8287004F1EF
:10EF2000010A57B35046EDF7ABFC42464B46EDF7AE
:10EF300011FD3A46CDE906010023DDE90C01EEF7AB
:10EF400051F8A0FB060306FB0131C00B40EA41402B
:10EF5000C90BCDE90401E0B20297EDF781FC42460E
:10EF60004B46EDF7F7FCDDE90623CDE900015348F8
:10EF7000214627F099FF0135EDB25446142CC0D13B
:10EF800015B94F4827F090FF4E48DFF8E4A027F06E
:10EF90008BFF00242546204608F03EFD04F12003A7
:10EFA0000134804620463AF91390EDF769FC464B50
:10EFB0000022EDF7CFFC064640460F46EDF760FC19
:10EFC000284B0022EDF7F0FD404A414BB9F1000F0C
:10EFD000D8BF1346CDE9000102933E4832463B4676
:10EFE00027F062FFB9F1000FC8BF0125122CD2D162
:10EFF00015B9394827F058FF384813B0BDE8F04F2D
:10F0000027F052BF3B600926304620220AA90EF0A5
:10F0100027F801363B68BDF82800B6B218441C2E0C
:10F020003860F1D1237843F010032370C2E608461C
:10F03000EDF726FC0B4B0022EDF7B6FD02460B4622
:10F04000274827F031FFDBE60846EDF719FC054BB2
:10F050000022EDF7A9FD02460B46224827F024FFC7
:10F06000DAE600BF00005940D7E60400006F002038
:10F0700000F00320000034401CE7040030E70400E7
:10F0800060E504005AE5040050E7040063E704006B
:10F0900074E70400B2E70400F0E7040040420F0008
:10F0A00032E8040052E8040074E8040087E8040031
:10F0B000A6E80400E8E8040022E904003CE90400B2
:10F0C00073E9040094E904000000144070E50400B2
:10F0D00054250500A9E90400BFE90400E6E904009D
:10F0E00096E70400D4E704000846EDF7C9FB054B9A
:10F0F0000022EDF759FD02460B46034827F0D4FEE7
:10F1000096E600BF0000594014E8040010B526F050
:10F11000E0FF4FF4C3620023EEF7AAF81046194649
:10F120004E220023EEF7A4F80446194610460023A9
:10F130000D22EEF79DF8084B0849D2B2C0B2E4B2F6
:10F1400053F82230064A51F8241052F8202005487E
:10F15000BDE8104027F0A8BE4C9604009896040025
:10F160008096040006EA040008B526F0B2FF024BC0
:10F17000C3E90001002008BD302A0020F8B5134D76
:10F18000134C4FF0FF324FF0FF33284628F0F9FEC2
:10F1900026F09FFFD4E90432D4E90276DB1B62EB50
:10F1A00006021B1842EB0102C4E90201C4E9043261
:10F1B000214640F66412002018F02EF8C4F86409C5
:10F1C0002846BDE8F84027F069B800BFF4080020E1
:10F1D00000F00320012837B501D9486840B91C4820
:10F1E00027F062FE1B4803B0BDE8304027F05CBE4C
:10F1F0000A2201A925F008FE019B1B78044613B9D9
:10F20000431E632B04D9144827F04EFE03B030BDD3
:10F21000124D0146124827F047FE85F89844FFF743
:10F22000ADFF104A012311461F200DF08FFE95F807
:10F2300098140D4827F038FE26F067FF08B10B48F8
:10F24000E2E795F898140A4827F02EFEDEE700BFA3
:10F250000EEA040026EA040052EA040000F003204B
:10F2600088EA040098F40320A2EA040000E2040003
:10F27000BFEA040008B50E4827F016FE0D4BFF222A
:10F2800083F89824FFF77AFF0B4A012311461F20C9
:10F290000DF05CFE094827F007FE26F036FF20B18E
:10F2A0000748BDE8084027F0FFBD0648F9E700BF62
:10F2B000E2EA040000F0032098F4032011EB0400BC
:10F2C00000E2040044EB040008B50CF0E7FB054A3B
:10F2D0000023C2E92833FFF751FFBDE80840024888
:10F2E00026F0DCBF00F403200809002001282DE9E6
:10F2F000F34101D94C6894BB0125244C01232370B0
:10F3000026F0E9FE4FF47A736B430026C4E902014C
:10F31000C4E90436A661266208F0BAFA0C20D4F8D3
:10F320001C8010EE107A16F039FD044670B1184BAF
:10F33000C0E905353846EDF7B5FAC4E908010723F9
:10F34000C4F8288023746674A674E67411494FF4D7
:10F350006352204602B0BDE8F0411FF075BF0A229B
:10F3600001A9204625F050FD019BA34209D01B783E
:10F370003BB9431E3B2B04D81E2B34BF05460A2540
:10F38000BBE7054827F090FDB6E700BF0800002066
:10F39000A0EB0400549104006CEB04002DE9F04F45
:10F3A0002DED088B0620CFB016F0F8FC38B1C64B17
:10F3B000436102230374002343748374C374C349F9
:10F3C0004FF486521FF040FF062016F0E7FC38B1DC
:10F3D000BF4B436102230374002343748374C374DB
:10F3E0004FF48652B9491FF02FFF002400210CA8CA
:10F3F000FEF7C4FFCDE90644089426F06CFE0746EC
:10F400008946FEF73DFA082016F0C8FC40B1B14B22
:10F410004361122383610323037444748474C474AA
:10F42000AD494FF4C6521FF00FFF062016F0B6FC90
:10F4300038B1AA4B436102230374002343748374DD
:10F44000C374A5499FEDA6AADFEDA6AA4FF4865284
:10F450001FF0FAFE4FF0000845460121042009F094
:10F4600039F807200CF0F0FF26F035FE47F2315353
:10F47000C01B61EB0901984271F1000142DB0820D9
:10F4800016F08CFC48B1984B43611E238361032323
:10F490000374002343748374C3748F494FF4C452BC
:10F4A0001FF0D2FE082016F079FC002840F0F3810E
:10F4B00086494FF402521FF0C7FE052D4FF0080099
:10F4C00040F3F58116F06AFC40B1884BC0E9053580
:10F4D00003230374002343748374C3744FF4C6522C
:10F4E0007A491FF0B1FE08F039F9814B814993ED5B
:10F4F000001B814B0CA893ED000B05F057FFFEF7A6
:10F50000BFF982E103AE4FF400420023304620F001
:10F51000B9FB0446002840F0E38196ED009ADDED4A
:10F52000067AD6ED018A96ED028A79EE677A09A904
:10F53000CDED097ADDED077A78EEE77A02ABCDED15
:10F540000A7ADDED087A78EE677A03220846CDED77
:10F550000B7A19F093F8DDED027AF5EEC07AF1EE50
:10F5600010FA0DF1180A06DBF1EEE77AF4EECA7A2A
:10F57000F1EE10FA78D808F16408B8F5FA6FD4BF44
:10F580000023012396E807008AE80700002B00F01B
:10F590008A8009AB03223146304619F06FF8DDED61
:10F5A000097AF5EEC07AF1EE10FAFFF65AAFF1EEF5
:10F5B000E77A9FED527AF4EEC77AF1EE10FA3FF552
:10F5C00050AF89EE276A18AA0023C8EEA76A88EE12
:10F5D000277A9D424BD14EAA0C2303FB052303ED52
:10F5E000366A43ED356A03ED347A26F074FD07463A
:10F5F0000820894605F1010A16F0D0FB002856D1F3
:10F6000035499FED3FBA4FF403521FF01DFE012113
:10F61000022008F05FFF03AE4FF4004200233046A3
:10F6200020F030FB002840F05B810DF1180BB0EEAC
:10F630004B0A594630460CF065FF002866D1019010
:10F64000062016F0ABFB38B12E4B019A4361022322
:10F65000037442748274C2741F494FF486521FF0BF
:10F66000F3FDAA465546F8E6A04623468AE711462A
:10F67000D1ED017AD1ED005A66EEA77A46EE257AF1
:10F680000C32D1ED025A47EE257AF4EEEA7AF1EE29
:10F6900010FA01DC01339CE70520012108F01AFF74
:10F6A000642026F003FD142026F000FDD9E6164B59
:10F6B000C0E9053A1223C361042303740023437491
:10F6C0008374C3749CE700BFEFEB04000C9004004C
:10F6D0001CEC040040EC04001490040077EC0400DF
:10F6E0000AD7A33C6666663FB3EC0400A8ED0400AD
:10F6F000202A002000270020282A0020CDCCCC3D45
:10F700008FC2F53CF8EC0400E0EC040096E807003A
:10F710008BE80700B068EDF7C5F841EC190B70688D
:10F72000EDF7C0F841EC180B3068EDF7BBF8B0EE20
:10F73000492AF0EE692AB0EE481AF0EE681A41EC58
:10F74000100BB94AB949BA4805F07CFD01343222A0
:10F7500094FBF2F302FB13432BB9B64827F0A4FB4A
:10F7600007200CF071FEB4F5FA7F7FF454AF082047
:10F77000012108F0AFFE082016F010FB40B1AE4B9F
:10F78000C0E9053A03230374002343748374C374EC
:10F79000AA494FF4C6521FF057FD4FF4FA7026F0F5
:10F7A00085FCBAF1120F7FF45DAF062016F0F6FA71
:10F7B00038B1A34B43610223037400234374837461
:10F7C000C3744FF486529D491FF03EFD07F0C6FFFB
:10F7D000954B974993ED001B944B0CA893ED000BB0
:10F7E00005F0E4FDFEF74CF8062016F0D7FA38B124
:10F7F000944B436102230374002343748374C374E2
:10F800008E494FF486521FF01FFD062016F0C6FAEF
:10F8100038B18D4B43610223037400234374837416
:10F82000C3748A498A4F4FF486521FF00DFD0CAE07
:10F83000002556F804BB0E20D6F808A0D6F8149080
:10F84000D6F8208016F0AAFA0446D0B1476158468F
:10F85000EDF728F8C4E906015046EDF723F8C4E9AE
:10F8600008014846EDF71EF8C4E90A014046EDF7E5
:10F8700019F80A22C4E90C01227400226274A274ED
:10F88000E274724945F2C002204601351FF0DCFCEB
:10F89000032DCED128E06F4BC0E905350623C361A7
:10F8A00004230374002343748374C37400E616F0C6
:10F8B00075FA48B1684B4361684B83610323037455
:10F8C000002343748374C37460494FF4C2521FF021
:10F8D000BBFCFDF7D5FF0121084608F0FBFD67E002
:10F8E000FDF7CEFF5E4B0C9300210CA8FEF77AFDCE
:10F8F0000446002861D00121084608F0EBFD0620EF
:10F9000016F04CFA38B1574B4361022303740023BD
:10F9100043748374C3744D494FF486521FF094FCB2
:10F92000062016F03BFA38B1474B436102230374BB
:10F93000002343748374C37444494B4E444F4FF4C3
:10F9400086521FF081FC032556F804BB0E20D6F822
:10F9500008A0D6F81490D6F8208016F01FFA0446B6
:10F96000D0B147615846ECF79DFFC4E90601504607
:10F97000ECF798FFC4E908014846ECF793FFC4E9A7
:10F980000A014046ECF78EFF0A22C4E90C012274FA
:10F9900000226274A274E2742C4945F2C00220462F
:10F9A0001FF052FC013DCFD101212846FEF71AFD80
:10F9B0004FB0BDEC088BBDE8F08F062016F0EEF9D5
:10F9C00030B12A4B43610223037444748474C474B9
:10F9D0001E49254D4FF486520CAC1FF035FC0FCC60
:10F9E0000FC50FCC0FC594E80F0085E80F0006F097
:10F9F00081FC07201E493023A5F120020DF0A6FA54
:10FA0000062016F0CBF938B11A4B43610223037478
:10FA1000002343748374C3740C494FF486521FF05F
:10FA200013FC0121092058E7202A0020282A002061
:10FA3000002700200F28050024ED04001490040086
:10FA400033ED040055ED040010EE04000C900400AA
:10FA500026EE040077ED0400D8ED0400C21905007D
:10FA60000000C07F3AEE0400E066002059EE04007A
:10FA700044F103206EEE040080B5614C61498CB006
:10FA8000204621F0E5FD20465F4921F0E1FD5F4B76
:10FA90005F4A1C605F4B1A605F4B00241C601EF0C5
:10FAA0009DF95E4827F0C2FC22465D495B485B4CED
:10FAB00027F01CFD204627F0D2FC002863DC5748C5
:10FAC00027F0D5FC1FF092FA002862D11C232622D1
:10FAD000CDE901320D23534800930822162340F24A
:10FAE000EA7127F0E1F9504A50495148514E444FCC
:10FAF00027F0DAF9504827F0D7F9316811B13846C4
:10FB000021F0A6FD4FF0FF324FF0FF33404822F0C6
:10FB100005FE002104463060202204A828F08EFD56
:10FB20004649601D034610F8012B8D5C15F0080551
:10FB3000F8D104A80446AE461A7872BB0CAA02EBB0
:10FB40008502002342F8203C002DD6D050F8042B2B
:10FB5000013A12F8014F002C40D10133AB42F5D1EC
:10FB6000DDF81090DFF8E08058F83410484608EBD4
:10FB7000C40AEDF72CFC00283AD1DAF8043004A9C5
:10FB800028469847B9E7012204A9204627F01FFC20
:10FB900090E70120FAF7CCF994E70135082D04D15C
:10FBA0002748072127F080F9A7E744F8043B1A46C5
:10FBB00013F801CBBCF1000FC0D011F80CC01CF041
:10FBC000080FF4D002F801EB1346013293F800C09D
:10FBD00011F80CC01CF0080FF6D1ADE711F804C005
:10FBE0000CF0030CBCF1010F08BF20341470B0E717
:10FBF00001341C2CB8D1134827F056F97DE700BF1B
:10FC0000B809002034670020BC670020306700205E
:10FC1000CC0900202C67002028670020C48A04003B
:10FC200055AD03008FC30400E9C30400EDC3040015
:10FC30002AC404004468002083EE0400BAA405002E
:10FC4000ACEE0400CAEE0400649704002DE9F04F06
:10FC50002DED028B95B0062002AF16F09FF838B15B
:10FC6000C04B436102230374002343748374C37441
:10FC7000BD494FF486521FF0E7FA062016F08EF8C1
:10FC800038B1BA4B43610223037400234374837475
:10FC9000C3744FF48652B4491FF0D6FA01210420F0
:10FCA00008F018FC20F04CF8012118B9084608F0BB
:10FCB00011FC64E2022008F00DFC4FF4FA7026F00B
:10FCC000F5F9AB4BBB617B61AA4B93F800B0BBF17C
:10FCD000010F07F1280640F0C281062016F05EF8F9
:10FCE00038B1A54B4361022303740023437483742A
:10FCF000C3749D494FF486521FF0A6FA07F036FDF3
:10FD0000062016F04BF838B19C4B43610223037474
:10FD1000002343748374C37493494FF486521FF0D5
:10FD200093FA974B974993F800900D784FF48073AE
:10FD3000BB86B6227E21002005F024FA044602206C
:10FD400026F0B4F900213246084605F005FAF860BD
:10FD5000C820FAF7EDF800227C21104605F012FACF
:10FD600082464FF4E170FAF7E3F80EF0E5FE8046C4
:10FD700078B3834A8349FF2313700B704FF0FF342D
:10FD8000062016F00BF838B17F4B43610223037451
:10FD9000002343748374C37473494FF486521FF075
:10FDA00053FA07F0F7FC0620002C00F03D8115F017
:10FDB000F5FF38B1754B436102230374002343748C
:10FDC0008374C37468494FF484521FF03DFA0121D3
:10FDD0006CE78022772105F0D5F9FB681C4344EAE3
:10FDE0000A0404227D210443404605F0CBF9044374
:10FDF000022026F05BF904226921404605F0C2F991
:10FE0000012204432F21404605F0BCF9022204439D
:10FE100007F1340132201DF047FF022204437E2106
:10FE2000404605F0AFF944EA0008C82026F03EF944
:10FE300007F11C026921002005F08EF93B7F042B9D
:10FE400048EA0008F1D000222F21104605F09AF967
:10FE500007F11C0204463821002005F07DF997F8CF
:10FE60001CA0044344EA0804DFF83881BAF1000F0B
:10FE70004DD0082015F092FF40B1454BC0E9053A3E
:10FE800003230374002343748374C37441494FF400
:10FE9000C6521FF0D9F93B7F032B10D1062015F075
:10FEA0007DFF38B13C4B436102230374002343744C
:10FEB0008374C37437494FF486521FF0C5F94FF06D
:10FEC000000BB6227E21002088F800B005F05AF918
:10FED0000443022026F0EAF800210846324605F0E5
:10FEE0003BF90443C820FAF723F89FED2C1A0021B0
:10FEF0000846F0EE410AB0EE410A0EF011FFB9F1EA
:10FF0000000F51D1002D57D108222B4662E0032368
:10FF100008F101027821504605F008F998F80230FE
:10FF200098F80120BB60044398F803307A600A20F7
:10FF3000FB6015F033FF78B1BB68C361FB681849FB
:10FF40007A680362052341618261037480F811A01D
:10FF500080F812A080F813A00E494FF423521FF02E
:10FF600073F9AEE7F6EE04000C9004001CEC0400FC
:10FF70000000C07F2FB2002034EF04004DEF0400DA
:10FF8000D3070020D2070020DAEF0400F1EF0400CD
:10FF900071EF0400648F04008AEF04000000000089
:10FFA000A5EF040030B2002049F0A002402100205B
:10FFB00005F0E8F80443ADB345F0E002422100202B
:10FFC00005F0E0F8B9F1000F44EA00040CBF082284
:10FFD0000C2202231A437D21002005F0D3F8204390
:10FFE00015D0082015F0DAFE48B1744B4361744B0C
:10FFF000836103230374002343748374C3747149BE
:020000040002F8
:100000004FF4C2521FF020F94FF0FF094D466E4BDE
:1000100098F8004083F800906C4BB4FA84F41D709B
:100020006409ADE60C2270E715F0B8FE30B1684BFC
:1000300043610223037444748474C47465494FF4A7
:1000400086521FF001F91E20634A644980230CF098
:100050007DFF06F04FF94FF4FA7026F027F80620DE
:1000600015F09CFE38B15E4B4361022303740023FC
:1000700043748374C3745749DFF880814FF4865208
:1000800007F11C041FF0E0F8002221463046FEF77D
:10009000BDF840F6B833009307F1140241F28833FB
:1000A00007F118012046F7F7EBFA0546002800F0A3
:1000B000A780411C0ED1062015F070FE38B1494BC7
:1000C000436102230374002343748374C3744FF4A5
:1000D00086520FE0821C58D1062015F05FFE38B121
:1000E000414B436102230374002343748374C3743C
:1000F0004FF4845237491FF0A7F80121084608F051
:10010000E9F9062015F04AFE38B1384B4361022365
:100110000374002343748374C3742E494FF48652CE
:100120001FF092F80C20D8F80090D8F80460D8F8A6
:10013000085015F033FE0446B0B12D4B43614846DC
:10014000ECF7B0FBC4E906013046ECF7ABFBC4E9C1
:1001500008012846ECF7A6FB0823C4E90A0123742A
:1001600000236374A374E3741A4944F2C002204666
:100170001FF06AF8002101220846FEF7A5F84C3767
:10018000BD46BDEC028BBDE8F08FC31C06D1062036
:1001900015F004FE00289AD0164B91E7082015F0C0
:1001A000FDFD40B1144BC0E9053503230374002362
:1001B00043748374C3744FF4C4529BE7C2EF0400CA
:1001C000DA190500648F0400D3070020D20700204D
:1001D00025F004000C90040030B200206DF00320E4
:1001E00047F0040054F0040064F004003AEE040008
:1001F000DAF00400A2F00400C3F004001C67002041
:10020000D7ED097AD7F81CB0D7F820A0C7ED037A4C
:100210000C2015F0C3FD8146C8B1874A426158469B
:10022000ECF740FBC9E906015046ECF73BFBC9E996
:100230000801F868ECF736FBC9E90A01082289F8D9
:10024000102089F8115089F8125089F813507B4911
:1002500044F2C00248461EF0F7FF00222146304615
:10026000FEF732F8054600287FF447AF062015F068
:1002700095FD30B1724B436102230374457485745C
:10028000C5746E494FF486521EF0DEFF96E80700F3
:100290006C4B83E8070094E8070088E807001FF02C
:1002A0004BFE694B1B78002B00F01D82D7ED067AC0
:1002B000F4EE677AF1EE10FA80F11582202063499E
:1002C000042307F118020CF041FE062015F066FD2C
:1002D00038B15F4B4361022303740023437483747A
:1002E000C37456494FF486521EF0AEFF594B97ED3A
:1002F000060AD3ED007AF4EE677AF1EE10FA0BD627
:1003000070EE677A9FED547AF4EEC77AF1EE10FA48
:100310007ADD524A0121117007F1340083ED000AA1
:1003200004F0AEF8002800F0C08097F8441097ED74
:10033000067A002900F0B9809FED498ADFF82CC1C8
:1003400000221346F0EE485AB0EE486A164602F113
:100350004B000CEB0010D0ED006AF5EE406AF1EEB8
:1003600010FA15D076EEC77AF0EEE77AB4EE678A27
:10037000F1EE10FAF4EEC76AC8BFB0EE678AF1EE8C
:1003800010FA4BD5F4EEC67AF1EE10FA4ED40B46C5
:100390000132462ADBD1FB6017EE100AECF782FA35
:1003A000804618EE100A8946ECF77CFAF6EE007AE1
:1003B000B4EEE78AF1EE10FAFB6882468B4657D816
:1003C0000A2015F0EBFC58B1264B4361C0E90689C1
:1003D0000623C0E908AB0374002343748374C37419
:1003E00016494FF443521EF02FFF0820BD6915F047
:1003F000D5FC0446002840F034814FF403520F49E5
:1004000020461EF021FFFBE09FED177AF4EEC77A3D
:10041000F1EE10FA80D5114A02217CE7B8DDF4EE46
:10042000E57AF1EE10FA04D40E46B1E7B0EE676A51
:10043000ADE7F0EE675AF7E7DAF004000C9004003D
:1004400059EE040010670020B3B20020ACF4032082
:10045000F9F0040060010020CDCC4C3EB0B2002089
:100460000000807F4AF10400CDCC4CBE00F0032098
:10047000002B00F0DA80002E40F0D980A54B6E46AC
:100480008EB002AA136240F201431386A249A34B25
:100490005161C2E90689C2E90AABA14842F8103F9E
:1004A00044F2C0411FF018FEB5460A20D7F8189054
:1004B000D7F8148015F072FC0646002840F0DF8063
:1004C000304697494FF443521EF0BEFE97ED068A20
:1004D000F2EE047A78EE677A77EEA77AFDEEE77AA5
:1004E00017EE906A452E00F2E880DFF88C82330127
:1004F0009844D8ED007AF5EE407AF1EE10FA00F06B
:10050000D580884B1B78012B00F0CC809FED868A2C
:10051000864A022BF6EE007A854B18BFB0EE678A4A
:1005200018BF1346EA468CB00DF10809814A18EE4F
:10053000100AC9E90523ECF7B5F94A464FF40073F0
:10054000A9F828307C4BC9E9080142F8103F7448EB
:100550004FF453511FF0C0FDB7EE007A37EE487AE2
:100560007649D5462246B000431903F59673D2ED7D
:10057000007A01EB8303D3ED016A68EE277A47EE38
:10058000267A0135032DE2EC017AEDD10C20D7F863
:100590001CB0D7F820A0D7F8249015F0FFFB054633
:1005A000B0B1674B43615846ECF77CF9C5E90601E9
:1005B0005046ECF777F9C5E908014846ECF772F9BF
:1005C0000823C5E90A012B7400236B74AB74EB7428
:1005D000534944F2C00228461EF036FEBB69C8F8F3
:1005E000003094E80700574B3601334483E8070096
:1005F000524B002283F84E2906F066F80CF090FC6E
:10060000062015F0CBFB38B14F4B43610223037436
:10061000002343748374C37441494FF486521EF01F
:1006200013FE01210920FFF742BB484B27E70C20AE
:1006300015F0B4FB78B1464B4361464B0022C0E94C
:100640000A23C0E906890823C0E908AB0374002324
:1006500043748374C374324944F2C0021EF0F4FD43
:1006600023E73D4B43612846ECF71CF90423237430
:100670000023C4E906016374A374E374BDE6374B39
:1006800043614846ECF70EF9C6E906014046ECF72F
:1006900009F9062333740023C6E908017374B3749F
:1006A000F3740DE79FED2E8A2E4B3BE7234AB2F8F9
:1006B0004C390133A2F84C3990E7082015F06EFB55
:1006C000044668B1284B436118EE100AECF7EAF8CB
:1006D0000423C4E90601237400236374A374E37440
:1006E0004FF402528BE60420204A21490C230CF0DF
:1006F0002DFC062015F052FB38B11E4B436102233E
:100700000374002343748374C37405494FF4865201
:1007100077E600BFE1EE04009DF10400080000014F
:100720000C900400B0B200209A99193E99CA0400B6
:10073000EEEE0400AEF204000600000100F003201B
:10074000E9F20400B4F403206EEE0400DBEE0400D2
:10075000E6F104000000E03F30F2040069F204001A
:100760003333333FE7EE04000DF304001C67002031
:10077000FCF0032064F30400B0F403202DE9F04101
:1007800005461F4614461E4625F0A3FC012871F1BC
:10079000000105DB25F09DFC0019044641EB07062E
:1007A000DFF890801E4FD8E90023C7E90023D8E97D
:1007B0000013D7E90002884272EB03031FD2002224
:1007C0000023C7E9002325F084FCA042B1411FDBD0
:1007D000082015F0E3FA48B1124B4361124B8361D4
:1007E00003230374002343748374C3740F494FF4C9
:1007F000C2521EF029FD4FF0FF30BDE8F08125F018
:1008000068FCA042B141DADA0120F9F791FBCEE7AA
:10081000074B93E8070085E807000020EDE700BFDD
:10082000E026002094F30400B11905002490040090
:1008300078660020E826002070B52DED028B064674
:1008400007C8694B83E80700684AD2E900310133E1
:1008500041F10001C2E90031654AD2E90032134397
:1008600086B002D00120F9F763FB624B1D78624B22
:100870001B786C4673BBEDB9604B1A6800925A68DE
:100880009B68019202935E4B93F8603923B15D49F6
:10089000224620461DF0DAF93246214630461DF048
:1008A00083FA94E80700584B83E8070006B0BDECD4
:1008B000028B70BD06F0DCFFF0EE408A534B93F8DC
:1008C000742422BB2046B0EE680AF0F765FC0028CD
:1008D000D9D0D1E706F0CCFFB4EE400AF1EE10FA21
:1008E000F0EE408A10D6F2EE047AB4EEE70AF1EEAA
:1008F00010FA09D4DFED467AB4EEE70AF1EE10FA09
:1009000002DC304605F05AFF002DD7D1B4E73C4A4F
:10091000D3F87014B2F84C299142D3D1B2EE048AC4
:10092000F4EEC88AF1EE10FA07D51A7B002AC9D076
:1009300093E8070084E80700A5E7DFED357AF4EED9
:10094000E78AF1EE10FA06DD93F86C24002AB9D09C
:1009500003F58C63ECE738EEC88A38EE088AFDEEC2
:10096000C87A17EE905A002D35DB6A1C462A35DC12
:1009700003EB05102901007B0028A3D0100103EB35
:100980000212127B002A9DD007EE905AF8EEE77A09
:1009900038EE678AB5EEC08AF1EE10FA21D4F7EE90
:1009A000007AB4EE678AF1EE10FAC8BFB0EE678A3B
:1009B0005D18184403AA29461DF0F6F903A9084654
:1009C0000322B0EE480A17F077FE224603A9284614
:1009D0001DF03CF957E701220025C9E746224525CD
:1009E000C6E79FED0C8AE3E778660020E826002042
:1009F000E02600202DB20020B3B200201C670020AA
:100A000000F0032054F90320504B0020786A0020A6
:100A1000000034420000000010B54FF0FF330446E0
:100A20004FF0FF321E4827F0ACFA631C1D4B20D05C
:100A30004CB31A6822B91C4A92F90020002A27DA1E
:100A4000082015F0ABF948B1184B4361184B83618E
:100A500003230374002343748374C37415494FF450
:100A6000C2521EF0F1FB0E4825F018FC4FF0FF3487
:100A700007E000221A60104B09481A7025F00EFC9E
:100A80000024204610BD06481C6825F007FCF8E746
:100A900003481C6025F002FC084825F042FBEFE704
:100AA000B80800205C4B0020BA77002018DA040058
:100AB00077190500449004002CB20020480900205A
:100AC00010B50020FFF7A8FF0446B8B1082015F0C4
:100AD00065F948B1354B4361354B8361032303749A
:100AE000002343748374C37432494FF4C2521EF01E
:100AF000ABFB3148BDE8104026F0D6B903F00CFC42
:100B00002E4B2F4A1C702F4B06201A6015F046F909
:100B100030B12D4B43610223037444748474C47454
:100B200024494FF486521EF08FFB4FF48C62002153
:100B3000264827F083FD30220021254827F07EFD3E
:100B4000244A254B00241146DC64232004230CF0A6
:100B5000FDF91E4A4FF48C63114621200CF0F6F982
:100B60001B4A3023114622200CF0F0F91B4B1C4A83
:100B700083F860490023136053609360062015F0EA
:100B80000DF930B1174B436102230374447484742C
:100B9000C47408494FF486521EF056FB03F034FC2F
:100BA00003F0FEFB05F0A6FB0F48A3E7B1F304003A
:100BB000B418050044900400EEF30400B0B2002025
:100BC0000000C07F6001002016F40400B0F4032090
:100BD00010F903204CF9032000F9032000F0032052
:100BE00054F9032036F404005EF404002DE9F04FBC
:100BF0002DED028B01288DB005D94D68022814BF58
:100C00008C6800243DB9B6480DB0BDEC028BBDE840
:100C1000F04F26F049B9B3492846ECF7D8FB20B984
:100C2000012003F029FFB048EEE7B0492846ECF771
:100C3000CEFB18B903F020FFAD48E5E7AD492846E3
:100C4000ECF7C5FB002840F0BF81AB4EAB4826F067
:100C50002BF9AB4AAB4B3178AB4800290CBF11469E
:100C6000194626F021F903F0BBFB0146A74826F000
:100C70001BF903F0A9FB012840F01081A4480421CE
:100C800026F012F9A34CA44B94F84E19A34AA44899
:100C900000290CBF1146194626F006F9B4F84C1984
:100CA000A048462226F000F99F4B9B4893F87524F4
:100CB00093F87444032A96BF9C499D4A51F8222018
:100CC000472100919549D3F88434002C18BF014680
:100CD000984826F0E9F806F0CBFD07A8B0EE408A68
:100CE00003F0CEFBBDF81E50044625B3DDED097AB6
:100CF000DDED0A8AF4EEE87AF1EE10FA10D517EE7F
:100D0000900AEBF7CFFD804618EE900A8946EBF784
:100D1000C9FD4246CDE900014B46874826F0C4F89C
:100D2000002C40F0BF808549854B032D88BF1946B4
:100D3000844826F0B9F8774C834826F0B5F894F843
:100D40006039002B00F0B080804B1868EBF7AAFDEB
:100D50007F4B804618688946EBF7A4FDCDE9020178
:100D60007C4B1868EBF79EFD4246CDE900014B46EF
:100D7000794826F099F8794826F096F8784BD3E927
:100D80000089784B1C78002C00F09D8025F0A3F999
:100D9000754AD2E90047041B61EB0707DFF824A27C
:100DA000724826F081F8DAED007AF4EE677AF1EE17
:100DB00010FA80F18A8017EE900AEBF773FD024675
:100DC0000B466B4826F070F818EE100AEBF76AFD38
:100DD00002460B46674826F067F8DAED007AF4EE33
:100DE000677AF1EE10FA10D638EE678AF0EEC87A1C
:100DF00017EE900AEBF756FD0B465F4902460020BE
:100E0000CDE900015D4826F04FF85D4826F04CF82A
:100E10005C4826F049F8B8F1010F79F1000358DB7E
:100E200025F059F9B0EB08004FF47A724FF0000347
:100E300061EB0901ECF71CFA02460B46524826F01A
:100E400033F8012C77F1000307DB4FF4FA530093DA
:100E50004E4822463B4626F027F8002D3DD04C4810
:100E6000274D4C4C26F020F83378002B0CBF2E4633
:100E7000264603F0B5FA31460246474826F014F8F4
:100E8000464B4748197800290CBF294621460DB02A
:100E9000BDEC028BBDE8F04F26F006B8384826F0CE
:100EA00003F8EFE63F4943E73F4825F0FDFF94F89C
:100EB00051193E4A3E4B3F4800290CBF1146194686
:100EC00025F0F2FF5AE7274668E73B4825F0ECFF9C
:100ED0007AE73A4825F0E8FFB3E73948C0E700BFB2
:100EE00039F50400BB3A0500B4F5040035C304002D
:100EF000D0F504008F7805003607002006F60400C0
:100F0000E4280500A0F404002DF6040048F60400CF
:100F10005DF6040000F00320B5F40400B9F4040009
:100F20007DF6040094F60400786A002044980400DA
:100F3000BCF40400B3F60400E1F60400EFF404008E
:100F40000CD704000CF7040029F7040054F903201F
:100F50005CF9032058F903204CF7040072F70400F1
:100F6000402A0020B2B20020382A0020C8F704002E
:100F7000C3FD0400E9F704000000F03F01F804009D
:100F80005325050022F8040039F804005EF8040037
:100F900095F80400ECAE0400F3F80400B3B20020AE
:100FA00016F90400C4F404008FF704002AF50400C5
:100FB0001BF50400ACF70400E4F704004BF8040050
:100FC000BFF8040064010020A3492846ECF7FFF9AC
:100FD00030B90DB0BDEC028BBDE8F04FFFF770BD2E
:100FE0009E492846ECF7F3F9D8B90CB99C480BE6B2
:100FF0009C492046ECF7EBF938B9012003F018FAC8
:10100000994825F051FF9948FEE599492046ECF7AB
:10101000DEF918B903F00CFA9648F5E59648214632
:1010200035E796492846ECF7D2F90646002859D10B
:10103000934FB7F84C1909B99248E5E5924825F065
:1010400033FF924825F030FF914825F02DFF8F485F
:1010500025F02AFF34464FF00A0A350105F1005BFE
:101060000BF57C3B0BF59662D2ED007AF5EE407AFB
:10107000F1EE10FA23D017EE900AEBF713FC3D4483
:1010800005F2BC42804610688946EBF70BFCCDE9BF
:10109000040105F5976501342868EBF703FCCDE9F9
:1010A00002010BF2B443A4B21868EBF7FBFB424613
:1010B000CDE900014B467748314625F0F5FEB4FBFB
:1010C000FAF30AFB13439BB21BB914B1142024F0AA
:1010D000EDFF0136462EC0D16C4825F0E5FE6E4886
:1010E0002146D4E66D492846ECF771F9002877D1FE
:1010F0000CB96B4888E507900A2207A9204623F01F
:1011000083FE079B05466BB1A3420BD06549079B45
:101110001E78002E00F0A9818A5D120707D462486C
:10112000214601E06148214625F0BEFE09E0013379
:101130000793ECE7452D09D95D484522294625F05E
:10114000B3FE0DB0BDEC028BBDE8F08F594E2B0104
:101150001E44D6ED007AF5EE407AF1EE10FA3CD05E
:1011600003F0DAF8082014F019FE38B1524B447439
:10117000C0E90535032303748474C4744FF4C65264
:101180004E491EF061F800234D4A33602B011A448A
:101190000023C2E900339360394A04F14B0102EBAA
:1011A0000111D1ED007AF5EE407AF1EE10FA18BF98
:1011B000013304F1010418BF9BB2462CEDD1A2F813
:1011C0004C3900233F4882F84E39294625F06CFE01
:1011D00005F07AFA0BF0A4FEB3E73B482946A3E7F3
:1011E0003A492846ECF7F3F820BB7CB906F040FBFF
:1011F000B4EE400AF1EE10FA01D7354804E50DB01F
:10120000BDEC028BBDE8F04F03F0B4BC002307A98E
:101210002046079323F0ECFC079BA34201D01B78E8
:101220002BB12C48214625F03FFE2B4837E103F037
:10123000A1FC86E729492846ECF7C9F806460028AC
:1012400040F0AD8006F014FBB4EE400AF1EE10FA67
:1012500048D72348D8E400BFE1C90400BCDF04003C
:101260002CF90400BB3A05005EF90400A8F904005B
:1012700035C30400EDF904000FFA040046FA040037
:1012800000F003204BFA040083FA0400B9FA0400CA
:10129000EDFA040022FB04004DFB040074FB040083
:1012A0007BFB0400BAA4050086000500ABFB04002C
:1012B0001FFC0400B0F4032051FC0400449004001F
:1012C000B4F4032073FC0400AAFC0400D9FC04005D
:1012D000DEFC040034FD04006CFD04005721050011
:1012E00085FD04006F4A9FED708AB2F84C39002BDF
:1012F0004DD0DFED6E8A06F14B0302EB031393ED45
:10130000007AB5EE407AF1EE10FA0DD077EE407A21
:10131000F0EEE77AF4EEE78AF1EE10FAC8BFB0EE2D
:10132000478AC8BFF0EE678A0136462EE3D1DFED6B
:10133000607AF4EEE78AF1EE10FACCBF01260026BF
:1013400010EE100AEBF7AEFA02460B46594825F0AC
:10135000ABFDB4EE488AF1EE10FA1ED618EE100A74
:10136000EBF7A0FA044618EE900A0D46EBF79AFA4E
:101370002246CDE900012B464F4825F095FD4F4B05
:101380004F48002225F090FD2EB14E483CE4F0EE8F
:10139000488A0126D4E74C4836E44C4834E44C49AA
:1013A0002846ECF714F800285CD1002C42D13D4CC3
:1013B0004848494E494D25F077FD94F85019484862
:1013C00000290CBF3146294625F06EFD94F85119CD
:1013D000444800290CBF3146294625F065FD94F8A4
:1013E0005219414825F060FD94F860193F480029E2
:1013F0000CBF3146294625F057FD94F86039B3B14A
:101400003B4B1868EBF74EFA3A4B044618680D460A
:10141000EBF748FACDE90201374B1868EBF742FACF
:101420002246CDE900012B46344825F03DFD3448E5
:10143000FFF7EABB33492046EBF7C9FF28B9012083
:1014400003F0F2FA3048FFF7DFBB30492046EBF7F4
:10145000BEFF20B903F0E8FA2D48FFF7D5BB2D48B1
:10146000214614E52C48294611E53046FFF7D4FA09
:10147000044600283FF45EAE082014F08FFC40B113
:10148000264B4361264B83610323037446748674A1
:10149000C67424494FF4C2521DF0D6FE224825F0EE
:1014A00003FD4EE600F003200000C07F0000807FB7
:1014B0006666063FAEFD0400CAFD04000000E03F82
:1014C000FEFD040023FE04006AFE0400A5FE0400E5
:1014D000B2C90400E4FE040036F5040032F504004D
:1014E000FEFE04000DFF04001EFF04002EFF04009A
:1014F00054F903205CF9032058F9032044FF040049
:1015000068FF0400BB3A050084FF040035C30400F3
:10151000BCFF0400D8FF04000F000500E0FB04003E
:10152000F619050044900400EEF304004FF0FF3379
:1015300010B52B484FF0FF3226F023FD294B93F9CD
:101540000030002B02DB284B1C7864B1244824F0C7
:10155000A5FE264B1B689A0640D4BDE81040012129
:10156000202006F03BBD224A1168B1B11C4824F08E
:1015700095FE082014F012FC40B11E4B43611E4B37
:1015800083610323037444748474C4744FF4C2529B
:10159000BDE8104019491DF057BE062110481160E2
:1015A00001241C7024F07AFE104B1B689B0603D4A8
:1015B0002146202006F012FD114824F0B2FD06203D
:1015C00014F0ECFB38B10F4B43610223037400238A
:1015D00043748374C3744FF48652D9E710BD00BFBF
:1015E000B8080020BA7700202CB20020D04C002090
:1015F0005C4B002018DA04009219050044900400A6
:1016000048090020B30005002DE9F0412DED088BBD
:1016100092B00546FCF758FF002800F06081B548FD
:1016200024F032FD0446B44824F02EFD84422DD02F
:101630004FF0FF334FF0FF32B04826F0A2FCAD4828
:1016400024F022FD4FF4446204460021AC4826F009
:10165000F5FF0021AB4824F01DFD2146A64824F0EB
:1016600019FDA64824F01AFE0021A74824F012FD17
:101670001C22A648002126F0E1FFA54A0023C2E96A
:1016800000339360A34AC2E900339360A24B93F9FD
:101690000030002BC0F2238124F033FD064624F0F5
:1016A00022FE01469D4821B124F0EEFC18B99B486A
:1016B000314624F0EFFC9A4824F0E6FC18B1301AC9
:1016C0000028C0F20C8106AC00232046CDE903338C
:1016D0000593FCF7DBFF03A920460AF0F7FEB0EE06
:1016E000408AFCF7ADFFB5EE408AF1EE10FA15D056
:1016F000DFED8C7AB4EEE70AF1EE10FA0ED524F0A5
:10170000F2FD58B1854824F0BFFC002800F0E780C6
:10171000301A41F28833984240F2E1807A4824F04E
:10172000B3FC18B1301A1D2840F2D9807E4F97EDD6
:10173000016A97ED007AD7ED027A26EE066A07EE87
:10174000076A07EEA76AF6EE087AB4EEE76AF1EEEA
:1017500010FA00F1C480DFED757AB4EEE76AF1EEBD
:1017600010FA00F3BC802B6806936B680793204641
:10177000AB68089324F0D7FCDFED6D9AB4EEE90A6C
:10178000F1EE10FA00F1AB806048214624F047FDED
:101790005E4803AA214624F01FFD002800F09F8028
:1017A000B0EE460A21F076FDB7EE008AC8EE007A68
:1017B0005448DFF8608197ED009A97ED01AA97ED04
:1017C000027A534F27EE899A27EE8AAA67EE878A14
:1017D00024F05AFCDDED03AA9DED04BADDED05BA57
:1017E00000284CD1314648486E4624F053FC474807
:1017F000C7ED00AA3246214687ED01BAC7ED02BA0D
:1018000088ED009A88ED01AAC8ED028A24F033FD24
:10181000304624F088FCB4EEE90AF1EE10FA63D405
:10182000DDED007A3548F5EEC07ADDED017AF1EEB6
:1018300010FAF5EEC07ADDED027A4CBF01240024E7
:10184000F1EE10FAF5EEC07A4FF0FF324FF0FF33B1
:1018500048BF44F00204F1EE10FA48BF44F004041B
:1018600026F08FFB234824F00FFC0646224824F084
:101870000BFC864264D0214824F010FD2FE0D7ED08
:10188000017A97ED007A2B4AD8ED005A117898ED3D
:10189000026A294B6BEE277A4AEE877A97ED027A35
:1018A0004BEE877A98ED017A19B924491960012124
:1018B0001170D3ED006A78EE677AF4EEE67AF1EE15
:1018C00010FA8FDA6AEE077A49EE257A48EE867AC0
:1018D00038EE678AB4EEE68AF1EE10FA82DA12B0D8
:1018E000BDEC088BBDE8F08194E8070086E80700AE
:1018F00096E700BF08660020F8650020CC080020AD
:10190000744D0020B45900206C4D0020504D002033
:10191000444D0020384D0020BA770020704D002043
:10192000FC6500208FC2753D886600206666A63F74
:1019300077CC2B322EB200208466002000E9783C60
:10194000134824F0A1FB471C3946114824F0A2FBA0
:10195000104A4FF4C4735C4316190C2096F880317A
:10196000C6F8847100FB0344224429681160696849
:101970005160013303F01F03A96886F8803196F89F
:10198000813191601F2B9CBF013386F8813172E752
:10199000B4590020744D002010B50446084824F0C6
:1019A00066FB0021074824F075FB0021064824F05F
:1019B00071FB04F2DC510548BDE8104024F06ABB1D
:1019C000086600200466002000660020FC650020F8
:1019D00070B5EFF31185402484F31288BFF36F8F45
:1019E0001E481BF03BFB30B988221D491D4825F0DD
:1019F00071FA26F0E6F919481BF054FB24F081FB3C
:101A0000FFF7CAFF0021184824F044FBEFF31186CA
:101A100084F31288BFF36F8F14481BF01FFB00285C
:101A2000E2D012481BF03EFB11481422002126F0A0
:101A300005FE0E481BF020FB10B94FF49A72D4E754
:101A400086F31188BFF36F8F04481BF015FB002845
:101A5000F3D085F31188BFF36F8F70BD3866002017
:101A600082CE040065A405003466002024660020B0
:101A70001066002070B50446EFF31186402585F30B
:101A80001288BFF36F8F21481BF0E8FA30B9882223
:101A90001F49204825F01EFA26F093F91B481BF039
:101AA00001FB21461C4824F0F5FA24F02AFBFFF73D
:101AB00073FF0021194824F0EDFAEFF3118485F348
:101AC0001288BFF36F8F16481BF0C8FA0028DED0CB
:101AD00013481BF0E7FA13481422002126F0AEFD4C
:101AE0000F481BF0C9FA10B94FF49A72D0E784F38B
:101AF0001188BFF36F8F05481BF0BEFA0028F3D0A2
:101B000086F31188BFF36F8F70BD00BF3866002069
:101B100082CE040065A405000C6600203466002017
:101B2000246600201066002090B583B000AFC0F19D
:101B300002030446FB71FCF7C7FCA0421FD11D4BFA
:101B400093F89C24FB799A4219D11B4A1B4B6C4693
:101B500088B0002818BF13466A4619491948C2E9D7
:101B600005134FF400739383174B42F8103F4FF463
:101B7000E6511EF0B1FA0C37A546BD4690BD204691
:101B8000FFF778FF5CB101231049FA1D27200BF005
:101B9000DDF9094B6C4688B06A460D49DEE7FDF772
:101BA00093FB01230949FA1D27200BF0CFF9034BC2
:101BB000F0E700BF00F00320ECAE0400E4280500CD
:101BC000D60005001C900400030000019CF40320D3
:101BD000F800050070B50446EFF31185402383F348
:101BE0001288BFF36F8F25481BF038FA30B988226E
:101BF0002349244825F06EF926F0E3F81F481BF02E
:101C000051FA2346204C03F13006186859682246E1
:101C100003C20833B3421446F7D124F072FAFFF737
:101C2000BBFE0021194824F035FAEFF3118440235C
:101C300083F31288BFF36F8F15481BF00FFA00284B
:101C4000D5D013481BF02EFA12481422002126F09A
:101C5000F5FC0F481BF010FA10B94FF49A72C7E761
:101C600084F31188BFF36F8F04481BF005FA002836
:101C7000F3D085F31188BFF36F8F70BD38660020F5
:101C800082CE040065A4050048660020346600206A
:101C9000246600201066002030B504468DB00D4645
:101CA0003022002168463CB3174B9C4224D026F0DA
:101CB000C5FC30220021204626F0C0FCD5B106200C
:101CC00014F06CF838B1114B436102230374002304
:101CD00043748374C3740E494FF486521DF0B4FAF2
:101CE000FDF7F2FA0B493023224605200BF02EF9BE
:101CF00004F066F90DB030BD26F0A0FC6846FFF791
:101D000069FF6C46DAE700BF48660020F1E3040093
:101D10004490040014F103202DE9F041012886B01D
:101D200009D902284C685FD003288E685DD0CF683F
:101D3000002C40F096807A4B7A4A19787A4B7B488F
:101D4000DFF84C8200290CBF1146194625F0ACF88B
:101D500004F0C0F80146764825F0A6F8754825F04D
:101D6000A3F80025AC0004F1005404F57C340135DF
:101D7000D4F81401EAF796FD0646D4F838010F4668
:101D8000EAF790FDCDE90401D4F82C01EAF78AFDC9
:101D9000CDE90201D4F82001EAF784FD3246CDE90D
:101DA00000013B46404625F07FF8032DDAD1624B17
:101DB000D3ED457AF5EE407AF1EE10FA06D1D3ED87
:101DC000467AF5EE407AF1EE10FA10D0FCF77CFB83
:101DD00000283FD159495A4825F066F8594806B0BD
:101DE000BDE8F04125F060B800260027A0E7D3ED5C
:101DF000477AF5EE407AF1EE10FAE7D1FCF764FB92
:101E000068B30027FCF760FB044628B3FCF792FD9B
:101E100010EE105AFCF766FD0446FCF711FC4A4E22
:101E2000464B10EE100A002F18BF1E46EAF73AFD87
:101E300002460B464548314625F036F82846EAF773
:101E400031FD024642480B46214606B0BDE8F0414E
:101E500025F02AB80127D5E74FF07E55DDE73A494E
:101E6000B9E73C492046EBF7B2FA40B93A4825F0C9
:101E70001BF8012006B0BDE8F04104F0ABB83749CB
:101E80002046EBF7A4FA054620B9354825F00CF8B2
:101E90002846EFE733492046EBF799FA20B132495B
:101EA0002046EBF794FAE0B906B137B12F48214646
:101EB00006B0BDE8F04124F0F7BF26493046EBF705
:101EC00086FA20B90120FFF72FFE294887E723492A
:101ED0003046EBF77CFA0028E8D1FFF725FE2548CD
:101EE0007DE725492046EBF772FA20B90121FFF77B
:101EF000D3FE224873E722492046EBF768FA20B167
:101F000020492046EBF763FA38B900200121FFF79A
:101F1000C3FEFFF70BFB1C4861E71C485FE700BFEF
:101F2000FFB10020E4280500ECAE04001E0105000E
:101F300030010500F5C0040000F0032062BF04007A
:101F40005E01050062C1040005A205003E01050016
:101F500028C10400BB3A05006F01050035C3040029
:101F600086010500BCDF04009E010500A5010500F7
:101F7000BD010500E6010500E1C9040010020500ED
:101F800090020500320205003C0205005E020500D9
:101F900090C00400012810B55FD94C68002C5CD0BB
:101FA0002F492046EBF713FA014630B90122FCF71E
:101FB0002DF9BDE8104004F09DB92A492046EBF701
:101FC00006FA20B9BDE810400121FCF7D7B926492F
:101FD0002046EBF7FCF920B9BDE810400121FFF7DE
:101FE0005BBE22492046EBF7F2F918B9BDE8104074
:101FF000F9F772B81E492046EBF7E9F918B9BDE8C0
:102000001040FEF75DBD1B492046EBF7E0F918B91B
:10201000BDE8104006F022BE17492046EBF7D7F97D
:1020200048B9164824F040FF04F064F91448BDE8AC
:10203000104024F039BF13492046EBF7C8F960B9C6
:10204000114C23782BB9114824F02EFF0123237063
:1020500010BDBDE810400BF0CBB90D48E7E700BF5D
:10206000701F05008B020500C1170500DA17050077
:102070008F02050094020500E434050090B20400CC
:10208000BDB2040098020500B1B200209C02050018
:102090001503050030B50D468DB0044638B19FEDEF
:1020A0001C0AFBF7C5FD48B100200DB030BD6846E5
:1020B000FCF7ECFA9FED160A6846F2E7204629463F
:1020C000FFF7EAFD062013F069FE38B1114B4361BA
:1020D00002230374002343748374C3740E494FF4C2
:1020E00084521DF0B1F8062013F058FE38B10B4BA6
:1020F000436102230374002343748374C374064949
:102100004FF484521DF0A0F84FF0FF30CDE700BF30
:10211000000000003FE40400449004002703050091
:1021200000200E4BBFEE007A0246197FA1B1D3ED1D
:10213000007A77EEC07A2033F0EEE77AF4EEC77AD1
:10214000F1EE10FAC8BF024600F10100C8BFB0EEC0
:10215000677A0528E9D11046704700BF98700020C3
:102160001A4B1B4ADA611B4A5A611B4A1A611B4A05
:10217000DA601B4A9A611B4A1A621B4A9A621B4A1E
:102180005A621B4ADA621B4A1A631B4A1A601B4ACC
:102190005A601A641A4A9A631A4A5A641A4A9A6422
:1021A00040F201114FF083421981DA6401214FF0AE
:1021B0007E5299721A654FF07C51144A59635A65E0
:1021C0001349144AD9639A65704700BF3C700020D8
:1021D00017B7D1380000A0400080D543CDCC8C3F4C
:1021E000A69B443DDAAC7A3CC3F5283FAE47213F7D
:1021F0007B142E3F3D0A573E9A9989400000C0400B
:1022000000007041000040410000B040000048451F
:102210000AD7A33D00C08F44014B93F824007047B8
:10222000202F0020014B93F825007047202F00201D
:10223000034B0022C3F8F821C3F8FC21704700BF0C
:10224000202F0020024B83ED7E0AC3ED7F0A7047EA
:10225000202F0020034BD3F8F8210260D3F8FC3183
:102260000B607047202F0020154AD2ED567AF5EE0C
:10227000C07AF1EE10FA1CDBF1EEE77A114BDFEDDC
:10228000126A93ED0B7A27EE267AC7EE876AC0EDC5
:10229000006AD2ED577AF5EEC07AF1EE10FA0BDB58
:1022A000F1EEE77AD3ED0C6A87EEA67A80ED017A3B
:1022B0007047DFED067AE1E7DFED047AF2E700BF71
:1022C000202F00203C70002035FA8E3C00000000DA
:1022D00030B5456887B0C8B2143903291C468DF85B
:1022E0000F2012D80C4B1B88ADF8143000238DF84A
:1022F000163003230093012205AB0DF10F01A8470F
:102300009DF81630237007B030BD012200920DF108
:102310000F01A847F7E700BFC0920400054B98885B
:1023200010F080001FBF044B93F90000C043C00FA2
:10233000704700BF2C6F0020D507002010B5FFF7B5
:102340000FFF044601464FF410720F4826F04EF975
:10235000D02204F510710D4826F048F90C4A0D49B9
:10236000002313600C4A136000220A600B490A60C4
:102370000B490A600B490A600B4A13700B4A137031
:102380000B4A137010BD00BF202F0020502E0020DC
:102390003870002030700020347000202C70002035
:1023A0002870002024700020D4B20020D3B2002076
:1023B000D5B2002010B5074904464FF4107226F03C
:1023C00015F904F510700449BDE81040D02226F03C
:1023D0000DB900BF202F0020502E0020044B0022FA
:1023E000A3F89224A2F58032C3F89424FCF7C6BE69
:1023F00000F0032070B52DED068BFFF7B1FEB5EEB2
:10240000C00AF1EE10FAF0EE409AF5EEC00AD8BF1D
:10241000DFEDC19AC14DC24EC5ED009AF1EE10FA42
:10242000B0EE609AB5EEC01AD8BFB0EE699AF0EE81
:10243000418AF1EE10FAD8BFF0EE698A96ED000AF3
:1024400085ED019A05F1280105F11000F0EE490A29
:10245000C5ED028AF3F7FCFBD6ED017A9FEDB18A58
:10246000F5EEC07AF1EE10FAB7EE00AA00F13E8167
:10247000F4EE487AF1EE10FA00F03B81B1EE680A12
:1024800080EE270A20F0C8FE3AEE400A9FEDA67AB9
:10249000D6ED037ADFEDA56AD6ED0AAAA44985ED4B
:1024A0000E0A67EE877AA1F1180067EEA77AF0EEC0
:1024B000690AC5ED0F7AD6ED047AF4EEE67AF1EE0C
:1024C00010FAD8BFF0EE667A69EE076AB0EE6A0AD3
:1024D00086EEA76AD6ED067A85ED106A67EE877AF2
:1024E00067EEA77A67EEA75AC5EE866ADFED915AC6
:1024F00076EEA76AD6ED077AC5ED116AF4EEE57AB5
:10250000F1EE10FAD8BFF0EE657AC6EEA75AD6ED16
:10251000087AC5ED125A67EE877A67EEA77A67EEFA
:10252000A76A86EE867A77EE277AC5ED137AF3F7F7
:102530008FFB8149F0EE490AA1F11800B0EE6A0A5A
:10254000F3F786FBD6ED0E7AF5EEC07AF1EE10FACF
:1025500000F1D280F5EE407AF1EE10FA00F0CF8073
:10256000B1EE680A80EE270A20F056FE3AEE400AE5
:1025700085ED280A96ED0D0AB5EEC00AF1EE10FAC7
:1025800040F3C0806D49F0EE680AA1F11800F3F73E
:102590005FFB6B4C9FED630A84ED00AA4FF48073E0
:1025A000032104F12800A38484ED018A84ED028ACA
:1025B00084ED038A84ED04AA84ED058A84ED068AFD
:1025C00084ED078A84ED088A16F010F9062104F1DB
:1025D00038001BF02FFB9FED530A84ED1A8A03216C
:1025E00004F1780084ED1BAA84ED1C8A84ED1D8A19
:1025F00016F0FCF8EB6BC4F88430122104F1A8004B
:10260000C4F89430C4F8A43084ED228A84ED238A7F
:1026100084ED248A84ED268A84ED278A84ED288A35
:102620001BF008FB042104F59C701BF003FB9FEDDD
:102630003D0A022104F5AC7016F0D8F89FED390A76
:1026400084ED588A032104F5B27016F0CFF8062104
:1026500004F5B8701BF0EEFA9FED320A032104F581
:10266000D07016F0C3F8062104F5D8701BF0E2FA1A
:10267000736D9FED2C0AC4F804320221314BC4F86B
:10268000083204F5057084ED7E8A84ED7F8A84ED3E
:10269000808A84ED838A84ED848A16F0A7F8042169
:1026A00004F508701BF0C6FA00220023C4E9782361
:1026B000C4E97A23C4E97C23234A00231360234A14
:1026C0001360234A82ED008A224A82ED008A224A60
:1026D00082ED008A214A82ED008A214A1370214A44
:1026E0001370214A1370BDEC068B70BDB0EE480A22
:1026F000CCE6B0EE4A0AC9E69FED0A0A38E7B7EE23
:10270000000A35E7194803211BF094FA0B4802210F
:102710001BF090FA3DE700BF0AD7233C502E002063
:102720003C700020000000000000C842BD37863524
:10273000B82E0020FFE6DB2EE02E0020102F002018
:10274000202F0020000080BF38700020347000204F
:10275000307000202C700020287000202470002091
:10276000D4B20020D3B20020D5B20020F82E002031
:1027700030B52DED068B604D9FED60AA90ED009A6F
:10278000D0ED018A90ED028AAB685D4A5D4CD2EDD6
:10279000009A29EE0A9A68EE8A8A28EE0A8A23F0BD
:1027A0007F438FB023F0FF038DED049ACDED058AB2
:1027B0008DED068A002B4ED004F5B273019304F51B
:1027C000B873009395ED0A0A02F16803F0EE690A06
:1027D0005032032104A812F0BDFCD4ED5A5A94EDF6
:1027E000595A94ED5B6A78EEE57A79EE456A67EEC0
:1027F000A77A46EEA67A38EE467AD5ED056A47EE18
:10280000077A95ED0B7AC4ED567A27EE0A7A27EE11
:10281000077AF4EEC77AF1EE10FA16DA66EE8A7AE3
:10282000B0EEC55AF4EEC57AF1EE10FA0DD4F0EE22
:10283000E55AF4EEE57AF1EE10FA06D4B0EEC66A87
:10284000F4EEC67AF1EE10FA05D50023C4F8603133
:10285000002384F82430D4ED1E7A39EE67AAD4ED33
:102860001F7A8DED07AA38EEE79AD4ED207A8DED28
:10287000089A38EE678A032107A88DED098A12F0BD
:1028800037FCDFED217AB4EEE70AF1EE10FAF0EE54
:10289000408A2DDD69EE807AB6EE007A67EE877A9F
:1028A0009FED1A0A03A927EE800A02A815F020FF5F
:1028B0009DED027A134A039B0A93C7EE287A0AA970
:1028C00010462AEE27AA69EE278A28EE278A8DED80
:1028D0000BAACDED0C8A8DED0D8A24F049F909483B
:1028E00004210FB0BDEC068BBDE8304012F018BCDF
:1028F0000FB0BDEC068B30BD3C70002035FA8E3C2D
:10290000502E0020202F002000000034E02E6542D1
:1029100037B51E4D04460246294605F1100024F045
:1029200027F9D5ED087A9FED1A0AB6EE007A67EE20
:10293000877A01A927EE800A684615F0D9FE9DED39
:10294000006A94ED035ADDED016AD4ED007AD4ED0E
:10295000024A94ED017A65EE065A57EEA65A67EEE2
:10296000867AC4ED005A66EE245A56EE875A26EE51
:10297000077A06EEA47A46EE857AC4ED015A84ED14
:10298000027AC4ED037A03B030BD00BF202F0020CF
:10299000E02E65422DE9F04F2DED108BDFED3A7AF8
:1029A000D0ED009A90ED018A90ED029A69EEA79A17
:1029B00028EE278A29EE279AF5EE409ABBB0F1EE71
:1029C00010FACDED149A8DED158A8DED169A09D178
:1029D000B5EE408AF1EE10FA04D1B5EE409AF1EE70
:1029E00010FA04D014AA07CA284B83E80700284E1F
:1029F000F5EE409AF1EE10FAD6ED018A5CD1B5EE13
:102A0000408AF1EE10FA57D1B5EE409AF1EE10FA85
:102A100052D11F4B1F4893ED017A1F4BD3ED007A23
:102A200077EE277AC3ED007A1C4B93F824100378D5
:102A3000002940F06D850BB3194A1A4C1368013315
:102A40001360194B194A93ED007A194B37EEC77A88
:102A500083ED007A237802EBC302C2ED007A0133E2
:102A600011710522B3FBF2F202EB82029B1A114AAA
:102A700023701378042B01D80133137001703BB01D
:102A8000BDEC108BBDE8F08F0AE81C4118700020E7
:102A9000502E0020D4B2002024700020202F0020CF
:102AA00034700020D3B200202C700020F06F002082
:102AB00028700020D5B20020CD4DCE4C6B7A002777
:102AC0009BB304F5D073019304F5D8730093CA4BFC
:102AD00095ED0A0AA3F11802F0EE680A032114A882
:102AE00012F038FBD4ED687A79EEE79AD4ED697A82
:102AF00038EE678AD4ED6A7A28EE088A09EEA98A48
:102B000039EE679AD5ED0C7A09EE098A67EEA77A55
:102B100084ED578AB4EEE78AF1EE10FAC0F25881DC
:102B2000C4F86071002384F82430DFF8DC82B148F7
:102B300017AA14A924F055F808F110030093AF4B1D
:102B4000CDF80480A3F1180295ED000AF0EE680AB2
:102B5000032117A812F0FEFA17AA4146A8F118009F
:102B600024F03FF8032117A812F0DAFA9DED197A44
:102B7000B7EE009A77EE097AF6EE009A67EEA97A38
:102B8000F5EEC07AF1EE10FA40F3EA84F4EEC97A79
:102B9000F1EE10FA58BFF0EE497ADFED996AF1EEE6
:102BA000E77AF4EEE67AF1EE10FADDED185A9DEDD3
:102BB000176A40F33581BEEE007A65EEA95A26EE1B
:102BC000076A85EEA75A86EE277A8E4A2397114622
:102BD00020A8CDED207A8DED215A8DED227A23F0BB
:102BE000C7FF8848042112F09BFADDED190AFFEEB9
:102BF000007AF4EEE70AF1EE10FA40F34E81F4EEBB
:102C0000C90AF1EE10FA40F1458180F24381F4EEF9
:102C1000E70AF1EE10FA40F24081B0EE490A00EE08
:102C2000E00AB5EEC00AF1EE10FAC0F23081B1EE62
:102C3000C00A12F045FAC0EE287A2B89C4ED1A7A40
:102C4000002B3FF4E6AE6B4995ED058ADFF8BC81B9
:102C500001F1100024AA23F08BFF9DED275A9DED72
:102C6000267A9DED256A9DED242A644B65EE026A65
:102C700067EE063A67EE021A65EE065A33EEE64A4A
:102C800067EE074A73EEA63A66EE066A74EEA44A49
:102C900026EE026A31EEA53A65EE057A75EEE15A46
:102CA00027EE057A76EEA66A79EE642A37EE465A62
:102CB00077EEA77A79EE666A75EEA55A37EE067A50
:102CC00072EEE72A34EE044A76EEE77A37EE077AB8
:102CD000CDED2E5AD4ED1F5A94ED1E6ACDED2C7A0F
:102CE00073EEA33A76EEE46A67EEA57A8DED2F7A5D
:102CF00024EE257A02EE867A28A8A3F1180243EE84
:102D0000867A092133EE033A35EE055ACDED306A65
:102D1000D4ED206A019003EE267ACDF8008045EECE
:102D2000267A95ED000ACDED282AF0EE680A8DEDA1
:102D3000294A8DED2A3ACDED2B3A8DED2D5A8DEDA8
:102D4000127ACDED137A12F005FA08F19003009390
:102D500012A82A4B0190A3F1180295ED000AF0EE9B
:102D6000680A022112F0F6F994F82430002B00F0E2
:102D700097806B7A002B00F0938094ED1E7AD4ED4F
:102D8000597A96ED130A8DED289A77EEC77A94ED6D
:102D90001F7ACDED1D7AD4ED5A7A299777EEC77A4E
:102DA00094ED207ACDED1E7AD4ED5B7A2A9777EEFA
:102DB000C77A2B97CDED1F7A8DED2C9A2D972E97F4
:102DC0002F978DED309A03211AA815F00FFDB2E070
:102DD000D4ED587A95ED097A78EEA77AF4EEC77AB1
:102DE000F1EE10FAC4ED587AFFF69FAE01239AE691
:102DF0003C700020202F0020E02E0020782E0020A4
:102E000017B7D138302F0020482F0020C82F0020BE
:102E1000BD37863500000000DB0F494035FA8E3C97
:102E200065EEA56A46EE066AF5EEC06AF1EE10FAA6
:102E300026DBF1EEE66A1FED0A5AF4EEC56AF1EE02
:102E400010FA1DDD39EE477A27EE297AB4EEC97AF9
:102E5000F1EE10FA07D5B5EEC07AF1EE10FA04DA09
:102E60001FED147A03E0B7EE007AB1EEC77A65EE93
:102E7000875A26EE476A85EEA65A86EE267AA4E69B
:102E80005FED1C7AB7EE005AB0EE677A9DE61FED53
:102E90001F0ACEE61FED210ACDE61FED210ACAE684
:102EA0002B7A002B00F0DD82DDED185A94ED1E6ABE
:102EB000D4ED1F7AD4ED206A736C1A93F1EE655A43
:102EC00085EEA87A1B93B36C1C93DDED125A37EE96
:102ED000257ADDED285A06EE657ADDED295A07EEF2
:102EE000E57ADDED2A5A06EEE57ADDED175A8DED2D
:102EF0001D7A85EEA87ADDED135A37EE257ADDEDE1
:102F00002B5A06EE657ADDED2C5A07EEE57ADDEDFB
:102F10002D5A06EEE57A8DED1E7A9DED2F7A67EE3D
:102F2000877A9DED2E7A57EE467A9DED307A46EE01
:102F3000C77ACDED1F7AD6ED0F7AD4ED216A9DEDDB
:102F40001A9AF4EEE76AF1EE10FA44BF96ED107AA1
:102F500037EE267AD4ED256A48BF84ED217AF4EE67
:102F6000E67AF1EE10FAC2BF96ED107A37EE267AC5
:102F700084ED257A94ED297AF4EEC77AF1EE10FA11
:102F8000C4BFD6ED107A77EE877AB5EEC09AC8BF87
:102F9000C4ED297AF1EE10FAFFF63BAD5FED617AF0
:102FA00068EE277A1DA9CDED067AF1EE677AB0EECC
:102FB000670ADDED060ACDED077A08461AF000FE35
:102FC000F14B9DED29CAD3ED226A93ED213A9DED97
:102FD00028DAD3ED233ADDED2AAA9DED2C8ADDED2A
:102FE0002FBADDED2ECA9DED30AA93ED257A93ED33
:102FF000244AD3ED264AD3ED287AD3ED275A93ED10
:10300000296ADDED2B8A9DED2DBA26EE8C5A03EE52
:103010000D5A31AA114603EEAA5A28A88DED315A4D
:1030200026EE885A66EEAB6A43EE2C6A43EE8A6A55
:1030300003EE285ACDED336A6CEE076A4DEE046A52
:103040004AEEA46A03EE8B5ACDED346A68EE076A45
:103050002BEE877A0CEE847A0AEE247A48EE846AA4
:103060008DED367A2CEE277A0DEE257A0AEE867AE9
:103070004BEE246A8DED377A28EE277A6BEEA77A2D
:1030800008EEA57A4CEEA57A0BEE067A4AEE067AA1
:103090008DED325ACDED356A8DED387ACDED397A38
:1030A00023F000FEDDED317A9DED1B7ADDED1C6A2B
:1030B000DDED36EA9DED38EA39EE279ADDED357A19
:1030C0008DED319A37EE87FA9DED397A8DED35FA2F
:1030D00077EE26FA6EEE8E6A5FEE2F6ACDED39FA44
:1030E00016EE900AE9F7DEFBDDED337ACDED027ADC
:1030F000DDED327A6FEEA76ACDED037ADDED027A6F
:103100005EEE276A8046894616EE900AE9F7CAFB0A
:10311000DDED027A6FEE276ADDED037A5EEEA76AD7
:10312000CDE9080116EE900AE9F7BCFBDDED34DAD3
:10313000DDED377A6FEEAD6A5EEEA76ACDE90A0182
:1031400016EE900ACDED047AE9F7ACFB9DED047A1A
:10315000DDED027A67EE876A59EE2F6A06460F4662
:1031600069EE2EEA16EE900AE9F79CFBDDED027A95
:1031700057EEADEACDE90C011EEE900AE9F792FB9D
:10318000DDED047A2FEE277A1EEE2D7ACDE90E01C1
:1031900017EE100AE9F786FB9DED047ADDED037A60
:1031A00029EE0EEA17EE87EA82468B461EEE100ADB
:1031B000E9F778FBDDED037A67EEADDA59EE0FDA69
:1031C000CDE904011DEE900AE9F76CFBCDE9100191
:1031D00019EE100AE9F766FB42464B46E9F7BAFBDF
:1031E000044603980D46E9F75DFB32463B46E9F796
:1031F000B1FB02460B4620462946E9F7F5F904469D
:1032000002980D46E9F74EFB52465B46E9F7A2FBF2
:1032100002460B4620462946E9F7E6F95B4B0022B9
:1032200004460D46E9F71CFE002800F01F8100222D
:103230004FF07A5320462946E9F708FE002800F0AF
:1032400015819FED530A092131A815F0CFFADDED64
:10325000346A9DED313ADDED373A9DED357A9DEDDD
:10326000324ADDED384ADDED367A9DED335ADDED3B
:10327000395A4848444C26EEA86A03EE0D6A31AA32
:10328000114603EEAC6A8DED316A27EE286A04EE32
:103290000D6A04EEAC6A67EEA88A8DED326A26EEFE
:1032A000886A03EE0C6A03EEAB6A66EE8B6A8DEDFC
:1032B000346A27EE086A27EE888A27EE0B7A67EED3
:1032C0008B7A45EE0D8A04EE0C6A05EE0C8A43EE0D
:1032D0002A6A04EE2A7A45EE2A7A04EEAB6A43EEB5
:1032E0008A6A04EE8A7A45EE8A7A45EEAC8A05EE61
:1032F000AB8A8DED356ACDED376A8DED387ACDED3F
:10330000397ACDED338A8DED368A23F0CBFCDDEDB5
:103310001E7A9DED327A9DED1D6ADDED315ADDEDAF
:103320001F6A27EE877A06EE257A31AA1046DDED70
:10333000335A06EEA57A28A9D4ED1E5A37EE257A1F
:10334000DDED345A84ED1E7A9DED357A27EE877ACD
:1033500006EE257ADDED365A06EEA57AD4ED1F5A33
:1033600037EE257A84ED1F7A9DED387A67EE877AFD
:103370009DED377A46EE077A9DED397A46EE877AEB
:1033800094ED207A08E000BF202F0020000080BECE
:1033900000000000A42F002077EE877AC4ED207A89
:1033A00023F080FC31AA04F18401104623F07AFC5A
:1033B00004F1840131AB0022D1ED007AB3EC017A43
:1033C000013277EEC77A092AE1EC017AF4D194ED63
:1033D000247AD4ED227A6449DDED060A9DED070AD0
:1033E00077EE877A94ED277A67EEA97A0023C4ED09
:1033F000247AC4ED227AD4ED237A77EE877A94ED9D
:10340000287A67EEA97A0846C4ED277AC4ED237AB4
:10341000D4ED267A77EE877A67EEA97AC4ED287A1A
:10342000C4ED267AD4ED217AF5EEC07AD4ED257A72
:10343000F1EE10FAF5EEC07AD4ED297A48BFC4F85F
:103440008430F1EE10FAF5EEC07A48BFC4F894303B
:10345000F1EE10FA48BFC4F8A4301AF0B1FBFFF740
:10346000D8BA03211AA8BFEE000AAEE422462B46C2
:1034700040464946E9F798FBE9F764FD22462B46AA
:103480003190DDE90801E9F78FFBE9F75BFD2246A2
:103490002B463290DDE90A01E9F786FBE9F752FD98
:1034A00022462B46339039463046E9F77DFBE9F753
:1034B00049FD22462B463490DDE90C01E9F774FB07
:1034C000E9F740FD22462B463590DDE90E01E9F78C
:1034D0006BFBE9F737FD22462B463690594650469E
:1034E000E9F762FBE9F72EFD22462B463790DDE92E
:1034F0000401E9F759FBE9F725FD224638902B46F0
:10350000DDE91001E9F750FBE9F71CFD39909EE673
:10351000EBB9164A164C136801331360154B164A63
:10352000C3ED007A237802EBC3020125C2ED007AD5
:103530002B4415710522B3FBF2F202EB82029B1AB7
:103540000E4A23701378042B01D82B4413700C4BB4
:10355000D3ED007A77EE877AC3ED007AFFF78EBA63
:10356000DFED087AFFF719BB982F00203870002094
:10357000D3B200202C700020F06F0020D5B20020C4
:1035800030700020000000002DE9F8432DED028B83
:103590002A4BB5EEC00AF1EE10FA93ED028A81468D
:1035A00042DDB2EE047AB4EEC70AF1EE10FA3BD572
:1035B000DFED238ADFF8908060EE287AD8E97C4638
:1035C00017EE900AE9F7A4FE051946EB010755EA44
:1035D000070304BF0125002754EA060314D0AC42B8
:1035E00076EB070310D22C1B164B67EB0606621E08
:1035F00046F1FF369A4276F100063EBF07EE904A4A
:10360000F8EEE77A87EEA88A4846B0EE480A19F045
:10361000FDFED8E97C23AA42BB4101D2C8E97C5710
:10362000BDEC028BBDE8F883B0EE480ABDEC028B1E
:103630004846BDE8F84319F0E9BE00BF502E00200F
:103640000024744980969800202F002090ED017A84
:10365000D0ED027AD0ED006A9FED076A074B27EEA6
:10366000067A67EE867A66EE866A83ED1F7AC3ED88
:103670001E6AC3ED207A704735FA8E3C202F002059
:103680002DE9F04F4FEAC10B8BB00BF10803089303
:1036900000230591044605460193059B019A9A4231
:1036A000264603D100200BB0BDE8F08F019BDB0064
:1036B0000993AE42D5E9008926D100220023404675
:1036C0004946E9F7C3FB002851D149EC108B1FF0A4
:1036D0000BFD2E4653EC102BA6EC020B25490020C7
:1036E000E9F762FA0BEB040304939846019BCDE9DA
:1036F000060101330193049B9E4234D0099BA246EC
:10370000474608EB03091CE0F6E802231046194679
:10371000E9F720F902460B4640464946E8F762FFC2
:10372000C5E90001C5E7FAE80223F7E80201E9F775
:1037300011F902460B46DDE90201E8F753FFC9E93A
:10374000000199ED007BAA458DED027BEBD1DDE90F
:10375000060153EC172BE9F7FDF8D844C9E900013D
:10376000E6E80201C7E7089B34461D4495E74FF0A1
:10377000FF3098E70000F03F034B00221A7002214F
:1037800008461FF01DB800BFCEB2002010B50F4C88
:103790000F4B6360062012F001FB38B10D4B436103
:1037A00002230374002343748374C3740A494FF4DF
:1037B00086521BF049FD1CF045F9002804DB074B3D
:1037C0001C60074B00221A7010BD00BFC002002011
:1037D000809698000F1A050054910400D46F0020C1
:1037E000D0B200202DE9F04F2DED028BAD4D99B0F8
:1037F000002100AF082008F005FF04F0BFFB2B7884
:10380000BBB14FF4A022002302201EF0E1FB0446CE
:1038100078B9062012F0C2FA30B1A34B43610223FB
:10382000037444748474C474A0494FF484521BF02C
:103830000BFD9F4B1B78BB64002B40F01E810221C7
:10384000B86CDFF8A8821EF0BBFF01232B70994BE8
:10385000BA6C1A70984B994DB3F8922422B1A8F81B
:10386000042093F896242A70B3F89424944C954E2F
:103870001AB1A28093F8973433708F4B93F89B342E
:10388000CBB1A38803F07F037F2B14D1062012F065
:1038900085FA38B18C4B43610223037400234374CF
:1038A0008374C37481494FF486521BF0CDFC00230E
:1038B000A380FF2333700820B8F804A095F8009087
:1038C00012F06CFA50B1814BC0F81C90C0E9053A77
:1038D00004230374002343748374C37473494FF443
:1038E00003521BF0B1FC0820B4F804A096F8009035
:1038F00012F054FA50B1764BC0F81C90C0E9053A6A
:1039000004230374002343748374C37467494FF41E
:1039100003521BF099FC07F15C0101201CF01AFB1B
:10392000824610BB97ED178AB5EE408AF1EE10FA89
:103930001BD0082012F032FA814680B1654B4361FA
:1039400018EE100AE8F7AEFFC9E90601042389F86A
:10395000103089F811A089F812A089F813A05349F2
:103960004FF4035248461BF06FFCB8F80430002BAC
:103970003AD12B78FF2B0CBF32200520DFF870B135
:10398000DFF87091CBF8000022F090FBFFF7FEFE0D
:10399000031EDFF864A1FB6428DB122B40F3AE802A
:1039A000062012F0FBF9002872D140494FF48452EE
:1039B0001BF04AFCFEF712FDC9F800A0FFF7DCFE81
:1039C000082012F0EBF948B1434B4361434B83614C
:1039D00003230374002343748374C37433494FF483
:1039E000C2521BF031FC44E00520C7E7DBF80000C1
:1039F0003128D4BFC0F13200052022F057FB062049
:103A000012F0CCF938B1364B436102230374002322
:103A100043748374C37425494FF486521BF014FC1D
:103A20004FF0000BFF23A8F804B02B70FFF7AEFE99
:103A30001228F864B4DCFB6C002B5FDA082012F06B
:103A4000ADF958B1274B4361244B836103230374C1
:103A500080F811B080F812B080F813B013494FF419
:103A6000C2521BF0F1FBFEF7B9FCC9F800A0FFF74A
:103A700083FE0121084604F0B1FA04F079FA082027
:103A800008F098FE6437BD46BDEC028BBDE8F08FB0
:103A9000154B436102230374002343748374C3747E
:103AA00083E700BFCEB20020281A0500549104001D
:103AB0002BB20020CDB2002000F00320D50700205B
:103AC0002C6F0020D4070020521A0500891A050027
:103AD000AF1A0500DE1A0500471B0500F92E050088
:103AE000FB1A05002A1B0500151B0500346F00207A
:103AF000E8020020E4020020F89C0400FA6C764BF7
:103B0000E84688B053F822306A4674497448C2E9DE
:103B100005134FF400739383724B42F8103F4FF438
:103B2000E6511CF0D9FA704BFA6C53F82230C546B6
:103B3000002B3FF43FAF53453FF43CAF95F90020D5
:103B4000C9F80030002A80F26B82DB6A984705468C
:103B5000002840F06582062012F020F930B1634B56
:103B600043610223037445748574C5745C494FF442
:103B700086521BF069FBA388802B05D903F07F03D5
:103B8000A380083B762B03D90023A380FF23337047
:103B9000574B1B687B64A3887E2B00F24182022373
:103BA0003B6200240B222346FC63A2467A61514902
:103BB000F86B11F80A20BA634F4A10443861F86B69
:103BC000125C7A634D4AD25C3A630133BB6101EB0C
:103BD0000A033B644FF00009BB6B4B4540DCBA6BFA
:103BE00046480AF101031A44FB6B92467A6B013393
:103BF000D318FB633A6BBB69144413440122796BFD
:103C0000914200F3DC817A69013A7A61CFD13B6A53
:103C10003B4C012B00F00282A6883A4DA6F1080326
:103C2000762B03D92B78FF2B00F0F881082012F0B7
:103C3000B5F840B1344BC0E90536032303740023C3
:103C400043748374C37431494FF4C4521BF0FCFABB
:103C50000023A380FF232B7001233B62BB64A0E7FA
:103C60003B6C13F8015F3B64BB6C8BB9244B9B88A6
:103C7000A3F10802762A0BD89D4209D0BB6B09F14B
:103C800001094B45ABDD3B6C13F8015F3B64EDE78D
:103C9000082012F083F850B11D4B43611D4BC0E961
:103CA000063504230374002343748374C3741749D3
:103CB0004FF404521BF0C8FA3B69FB610023FB621E
:103CC000D7F830B0BB697C62BB627B6BFA6A934207
:103CD00022DC09F101097FE7089404003E1B05007E
:103CE00054910400030000012C9D04005D1B05009D
:103CF000EC6F0020B32E0500942E0500642E050005
:103D00002C6F0020D40700200C1D050074910400C6
:103D10008C1B0500542E0500FB6913F8018FFB6115
:103D2000AA4B1B78FF2B02D0984540F0B7800026A5
:103D3000082087F8566012F031F848B1A44B43616F
:103D4000A44B4674C0E90638042303748674C67411
:103D5000A1494FF404521BF077FAB8F1400F26D175
:103D6000A5F11003032B22D87B6C40F24B121B6889
:103D7000A7F8582007F1580102222846984706461E
:103D80000028A6D1082012F009F840B1934B4361F6
:103D9000904B83610323037446748674C6748E4902
:103DA0004FF4C8521BF050FA022022F07FF907F1BD
:103DB0005603786C42462946FEF78AFA97F8563041
:103DC000FB600646082011F0E9FF58B1FB68844A01
:103DD000C3610423426103747E4A826100234374F9
:103DE0008374C3747C494FF404521BF02DFA002EE7
:103DF0007FF46FAF97F856305A1ED2B2FD2A37D8EB
:103E0000784AB96A0A445E4548D012F8011B8B42D1
:103E100040F0D3800023B8FA88F2520987F857306F
:103E2000786CFA6007F157032946FEF751FA03460A
:103E3000002841D197F8560097F8571081423BD19E
:103E40000A20C7E9011311F0A9FF70B1664EFA68A4
:103E5000BB6879680262C0E905650622C0F81C806B
:103E60004162027443748374C3744FF4425212E08B
:103E70000A20FB6011F092FF58B15C4B4361FB6874
:103E8000544A8261C0E90735052303744674867479
:103E9000C6744FF4245250491BF0D6F97A6ABB6AB3
:103EA0005A445B447A624F4A12F803B00133BB6252
:103EB000FB6A0133FB6208E7002387F85830786C0F
:103EC00007F1580342462946FEF702FA034628B98D
:103ED00097F8561097F858208A421CD097F8562029
:103EE00097F85860BB600C20FA6011F057FF78B16A
:103EF0003F49FA68BB688362C0E905150723C0E93A
:103F0000082603740023C0F81C8043748374C374B0
:103F10004FF46252BFE7374C2C49A580C7E9112006
:103F20000A2081F8008011F039FF60B132497A6CC3
:103F3000BB6C0262C0E905150522C0F81C80027442
:103F400043748374C3742449DFF8CC804FF4235244
:103F50001BF07AF97B6A1E44284B53F82660132E17
:103F600040F2D5805EDD062011F018FF38B1244BF9
:103F7000436102230374002343748374C37421498F
:103F80004FF484521BF060F91F4BC3F800801F4BA5
:103F9000002408201C7011F001FF40B11C4B43614C
:103FA0001C4B83610323037444748474C4741549E3
:103FB0004FF4C2521BF048F94BE0013623E7C15CD5
:103FC00001330B440C44013219E600BFD407002032
:103FD000A91B0500542E050074910400C71B0500A1
:103FE000DB1B0500642E0500271C0500F21B0500E5
:103FF0007B1C05002C6F0020C41C0500189C0400CD
:10400000151B050054910400E0020020B877002041
:10401000B31E0500F92E0500889C0400FF23A38031
:104020004FF0FF36062011F0B9FE38B1944B4361D2
:1040300002230374002343748374C3744FF48452C3
:1040400090491BF001F9904B904A1A60904B002266
:104050001A70904B904C9B88A4F892348F4BDFF8E9
:10406000AC829B88A4F894348D4B894D1B7884F8DE
:1040700096348C4B1B7884F89734FBF77FF88A4B87
:10408000FA6C1A60894B1E6094F89B3488F80030F3
:10409000C3B12C78002C40F0F080062011F07EFE99
:1040A00030B1834B43610223037444748474C47439
:1040B00074494FF484521BF0C7F898F80030002B75
:1040C00040F0D9807B4928787B4B7C4A002818BF78
:1040D00013466C468AB06A467948D361794B1362BD
:1040E000794BC2E9050142F8103F66484FF423516D
:1040F0001BF0F2FF3146F86CA546F6F71BF8734B40
:1041000001241C70FFF738FB00212046B3E4DFF8E0
:1041100000A25AF82630002B6BD0434569D0DFF857
:10412000F4B1A2889BF80050BA64197F5A7F55B148
:10413000012D00F09380082011F030FE002800F0DF
:104140008A80634B90E0634B1B68002B74D093F81C
:10415000089049452DD90A20B96411F01FFE58B1C5
:10416000B96C5D4A4261C0E907195C4A8261052366
:10417000037445748574C5744FF4215258491BF07B
:1041800063F8A388082043F08003A38011F006FEA3
:1041900048B1544B4361544B8361032303740023A0
:1041A00043748374C37437494FF4C2521BF04CF804
:1041B00036E74A4513D908207A6411F0EFFD48B17B
:1041C0007A6C4A494161C0E90629042303744574A5
:1041D0008574C57442494FF403521BF035F8444BC3
:1041E000BA6C1A7002238BF80130A38843F0800365
:1041F000A380404B6C4688B053F826306A463E494F
:104200002048C2E905134FF4007393833B4B42F8F7
:10421000103F4FF4E6511BF05FFF5AF82630A546D9
:10422000002B3FF4B1AE43453FF4AEAE164A1360E7
:10423000174A012313700CE70820BB6411F0AEFD90
:1042400048B12F4A4261254A8261BB6C0322027445
:1042500043748374C3744FF4C2528FE7082011F083
:104260009DFD0028F7D0274B43611C4B836103233E
:1042700003740023ECE7244925E723490F4B28E783
:104280009A1E050054910400E0020020889C04005E
:10429000B8770020346F002000F003202C6F00203E
:1042A000D5070020D407002018010020EC020020D0
:1042B000D21E0500E428050036F5040032F504009E
:1042C0000C1F050000020103040000022BB20020B5
:1042D000281E0500EC6F00202F1D0500D02E0500C4
:1042E0005C910400631E0500F92E0500691D0500A0
:1042F000D2B20020789D04003E1B0500030000019F
:10430000B51D0500FF1D0500ECAE0400FFB1002047
:10431000A89C0400D0B200200B4A0023137782F837
:104320003C3082F85C3082F87C3082F89C30074A5E
:104330001946A2F87434C2F884340133472B117340
:1043400002F11002F9D1704798700020786A0020BD
:1043500046287FB502D9002004B070BD0F4E06EB91
:104360000014237BC3B907EE900AFAEEEF7A01AD91
:10437000B2EE040A37EE800A2846ECF70DFF00285B
:10438000E9D195E8070084E8070001232373D6F8F4
:1043900084340133C6F884340120DDE7786A0020D4
:1043A000064B1B7833B1064BB3F84C39032B94BF43
:1043B00000230123034A1370704700BF3607002013
:1043C00000F003202DB20020034B187818B1034BE6
:1043D00018780130C0B27047360700202DB2002097
:1043E00008B5FFF7F1FF0128024605D0034B04484A
:1043F000022A08BF184608BD0248FCE73E31050006
:10440000671F05005A1F050008B5074B98220021B9
:10441000184624F013F94FF0FF42C0F88020034AF9
:10442000C0F8842008BD00BF60310020000080FF7C
:1044300080B50D4B00AF1870A0B9FFF7E5FF0B4B2F
:1044400088B06A460A490B48C2E905134FF4007365
:104450009383094B42F8103F4FF4E6511BF03CFEAA
:10446000BD4680BD054BEBE7B3B20020E428050054
:10447000741F05003C90040003000001ECAE040032
:104480002DE9F0412DED028B474A92F84E39037029
:104490000023B2F84C1943604FF0FF438360434B55
:1044A000C36003294FF00003B0EE408A41800374DB
:1044B00004D80020BDEC028BBDE8F081DFED3C5A52
:1044C0001E46B1EE096AF7EE006A03F14B0102EBFA
:1044D0000111D1ED007AF5EE407AF1EE10FA21D01B
:1044E00090ED027AF4EEC77A90ED037AF1EE10FACD
:1044F000F4EEC77A48BFC0ED027AF1EE10FAC8BFF9
:10450000C0ED037A77EEC87A67EEA77A87EE867AEF
:1045100077EE267A86EEA77AB4EEE57AF1EE10FA17
:10452000A8BF01360133462BCFD1D0ED028AF4EE7D
:10453000C88AF1EE10FA08D8D0ED037AF4EEC87A02
:10454000F1EE10FAA4BF01230374032EB1DD194F5D
:104550003D783DBBD0F80C800E2011F01FFC0446C6
:10456000C0B1154BC0E9053618EE100AE8F79AF904
:10457000C4E9080118EE900AE8F794F9C4E90A01C1
:104580004046E8F78FF9C4E90C010A2323746574E7
:10459000A574E574094945F2C00220461AF054FE9C
:1045A00001233B70012085E700F00320000080FF1D
:1045B0008FC2F53CD8B200208E1F05003C9004004D
:1045C0002DE9F04F8BB000AF10EE105A786007F174
:1045D0001400FFF755FF30B1FB8A042B03D997F87D
:1045E0002430002B5DD1062011F0D8FB38B1884B68
:1045F000436102230374002343748374C3748549A5
:104600004FF486521AF020FEFC8A97F82460042C9E
:104610000FD91EBB0C20D7F81C803E6A11F0BEFBE0
:10462000044630BB7B4944F2C00220461AF00CFE1F
:1046300014E0082011F0B2FB40B1774BC0E905341B
:1046400003230374002343748374C37471494FF4C8
:10465000C6521AF0F9FD0EB9002CDBD16F4B0022C7
:1046600083F860296E4A0023136053609360002032
:10467000CAE06C4B43612846E8F714F9C4E9060127
:104680004046E8F70FF9C4E908013046E8F70AF9AF
:10469000082323740023C4E90A016374A374E37438
:1046A000C0E700EE105A07F10800ECF775FD04466C
:1046B000002840F08B80062011F070FB30B15A4B7F
:1046C00043610223037444748474C4744FF48652A7
:1046D00050491AF0B9FDB868E8F7E4F88246F8687E
:1046E0008B46E8F7DFF8804638698946E8F7DAF85C
:1046F000C7F800D092B06E464C4B73614C4BB3611F
:10470000C6E90C01C6E908ABC6E90A892846E8F7FC
:10471000C9F832464FF40073A6F84030454BC6E95D
:104720000E0142F8103F3B4846F2C0411BF0D4FC5A
:10473000DFED416AD7F800D07A689FED407A3748BC
:1047400007F10803B3EC016AF2EC017A77EEC67A5E
:1047500004F51571B0EEE76AB4EE666AF1EE10FA90
:1047600004F1010448BFF0EE477A00EB8101032C0D
:10477000C1ED017AE6D1012380F86039284B0C2085
:10478000D3F800805E689D6811F008FB0446B0B164
:104790002B4B43614046E8F785F8C4E906013046F3
:1047A000E8F780F8C4E908012846E8F77BF8082311
:1047B000C4E90A01237400236374A374E3741549E4
:1047C00044F2C00220461AF03FFD50E7082011F0E5
:1047D000E5FA48B11B4B43611B4B83610323037410
:1047E000002343748374C3744FF4C25209491AF00E
:1047F0002BFD0A4B002283F86029094A002313602D
:10480000536093604FF0FF302C37BD46BDE8F08F0A
:10481000E31F05003C9004002820050000F0032061
:1048200054F9032075200500BA200500D5200500A5
:104830000E2105000C0000016F12833A00000000F9
:104840005D210500122105001C2F0500F0B56B4EFF
:1048500096F8503987B0002B00F0CE8096F8517949
:10486000002F40F0C98007F04FF941F28833984299
:1048700071F1000305460C46C0F2BE8047F230538A
:10488000984271F100031BDB96F85169002E40F04D
:10489000B380082011F082FA40B1594BC461C0E9DD
:1048A00005350423037446748674C6744FF40352AA
:1048B00054491AF0C9FC514B012283F851299BE05D
:1048C0003846FCF7A9F8002840F0968002F0D0FFA7
:1048D000B4EE400AF1EE10FA80F18E80BBEE047A5D
:1048E000B4EEC70AF1EE10FA00F186809FED467A29
:1048F000B4EEC70AF1EE10FA7EDC444F01A8FFF7D0
:10490000BFFD3B78002B6CD1BDF80660002845D078
:10491000042E43D9082011F041FA40B13C4BC0E9C4
:10492000053603230374002343748374C374354929
:104930004FF4C6521AF088FC01233B70354F3E7885
:104940009EB9082011F02AFA40B1334BC461C0E986
:1049500005350423037446748674C67429494FF4DC
:1049600003521AF071FC01233B700320FCF754F84A
:104970000446002840D1062011F010FA30B1274B30
:1049800043610223037444748474C4741D494FF456
:10499000865207B0BDE8F0401AF056BC731E032BD8
:1049A00010D8082011F0FAF900283FF47FAF1C4B13
:1049B000C0E905360423C361037400234374837480
:1049C000C37473E7062011F0E9F938B1154B436160
:1049D00002230374002343748374C3744FF4865218
:1049E00066E718B1BDF80630042BA7D8034B93F83F
:1049F0005129002A3FF460AF07B0F0BD00F003205A
:104A0000A12105003C90040000007042D7B20020B4
:104A1000DC210500D6B200209C220500F32205000F
:104A20001F2205006922050080B50D4B0D4A83F851
:104A300050090D4B00AF88B0002818BF13466A46D6
:104A40000A490B48C2E905134FF400739383094BDD
:104A500042F8103F4FF4E6511BF03EFBBD4680BDCF
:104A600000F003202E230500362305003F23050018
:104A70003C9004000300000190B5204B83B01A78ED
:104A8000824200AF044619D11D491E4B6C4688B0C6
:104A9000002A18BF0B466A461B49C2E905134FF4AA
:104AA00000739383194B42F8103F4FF4E6511848B6
:104AB0001BF012FB0C37A546BD4690BDFA1D1870C1
:104AC000F87101231349262008F040FAFFF768FC2B
:104AD0000C490B4B002C18BF1946FFF781FC6C46A4
:104AE0008AB06A460C4BD061C2E905310B4B1362A8
:104AF0000B4B42F8103F4FF42351D8E73607002004
:104B0000ECAE0400E42805004C230500030000017E
:104B10003C900400A8F403206A230500000201036E
:104B2000040000020F4B104A10B5002483F85149CD
:104B300083F8524983F860490023136053609360FF
:104B4000062011F02BF930B1084B436102230374A6
:104B500044748474C474BDE8104005494FF486520F
:104B60001AF072BB00F0032054F9032097230500CC
:104B70003C900400F0B52DED048B974CB4F84C3903
:104B800089B0B0EE408A3BB9944809B0BDEC048BC3
:104B9000BDE8F04022F088B910EE100AE7F782FE77
:104BA0000B4602468E48DFED8F8A9FED8F9A22F0EA
:104BB0007BF9B4F84C198D4822F076F9002303F103
:104BC0004B0204EB0212D2ED007AF5EE407AF1EEE0
:104BD00010FA0DD0F4EE497AF1EE10FAF4EE687A9C
:104BE00048BFB0EE679AF1EE10FAC8BFF0EE678AE0
:104BF0000133462BE3D119EE100AE7F753FE0446C2
:104C000018EE900A0D46E7F74DFE2246CDE9000169
:104C10002B46774822F048F9B4EEC98AF1EE10FA33
:104C200040F1888079EE487A17EE900AE7F73AFE6D
:104C3000024670480B4622F037F96F4822F034F9EB
:104C4000654BB3F84C39032B40F28B8005A8B0EECE
:104C5000480AECF7A1FA00287FD1684B6848002287
:104C600022F022F90598E7F71DFE044607980D4645
:104C7000E7F718FECDE902010698E7F713FE224692
:104C8000CDE900012B465F4822F00EF95A4822F088
:104C90000BF9514B93F86039E3B15B4822F004F90A
:104CA0005A4B1868E7F7FEFD594B044618680D4645
:104CB000E7F7F8FDCDE90201564B1868E7F7F2FD7A
:104CC0002246CDE900012B46534822F0EDF84A4830
:104CD00022F0EAF85148404C22F0E6F8002305A8FB
:104CE000B0EE480A059306930793ECF755FA0028AF
:104CF0003CD0D4F8FC00E7F7D5FD0646D4F8040113
:104D00000F46E7F7CFFDCDE90201D4F80001E7F740
:104D1000C9FD3246CDE900013B46414822F0C4F8C6
:104D2000404822F0C1F8404822F0BEF809B0BDEC7E
:104D3000048BF0BDB4EEE88AF1EE10FA09DD78EEEE
:104D4000687A17EE900AE7F7ADFD02460B46374842
:104D500071E7374822F0A8F86FE7364822F0A4F848
:104D600094E73548042122F09FF892E794F86039DF
:104D7000C3B1264BDDED057A93ED007A77EE877AA5
:104D8000CDED057A93ED017ADDED067A77EE877A3F
:104D9000CDED067A93ED027ADDED077A77EE877A2C
:104DA000CDED077A0598E7F77DFD044607980D4697
:104DB000E7F778FDCDE902010698E7F773FD224693
:104DC000CDE900012B461D4822F06EF81C491D4814
:104DD00022F06AF8A7E700BF00F00320CD2305000A
:104DE000ED230500000080FF0000807F18240500EF
:104DF0003724050059240500532505000000044010
:104E0000D5240500F42405005525050054F9032098
:104E10005CF9032058F903206A2505009725050051
:104E2000C8250500FB250500712605008424050022
:104E3000AF240500142505002825050020260500BF
:104E40000E21050041260500F8B56C4D95F824307B
:104E50000370D5ED567AF5EEC07AF1EE10FA0446FD
:104E6000C0F2C680F1EEE77A654BDFED666A93ED3E
:104E70000B7A27EE267AC7EE876AC4ED016AD5ED74
:104E8000577AF5EEC07AF1EE10FAC0F2B480F1EE86
:104E9000E77AD3ED0C6A5C4F87EEA67A04F10C003A
:104EA00084ED027A18F0A4FC84ED060AD5ED084AD8
:104EB000DFED567AC4ED074A95F8253084F82030A6
:104EC000D5F8F831636295ED7F5A94ED034A84ED8D
:104ED0000A5AD5F81432E362D5ED865AC4ED0C5A5D
:104EE00095ED1C6A84ED0D6AD5ED1D6AC4ED0E6A60
:104EF000D5F80032E363D5F804322364D5F80832DC
:104F0000636495ED837A84ED127AD5F81032E36408
:104F10003F4B9B6B2365EB6E636524EE274A3D4B4D
:104F200084ED034A1B68A3653B4B94ED044A1B6860
:104F3000E3653A4B1B682366394B1B686366394B44
:104F400024EE274A1B68A366374B84ED044A94ED90
:104F5000054A1E78354B84F8946024EE274A20EEEB
:104F6000270A64EEA74A25EE275A65EEA75A26EED1
:104F7000276A66EEA76A27EE277A93F800C084EDC9
:104F8000054A84ED060AC4ED074A84ED0A5AC4EDC9
:104F90000C5A84ED0D6AC4ED0E6A84ED127A214636
:104FA00000224FF0050E042E81BF0CEB0203B3FB71
:104FB000FEF000EB80001B1A94BFD3B2DBB207EB0C
:104FC000C303013218681B79C866052A81F870305E
:104FD00001F10801E7D1D5F88430C4F89830D5F84C
:104FE0009430C4F89C30D5F8A430C4F8A030F8BD93
:104FF000DFED0F7A38E7DFED0E7A4AE7202F002049
:105000003C70002035FA8E3CF06F0020E12E6542A6
:10501000502E0020387000203470002030700020A6
:105020002870002024700020D5B20020D3B20020C8
:10503000000000002DE9F04FDFF8EC908FB01F4624
:10504000D9F8003002900C4690469BB11D7AB5B954
:10505000082010F0A3FE40B12E4B43612E4B83611C
:105060000323037445748574C5744FF4C2522B49ED
:105070001AF0EAF84FF0FF300FB0BDE8F08FA94208
:1050800012D30A2010F08AFE58B1254B4361224BFF
:105090000562C0E906340523037400234374837456
:1050A000C3744FF42152E2E706AB6D1A0B445FFA6A
:1050B00085FB03930025AF4201D80020DCE7029B6B
:1050C0002B448DF81730D9F800307E1BD3F804A09C
:1050D000144B5E45187828BF5E4684B1331900939F
:1050E000012206AB0DF11701D0470028C4D1039966
:1050F000324608EB050023F079FA3544DBE70096E9
:1051000008EB050301220DF11701D0470028F4D068
:10511000B2E700BF9A260500052F05005C91040048
:10512000C1260500D2B20020EC6F002007B58DF833
:1051300007100849095C29B99DF8071061F07F0143
:105140008DF807100DF1070118F0D6FD03B05DF8DA
:1051500004FB00BFD0B2002007B5094B8DF8071043
:105160001B5C23B9CBB263F07F038DF807300123BA
:105170000DF1070118F0C0FD03B05DF804FB00BF9E
:10518000D0B2002007B5154B8DF805201A5C8DF8BC
:105190000410012A12D0022A13D0DAB9104B01A947
:1051A0001960022159600F4901234B600E4B53F8DF
:1051B000200021F084F803B05DF804FB00231B6895
:1051C000FFDE0A4B1B682BB109481B68007801A958
:1051D0009847F0E74FF0FF30EDE700BFD0B2002076
:1051E000DC6F0020F0020020D46F0020EC6F002064
:1051F000D2B200202DE9F341114F98463B5C0546A1
:105200000C4616460BB941F080040DF10702214609
:105210002846FFF7A1FF80B99DF8073023EA060270
:1052200006EA08063243934207D07B5D0BB904F0CF
:105230007F0421462846FFF7A5FF02B0BDE8F081B4
:10524000D0B200202DE9F04F9DB015460C46564BCC
:1052500001900022D5E9000159EC128B5BEC11ABF7
:105260008DED020BE7F7C0F9DDE90223C5E9000186
:1052700010461946E7F76EFB5246CDE904015B463E
:1052800050465946E7F766FB4246CDE906014B46D4
:1052900040464946E7F75EFBDDE9062306460F4632
:1052A000DDE90401E7F7A0F932463B46E7F79CF950
:1052B00041EC100B1DF018FFD4E9000153EC102B4A
:1052C000E7F792F99DED047B8DED087B9DED067B64
:1052D000C4E9000152465B46504659468DED0A7BB3
:1052E000CDE90C67E7F780F942464B460F46064684
:1052F000E7F730FBDDE90223CDE90E011046194640
:10530000E7F772F942464B4604460D46E7F722FBA3
:105310005246CDE910015B4620462946E7F71AFBC5
:105320004246CDE912014B4640464946CDE9144577
:10533000CDE91667E7F758F91B4B0022CDE91A2390
:10534000CDE91801019B08AC03F150074FF0000AAA
:1053500094ED007B019D8DED027B05F15006A34687
:10536000D5E90089FBE80223DDE90201E7F7F2FA5B
:1053700042464B46E7F738F9E5E80201AF4246E915
:10538000140106F15006EBD1019B0AF1010A5833D2
:10539000BAF10A0F04F10804019307F15007D7D1BD
:1053A0001DB0BDE8F08F00BF0000F03F2DE9F04FC9
:1053B00093B00D4603904FF490708DED040B8DED7E
:1053C000061B19F083FAAD4A0346106000F5907C85
:1053D0002C4627461E4604F1300E3A4603CA724553
:1053E00030607160174606F10806F6D13033634528
:1053F00004F15004EDD1C02019F068FADFF8AC8256
:105400000346C8F8000005F1300400F1C00C27463F
:105410001E4604F1200E3A4603CA724530607160A0
:10542000174606F10806F6D12033634504F150040F
:10543000EDD1C02019F04AFA914F0346386005F5C6
:10544000F07400F1C00EA4461E4604F13009624615
:1054500003CA4A4530607160944606F10806F6D1E9
:105460003033734504F15004EDD1802019F02EFA49
:10547000DFF83C920446C9F8000005F5047205F512
:10548000547384469646664602F1200A754603CD5B
:10549000554530607160AE4606F10806F6D15032CF
:1054A0009A420CF1200CEDD1DDE90623DDE904017F
:1054B000E7F77AFBCDE90E0104212046FEF7E0F87C
:1054C00004212046EBF7ECFBC02019F0FFF96D4CEE
:1054D000D9F800602060062501953B6800930423FD
:1054E0001A463146EBF79CFC30461DF075F83868DB
:1054F000654E1DF071F84FF4907019F0E7F9D8F887
:10550000007030600195236800932A4604233946D1
:10551000EBF786FC38461DF05FF84FF4907019F0F9
:10552000D5F9564B594D1F68D6F8009028600446AF
:10553000B84607F5907AF8E80201F9E80223E7F7A0
:1055400051F8D045E4E80201F5D138461DF044F8A1
:1055500030684F4F4F4C1DF03FF84FF4907019F0EA
:10556000B5F90026C0E90267C0E90467C0E90C6725
:10557000C0E91067C0E91867C0E91A67464F2060A4
:10558000002200230026C0E90023C0E90623C0E969
:105590000823C0E90A23C0E90E23C0E91223C0E9A9
:1055A0001423C0E91623C0E91C23C0E91E23C0E967
:1055B0002023C0E92223C0E92423C0E92623C0E92F
:1055C0002823C0E92C23C0E92E23C0E93023C0E9F9
:1055D0003223C0E93423C0E93623C0E93A23C0E9C5
:1055E0003C23C0E92A67C0E93867C0E93E23C0E927
:1055F0004023C0E94223C0E94423C0E946674FF491
:10560000907019F063F9254E2768306006240194E4
:105610002B680093224623463946EBF701FC3846B7
:105620001CF0DAFF28681E4F1E4D1CF0D5FF4FF40A
:10563000907019F04BF92246014638603068EBF75C
:1056400033FC302019F042F92860302019F03EF97F
:10565000154A3668106000942A6839680346304657
:10566000F0F7B2FB30461CF0B7FFD5F800B0DA46D1
:10567000FAE80267012500241CE000BFD06F00207B
:10568000C86F0020C06F0020BC6F0020B86F0020E2
:105690000000E03FB46F00200000D0BFB06F0020DA
:1056A000AC6F0020A86F0020A46F0020CC6F0020FA
:1056B000C46F0020FAE8028932463B46404649461C
:1056C000E7F7D8FB10B146464F462C460135062D6C
:1056D000F0D158461CF080FFB14BB24D18681CF059
:1056E0007BFF302019F0F2F8AF4A286003461068BB
:1056F00000EBC404D4E90067C3E90067D4E90C6790
:10570000C3E90267D4E91867C3E90467D4E92467E9
:10571000C3E90667D4E93067C3E90867D4E93C67A1
:10572000C3E90A671CF058FF2C6894ED047B8DEDEB
:10573000047B94ED067B8DED067B94ED087BD4E92C
:1057400000898DED087B94ED0A7B42464B4640462E
:1057500049468DED0A7BD4E902ABE7F7FBF85246E8
:1057600006460F465B4650465946E7F7F3F80246B1
:105770000B4630463946E6F737FFDDE90423064697
:105780000F4610461946E7F7E5F802460B46304645
:105790003946E6F729FFDDE9062306460F4610469F
:1057A0001946E7F7D7F802460B4630463946E6F782
:1057B0001BFFDDE9082306460F4610461946E7F7AA
:1057C000C9F802460B4630463946E6F70DFFDDE9DB
:1057D0000A2306460F4610461946E7F7BBF802466D
:1057E0000B4630463946E6F7FFFE41EC100B1DF044
:1057F0007BFC57EC106B404632463B464946E7F788
:10580000D3F98046894632463B4650465946C4E95C
:105810000089E7F7C9F932463B46CDE90C01C4E9F6
:105820000201DDE90401E7F7BFF932463B46CDE965
:105830000401C4E90401DDE90601E7F7B5F9824690
:105840008B4632463B46C4E906ABDDE90801E7F783
:10585000ABF932463B46CDE90601C4E90801DDE972
:105860000A01E7F7A1F906460F46C4E90A670022D4
:10587000002340464946E7F7DFFAF8B109F1004353
:1058800063600C9BA3600D9BC4F8008003F1004390
:10589000E360049B2361059BC4F818A003F1004357
:1058A00063610BF10043E361069B2362079BA662E1
:1058B00003F10043636207F10043E362202019F023
:1058C00005F83A4B3A4F1C68DFF8D880386001235E
:1058D0000193D8F800300093214604220623EBF709
:1058E0009FFA20461CF078FE182018F0EFFF314C8C
:1058F000314D2060482018F0E9FF2860502018F052
:10590000E5FF2E4E03463060D8F80000D0E900894C
:10591000C3E90089D0E90289C3E90289D0E9048991
:10592000C3E90489D0E90689C3E90689D0E9088971
:10593000C3E90889D0E90A89C3E90A891CF04CFE49
:1059400038683368D0E9008202F10049C3E90C8964
:10595000D0E9028202F10049C3E90E89D0E904824C
:1059600002F10049C3E91089D0E9068202F1004939
:10597000C3E912891CF030FE30682B68D0E900675B
:10598000C3E90067D0E90A67C3E90267D0E908679D
:10599000C3E90467D0E90A67C3E9066710E000BFFE
:1059A000A46F0020A06F0020AC6F0020C06F00200B
:1059B0009C6F0020986F0020946F0020906F002053
:1059C000D0E90267C3E90867D0E90667C3E90A6757
:1059D000D0E90867C3E90C67D0E90667C3E90E6739
:1059E000D0E90467C3E91067D0E90C672368C3E90D
:1059F0000067D0E90E67C3E90267D0E91067C3E921
:105A0000046790ED127B8DED087B1CF0E5FD1820FE
:105A100018F05CFFCF4B1860482018F057FFCE4BB2
:105A200018602B680646024603F14801F3E8028934
:105A30009942E2E80289F9D103213046FDF720FEC0
:105A400003213046EBF72CF92468DFF80883DFF8F0
:105A500024930125CDE9004503231A463146D8F8A1
:105A60000000BE4EEBF7DCF920461CF0B5FDBA4B4A
:105A700018681CF0B1FDD8F80030D3E9000202F13B
:105A80000041C3E90001D3E9020202F10041C3E988
:105A90000201D3E9040202F10041C3E90401182024
:105AA00018F014FFD8F80070AD4B1860CDE9007500
:105AB0000323044631681A46EBF7B2F903232A465A
:105AC0003946CDE9004510A8EBF7AAF920461CF0AD
:105AD00083FD482018F0FAFEA24DA34C2860014631
:105AE00003223068A14FEBF7DFF9482018F0EEFEF3
:105AF00048220021C9F8000022F0A0FD182018F06B
:105B0000E5FE2060182018F0E1FE366838600322B8
:105B100000922268296803463046F0F755F930466E
:105B20001CF05AFD2468D9F8006094ED000B1DF0BC
:105B3000DBFA86ED000B94ED020B1DF0D5FA86ED35
:105B4000080B94ED040B1DF0CFFA204686ED100BE8
:105B50001CF042FD38681CF03FFD2C6894ED067B7C
:105B6000D4E900AB8DED047B94ED0C7B52465B4693
:105B7000504659468DED067BE6F7ECFEDDE9042341
:105B800006460F4610461946E6F7E4FE02460B4667
:105B900030463946E6F728FDDDE9062306460F467E
:105BA00010461946E6F7D6FE02460B463046394601
:105BB000E6F71AFD41EC100B1DF096FA57EC106B4E
:105BC000504632463B465946E6F7EEFF3246C4E9B8
:105BD00000013B46DDE90401E6F7E6FF3246C4E991
:105BE00006013B46DDE90601E6F7DEFF94ED087BA2
:105BF000D4E902AB8DED047B94ED0E7BC4E90C017E
:105C000052465B46504659468DED067BE6F7A2FEAE
:105C1000DDE9042306460F4610461946E6F79AFECC
:105C200002460B4630463946E6F7DEFCDDE9062340
:105C300006460F4610461946E6F78CFE02460B460E
:105C400030463946E6F7D0FC41EC100B1DF04CFA1B
:105C500057EC106B504632463B465946E6F7A4FFD8
:105C60003246C4E902013B46DDE90401E6F79CFF48
:105C70003246C4E908013B46DDE90601E6F794FF38
:105C800094ED0A7BD4E904AB8DED047B94ED107B9D
:105C9000C4E90E0152465B46504659468DED067BDF
:105CA000E6F758FEDDE9042306460F46104619467E
:105CB000E6F750FE02460B4630463946E6F794FCBE
:105CC000DDE9062306460F4610461946E6F742FE72
:105CD00002460B4630463946E6F786FC41EC100B8F
:105CE0001DF002FA57EC106B504632463B465946BF
:105CF000E6F75AFF3246C4E904013B46DDE90401F8
:105D0000E6F752FF32463B46C4E90A01DDE90601E7
:105D1000E6F74AFFC4E91001482018F0D7FDDFF884
:105D200058A0134CCAF80000482018F0CFFDD9F84D
:105D3000006020600323CDE900631A462968EBF771
:105D40006FF830461CF048FC2D68002305F118025E
:105D500014E000BF8C6F0020886F0020946F00203B
:105D6000846F0020806F0020786F0020746F002007
:105D70006C6F00207C6F0020706F00200133A2F157
:105D8000100611461846032801F1180172D1032BA1
:105D900002F12002F2D1CDE900531A462168DAF867
:105DA0000000DFF8E490EBF73BF828461CF014FC09
:105DB00020681CF011FC482018F088FDDDE908235C
:105DC000C9F800000446DDE91001E6F70BFC41ECE0
:105DD000100B1DF089F9DAF8005057EC106BAA4649
:105DE00005F1480BDDE90E23FAE80201E6F7B2FD02
:105DF00032463B46E6F7D8FEDA45E4E80201F1D147
:105E000028461CF0E9FBD8F80040D4E90001E7F788
:105E100099F8039B1860D4E90201E7F793F8039B14
:105E20005860D4E90401E7F78DF8039B9860204699
:105E30001CF0D2FBD9F80060039C354604F124071E
:105E4000D5E90001E7F77EF8E060D5E90201E7F760
:105E500079F82061D5E90401E7F774F80C34A06003
:105E6000A74205F11805EBD1304613B0BDE8F04F5D
:105E70001CF0B2BB11ED067B96ED006B013001ED1D
:105E8000066BA6EC027B7EE7686F002004490022C7
:105E90000023C1E900230349C1E90023704700BF83
:105EA000682C0020602C0020034B00221A70012176
:105EB00008461CF085BC00BFCFB2002008B5012108
:105EC00000201CF07DFC024B01221A7008BD00BFAF
:105ED000CFB20020044B1B68002BA6BF034A52F828
:105EE00023000348704700BFEC020020789D0400A7
:105EF000F6DC040010B50A4B1B787BB1094B0A4C49
:105F00001B7833B1002384F88031BDE81040F9F7E5
:105F100035B90648FCF74EFA0123F4E710BD00BF7F
:105F2000C9B20020C8B2002000F0032081F1032094
:105F300010B5FFF7ABFF194B1B782BB1184C23683A
:105F400013B1184A934212D106200FF027FF38B13F
:105F5000154B436102230374002343748374C37499
:105F6000BDE8104011494FF4865219F06DB902F0A6
:105F700005F80F4B1B7853B10E4B1B783BB10E4B02
:105F80001B6823B10D4A934201D05B689847236890
:105F90005B689847BDE8104001F0EABF2BB20020D3
:105FA000E4020020F89C0400F5260500549104004A
:105FB000B8770020FFB10020E0020020889C040098
:105FC000024B1968024B1868F4F7B4B8EC020020D1
:105FD000180100202DE9F041A74E82B032788242AC
:105FE00000AF044617D1A549A54B6C4688B0002ADE
:105FF00018BF0B466A46A349A348C2E905134FF4EC
:1060000000739383A14B42F8103F4FF4E6511AF00E
:1060100063F8A54615E09E4B93F90030002B14DA87
:1060200006200FF0BBFE38B19A4B43610223037484
:10603000002343748374C37493494FF4845219F05A
:1060400003F90837BD46BDE8F081934B1B7813B1C7
:10605000924B1B7823BB924A924B6D4688B0002C22
:1060600008BF13466A4690498748C2E905134FF4B2
:1060700000739383854B42F8103F4FF4E6511AF0BA
:106080002BF8FA1D8949FC71AD460123252006F045
:106090005DFF874B012204201A7001F075FFD0E7E5
:1060A000F8B1844B1D78002D79D106200FF076FED3
:1060B00030B1814B43610223037445748574C57408
:1060C000012471494FF4845219F0BEF87749FC71EC
:1060D0002346FA1D252006F039FF3470FFF770FFC4
:1060E000AFE76F4B6D4688B06A4674496648C2E9AF
:1060F00005134FF400739383644B42F8103F4FF441
:10610000E65119F0E9FFAD4601F030FB6C4D01F0AE
:1061100035FF002C00F09180FFF7B8FEFCF7FEF889
:1061200020B1684B1B6801201B6B98472B68DFF878
:10613000C0811B689FED640A40469847051E36DA09
:1061400008200FF02BFE50B1604B4361604BC0E95B
:10615000063504230374002343748374C3744A49CB
:106160004FF4015219F070F8FCF7D8F8C8B901F0F3
:10617000FFFE08200FF012FE48B1564B4361564B0C
:10618000836103230374002343748374C3743E49FF
:106190004FF4C25219F058F801F0FCFA51E7414BA4
:1061A000A0E7484B1B6800201B6B9847DFE7EBF725
:1061B000ABFA0820D8F800800FF0F0FD054690B14A
:1061C000464B43614046E6F76DFB0B4602464449A9
:1061D0000020E6F7E9FC0423C5E906012B7400233F
:1061E0006B74AB74EB7428494FF40352284619F0D2
:1061F0002BF801F0BDFE2D49FC7125200123FA1D6D
:1062000006F0A4FE2A4B347001221A7001F0CAFA7B
:1062100001F090FAFFF7D4FEF3F7ACFF08B102F0FB
:1062200007F801F0B7FA154A154B002C18BF1346B2
:106230006C4688B06A462B49DEE6FFF727FE2B68DE
:10624000002BD6D0284A9342D3D0FCF767F820B170
:106250001C4B1B6801201B6B98472B685B68984799
:10626000FCF75CF820B1174B1B6800201B6B9847AC
:106270001E4B00221A70BCE7FFB10020ECAE0400F8
:10628000E4280500372705005491040003000001AD
:10629000BA7700204F2705002BB20020CCB2002097
:1062A0002D27050024270500882705009BF40320DF
:1062B000C8B20020B8770020B9270500F4270500F0
:1062C000E0020020E40200200AD7233C1128050048
:1062D000052E05004C2805001F2E0500322805005C
:1062E0000000F03F7D280500889C0400C7B2002014
:1062F0003C6F002008B501F055FA084B1B782BB114
:1063000019F01AFEBDE80840FFF7F4BD044A82F810
:106310008031BDE80840F8F731BF00BFC9B20020A6
:1063200000F0032007EE900AB8EEE77ADFED247A5A
:10633000244B254AC7EE276A2DE9F041044600AFF9
:10634000D3ED007A86EEA77AFDEEC77A17EE903A83
:106350001BB2012B1D46B8BF012515801B4A1278C0
:106360000AB1012B2ADCAEB217EE100AE6F79AFA50
:10637000174A184BE8468CB0AE4208BF13466A462F
:10638000C2E9085340F202531385DFF85CC0124B98
:10639000C2F814C0C2E9060142F8103F4FF453514D
:1063A0000E4819F099FE0E4B1B68C5465B6A3046D5
:1063B00098470C4B1C60BD46BDE8F0810126D3E731
:1063C00000007A44206F00209C770020C6B2002095
:1063D000542505008D280500060000015491040095
:1063E000E4020020BC0200209A28050038B50446CB
:1063F000EFF31185402383F31288BFF36F8F1448A6
:1064000016F02CFE30B988221249134820F062FDA4
:1064100021F0D7FC0E4816F045FE637BDA060BD45C
:106420000B4816F029FE10B94FF49A72ECE785F389
:106430001188BFF36F8F38BD23F0100320466373BC
:106440001BF002F829460248BDE8384018F078B938
:10645000406F002082CE040065A4050070B503469D
:106460000C46DA880068197902F040022243D0E92C
:1064700001539C6954B312F4C00F07D14FF46472F6
:106480001449154820F026FD21F09BFC02F0E8633A
:10649000B3F1C86F02D140F29332F1E702F0C86362
:1064A000B3F5800F02D14FF46872E9E72D6801233C
:1064B0008B402B4202D140F2A532E1E7074BA446C4
:1064C0001340BDE8704002F0B07260476FF05700B3
:1064D00070BD00BF98E4040065A4050040000006FC
:1064E0002DE9F0472DED028B6D4C6E4EB4F84C59F2
:1064F000032DB0EE408A19D808200FF04FFC48B1A8
:10650000694BC0E905350423C36103740023437458
:106510008374C37465494FF4035218F095FE002349
:10652000A6F87434BDEC028BBDE8F0871FF0D3FDF4
:10653000002386F87434B4F84C29C6F870248846D1
:106540000746C6F8843431461A460133472B0A738E
:1065500001F11001F9D1F0EE007A78EE678A9FED33
:10656000547A544B38EE278AF2EE047AF4EE678AB6
:10657000F1EE10FAB4EE478A48BFF0EE678AF1EE0A
:1065800010FAC8BFB0EE478A38EEE77A78EE677A3D
:1065900037EE077A77EEA77ABDEEC77AFDEEE77A97
:1065A00017EE109A17EE904A0134462CA8BF4624E5
:1065B00029EAE9790C201A7783F83C2083F85C20DB
:1065C00083F87C2083F89C20C3F8A020C6F87C9434
:1065D000C6F880440FF0E2FB0546A8B1364BC46113
:1065E000C0E9053918EE900AE6F75CF9C5E908013B
:1065F00018EE100AE6F756F90823C5E90A012B74CC
:1066000000236B74AB74EB7428462849DFF8B09014
:10661000DFF8B0A044F2C00218F016FE0123D6F84D
:106620007C4486F875340025D6F88034A34228DAF5
:1066300040F201234FF00009C6F87894A6F87434AC
:106640001FF049FD04460A200E460FF0A7FB78B163
:10665000E41B1A4B80F8119066EB0806C0E9084667
:10666000C0E905350623037480F8129080F8139072
:10667000BDEC028B0D49BDE8F0474FF4435218F0D2
:10668000E3BD2046FDF764FE00B1013509FB05F3CB
:10669000BAEBB30F02D3072005F0D6FE0134C3E7EF
:1066A00000F00320786A0020B82805003490040028
:1066B0000000344298700020ED2805002C290500C8
:1066C000CDCCCCCCCCCCCC0C38B5FDF725FE3148AC
:1066D000FDF766FE0021302221F0B0FF2E4BB3F80B
:1066E0004C490025AC4214BF01222A4683F84F5979
:1066F00083F84E2939D008200FF050FB38B1274BD2
:106700004574C0E90534032303748574C5742449B2
:106710004FF4C65218F098FD224820F0C5FB01F056
:10672000A7F8B4EE400AF1EE10FA01D6FFF7D8FE52
:106730001D4A04231146202006F0D6FB1B4A0423E1
:106740001146232006F0D0FB194A4FF48C63114602
:10675000212006F0C9FB0F4A30231146222006F003
:10676000C3FBBDE8384019F0E7BB06200FF016FB6D
:1067700030B1104B43610223037444748474C474B5
:1067800007494FF4865218F05FFD0B4820F08CFB50
:10679000CEE700BF10F9032000F003207D2905009B
:1067A0003C900400A7290500ACF403204CF9032019
:1067B000B0F40320D0290500EB2905002DE9F04FA6
:1067C0002DED028BC54C94F8885087B00746B0EE8B
:1067D000408A002D3CD10126FDF716FE84F8886022
:1067E0001FF079FC00230022C4E92401C4E90A2334
:1067F000C4E90C23C4E90E23256484F8485001F051
:106800005BF8DFEDB77A9FEDB77A84F87D5020EE24
:10681000270A03ADC0EE077A284684ED208AFDEEF4
:10682000E77A84ED218A17EE903AB342B8BF334637
:106830006364F7F7D9FC58B195E8070004F16403E5
:1068400083E8070004F1700383E8070084F87C60A4
:10685000DFF894A23D4607F10C0B5646D6E90089B5
:1068600055F8040BE6F71EF842464B46E5F7BCFE2A
:106870005D45E6E80201F1D1236C03F10108636C88
:10688000C4F84080984553DBDFF8749294F848B020
:106890004E460325BAEC027B40468DED007BE5F7C2
:1068A000EFFF02460B46DDE90001E6F77DF9E6F76A
:1068B00049FB07EE900ABBF1000F03D13060C6ED33
:1068C000037A0EE096ED007AB4EEE77AF1EE10FA74
:1068D00000DD306096ED037AB4EEE77AF1EE10FA5F
:1068E000EDD4013D06F10406D4D17F481822294693
:1068F00021F0A4FE0123256484F84830B1EE047A27
:106900004B46D9ED037AD3ED006A77EEE67A09F1CA
:106910000409F4EEC77AF1EE10FA06DD07B0BDEC1B
:10692000028BBDE8F04FFDF76FBD0135032DE7D1B8
:1069300094F87D300133DBB20F2B7CD884F87D30A6
:106940003868E5F7AFFF02460B46D4E90001E5F7EA
:106950004BFEC4E900017868E5F7A4FF02460B4648
:10696000D4E90201E5F740FEC4E90201B868E5F7A1
:1069700099FF02460B46D4E90401E5F735FED4ED54
:10698000207A236AB4EEE78AD4ED217AF1EE10FA88
:10699000B4EEE78A03F1010348BF84ED208AF1EEEB
:1069A00010FAC8BF84ED218AC4E90401236218EEFD
:1069B000100AE5F777FF02460B46D4E90601E5F732
:1069C00013FE636A01336362C4E906011FF083FBAF
:1069D000D4ED207A94ED218A38EE678ADFED437A90
:1069E000B4EEE78AF1EE10FAD4E9243268DD236AC6
:1069F000B3F5FA6F5CDB08200FF0D0F9044668B1FC
:106A00003B4B436118EE100AE5F74CFF0423C4E941
:106A10000601237400236374A374E37435494FF4AF
:106A20000352204618F010FC07B0BDEC028BBDE805
:106A3000F04FEAF7C1BE03AD0023284684F87D304D
:106A4000F7F7D2FB00283FF47BAF94F87C202A4B69
:106A500052B995E8070083E807000C3383E8070084
:106A6000012384F87C306BE79FED247A0322F3EC5A
:106A7000016AF5EC017AF4EEE67AD3ED026AF1EE02
:106A800010FAF4EEE67A48BF43ED017AF1EE10FA1F
:106A9000C8BFC3ED027AD3ED027A53ED016A77EEF7
:106AA000E67AF4EEC77AF1EE10FA06DDFDF7ACFCFB
:106AB00007B0BDEC028BBDE8F08F013AD7D13FE7BC
:106AC000C01A46F2A81361EB0201984271F100016D
:106AD000EEDB236AB3F5FA6FEADBA5E7603100204D
:106AE00000007A4300007A448831002014AE073F4A
:106AF000B52B05003C900400C43100208FC2753DC9
:106B0000AC3100202DE9F0470446824EB36898422C
:106B10000BD1EFF3058343B17F4B5A6842F08052AB
:106B20005A605A6A22F400425A6294F80C80EFF3D9
:106B30001185402383F31288BFF36F8F774816F0D7
:106B40008DFA30B988227649764820F0C3F921F0D1
:106B500038F9724816F0A6FA637B19070CD56F480E
:106B600016F08AFA10B94FF49A72ECE785F311889F
:106B7000BFF36F8FBDE8F087D90943F0080240F0FA
:106B800097806273A36813B1204617F04DFD04F19E
:106B900018001AF03BFBA76D04F15809B94511D054
:106BA0004FF0000A77B1384617F03EFD07F11800A4
:106BB0001AF02CFBC7F8A8A038461AF045FCA76DC0
:106BC000B945EFD1B3689C4240F08580EFF305876B
:106BD000003F18BF0127D6F81C90534A914502D0B8
:106BE000B9F1000F01D1D6F80C904B4502D04846C0
:106BF0001AF058FBB368C6F818909C4276D1EFF3B0
:106C00000583002B6FD1EFF31182402383F31288A9
:106C1000BFF36F8F237B23F002032373EFF31483FF
:106C200023F0040383F31488BFF36F8F82F311887A
:106C3000BFF36F8F57B13D4BB36040F201129A81A1
:106C40000022C3E925223A4AC3F8A020B3689C4237
:106C50004ED1EFF30586002E4AD1237BDB0720D5EA
:106C60002E4816F009FA00283FF47DAF85F311880D
:106C7000BFF36F8F86F31188BFF36F8F042318461D
:106C800002DFEFF31185402383F31288BFF36F8F88
:106C9000224816F0E3F900283FF454AF1F4816F0DD
:106CA00001FA1E4816F0E8F9B8B94FF4B7724AE78E
:106CB000204A03F07F0343F008039442637302D138
:106CC0005A221D4940E7DA0701D55B22F9E7204641
:106CD00021F026F856E700277DE7284617F0BCFC90
:106CE0004FF4EE72EDE7002FB3D0A4E7002FA2D14E
:106CF0000A4816F0C1F900283FF435AF85F3118832
:106D0000BFF36F8F18F0010F3FF434AF40F28E5293
:106D1000D7E700BF446F002000ED00E0406F002087
:106D200082CE040065A40500606F0020702C002056
:106D300064080020602D0020F42B0500F8B50446FF
:106D40005A4DAB68984241D1EFF30583002B3DD1FA
:106D5000EFF31186402383F31288BFF36F8F5448FB
:106D600016F07CF910B9882252490DE0504816F00F
:106D700099F9637B504A03F07F0343F01003944278
:106D8000637306D15A224D494D4820F0A3F821F0F3
:106D900018F8D80701D55B22F5E7204620F0C0FFA0
:106DA0002B4653F81C4F9C4200D004B9EC68AB68EA
:106DB000A34202D020461AF075FAAC613C4816F0A6
:106DC0005BF9002868D14FF4B772CDE7EFF3118675
:106DD000402383F31288BFF36F8F354816F03EF9D6
:106DE0000028C0D0324816F05DF9637BD90607D57C
:106DF0002F4816F041F9002853D14FF49A72B3E7A7
:106E0000D90943F0100238D16273EF692D4B9F42CC
:106E100000D007B9EF68AB68BB4202D038461AF021
:106E200041FAAB68AF619C42E2D1EFF30585002DDA
:106E3000DED1237BDB07C1D51D4816F01DF90028E4
:106E4000DBD086F31188BFF36F8F85F31188BFF312
:106E50006F8F0423184602DFEFF31186402383F37C
:106E60001288BFF36F8F124816F0F8F800283FF42D
:106E70007AAF0F4816F016F9A0E70F4A03F07F0328
:106E800043F01003944263733FF47CAFDA0782D47B
:106E9000204620F045FFB8E73046BDE8F84017F03F
:106EA000DBBB86F31188BFF36F8FF8BD446F002002
:106EB000406F002082CE0400602D0020F42B0500DE
:106EC00065A40500606F00202DE9F04F9E4E3378D9
:106ED00085B00546002B5FD0002800F0D7809B4B83
:106EE0001B78002B58D09A4B1B68002B54D1994B20
:106EF0001B78002B50D1984B93F80080B8F1000F0D
:106F00004AD1964F964C1FF0E6F83B684FF00309C4
:106F100093FBF9F202EB42029A1A04EBC20C013322
:106F2000022B44F832003B60CCF8041040F38F8011
:106F300093FBF9F202EB42029B1A04EBC30254F8F2
:106F400033305268B0EB030A4EF6602361EB020B5C
:106F50009A457BF100037AD20A200EF01FFF60B140
:106F6000804B80F81180C0E908ABC0E905390623E1
:106F7000037480F8128080F813804FF443527A49EA
:106F800018F062F9002300223B600023C4E90023CB
:106F9000C4E90223C4E9042300F0E8FB002005F063
:106FA00009FC7248FFF7AEFD06200EF0F7FE38B17F
:106FB0006F4B436102230374002343748374C374CF
:106FC00069494FF4865218F03FF9FEF76DFFFCF760
:106FD000D3FB614B00241C705C4B34701C70C5B13A
:106FE000644B654A9C80654B9C80FF231370644A08
:106FF000062013700EF0D2FE30B1624B43610223C3
:10700000037444748474C47457494FF4865218F05E
:107010001BF9564C5C4900220023CDE902230723CB
:107020000022CDE900322046584B4FF400621AF09E
:10703000B7F8EFF31187402383F31288BFF36F8F04
:10704000534816F00BF828BB8822524937E0524AC1
:10705000D2E9004740F2DC53041B61EB07079C4276
:1070600077F1000398D208200EF098FE48B14B4B00
:10707000C761C0E905340423037400234374837497
:10708000C37439494FF4025218F0DEF8002005B0FD
:10709000BDE8F08F3E4816F005F8637B1B0747D428
:1070A0003F4B9868A04243D0A26800F158039A422F
:1070B0003ED0EFF305833BB13A494FF4B6623A480C
:1070C0001FF008FF20F07DFE04F1580120F031FF91
:1070D0002F4815F0D1FF10B94FF4B772B5E7384615
:1070E00017F0BAFA3378FBB1F5B100220023CDE9ED
:1070F000022302240723CDE9003423492B4B1B48EC
:107100004FF400621AF04CF806200EF047FE30B142
:10711000274B43610023047443748374C37412497E
:107120004FF4865218F090F8307880F00100AEE706
:10713000174815F0A1FF10B94FF49A7285E787F34D
:107140001188BFF36F8FCDE72BB20020CCB20020A7
:10715000286F0020CBB20020CAB20020246F00208C
:10716000482C0020162C050054910400502B0020C0
:107170009E2C0500346F0020D50700202C6F0020C6
:10718000D4070020B42C050000E60020E5370200FB
:10719000406F002082CE0400402C00204C2C0500C3
:1071A000446F0020F42B050065A40500F9260100BA
:1071B000CA2C050008B51EF08CFF064B064AC3E931
:1071C00000011368054801331360BDE808401EF054
:1071D000A8BF00BF482B00201C6F0020880900209A
:1071E0009FED010A704700BF000000009FED010AFB
:1071F000704700BF00000000112808D8054A52F867
:10720000203010B1013852F82000181A70474FF49E
:1072100048707047B49E040038B50B4B002408201A
:107220001D6A1C700EF0BAFD38B1084B4474C0E9F9
:107230000535032303748474C474BDE838400449DD
:107240004FF4C65218F000B808000020512F050076
:107250005491040010B5044608200EF09FFD50B96B
:107260000C494FF4015217F0EFFF4FF0FF3323604A
:107270006FF0010010BD084A4261084A82616FF058
:107280000102C26104220274002242748274C27438
:10729000E6E700BF5C8F04007A2F050089430500F4
:1072A00008B52E2208484FF0FF3121F0C7F9074AF0
:1072B00000231360064A1370064A4FF0FF33136031
:1072C000054A136008BD00BFF60600203C7100208F
:1072D000DEB200206C0300206803002038B54FF4B4
:1072E0002032002301201AF073FE0446A0B90B4B94
:1072F00008201D780EF052FD38B1094B4474C0E9E6
:107300000535032303748474C474BDE8384005490B
:107310004FF4C45217F098BF38BD00BFCFB2002061
:10732000A82F05005491040010B5264B1B78BBB163
:107330004FF4A022002302201AF04AFE044678B936
:1073400006200EF02BFD30B11F4B43610223037466
:1073500044748474C4741D494FF4845217F074FF4C
:107360001B4B1B78BBB14FF42032002301201AF0D5
:107370002FFE044678B906200EF010FD30B1154BF3
:1073800043610223037444748474C4740F494FF43A
:10739000845217F059FF1048FFF7D0FC06200EF07A
:1073A000FDFC38B10D4B4361022303740023437489
:1073B0008374C374BDE8104004494FF4865217F03B
:1073C00043BF00BFCEB20020D52F0500549104006A
:1073D000CFB20020FA2F0500502B00201F300500EF
:1073E00010B5134B1B68002B09DA124B1B6842F2D5
:1073F0001071002B18BF1946002005F003F90E4844
:10740000FEF7F4FF0D4B002406201C700EF0C6FCA6
:1074100030B10B4B43610223037444748474C4740D
:10742000BDE8104007494FF4865217F00DBF00BF6A
:107430006C71002048710020502B0020CAB200203F
:1074400037300500549104001FB50D4BB3F91810E7
:10745000B3F91A20881AB0F57A7F0DDBADF8001069
:10746000ADF80220D3E90A230021CDE90223082048
:1074700010236A4605F06AFD05B05DF804FB00BF05
:1074800000F003202DE9F04F98208FB017F01EFA7E
:1074900000254FF0FF380746A0F1080A2E46AB46FC
:1074A000A94644462022002106A821F0C7F805F18C
:1074B0000900202206A980B205F0D2FDBDF81820EF
:1074C000AAB30023DDE90801E5F78CFD09F1010904
:1074D00086194BEB010B02460B46A846B4F1FF3F61
:1074E00008BF2C465FFA89F94AF8082F0135132D99
:1074F000CAF80430D6D1B9F1010F01D9631C18D1F3
:1075000006200EF04BFC38B1524B4361022303744A
:10751000002343748374C3744F494FF4845217F0AB
:1075200093FE38460FB0BDE8F04F1BF055B8134638
:10753000DAE7242017F0CAF924220021009021F074
:107540007DF8002C3CD1B8F1100FA2463FDD42F28D
:1075500010754A46002330465946E5F743FD08F1C9
:107560000102121BA2EB09024FEAE27C02FB01F3CB
:10757000CDE901010CFB0033A2FB00210B44921961
:107580004FEAE5714FF0000643EB0B0307EBC4092C
:10759000B346039144453CDB38461BF01DF8009A86
:1075A0002E4924231D2005F0D1FC00981BF014F86F
:1075B0002B4A137823F0080313700FB0BDE8F08F47
:1075C000284B621EB8F1100F53F822A01EDC254B89
:1075D00053F82850A5EB0A05002DBADC08200EF060
:1075E000DDFB48B1204B4361204B836103230374CF
:1075F000002343748374C37417494FF4C25217F0C5
:1076000023FE38461AF0E8FF00988BE742F2107527
:10761000E0E7D9E9001051EA000C08BFDDE90110EC
:10762000891940EB0B0B03980E4605FB0BF106FB8B
:107630000011A5FB060C6144CDE90432E5F7D2FC4C
:10764000009B504423F8140009F10809DDE90432D5
:1076500001349FE74D300500FC8F040040F003200B
:10766000B5B20020B49E04007A3005007C430500CA
:10767000B0B50C4600AF114605462046F6F72EFF82
:10768000114B22689A42237903F01F0316D18AB066
:107690006A460E490E48C2E90515590903F01F0351
:1076A00013624FF4007393840A4BD16142F8103F88
:1076B0004FF4335118F010FDBD46B0BD06498A4263
:1076C00008BF43F02003E2E7A48A04009B300500D2
:1076D0002491040005000001848A040010B5064CC2
:1076E0004FF400312046F6F7F9FE00212046F6F768
:1076F0004DFF002010BD00BFAC9E040008B5062061
:107700000EF04CFB38B1094B436102230374002394
:1077100043748374C37406494FF4865217F094FD82
:10772000BDE80840C8201EF0C1BC00BFA73005005E
:1077300024910400054B01221A70054A00231360AE
:10774000044A1360044B00221A607047F3B2002011
:10775000F4710020F0710020EC710020024B1B78C6
:107760000BB1FFF7BBBD7047CFB2002008B5074B88
:10777000012200201A7005F01DF8054B1B781BB183
:10778000BDE80840FFF7D0BD08BD00BFCAB2002069
:10779000CFB20020024B1B780BB1FFF721BE704720
:1077A000CAB2002010B52DED048B82B0FEF76EFB3F
:1077B000284B1B78002B45D0274BD3ED008A274B55
:1077C00093ED009A264B93ED008AB5EEC08AF1EE58
:1077D00010FA3BDDF2EE047AB4EEE78ADFED217AAF
:1077E000F1EE10FA58BFB0EE678A002401A968468E
:1077F00000940194FAF72EFDB0EE680AB0EE481A34
:10780000F0EE490AFAF7F6FD9DED000AB5EEC00A62
:10781000F1EE10FA03DDDDED010A1EF068FD124BFA
:1078200000221A80002000214FF07E52C3E902019D
:10783000C3E904019A61DC611C625C620B4B1C6051
:107840005C609C6002B0BDEC048B10BD9FED058AAE
:10785000CBE700BFCCB200200472002008720020E9
:107860003C6F00200AD7233C40000020C871002054
:10787000044B1B781BB1044B93ED000A7047034B7C
:10788000FAE700BFEEB20020B4030020B8030020E6
:10789000074BD3ED007AF5EEC07AF1EE10FAC6BFD1
:1078A000B7EE007A87EE270A9FED020A704700BF05
:1078B000087200200000C842074BD3ED007AF5EEB5
:1078C000C07AF1EE10FAC6BFB7EE007A87EE270A4B
:1078D0009FED020A704700BF047200200000C843F9
:1078E000114B1B78E3B1114BD3ED007AF5EEC07A62
:1078F000F1EE10FA09DDB7EE007AF4EEC77AF1EE98
:1079000010FA02D587EE270A7047094BDFED097A96
:107910001B789FED090A002B18BFB0EE670A70476D
:107920009FED050A704700BFB87700203C6F00202C
:10793000FFB100200000C8420000000008B5082088
:107940000EF02CFA48B1084B4361084B83610323C6
:107950000374002343748374C37405494FF4C25203
:1079600017F072FCFF2008BDC0300500A4430500DD
:107970005491040098B5214C00AF20681EF03DFDE5
:10798000F0B923686C468AB01B686A461C4951618D
:107990001C491D48C2E9061340F2013313841B4BF6
:1079A00042F8103F4FF4115118F096FB6FF00100B0
:1079B000A546174AB0FA80F35B091370BD4698BD1F
:1079C0001422002104F10C0020F038FE04F1200202
:1079D000104962614FF40072C4E90112022221468B
:1079E0000123A26140F20E7251F8040B2361A283BD
:1079F000A37783681B689847DBE700BF700300200C
:107A0000E4300500964305005C8F0400040000018B
:107A1000EAB20020000428401128034609D8064A8B
:107A200000F1200132F9110020B9044A52F8230074
:107A300070470020704700BF00F00320B49E040090
:107A40002DE9F74F4FF0FF353E4A00232C4603F156
:107A5000200132F91110002903DD611C1D4608BF09
:107A60001C460133122BF2D1012C69DDA54267DBE4
:107A7000621E354B04F1200153F82280314A32F95D
:107A8000112042455CDA6A1C102AD4BF53F822B098
:107A900042F2107BABEB0809B9F1000F50DD4FF457
:107AA000FA770A2007FB04FAAE1C0EF077F968B1EA
:107AB000264BC0F824B07743C0E9053AC0E90778FF
:107AC00006230374002343748374C3744FF4FA735E
:107AD000361B5E431E494FF4435217F0B5FBF317B4
:107AE00042F2107B0193670007F1005707F57C37DE
:107AF000B7F94000002811DDA0EB0A00019B3246D7
:107B000080FB0B01E5F7B4FB42F21072002389FB06
:107B10000001E5F7ADFB4044A7F840000134A54261
:107B2000E1DA0C4A24231D20002105F00FFAF7F7B3
:107B300025FB094B00221A70012003B0BDE8F08F2D
:107B40000020FAE700F00320B49E04000331050092
:107B5000FC8F040040F00320B5B200202DE9F04175
:107B600083B242F210784345044664D8334B344E16
:107B7000B3F90020824204D1B6F900402046BDE8A6
:107B8000F08118804FF4FA7790FBF7F7781EC3B2B4
:107B9000112B04D800B2FFF73FFF054600BB42F2AD
:107BA00027334FF4FA759C4217FB05F508DC38467D
:107BB000FFF732FF00B342F60413984221D925E0C3
:107BC00005F5FA704FF4FA7194FBF1F301FB1343DE
:107BD0001AB2431B534393FBF1F32B441CB228E02E
:107BE00042F227339C4203DC3846FFF715FF58B9B1
:107BF00042F210739D4209D801374FF4FA7317FB14
:107C000003F08542DEDD01E04545D4D908200EF0C1
:107C1000C5F848B10B4B43610B4B836103230374DD
:107C2000002343748374C37408494FF4C25217F09D
:107C30000BFB3480A2E74FF0FF349FE72A070020B8
:107C4000280700203231050070430500FC8F040036
:107C500038B5094D094C297811F0010102D0D4E959
:107C6000000138BD0648EAF707F82B7843F0010316
:107C7000C4E900012B70F4E7B5B20020D83500202C
:107C800053630400F8B5334E33781B0703D5324BEA
:107C9000D3E90001F8BD314B314AD3E900139142D9
:107CA00073F1000352D32F4BB3F90040002C4DDB8E
:107CB00042F20F739C42D8BF4FF4FA754FF00003A5
:107CC000D6BF94FBF5F51325EDB219460120DAB2C3
:107CD00095422CD84FF4FA7394FBF3F203FB124451
:107CE0001D4F24B245BB00220023C7E90023BCB1CD
:107CF00001211D48A940E9F7BFFFE317614300FBDD
:107D00000311A4FB00044FF4FA7200232144E5F7A9
:107D100069F9D7E90023801843EB0103C7E90003A1
:107D2000337843F00803D7E900013370B2E700FA73
:107D300003F211430133CAE70B48E9F79DFFC7E996
:107D40000001002CECD0132DEAD0D1E70020002157
:107D5000A0E700BFB5B20020D0350020C835002014
:107D600001001E00F40600205363040038B50146EC
:107D700005464FF480520E481EF07CFB0446A0B12D
:107D80000A200EF00BF858B10A4B43610A4B04620B
:107D9000C0E9063505230374002343748374C37458
:107DA00006494FF4215217F04FFA204638BD00BF64
:107DB000848B0400443105001F4305009C9004009F
:107DC0002DE9F04143681E880446002E5AD083688E
:107DD0003F481F681EF062FB431EB3F5805F73D2FD
:107DE000B6FBF0F300FB136333B1FF22B6FBF0F3F5
:107DF00000FB1363002B47D1237E5BB9E3681B684C
:107E0000BB4207D23846FFF7B1FF0546002854D1E0
:107E1000E3681F6022682E48334639461EF023FB74
:107E20000546002834D1A268136803F58053136017
:107E30006368188006464FF480522068FF2120F0C6
:107E4000FDFBA368277ED3F80080DFB9D4E90432B4
:107E50001344434516D94046FFF788FF054678B3DB
:107E600008200DF09BFF40B11A4BC561C0E90538F1
:107E70000423037446748774C67417494FF402527E
:107E800017F0E2F9002518E023689A550136ADE7AE
:107E90000A200DF083FF58B1104B4361104B05626F
:107EA000C0E9063705230374002343748374C37445
:107EB00009494FF4215217F0C7F92846BDE8F0816F
:107EC000E368C3F80080DDE76FF01505F5E700BF54
:107ED000848B0400A23105009C90040073310500DE
:107EE0000643050007B50D4B53F820300C4822EA35
:107EF000E27221EAE171514342F21072B1FBF2F1F8
:107F00004B43002193FBF2F3642253430091054A53
:107F1000E9F762FF03B05DF804FB00BF989E040020
:107F2000048C040040420F00B0B5054600AF08467F
:107F30000C461EF0B9FA8AB06A460A4B0A48C2E9F2
:107F400005356309D3614FF40073938404F01F0473
:107F5000064B14624FF4335142F8103F18F0BCF84E
:107F6000BD46B0BD9B300500249104000500000112
:107F7000014800210EF04EBDA48B040001480121F0
:107F80000EF048BDA48B040010B50F4B1C78ACB1AB
:107F900008200DF003FF48B10C4B43610C4B83618B
:107FA00003230374002343748374C37409494FF497
:107FB000C25217F049F94FF0FF3010BD1870064853
:107FC0001EF0AFF82046F8E7E5B20020D5310500F5
:107FD000EE4205002491040078090020F8B5504DC8
:107FE00004462E680F46002900F0878046EA000309
:107FF00008282B6008D8441E072C0BD8DFE804F0B3
:108000002F400A520A0A0A59202868D040286DD009
:1080100010285DD02B685E40730702D041481EF0E7
:1080200080F82C68404B14F0050F1C703F4B14BFB8
:108030000322012208201A700DF0B0FE40B13C4B23
:10804000C0E9053403230374002343748374C374A9
:10805000BDE8F84037494FF4C65217F0F5B808208C
:108060000DF09CFE48B1344B4361344B83610323D4
:108070000374002343748374C3744FF4C2520DE03D
:1080800006200DF08BFE38B12D4B436102230374A3
:10809000002343748374C3744FF48452254917F04A
:1080A000D3F8B7E708200DF079FE0028E5D0254B7E
:1080B000DAE706200DF072FE38B1234B436102234C
:1080C0000374002343748374C3744FF48652E5E74A
:1080D00006200DF063FE0028F7D01C4BEEE70620CB
:1080E0000DF05CFE0028F0D0194BE7E706200DF0FC
:1080F00055FE0028E9D0174BE0E726EA00030820E8
:108100002B600DF04BFE38B1134B4774C0E90534BA
:10811000032303748774C7744FF4C652BEE700BFCD
:10812000D04C00209809002003B20020D107002085
:108130009C3205009C91040006320500AC4205000B
:10814000253205003632050048320500563205005A
:10815000663205007A3205008932050038B50B4CCD
:1081600025787DB11DF0B7FFD4E90232C01A61EB6A
:108170000201D4E904239042994104DB23780BB136
:10818000FFF74AF80025284638BD00BF0800002048
:1081900030B585B021238DF80030234B234C1B785C
:1081A0008DF801302378072B3AD8DFE803F0050477
:1081B000043B3005053601238DF80230E3898DF844
:1081C00004301A0A23698DF803208DF80530C3F3B3
:1081D00007221B0C00258DF807300C211B0A68466E
:1081E0008DF808308DF806208DF80950ADF80A504A
:1081F0001EF01AF90D228DF80C0029466846F2F798
:10820000CBFD1DF068FFC4E9080105B030BD94F84E
:108210002830002B08BF0223CEE794F82830CBE7A4
:108220001023C9E70223C7E702B200203014002060
:108230002DE9F0472DED028B354B364AD3ED007A10
:10824000354BB7EE007AC7EE278A1B78012B38BF73
:108250000123137007EE903A304BC2ED018AD3F838
:1082600000A02F4BF8EE677AD3F800902D4B88EEE4
:10827000A78AD3ED007A2C4B82ED038AC7EE277ACA
:108280001B7882ED028A17EE908A002B3DD0274B97
:108290001B78002B39D0264BD3ED007AC7EE277A16
:1082A00017EE904A234B244D1F78244B14220021B3
:1082B00028461E7820F0C2F9122205F8202C204A08
:1082C000204B127805F81F2C18EE102A18EE901A81
:1082D00045F8162C45F8042C01221A7045F81EACFE
:1082E00045F81A9C45F8128C45F80E4C05F80A7CA6
:1082F00005F8096C45F8081C1DF0EDFE124BC3E9AA
:108300000001BDEC028BBDE8F0870024CAE700BF86
:1083100004720020EC030020DB0700200C72002018
:108320001072002008720020B8770020FFB10020F2
:108330003C6F002018010020E37C0020EC020020AC
:1083400002B20020FDB10020982400202DE9F04762
:108350000646F1F70FFF2D4F3070002836D03D78DC
:10836000002D37D1FFF70AFE294B2A4C4FF07E52E1
:108370001A6000225A609A60DA606570FFF758FF51
:10838000F1F702FF0C20D4F808A094F80090D4F87C
:1083900004800DF003FD044690B11F4B436150462D
:1083A000E4F780FAC4F82090C4E906014046E4F7F7
:1083B00079FAC4E90A01082323746574A574E57485
:1083C000164944F2C002204616F03EFF33783B7057
:1083D000BDE8F087F1F7CEFE0028F7D0104B1B78F0
:1083E000002BF3D01DF077FE0E4AD2E90032C01AFE
:1083F0004EF6602361EB0201984271F10001E5DB6A
:10840000FFF716FFF1F7C0FEE0E700BFF2B2002071
:10841000BC030020EC030020A732050054910400A7
:10842000FEB100209824002008B5074B1B783BB90B
:108430000649074840F246321EF04CFD1FF0C1FCD1
:10844000044B986808BD00BFE8B20020E332050085
:1084500065A40500446F002038B50446EFF311858C
:10846000402383F31288BFF36F8F174814F0F6FD93
:1084700030B98822154916481EF02CFD1FF0A1FCCA
:10848000114814F00FFE637B5B0710D504F1180050
:1084900018F0BCFE637B23F004032046637318F0DE
:1084A000D3FF29460848BDE8384016F049B90648C8
:1084B00014F0E2FD10B94FF49A72DBE785F31188EE
:1084C000BFF36F8F38BD00BF406F002082CE040025
:1084D00065A40500012870B52D4E04460D4629D827
:1084E000FFF7A2FF2B4B834224D12B4B1B68F45484
:1084F0002749002211F8013B012B03D10132052A43
:10850000F8D1234625490878984215D1012B3DD84A
:10851000214B1A60224B00221A60002121480EF0E4
:1085200079FA21480021F5F7D9FFBDE870401948D4
:10853000FEF704BC7455DBE70B7017490A60184A54
:108540000021012B1160E8D9FFF76EFF114DA84201
:10855000044610D02846FEF7F1FB012111480EF029
:1085600059FAFFF7BBF82846FDF740FF2846BDE85B
:108570007040FFF771BF01210A480EF04BFAFFF778
:10858000ADF82046FDF732FF2046F0E770BD00BF92
:10859000D6070020D034002044710020E7B200202C
:1085A00040710020048C0400AC9E040008B5A64D68
:1085B000A64C2B78023B102B18D8DFE813F01100E3
:1085C0001B00310041005000650087009700A700A4
:1085D000B800BE00CC00FC001601280132013C01AD
:1085E00042F2107211460020FFF77CFC9848FEF71B
:1085F000A5FBDEE72268013202F0010248BF5242C9
:1086000042F21071042022604A43FFF76BFC23689A
:10861000012B14BF4FF4617064201DF047FDC8E7C3
:108620002268013202F0010248BF524242F2107148
:10863000226000204A43FFF755FC4FF4FA70ECE744
:108640002268013202F0010248BF524242F2107128
:10865000226000204A43FFF745FCC820DDE723687D
:10866000013313F0010F42F210710CBF0A460022D1
:1086700000202360FFF736FC2368072BEDD1002193
:108680000120FFF727FF94E72268531C002A23608C
:1086900013DDC3F1CA01CA2B4FF0320342F210724C
:1086A00003FB01F108BF00220020FFF71BFC236839
:1086B000CA2B07D100210846E3E7002242F21071DD
:1086C0001046F2E7012B5CD1FA20A6E723680133BC
:1086D00013F0010F42F210710CBF0A460022012074
:1086E0002360FFF7FFFB2368052BC7E723680133EF
:1086F00013F0010F42F210710CBF0A460022012054
:108700002360FFF7EFFB2368092BB7E722680132EC
:10871000002A226002F00102B8BF524242F21071F8
:108720004A430020FFF7DEFB2368142BA6E742F242
:1087300010724FF4FA61012056E72268013202F00C
:10874000010248BF524242F2107322604FF4FA61B4
:108750005A4303206FE722684FF47A73013292FB89
:10876000F3F103FB1122B2F5FA7F2260C8BF9A1A17
:10877000C72A08DC1E235A4342F210710320FFF778
:10878000B1FB052049E7B2F5967F06DAC83A142115
:1087900041F2707301FB0232EEE7B2F5C87FABBF66
:1087A00002EB8202C2EB021202F5EA5202F6AC526E
:1087B000A8BF0C32E0E72368013303F001031A4637
:1087C00042F2107148BF5A42002B22604FF0000065
:1087D0000CBF0A460022FFF785FB2368002B42F2FC
:1087E000E45008BF4FF4967017E722680A2301325D
:1087F00092FBF3F103FB11222260032AD4BF02F0A3
:108800000102002242F210714A43022013E722685B
:108810000A23013292FBF3F103FB11222260052AA5
:10882000ECE722680A23013292FBF3F103FB1122E9
:108830002260072AE2E72268013202F0010248BF03
:1088400052422260DEE700BFE7B200204071002004
:10885000D034002080B51B4E1B4C3568E90705F06D
:10886000070709D50F200321FFF734FE4FF420320C
:10887000002320461DF053FCAA0709D51020032130
:10888000FFF728FE4FF42032002320461DF047FC5E
:108890006B0709D511200321FFF71CFE4FF420328E
:1088A000002320461DF03BFC002FD6D103210120E0
:1088B000FFF710FE4FF0FF324FF0FF3320461DF060
:1088C0002EFCCAE7D04C00209809002008B50268A9
:1088D000014610461DF0F2FD38B94FF474720A4992
:1088E0000A481EF0F7FA1FF06CFA02F01F03520953
:1088F0000B6004D0012A05D040F2D932EFE74FF0E7
:10890000A04008BD0248FCE70E33050065A4050041
:108910000003005070B50F4C0F4D104EAC420ED9F5
:108920000F49104840F226221EF0D4FA1FF049FAEF
:10893000A1683046E4F74BFD18B11034EEE7F7D3E9
:1089400070BD63685B79002BFAD0BDE87040FEF71C
:10895000D5BE00BFE4910400F4910400413305004A
:108960005233050065A4050073B5044608200DF0D8
:1089700015FA40B14C4BC0E90534032303740023BE
:1089800043748374C3744FF4C652484916F05CFCB8
:1089900001A81DF0D1FC0546019E082085B1A64224
:1089A0000ED10DF0FBF940B1414BC0E90534032372
:1089B0000374002343748374C3744FF4C65246E0B7
:1089C0000DF0ECF948B13B4BC461C0E90536042316
:1089D0000374002343748374C37434494FF4035203
:1089E00016F032FC55B14FF080430122DA6001A845
:1089F0001DF0A2FC10B1019B002BF8D14FF0804676
:108A00000025C6F80451D6F80431C6F818450123EC
:108A1000B36044BBD6F80431002BFBD068461DF090
:108A20008BFC009D08B1AC4237D00A200DF0B6F99E
:108A300058B1214B4361214B0562C0E9063405233F
:108A40000374002343748374C3744FF42152174991
:108A500002B0BDE8704016F0F7BB4FF49670F1F726
:108A600067FA05F59675D6F80431002BF5D0B5F503
:108A70007A7FD3D908200DF091F940B1104BC0E9AD
:108A8000053503230374002343748374C3740749B7
:108A90004FF4C65216F0D8FBC0E708200DF07EF95F
:108AA00000288AD0074B80E7533505006490040006
:108AB00076350500A3350500E1350500384305008E
:108AC000BA3505001C36050070B51DF002FB084BD9
:108AD000D3E90A24D3E90856521B64EB06041218A2
:108AE00044EB0104C3E90A24C3E9080170BD00BFD7
:108AF00000F0032070B50646FFF7E6FF4FF4FA7268
:108B0000264B06F2F31595FBF2F5554300200021A4
:108B10002DB2002EC3E90A01C3E90E011E835E8354
:108B20001D863ADB0E200DF039F9044668B31C4B64
:108B300043613046E3F7A4FE1A4B0022E4F734F811
:108B4000C4E906012846E3F79BFE164B0022E4F732
:108B50002BF8C4E90801A5F5FA70E3F791FE114B73
:108B60000022E4F721F8C4E90A01A6F5FA70E3F758
:108B700087FE0C4B0022E4F717F80A23C4E90C0126
:108B8000237400236374A374E37420460649BDE88C
:108B9000704045F2C00216F057BB70BD00F00320D4
:108BA000913B050000005940FC8F040010B525489A
:108BB0008CB01EF079F94FF0FF30FFF79BFF1022C9
:108BC000002168461FF03AFD10236A460021082064
:108BD00004F0BCF909242022002104A81FF02EFD76
:108BE00020460134202304AA0021A4B204F0AEF9E7
:108BF0001C2CF0D1242015F069FE2422044600210B
:108C00001FF01CFD242322460F491D2004F09EF96D
:108C1000204619F0E1FC0D4B00241C700C4B062083
:108C20001C700DF0BBF830B10A4B43610223037492
:108C300044748474C47408494FF4865216F004FBDB
:108C40000CB010BDF43B050040F00320B5B200208D
:108C5000E9B200200F3C0500FC8F040010B5064C63
:108C600023782BB905481EF01FF90123237010BD8E
:108C7000BDE81040FFF79ABFE9B20020253C05008F
:108C800019B1064B4FF6FF721A8082B242F210738E
:108C90009A4201D8EBF760BE704700BF2C07002056
:108CA0001FB5424C2368DA0710D506200DF076F880
:108CB00038B13F4B43610223037400234374837430
:108CC000C3743C494FF4845216F0BEFA23685B0724
:108CD00010D506200DF062F838B1374B43610223FE
:108CE0000374002343748374C37432494FF4845271
:108CF00016F0AAFAEFF31184402383F31288BFF32E
:108D00006F8F2E4814F0AAF930B988222C492D48CB
:108D10001EF0E0F81FF055F8284814F0C3F90121BF
:108D200029481DF0B7F929481DF0A1F9234814F08E
:108D3000A3F910B94FF49A72E8E784F31188BFF3EE
:108D40006F8F03A81DF0F8FA20B1039B13B1002028
:108D5000FFF70AFEFEF70AFDFDF7EAF800210846D4
:108D6000FFF7B8FB002403A9002017F0F3F8032352
:108D7000224621460620009415F036F806200321ED
:108D80001DF0FEFB06200DF009F830B1104B4361D9
:108D90000223037444748474C4740E494FF48652DD
:108DA00004B0BDE8104016F04FBA00BFD04C002010
:108DB000A83E050024910400DE3E05003866002030
:108DC00082CE040065A40500344D00200866002012
:108DD000143F0500AC9104001FB506200CF0DEFF27
:108DE00038B1694B436102230374002343748374D5
:108DF000C37466494FF4865216F026FA644B1B780A
:108E000023B9644B1B7803F0FF049BB106200CF0E0
:108E1000C5FF38B1604B43610223037400234374E0
:108E20008374C37459494FF4865216F00DFA00202A
:108E300004B010BDFFF734FF04F072F8F8F7C8FD76
:108E4000F6F742FAFBF76EFEFDF754FA08200CF035
:108E5000A5FF58B1514B43614FF0010C0D23C0E900
:108E600006C30423037444748474C47447494FF4E0
:108E7000035216F0E9F9002401232D2000941A462C
:108E8000214614F0B1FF06200CF088FF30B1444BAE
:108E900043610223037444748474C4743B494FF4E3
:108EA000865216F0D1F906200CF078FF38B13D4B10
:108EB000436102230374002343748374C3743A4CE4
:108EC00032494FF4865216F0BFF9D4F80815481C01
:108ED00002D03648FFF728F8D4F80C154A1C02D007
:108EE0003348FFF721F8D4F810154B1C02D0314855
:108EF000FFF71AF806200CF051FF38B12E4B4361F2
:108F000002230374002343748374C3741F494FF412
:108F1000865216F099F9294B02931F2328488DF8A1
:108F20000C300022012302A9ADF80E301DF070FABA
:108F30002449254800221DF06BFA244824490022C8
:108F40001DF066FA06200CF029FF38B1214B436171
:108F500002230374002343748374C3744FF4865252
:108F60000A4916F071F91C4B19781C4BB3F9000033
:108F7000FFF786FEFFF7CEFC19491A484FF4B012EE
:108F80001DF046FA0CF048FC293F0500249104002E
:108F900030140020F9B000203E3F0500583F050086
:108FA0006E3F05009A3F050000F00240B53F050006
:108FB000CA3F0500E03F0500F63F0500A48A040013
:108FC00018400500889E04002C4005004240050022
:108FD000809E040058400500E6B2002026070020CD
:108FE000909E04006940050008B506200CF0D6FEEE
:108FF00038B11A4B43610223037400234374837412
:10900000C37417494FF4865216F01EF9FFF748FE55
:1090100003F086FFF8F7DCFCF6F756F9FBF782FD64
:10902000FCF768FF06200CF0B9FE38B10D4B436128
:1090300002230374002343748374C3744FF4865271
:10904000074916F001F9084B1978084BB3F90000ED
:10905000FFF716FEFFF75EFC14F0F4FF7E400500FC
:109060002491040096400500E6B200202607002067
:109070002DE98048AF4B197891B021B90122032026
:109080001A7003F0BFFAAC4B1C7814BB02F03CFD25
:1090900041F28933984271F100011ADBA64A01239B
:1090A0001370A64B1D7805F13003DBB20E2B10D8E0
:1090B00008200CF073FE38B1A14B4474C0E90535AB
:1090C000032303748474C4749E494FF4C45216F08D
:1090D000BBF89D4D2B7863BB02F016FD4EF6612365
:1090E000984271F1000124DB01242C701EF015F868
:1090F000D0B904A920460DF0C3FC38B36FF00404C6
:1091000008200CF04BFE50B1904B4361904BC0E9EE
:10911000063404230374002343748374C3744FF42C
:109120000152884916F090F88A4B1B780BB903F06E
:1091300095F9894B1B78032B00F0B2801CD8013BBA
:10914000012B1DD9844A002313701DE022462146BD
:10915000049813F069FD04460028D1D106200CF0D4
:109160001DFE30B17D4B436102230374447484744B
:10917000C4744FF48652D4E7042BE3D1FFF734FFD5
:1091800016F060FB0028DDD1754C2378002B40F0F1
:109190008A8003A8FEF75EF8044625B2002DC0F2CF
:1091A0008B80039BA3F16402009240F2A1329342B0
:1091B000A4B240F33381009941F20C72914200F263
:1091C0004481684A16780127002E40F0358141F22B
:1091D000CC02934200F32D81012637464FF08043A5
:1091E000DFF8B4B1D3F83834DFF8B08103F001030D
:1091F00001931CF070FF5B4B81461B785A48002B93
:109200008A46019B01780CBF9C464FF0010C002957
:1092100040F01E81554B8BF800C00121C3E9009A34
:10922000017088F800C0BCF1000F02D01020FEF7DA
:10923000D5FE4F4B4F4A19EB03036AF10001C2E917
:1092400000314C4AD2E90032B9EB030940F6B83399
:109250006AEB020A99457AF1000AC0F21A81464B7C
:109260001A68464B002F00F0BD81002A4FF0000223
:1092700080F25681002D00F055811A70404B98F80D
:1092800000A093F800B0BBF1000F00F0BC8142F2E7
:1092900010739C42DDF80C9040F2FB8193461CE178
:1092A000FFF79AFD6EE7C820F0F742FE2378C3B9B6
:1092B0006FF001040394254608200CF06FFD50B1B7
:1092C000304B4361224BC0E906350423037400236D
:1092D00043748374C3741B494FF4015215F0B4FFF7
:1092E0005FE7294F394651F80C0B83685B68984754
:1092F0000023BB770446002867D13B683A799B6816
:10930000B7F9205018893E7F142A80FB050160D8E8
:109310001E4B13F8125035B93D221D491D481DF052
:10932000D9FD1EF04EFD03EB42035A78C2BB3E222C
:10933000F3E700BFE4B20020E3B20020D9B200207E
:10934000A440050024910400E2B20020DD400500A5
:10935000E1420500DAB20020E5B200200541050037
:10936000EAB20020E1B20020DCB20020C8340020C4
:1093700048F4FFFF380000206C030020DDB200201D
:10938000E0B200204E41050070030020B742050006
:109390002241050065A40500DBB20020E6B20020F2
:1093A000A5FB0007234605FB0171E3F761FFC6F14A
:1093B000200220FA06F401FA02F2B6F1200344EA90
:1093C000020402D441FA03F31C43002C039405DA8F
:1093D000E3E6002D2C460395FFF66EAF40F21353E3
:1093E0009C4217DC89490B8848887BB184420BD3A7
:1093F00031F8042C31F8021CD21A241A6243091ADB
:10940000B2FBF1F2134403E00431ECE78442EFD203
:109410001C46C2E642F210742546C2E67C4B1E781A
:109420009EB9009A41F20C739A4237467FF6D6AE47
:1094300007E0774B1F70CFE641F29A0293423FF765
:10944000CBAE734A00231370C8E600263746F8E710
:109450009BF80010614509D06E4A8BF800C0C2E944
:10946000009A6D4AC2E9009AFDF71AFF9BF80010B6
:1094700098F800308B423FF4E4AE664BD3E900230A
:10948000B9EB02026AEB0303B2F5FA7F73F1000352
:1094900013DA624B98F800A0DDF80C9000221A70E5
:1094A0005F4B93F800B0BBF1000F11D14FF0010BEF
:1094B000002F00F0C78017463EE0102088F800100B
:1094C000FEF78CFD544BC3E9009AFDF7E9FEE0E797
:1094D00042F21072944240F2C6815249B1F9002022
:1094E0000C88002E00F0F88142F21070844298F847
:1094F00000104D484D4D00F233820778002F40F0A8
:10950000E781B2F57A7F01DA01220270002900F0CA
:10951000EA81C5F80090BBF1000F40F0EE817BE1DD
:109520007FF4ABAE1A703E4B98F800A093F800B0F1
:10953000BBF1000F40F080810820DDF80C900CF0AA
:109540002DFC60B13A4A4261642295FBF2F2C0E917
:10955000062904220274002242748274C2744FF4F9
:109560000352344915F070FE009B41F20C72934295
:1095700016D908200CF012FC48B12F4A42612F4A3C
:10958000826103220274002242748274C2742949E7
:109590004FF4C25215F058FE01210420FEF71EFDC3
:1095A0001F4B01221A70002F68D0BAF1000F65D14D
:1095B00006200CF0F3FB48B1214A426102220274FA
:1095C00080F811A080F812A080F813A04FF4845204
:1095D000184915F039FE00210846FFF751FBFFF747
:1095E000FBFB4BE01F700E4B98F800A093F800B007
:1095F000DDF80C90BBF1000F24D042F210739C42B6
:1096000047D9BB4669E75F4696E700BFB4AE0400A2
:10961000E1B20020C834002038000020DDB2002074
:10962000E0B2002026070020DFB200206801002001
:109630007541050024910400A8410500E1420500A0
:10964000D04105000820039F0CF0A8FB40B1AF4AB1
:10965000C0E9052703220274002242748274C27496
:109660004FF4C652AA4915F0EFFD009B41F20C726F
:10967000934200F2DF80A74A0121117042F210727A
:109680009442DDF80C903FF628AFBBF1000F40F09C
:10969000EA80A14F3B78172B9CBF01333B709F4B57
:1096A0001B68002B3CDBEA1A002AB8BF5242B2F515
:1096B0007A7F35DD98F800B0BBF1000F28D10A2081
:1096C00000930CF06BFB0446E0B1009B944A4261AE
:1096D0001846E3F7D5F8934B0022E3F765FAC4E99F
:1096E00006012846E3F7CCF88E4B0022E3F75CFA3C
:1096F000C4E908010623237484F811B084F812B079
:1097000084F813B088494FF44352204615F09CFD6D
:1097100086482E224FF0FF311EF090FF01233B7050
:10972000824B04AA03F1280E9C4618685968144617
:1097300003C4083373452246F7D1186820609B881C
:109740007B4AA3801368ADF83E5017212CF81350C4
:10975000013393FBF1F001FB1033136004A90022E5
:10976000B1F9020053B20C4634F902C9604506DA79
:10977000013B5BB2B3F1FF3FA4F804C0F4D1013365
:109780005BB210AC04EB43030132172A23F8300C10
:1097900001F10201E4D13B786048DF08C3EBD30359
:1097A000002218330260DBB214461146C7F11807D5
:1097B000BB4244DB02B1046011B1056895FBF1F5D1
:1097C0005C4B05601A6805F16401914247DA196043
:1097D0001C686423643C5C43632394FBF3F4564BA2
:1097E00022B21A80A4B298F80030002E6BD1534AEE
:1097F0001670002B40F0E280514BC3F80090514BA3
:10980000C3F800901CF065FC4F4BC3E9000142F225
:1098100010739C4200F2AA803F4B98F800101B780E
:10982000182B01D0002968D0434BB3F90000FFF793
:1098300027FA62E000279CE64FF0000BB5E60DF139
:10984000400C0CEB430C01333CF930CCBCF1FF3F36
:109850001FBF01316444C9B20122DBB2A8E7AA42AA
:10986000B8BF1D60B4E7344B98F800B0B3F90020DE
:109870001C885EBB314A1670BBF1000F40F09F8020
:109880002F4BC3F8009042F210739C4235D900224E
:1098900013462E490A702E4A13702E4B1B781BB9A3
:1098A000019B002B00F0948004210D20FEF712FE96
:1098B000032002F0C9FD40F6CD42002326481CF0EB
:1098C0002EFCFFF7E0BB4FF0000B0DE6B3460BE6B6
:1098D000B2F57A7F7FF71AAE184A0021117098F816
:1098E0000020002A6BD1BBF1000F85D0144BC3F8C8
:1098F000009042F210739C4238D80F4BB3F900002D
:10990000FEF72CF9154B188030E000BF8A410500A6
:1099100024910400E0B20020DEB200206C0300209D
:10992000E3410500000059402C910400F606002098
:109930003C7100206803002026070020DFB20020D1
:10994000680100201C0100200012002008B2002045
:1099500007B20020E1B2002078090020240700208F
:10996000002202700029BED0C5F80090002E8ED0D3
:109970001B4BB3F900204FF4966322EAE27212FB0C
:1099800003F342F21071B3FBF1F36421B2FBF1F285
:1099900062F07F0203F6B833D2B2BAF1000F04D0FE
:1099A00041F2D6018B42B8BF0B460A21B3FBF1F35B
:1099B000F53BFF2BD4BFDBB2FF236AE7B346094A6E
:1099C000C2F8009042F2107294427FF6A4ADCDE747
:1099D000054B1B7804210BB10C2067E70E2065E7CF
:1099E0002407002068010020DFB200204FF08042F1
:1099F0000B49D2F80034C3F340030B70D2F81C3586
:109A00000849DBB20B703033DBB20E2B9CBF002356
:109A1000C2F81C35D2F80034C2F800340020704778
:109A2000FEB20020D9B20020B2EE007AB4EEC70A2E
:109A3000F1EE10FA41DCF1EE007AB4EEE70AF1EE55
:109A400010FA3EDCB0EE007AB4EEC70AF1EE10FA7E
:109A5000CCBF01230023C8BFB0EE677ADFED1D7ACB
:109A60001D4AF4EEE70AF1EE10FA13702BDCDFED7D
:109A70001B6AF4EEE60AF1EE10FA28DCDFED187A44
:109A8000F4EEE70AF1EE10FACCBF02230323C8BFBD
:109A9000F0EE667ADFED136A134A80ED007A27EE66
:109AA000266A1370114BC1ED007A83ED006A67EEF0
:109AB000A66A0F4BC3ED006A70470323B3EE007A2A
:109AC000CCE70223CAE7DFED0B7A0023E2E70123AC
:109AD000E0E700BF00007A44EF0700200000FA43EF
:109AE00000007A4300000038FBB200205804002038
:109AF000540400200000FA444FF083430360014BFC
:109B00000B6070470000FA444FF084430360014B40
:109B10000B60704700007A454FF084430360014BAF
:109B20000B60704700007A45B2EE007AB4EEC70AC7
:109B3000F1EE10FA47DCF1EE007AB4EEE70AF1EE4E
:109B400010FA44DCB0EE007AB4EEC70AF1EE10FA77
:109B5000CCBF08230023C8BFB0EE677ADFED207AC0
:109B6000204AF4EEE70AF1EE10FA137031DCDFED73
:109B70001E6AF4EEE60AF1EE10FA2EDCDFED1B7A37
:109B8000F4EEE70AF1EE10FACCBF04230023C8BFBD
:109B9000F0EE667A164ADFED176A137067EE266AF2
:109BA000154BDFED165AC3ED006ADFED156A154B54
:109BB00067EEA66A86EEA56A83ED006A80ED007AFC
:109BC000C1ED007A70470423B3EE007AC6E70C2398
:109BD000C4E7DFED0D7A0C23DCE70823DAE700BFEA
:109BE00000007A44DF0700200000FA4300007A43B7
:109BF000DE070020000000383804002000247449EB
:109C000000000C42340400200000FA4408B508208B
:109C10000CF0C4F848B1084B4361084B836103233F
:109C20000374002343748374C374BDE8084004497B
:109C30004FF4C25215F008BBC2EF0400C554050032
:109C4000648F040008B508200CF0A8F848B1084B50
:109C50004361084B836103230374002343748374BB
:109C6000C374BDE8084004494FF4C25215F0ECBA81
:109C7000C2EF040046540500848F040008B5082094
:109C80000CF08CF848B1094B4361094B8361032305
:109C90000374002343748374C37406494FF4C2529F
:109CA00015F0D2FA9FED040A08BD00BFC2EF040010
:109CB00038540500848F04000000C07F08B50820D8
:109CC0000CF06CF848B1084B4361084B83610323E7
:109CD0000374002343748374C374BDE808400449CB
:109CE0004FF4C25215F0B0BAC2EF04002954050077
:109CF000848F040008B508200CF050F848B1084BD8
:109D00004361084B8361032303740023437483740A
:109D1000C374BDE8084004494FF4C25215F094BA28
:109D2000C2EF0400A25305007C8F040008B5082090
:109D30000CF034F848B1094B4361094B83610323AC
:109D40000374002343748374C37406494FF4C252EE
:109D500015F07AFA9FED040A08BD00BFC2EF0400B7
:109D60008F5305007C8F04000000C07F08B50820D9
:109D70000CF014F848B1084B4361084B836103238E
:109D80000374002343748374C374BDE8084004491A
:109D90004FF4C25215F058BAC2EF04007B530500CD
:109DA0007C8F040008B508200BF0F8FF48B1084B81
:109DB0004361084B8361032303740023437483745A
:109DC000C374BDE8084004494FF4C25215F03CBAD0
:109DD000C2EF0400CA5205008C8F040008B50820A9
:109DE0000BF0DCFF48B1094B4361094B836103234E
:109DF0000374002343748374C37406494FF4C2523E
:109E000015F022FA9FED040A08BD00BFC2EF04005E
:109E1000BA5205008C8F04000000C07F08B50820EE
:109E20000BF0BCFF48B1084B4361084B836103232F
:109E30000374002343748374C374BDE80840044969
:109E40004FF4C25215F000BAC2EF0400A952050047
:109E50008C8F040008B508200BF0A0FF48B1084B18
:109E60004361084B836103230374002343748374A9
:109E7000C374BDE8084004494FF4C25215F0E4B978
:109E8000C2EF0400935205008C8F04000B4AFF239D
:109E900010B513700A4A137000227D211046FBF79B
:109EA00071F9012204467C210020FBF76BF9044381
:109EB00003D0BDE81040FFF7A9BE10BDD3070020B6
:109EC000D20700202DE9F8432DED028BDFF8049234
:109ED000B5EEC00AF1EE10FA99F8003080460F4650
:109EE0000ED8F5EEC00AF1EE10FA4CD8002B00F0B7
:109EF0008E80DFED6C8A0024B0EE688A25463EE055
:109F0000DFED697AB4EE670AF1EE10FA11D1F5EEE1
:109F1000C00AF1EE10FAE9D9F4EE670AF1EE10FA90
:109F20004DD1002B73D09FED5F8AF0EE488A00245C
:109F3000E4E7B7EE007AC7EE006A5C490022B1ECB4
:109F4000016AB4EEE66AF1EE10FA02D401320B2A8D
:109F5000F5D157498C5C574901EB8202D2ED006A7A
:109F6000F5EEC00AF1EE10FAC7EE268A0ED89C4232
:109F700053D0002C40F08D8025469FED4A8A26461E
:109F80000823224661E0DFED487AC5E7F4EE670A70
:109F9000F1EE10FA16D19C423FD09FED428A002C80
:109FA000C5D0002564F05F02D2B240210020FBF74B
:109FB000E9F80646002D3BD10C232A4645E0DFEDAB
:109FC000398A0024F7EE007A87EEA07A3A49002217
:109FD000F1EC016AF4EEC76AF1EE10FA02D4013234
:109FE000072AF5D135498D5C354901EB820292EDA6
:109FF000007A9C4287EE878A13D1324A1278AA42AD
:10A0000010D10026C8ED008A87ED008A3CE0DFED24
:10A01000258A1D46B0EE688AEFE79FED228A00256B
:10A02000EBE72346002B37D1002D80D01C461E467F
:10A0300045F0E00242210020FBF7A4F8002C46EA9C
:10A0400000060CBF08230C2302221A437D210020A6
:10A05000FBF798F806431B4B20D0FF22082089F815
:10A0600000201A700BF09AFE48B1174B4361174B52
:10A07000836103230374002343748374C3741449FA
:10A080004FF4C25215F0E0F8BDEC028B3046BDE84B
:10A09000F8839FED048A84E71C4683E789F8004033
:10A0A0001D70AEE7000000000000807FB09F04003C
:10A0B0006A750500AC9F0400909F0400627505005E
:10A0C0008C9F0400D2070020C2EF040053750500E6
:10A0D000648F0400D30700200A4A08B5FF231370D9
:10A0E000094A1370094A1370094A1121137000209C
:10A0F0000122FBF747F818B1BDE80840FFF7A2BD01
:10A1000008BD00BFEE070020ED070020EC0700208F
:10A11000EB0700200A4A08B5FF231370094A1370A1
:10A12000094A1370094A1121137000200122FBF71C
:10A1300029F818B1BDE80840FFF7DCBD08BD00BF35
:10A14000EA070020E9070020E8070020E7070020D1
:10A150002DE9F04F2DED028BB5EEC00A85B0F1EE82
:10A1600010FACDE90101B0EE608A40F21781DFED0F
:10A17000CC7AB4EE670AF1EE10FA00F00F81B7EE78
:10A18000007AC7EE007AFDEEE77A17EE905A002DBE
:10A1900000F00581DFEDC38AB4EEE80AF1EE10FAB3
:10A1A00000F10081DFEDC07AB4EEE70AF1EE10FABB
:10A1B00000F1FC80DFEDBD8AB4EEE80AF1EE10FAA2
:10A1C00000F1F680DFEDBA7AB4EEE70AF1EE10FAAC
:10A1D00000F1F280DFEDC78AB4EEE80AF1EE10FA82
:10A1E00000F1EC80DFEDC47AB4EEE70AF1EE10FA8C
:10A1F00000F1E680DFEDAF7AB4EEE70AF1EE10FA97
:10A2000000F1E080DFEDAC7AB4EEE70AF1EE10FA8F
:10A2100000F1DC80DFEDB98A0D2DB4BF10252025BB
:10A22000A8BFF0EE678AB5EEC08AF1EE10FA40F2F0
:10A230001D819FED9B7AB4EE478AF1EE10FA40F053
:10A24000C9809E4B1E78402480279D4B1A7862B9A6
:10A250009C4A1278BA4208D19B4A1278AA4204D189
:10A26000964A1278B24200F08B81B542AA4638BFB6
:10A27000B246AAEB0609C9F30719B9F1050F00F2B6
:10A280005B81B9F1010F8CBF09F1020909F10109E4
:10A290005FFA89F9AAEB0508C8F30718B8F1050FAA
:10A2A00000F24D81B8F1010F8CBF08F1020808F1EE
:10A2B00001085FFA88F8F4EEC88AF1EE10FA40F16E
:10A2C0004181F5EE408AF1EE10FA14BFC8EE287A0B
:10A2D00001224FF000011FBFB6EE007A77EE877AB9
:10A2E000FCEEE77ACDED037A18BF9DF80C20774895
:10A2F000017077490A70774A127810212A430020AA
:10A30000FAF740FF0022834615211046FAF73AFF7C
:10A31000714A12784BEA000B324311210020FAF700
:10A3200031FF3A464BEA000B16210020FAF72AFFCC
:10A3300022464BEA000B13210020FAF723FF48EADC
:10A34000C9024BEA0004D2B208210020FAF71AFF32
:10A350004FEA5A02044342F006020A210020FAF7AB
:10A3600011FF0443564B00F0048108200BF016FD4A
:10A3700048B15A4B43615A4B836103230374002352
:10A3800043748374C37457494FF4C25214F05CFF92
:10A39000204605B0BDEC028BBDE8F08F0025DFED57
:10A3A000528A40E7DFED518AA0253CE790253AE745
:10A3B0008025F0EE678A36E7702534E76025F8E7F8
:10A3C000502530E7DFED4C8A40252CE7DFED398A58
:10A3D000302528E7F7EE006AC6EE887AFDEEE77AC8
:10A3E00017EE904A002C42D046DB9FED2E7AB4EE59
:10A3F000C78AF1EE10FA43D4DFED2B7AB4EEE78A88
:10A40000F1EE10FA42D49FED297AB4EEC78AF1EE4C
:10A4100010FA3FD4DFED267AB4EEE78AF1EE10FAB7
:10A420006ED49FED347AB4EEC78AF1EE10FA6BD495
:10A43000DFED317AB4EEE78AF1EE10FA68D4DFEDA1
:10A440001D7AB4EEE78AF1EE10FA67D49FED1A7A1E
:10A45000B4EEC78AF1EE10FA66D40C2C4FF000046B
:10A46000274665DD2026B0EE478AEEE600249FED04
:10A470001E8A27462646E8E6002427462646F2E7B7
:10A4800000249FED1B8A2746A026DEE600242746EF
:10A490009026E8E7002427468026B0EE678AD4E6B7
:10A4A0000000807F52499D3952491D3A52499D3AD8
:10A4B00052491D3B52499D3C52491D3DE007002039
:10A4C000DD070020DC070020E1070020F5B20020B6
:10A4D000F4B20020DF070020DE070020C2EF0400F6
:10A4E00073520500B48F04000000000052491D396A
:10A4F000A0711D3952499D3B52491D3C0AD7A33DCD
:10A50000002427467026AEE7002427466026C4E7CD
:10A5100000241FED088A2746502696E600241FEDEA
:10A520000A8A2746402690E6002427463026B4E7CC
:10A530001FED0E8A102688E64FF00009AAE64FF0BC
:10A540000008B8E6B5EE408AF1EE10FA14BFC8EE86
:10A55000887A01224FF001011FBFB6EE007A77EE34
:10A56000877AFCEEE77ACDED037A18BF9DF80C20D0
:10A57000BDE61C70064B1F70064B1D70064B1E700F
:10A58000019BC3ED008A029B002483ED008AFFE655
:10A59000DC070020E1070020E007002070B5054639
:10A5A0002DED028B24480E460021B0EE608AF0EEBD
:10A5B000418A13F065FB742212210020FAF7E2FDB4
:10A5C000044690B108200BF0E9FB48B11B4B4361F6
:10A5D0001B4B836103230374002343748374C3748C
:10A5E00018494FF4C25214F02FFE174AFF2313707C
:10A5F000164A31462846F0EE680AB0EE480A137053
:10A60000FFF7A6FD044312D008200BF0C7FB48B1AA
:10A610000A4B43610A4B8361032303740023437491
:10A620008374C37407494FF4C25214F00DFEBDEC9D
:10A63000028B04EAE47070BD80969800C2EF0400BB
:10A6400086520500B48F0400E1070020E0070020D7
:10A650000B292DE9F74F07460E464FF000051ED98E
:10A66000DFF8E080DFF8E490022301AA2421002033
:10A67000FAF75CFD8346B0B108200BF08FFB48B1C0
:10A680002E4B43612E4B83610323037400234374D9
:10A690008374C3742B494FF4C25214F0D5FD28467D
:10A6A00003B0BDE8F08F9DF805309DF804101B0243
:10A6B00003F47C5341EA03021943F0D04FF00C0A33
:10A6C000B2FBFAF4B6FBFAFA54451AD908200BF09B
:10A6D00065FB60B1A4EB0A040323C0F81490846105
:10A6E000037480F811B080F812B080F813B04FF402
:10A6F000C452414614F0A8FD0AEB4A02920092B2FD
:10A7000054460C233946262012F05CFE30B1082056
:10A710000BF044FB0028BDD00B4BB2E70C2303FB2E
:10A720000477A4EB840306EB830325449EB2ADB209
:10A73000002CB4D00B2E97D8B1E700BFCF43050053
:10A7400045750500648F0400C2EF0400ED43050069
:10A7500030B587B00446062301AA0C210020FAF781
:10A76000E5FCC0B108200BF019FB48B11A4B43615E
:10A770001A4B836103230374002343748374C374EB
:10A7800017494FF4C25214F05FFD00232360636049
:10A79000A36007B030BD134B93ED007A01AA03A963
:10A7A000557812F8023B43EA05231BB207EE903AB4
:10A7B000F8EEE77A013067EE877A0328E1EC017A58
:10A7C000EED1DDED047A039B6360F1EE677A059BC1
:10A7D000C4ED007AA360DCE7C2EF04002875050031
:10A7E000648F04005804002030B587B00446062367
:10A7F00001AA12210020FAF799FCC0B108200BF041
:10A80000CDFA48B11F4B43611F4B8361032303748F
:10A81000002343748374C3741C494FF4C25214F070
:10A8200013FD002323606360A36007B030BD184BA5
:10A8300093ED007A01AA03A9557812F8023B43EA86
:10A8400005231BB207EE903AF8EEE77A013067EE87
:10A85000877A0328E1EC017AEED10E4BDDED056A33
:10A8600093ED007ADDED037AC4ED026A46EEC77A15
:10A870009DED047AC4ED017AB1EE477A84ED007A59
:10A88000D3E700BFC2EF04001A750500648F04000F
:10A89000540400202472002007B5022301AA2221BB
:10A8A0000020FAF743FCB8B108200BF077FA48B162
:10A8B000124B4361124B83610323037400234374DF
:10A8C0008374C3740F494FF4C25214F0BDFC9FED62
:10A8D0000E0A03B05DF804FB9DF804301BB99DF827
:10A8E0000530802BF3D0BDF9043000EE103ABAEEFB
:10A8F000EB0AF3EE077A30EE270AEAE7C2EF04002C
:10A900000C750500648F04000000C07F13292DE939
:10A91000F74F07460D464FF000061ED9DFF80081BD
:10A92000DFF800A1022301AA2E210020FAF7FEFB86
:10A930008146B0B108200BF031FA48B1344B436185
:10A94000344B836103230374002343748374C374FF
:10A9500031494FF4C25214F077FC304603B0BDE8E1
:10A96000F08FBDF804104ABA92B20029F5D007EE74
:10A97000902A98ED007AF8EEE77A4FF0140B47EE44
:10A98000877AB5FBFBFBFCEEE77A17EE903A9CB2B8
:10A990005C4510D804EB8402920092B2142339462D
:10A9A000302012F00FFD10B308200BF0F7F900284B
:10A9B000CED01A4BC3E708200BF0F0F960B1A4EB3E
:10A9C0000B040322C0F814A08461027480F8119073
:10A9D00080F8129080F813904FF4C4520E4914F08E
:10A9E00033FC0BEB8B02920092B25C46D6E7142349
:10A9F00003FB0477C4EB0433C4EB830305EB83034D
:10AA000026449DB2B6B2002CA7D0132D8AD8A4E755
:10AA1000CF43050084540500848F0400C2EF040076
:10AA200020720020ED43050013B5062304466A4654
:10AA30001F210020FAF77AFBC0B108200BF0AEF915
:10AA400048B1154B4361154B836103230374002305
:10AA500043748374C37412494FF4C25214F0F4FB6C
:10AA6000002323606360A36002B010BD9FED0D7AE8
:10AA70006A4604F10C011078537843EA00231BB2B4
:10AA800007EE903AF8EEE77A023267EE877AE4EC66
:10AA9000017AA142EFD1E7E7C2EF04006F5405004D
:10AAA000848F04000000003A13B5062304466A466A
:10AAB00025210020FAF73AFBC0B108200BF06EF90F
:10AAC00048B1154B4361154B836103230374002385
:10AAD00043748374C37412494FF4C25214F0B4FB2C
:10AAE000002323606360A36002B010BD9FED0D7A68
:10AAF0006A4604F10C011078537843EA00231BB234
:10AB000007EE903AF8EEE77A023267EE877AE4ECE5
:10AB1000017AA142EFD1E7E7C2EF040061540500DA
:10AB2000848F040000007A3D07B5022301AA1D218D
:10AB30000020FAF7FBFA20B1FFF7A0F803B05DF8A8
:10AB400004FBBDF804309FED077ADBBA07EE903ABC
:10AB5000F8EEE77A87EE870AF3EE097A30EE270AF5
:10AB6000ECE700BFE17A044313292DE9F74F0746CC
:10AB70000D464FF000061ED9DFF80081DFF800A176
:10AB8000022301AA2E210020FAF7D0FA8146B0B1A3
:10AB900008200BF003F948B1344B4361344B836117
:10ABA00003230374002343748374C37431494FF443
:10ABB000C25214F049FB304603B0BDE8F08FBDF837
:10ABC00004104ABA92B20029F5D007EE902A98ED07
:10ABD000007AF8EEE77A4FF0140B47EE877AB5FB70
:10ABE000FBFBFCEEE77A17EE903A9CB25C4510D87E
:10ABF00004EB8402920092B214233946302012F002
:10AC0000E1FB10B308200BF0C9F80028CED01A4B96
:10AC1000C3E708200BF0C2F860B1A4EB0B040322D9
:10AC2000C0F814A08461027480F8119080F812902A
:10AC300080F813904FF4C4520E4914F005FB0BEB4F
:10AC40008B02920092B25C46D6E7142303FB047792
:10AC5000C4EB0433C4EB830305EB830326449DB2AA
:10AC6000B6B2002CA7D0132D8AD8A4E7CF43050095
:10AC7000F45305007C8F0400C2EF04001C72002016
:10AC8000ED43050013B5062304466A461F21002044
:10AC9000FAF74CFAC0B108200BF080F848B1154B18
:10ACA0004361154B8361032303740023437483744E
:10ACB000C37412494FF4C25214F0C6FA0023236041
:10ACC0006360A36002B010BD9FED0D7A6A4604F187
:10ACD0000C011078537843EA00231BB207EE903A38
:10ACE000F8EEE77A023267EE877AE4EC017AA14265
:10ACF000EFD1E7E7C2EF0400DA5305007C8F0400D0
:10AD00000000003A13B5062304466A4625210020B8
:10AD1000FAF70CFAC0B108200BF040F848B1154B17
:10AD20004361154B836103230374002343748374CD
:10AD3000C37412494FF4C25214F086FA0023236000
:10AD40006360A36002B010BD9FED0D7A6A4604F106
:10AD50000C011078537843EA00231BB207EE903AB7
:10AD6000F8EEE77A023267EE877AE4EC017AA142E4
:10AD7000EFD1E7E7C2EF0400C75305007C8F040062
:10AD800000007A3D07B5022301AA1D210020FAF731
:10AD9000CDF920B1FEF7CAFF03B05DF804FBBDF8A2
:10ADA00004309FED077ADBBA07EE903AF8EEE77AC7
:10ADB00087EE870AF3EE097A30EE270AECE700BF48
:10ADC000E17A04432DE9F743022301AA07468946A5
:10ADD00000201221FAF7AAF90223064601AA12213D
:10ADE0000020FAF7A3F9064313D008200AF0D6FF93
:10ADF00048B13B4B43613B4B836103230374002306
:10AE000043748374C37438494FF4C25214F01CFA6B
:10AE100004E0364DBDF804402E7024B900242046CD
:10AE200003B0BDE8F08364BAA4B24FF01408B9FBD4
:10AE3000F8F8A04513D208200AF0B0FF48B12C4B17
:10AE40004361A4EB0804032384610374467486748D
:10AE5000C67425494FF4C45214F0F6F9444604EB85
:10AE600084029200142392B23946184612F0AAFACC
:10AE700030B108200AF092FF0028C4D01D4BB9E77A
:10AE8000287039460246034696B2A64219D3002BD3
:10AE9000C5D007EE103ADFED186A184B07EE900A9E
:10AEA000B8EEC77AF8EEE77A27EE267AC7EE876A19
:10AEB000F3EE097A76EEA77AC3ED007A01232B70C0
:10AEC000ADE70E7806F0FD06782E05D1B1F80D60DD
:10AED0000133F6BA30449BB201321431D4E700BFDB
:10AEE000CF430500455305008C8F0400F9B20020C4
:10AEF000ED430500C2EF04000000004340040020C1
:10AF000013B50021044606236A460846FAF70EF9EF
:10AF1000C0B108200AF042FF48B1154B4361154B00
:10AF2000836103230374002343748374C37412493D
:10AF30004FF4C25214F088F9002323606360A360C9
:10AF400002B010BD9FED0D7A6A4604F10C01107835
:10AF5000537843EA00231BB207EE903AF8EEE77A03
:10AF6000023267EE877AE4EC017AA142EFD1E7E79B
:10AF7000C2EF04002E5305008C8F04000000003A3D
:10AF800013B5062304466A4619460020FAF7CEF8A0
:10AF9000C0B108200AF002FF48B1154B4361154BC0
:10AFA000836103230374002343748374C3741249BD
:10AFB0004FF4C25214F048F9002323606360A36089
:10AFC00002B010BD9FED0D7A6A4604F10C011078B5
:10AFD000537843EA00231BB207EE903AF8EEE77A83
:10AFE000023267EE877AE4EC017AA142EFD1E7E71B
:10AFF000C2EF04001E5305008C8F040000007A3D50
:10B0000007B50F4B187828B10E4B93ED000A03B02B
:10B010005DF804FB022301AA0C21FAF787F810B1AE
:10B02000FEF7DCFEF3E7BDF80430DBBA00EE103AC1
:10B03000BAEEEC0AF3EE097A30EE270AE7E700BF32
:10B04000F9B20020400400202DE9F04F00EB400051
:10B050008400A4B201EB040989B08846174634493C
:10B06000022248461E461DF041FC00285ED0314BAE
:10B07000D3ED006A304B611C93ED007A01914A4692
:10B080000DF1140E0DF1080C0023A01D04F1070BA7
:10B09000111B013311F80BA00D5C45EA0A252DB2F6
:10B0A00007EE905A019DF8EEE77A4D5D12F8021B0B
:10B0B00067EEA67A41EA052109B2EEEC017A07EEC5
:10B0C000901AF8EEE77A032B67EE877AECEC017AB8
:10B0D000DED11A49062240441DF008FC48B1DDEDDE
:10B0E000067A059B7B60F1EE677A079BC7ED007AD5
:10B0F000BB601349062248461DF0F8FB90B1114B86
:10B10000DDED046A93ED007ADDED027AC6ED026AA8
:10B1100046EEC77A9DED037AC6ED017AB1EE477A25
:10B1200086ED007A002009B0BDE8F08F0120FAE733
:10B130004375050058040020540400203D750500A7
:10B1400037750500247200202DE9F04300EB8000E4
:10B150008400A4B21E460B5D7E2B87B00D461746B9
:10B1600003D9012007B0BDE8F08304F10108884449
:10B170004FF000093E49CDF8149006224046CDE933
:10B180000399CDE90099CDF808901DF0AFFBF8B117
:10B1900004F111014246294403A8537811F801CB68
:10B1A00092F800E01B044FEA0C2C43EA0E630CF407
:10B1B000704C43EA0C0307EE903A09F10109F8EEEE
:10B1C000E77AB9F1030FE0EC017A02F10202E4D16F
:10B1D000E01D05EB00092649062248461DF086FBC6
:10B1E00000283DD01134254448466C460022417861
:10B1F00015F8013B90F800C009041B0341EA0C61FB
:10B200009BB2194307EE901A0132F8EEE77A032A4F
:10B21000E4EC017A00F10200E9D1DFED166A9FED5E
:10B22000167A03A96A460323D1ED007A67EEA67A5F
:10B23000013BE1EC017AD2ED007A67EE877AE2EC2D
:10B24000017AF1D103AC03CC6A463860206879609A
:10B25000B86003CA30601068B0607160184681E75A
:10B260000349062240461DF041FB0028D5D178E76E
:10B270007E5405000000003200007A352DE9F043CD
:10B2800000EB80008400A4B21E460B5D7E2B87B0CD
:10B290000D46174603D9012007B0BDE8F08304F13D
:10B2A000010888444FF000093E49CDF81490062269
:10B2B0004046CDE90399CDE90099CDF808901DF0FD
:10B2C00015FBF8B104F111014246294403A8537853
:10B2D00011F801CB92F800E01B044FEA0C2C43EA72
:10B2E0000E630CF4704C43EA0C0307EE903A09F13C
:10B2F0000109F8EEE77AB9F1030FE0EC017A02F107
:10B300000202E4D1E01D05EB000926490622484669
:10B310001DF0ECFA00283DD01134254448466C4617
:10B320000022417815F8013B90F800C009041B0386
:10B3300041EA0C619BB2194307EE901A0132F8EE14
:10B34000E77A032AE4EC017A00F10200E9D1DFEDAB
:10B35000166A9FED167A03A96A460323D1ED007A97
:10B3600067EEA67A013BE1EC017AD2ED007A67EE56
:10B37000877AE2EC017AF1D103AC03CC6A463860FB
:10B3800020687960B86003CA30601068B06071608E
:10B39000184681E70349062240461DF0A7FA002817
:10B3A000D5D178E7EE530500000080320000FA3571
:10B3B00013B500EB4000800080B28DF80400C0F3AC
:10B3C00004208DF80500022201A9462012F06CFC31
:10B3D0000022044656211046F9F7D4FE0C220443FD
:10B3E00053210020F9F7CEFE022204435821002009
:10B3F000F9F7C8FE044312D008200AF0CFFC48B188
:10B40000084B4361084B8361032303740023437497
:10B410008374C37405494FF4C25213F015FF3320EF
:10B4200002B010BDC2EF0400FD740500648F04007B
:10B4300030B5002285B021211046F9F7A3FE002285
:10B440001D211046F9F79EFE0DF10702192100207B
:10B45000F9F782FE0022044616211046F9F792FE03
:10B46000282204431B210020F9F78CFE022204430A
:10B4700010210020F9F786FE1F4AFF2313701F4A90
:10B4800000251370044348F2A513032202A97C206F
:10B49000ADF808308DF80A5012F006FC184B0293F4
:10B4A00004430723052202A97C208DF80C3012F0FA
:10B4B000FBFB1422044323212846F9F763FE0E22E6
:10B4C000044317212846F9F75DFE044311D00820F4
:10B4D0000AF064FC40B10B4B43610B4B83610323C7
:10B4E000037445748574C57408494FF4C25213F04F
:10B4F000ABFE332005B030BDE3070020E20700209B
:10B50000A27E0707C2EF04000E5305008C8F0400D3
:10B5100010B5044C23781BB11BF08BF8002323706B
:10B5200010BD00BFFAB200202DE9F04F00EB800003
:10B530008400A4B21E4611F8048008F0FD03782BA5
:10B540008DB00D46174601EB040028D07F4E1AF04F
:10B55000C2FDD6E90032C01A61EB0201B0F57A7F74
:10B5600071F1000103DA01200DB0BDE8F08F082071
:10B570002C5D0AF013FC40B1754BC0E90534032380
:10B580000374002343748374C37472494FF4C45228
:10B5900013F05AFE1AF09FFDC6E90001E3E76E4B77
:10B5A000D3F80090E31DB9F1020F01EB030A2EDC82
:10B5B000C95C437A0193C37A027A90F80AB0029385
:10B5C000037B05910E20049203930AF0E7FBA8B1D8
:10B5D000624B0599049AC0F81C80C0E90539019BAB
:10B5E0000162C0E90A3B029B0363039B43630A2396
:10B5F00003740023426243748374C37445F2C0022F
:10B60000544913F021FE544A13680133136004F1C6
:10B610000109A9444FF000085149CDF82C800622B9
:10B620004846CDE90988CDE90688CDF820801DF08F
:10B630005DF948BB4A49062250461DF057F980463D
:10B64000002842D1474C2368042B15DC06200AF061
:10B65000A5FB48B1444B43610223037480F8118079
:10B6600080F8128080F813803A494FF4845213F026
:10B67000EBFD2368013323603949062248461DF05B
:10B6800035F900283DD16EE704F111014A462944FD
:10B6900009A8537811F801CB92F800E01B044FEA97
:10B6A0000C2C43EA0E630CF4704C43EA0C0307EED7
:10B6B000903A08F10108F8EEE77AB8F1030FE0ECF0
:10B6C000017A02F10202E4D1B4E7E21D11342A4406
:10B6D0000020254406AC537815F8011B92F800C0F1
:10B6E0001B04090343EA0C6389B20B4307EE903A4B
:10B6F0000130F8EEE77A0328E4EC017A02F1020265
:10B70000E9D106ABDFED196A9FED197A09A9032289
:10B710001C46D1ED007A67EEA67A013AE1EC017A97
:10B72000D3ED007A67EE877AE3EC017AF1D109ABC9
:10B7300003CB3860186879602346B86003CB30606B
:10B740001868B060716010460EE700BF70360020C8
:10B75000204405008C8F040018720020544405001A
:10B760003F530500147200209E4405000000803203
:10B770000000FA3510B50A4C4FF480312046F2F73C
:10B78000ADFE4FF0E8612046FAF768FE0549064B2A
:10B790004B60064840238B601AF09DFD002010BDD1
:10B7A00008A0040034720020BDC50200A48A040071
:10B7B00008B54FF400310248F2F790FE002008BDB2
:10B7C00000A0040008B51AF084FC024BC3E9000194
:10B7D000002008BD883700202DE9F041954C84B049
:10B7E00094F8008000AFB8F1000F40F0BA80242236
:10B7F000FF219148914D924E1CF020FF2422914848
:10B8000041461CF01BFF2A78002A00F0AC8006207D
:10B810000AF0C4FA48B18C4B43610223037480F8E8
:10B82000118080F8128080F813804FF48452874989
:10B8300013F00AFD864BD3F87429B24260D193F815
:10B840006869D3F870290136F6B202F1010883F86D
:10B850006869C3F8708908200AF0A0FA50B17D4BDE
:10B86000C0F81C80C0E90536042303740023437428
:10B870008374C37475494FF4025213F0E5FC744BA2
:10B8800093F86939082B14D8734A6E4688B052F879
:10B8900023306A4671496D48C2E905134FF40073BD
:10B8A00093836F4B42F8103F4FF4E45114F014FCB3
:10B8B000B5462B78002B3CD0654B93F86839022BAA
:10B8C00037D908200AF06AFA40B1664B4361032376
:10B8D00083610374002343748374C3745B494FF41E
:10B8E000C45213F0B1FC5A4B002283F86829F3F7D5
:10B8F00045FC16F0AFF901201037BD46BDE8F081D8
:10B9000006200AF04BFA38B1574B43610223037407
:10B91000002343748374C3744FF484524B4913F06F
:10B9200093FC4B4B012283F86829C3F87029C3F8B4
:10B9300074694E4E30461AF060FD0546B8B90620CF
:10B940000AF02CFA30B14A4B436102230374457468
:10B950008574C5744FF484523C4913F075FC002380
:10B9600023700020C8E73A4B83F86829DFE70223F9
:10B9700000253B7341F2EC33C7E900533D4BBD60FA
:10B98000304639461E600DF02DFCDFF80C81A842D0
:10B990000646C8F800002ADA08200AF0FFF948B184
:10B9A000354B4361354B4574C0E9063604230374B7
:10B9B0008574C57432494FF4015213F045FCD8F830
:10B9C0000050002D24DB0123062023700AF0E6F945
:10B9D00038B12C4B436102230374002343748374F6
:10B9E000C3741A494FF4865213F02EFCB9E7264B64
:10B9F000264A1D63C3E9082503F11802C3E906229C
:10BA0000C3E900555D6312F02DFF0BF055F8DAE73E
:10BA100008200AF0C3F950B11D4B43611D4BC0E92A
:10BA2000063504230374002343748374C3744FF4F2
:10BA3000015291E7FDB200206C710020FEB200209F
:10BA40004754445748710020C9440500D49104006C
:10BA500000F00320E7440500DC9F040007450500D3
:10BA6000030000011F45050059450500E48A040054
:10BA70007B45050030720020A3450500A775050031
:10BA8000B4910400EF45050050370020616B0300BE
:10BA9000C9450500B57505002C72002003484FF01C
:10BAA000FF324FF0FF331CF06CBA00BF08090020D2
:10BAB00098B50F4B1A78824200AF17D00D4A187014
:10BAC0000D4B6C4688B0002818BF13466A460B49D8
:10BAD0000B48C2E905134FF400739383094B42F8F6
:10BAE000103F4FF4E65114F0F7FAA546BD4698BD55
:10BAF000CD77002009460500114605001A460500CD
:10BB0000C49104000300000108B51AF0E2FA0A4AE1
:10BB1000D2E90032C01A61EB02034FF47A72A0FB43
:10BB2000020110F5804002FB031141F10001C00B3E
:10BB300040EA4140C90B08BD8837002048B1054B99
:10BB4000054A1B68B3FBF2F35843044B43F001036F
:10BB5000184770475C04002040420F00D092040058
:10BB60002DE9F04F2DED028BA64BB5EEC00A87B044
:10BB7000F1EE10FACDE90001D3ED007A6BD99FED1B
:10BB8000A27AB4EE470AF1EE10FA64D0F7EE006A3A
:10BB900086EE806A9D4A002386EE277AB2EC016A1F
:10BBA000B4EEC76AF1EE10FA02D40133092BF5D1D5
:10BBB000974A12F80380974A02EB830393ED006AD9
:10BBC00086EE867A0327F5EEC00AF1EE10FAC7EE8C
:10BBD000278A46D99FED8C7AF4EE470AF1EE10FAE7
:10BBE00044D0F7EE006A86EEA06A884A002386EE0B
:10BBF000277AB2EC016AB4EEC76AF1EE10FA02D409
:10BC00000133092BF5D1824AD45C824A02EB8303CB
:10BC100093ED006A86EE867A03267F4BDFF820B22A
:10BC20001A789BF80030DFF81CA243457B4B87EE67
:10BC3000278A1ED19AF80010A1421AD197421ED12C
:10BC40001B78B3421BD1009BC3ED008A019B0025EA
:10BC500083ED008AC6E09FED727A4FF0000801275D
:10BC6000B1E7002426469FED6E7AD6E70024012630
:10BC7000F9E7974203D11B78B34200F0B9800A205C
:10BC800047EA86050AF08AF850B1664BC0E90767B3
:10BC9000C0E9053505230374002343748374C3741A
:10BCA00061494FF4235213F0CFFA2A4610210020A5
:10BCB000F9F768FA4FF000090546FA20FFF73EFF52
:10BCC0000DF11702102148468DF81790F9F744FA44
:10BCD0009DF817200292054308200AF05FF858B13A
:10BCE000029A5249826103224161027480F81190E4
:10BCF00080F8129080F813904B494FF4C65213F01D
:10BD0000A3FA0A200AF04AF858B1494B4462C0E944
:10BD10000538C0E907840623037400234374837441
:10BD2000C37441494FF4435213F08EFA42461B212B
:10BD30000020F9F727FA224681461C210020F9F756
:10BD400021FA49EA00034FF000090DF117021B2107
:10BD500048461D438DF817908DF81690F9F7FCF9B9
:10BD60000DF1160205431C214846F9F7F5F99DF837
:10BD700017109DF8162003910543082002920AF03F
:10BD80000DF868B1029A2B4B0399C26104224361FA
:10BD90008161027480F8119080F8129080F81390FD
:10BDA0004FF40352204913F04FFA1C4A15B31A49B5
:10BDB000FF2308208BF800308AF800300B701370D6
:10BDC00009F0ECFF48B11C4B43611C4B836103231A
:10BDD0000374002343748374C37413494FF4C25231
:10BDE00013F032FA284607B0BDEC028BBDE8F08FA5
:10BDF000002586E7084B8BF800808AF800401F700A
:10BE0000167020E73C0400200000807F389F04006B
:10BE100066530500349F0400E3070020E20700207A
:10BE200000000000274605008C8F04005E460500D8
:10BE30007A460500C6460500C2EF040055530500CA
:10BE4000E5070020E40700202DE9F04F2DED048BDD
:10BE50007D4B9FED7E9AD3ED007AB5EEC00A83B09C
:10BE6000F1EE10FACDE900016DD99FED797AB4EECB
:10BE7000470AF1EE10FA66D0F7EE006A86EE806AA5
:10BE8000744A002386EE277AB2EC016AB4EEC76AE0
:10BE9000F1EE10FA02D401330B2BF5D16E4A12F8F1
:10BEA00003806E4A02EB830393ED006A86EE867A86
:10BEB0000326F5EEC00AF1EE10FAC7EE278A48D93C
:10BEC0009FED637AF4EE470AF1EE10FA46D0F7EEF2
:10BED000006A86EEA06A5F4A002386EE277AB2ECFB
:10BEE000016AB4EEC76AF1EE10FA02D401330B2BEB
:10BEF000F5D1594AD75C594A02EB830393ED006AA6
:10BF000086EE867A0325DFF870B1DFF870919BF832
:10BF1000003099F80020DFF868A14345504B87EEC8
:10BF2000278A1ED19AF80010B9421AD1B2421DD107
:10BF30001A78AA421AD1009BC3ED008A019B83EDB7
:10BF4000008A002445E04FF000080126B0EE497A4F
:10BF5000AFE700273D469FED3D7AD4E70027012556
:10BF6000F9E7B24202D11A78AA4238D046EA8502ED
:10BF70004E210020F9F706F90446FA20FFF7DEFD0E
:10BF8000424650210020F9F7FDF83A4604434F217C
:10BF90000020F9F7F7F80443314B22D0FF220820A4
:10BFA0008BF800208AF8002089F800201A7009F028
:10BFB000F5FE48B12B4B43612B4B83610323037484
:10BFC000002343748374C37428494FF4C25213F09E
:10BFD0003BF9204603B0BDEC048BBDE8F08F002494
:10BFE000CEE71F4B8BF800801D70009B8AF8007015
:10BFF000C3ED008AF5EE408A019B89F80060F1EEFE
:10C0000010FA83ED008AB5EE408A194B0AD1F1EEA1
:10C0100010FA10D0174A92ED007AC7EE087AC3EDF5
:10C02000007A8EE7F1EE10FA05D1124A92ED007A0D
:10C03000C7EE287AF3E7F4EEC88AF1EE10FAF4D4EA
:10C04000E8DC83ED009A7CE7440400200000000057
:10C050000000807F609F0400A15405005C9F0400E5
:10C06000E7070020C2EF0400075405007C8F04009E
:10C070001C72002048040020EA070020E807002086
:10C08000E90700202DE9F04F2DED048B7D4B9FED4E
:10C090007E9AD3ED007AB5EEC00A83B0F1EE10FAC5
:10C0A000CDE900016DD99FED797AB4EE470AF1EE42
:10C0B00010FA66D0F7EE006A86EE806A744A0023B2
:10C0C00086EE277AB2EC016AB4EEC76AF1EE10FA96
:10C0D00002D401330B2BF5D16E4A12F803806E4A5D
:10C0E00002EB830393ED006A86EE867A0326F5EE73
:10C0F000C00AF1EE10FAC7EE278A48D99FED637A9D
:10C10000F4EE470AF1EE10FA46D0F7EE006A86EE3A
:10C11000A06A5F4A002386EE277AB2EC016AB4EE89
:10C12000C76AF1EE10FA02D401330B2BF5D1594A4C
:10C13000D75C594A02EB830393ED006A86EE867A58
:10C140000325DFF870B1DFF870919BF8003099F8A3
:10C150000020DFF868A14345504B87EE278A1ED1A7
:10C160009AF80010B9421AD1B2421DD11A78AA42E7
:10C170001AD1009BC3ED008A019B83ED008A002445
:10C1800045E04FF000080126B0EE497AAFE70027FE
:10C190003D469FED3D7AD4E700270125F9E7B242FD
:10C1A00002D11A78AA4238D046EA85024E210020F0
:10C1B000F8F7E8FF0446FA20FFF7C0FC424650219A
:10C1C0000020F8F7DFFF3A4604434F210020F8F73C
:10C1D000D9FF0443314B22D0FF2208208BF80020E6
:10C1E0008AF8002089F800201A7009F0D7FD48B1BC
:10C1F0002B4B43612B4B8361032303740023437454
:10C200008374C37428494FF4C25213F01DF82046BA
:10C2100003B0BDEC048BBDE8F08F0024CEE71F4BCC
:10C220008BF800801D70009B8AF80070C3ED008AB7
:10C23000F5EE408A019B89F80060F1EE10FA83ED7B
:10C24000008AB5EE408A194B0AD1F1EE10FA10D0EF
:10C25000174A92ED007AC7EE087AC3ED007A8EE7AE
:10C26000F1EE10FA05D1124A92ED007AC7EE287A63
:10C27000F3E7F4EEC88AF1EE10FAF4D4E8DC83EDCB
:10C28000009A7CE74C040020000000000000807F42
:10C29000609F0400A15405005C9F0400EB07002090
:10C2A000C2EF040092540500848F04002072002025
:10C2B00050040020EE070020EC070020ED070020CE
:10C2C00080B5064600AF0C46EFF31183402383F39D
:10C2D0001288BFF36F8F504D85F8691919F011FF5F
:10C2E0004E4BC5F86C09C5F87439082009F056FDA5
:10C2F0004B4D40B14B4BC0E905350323037400237C
:10C3000043748374C37448494FF4C25212F09CFFC3
:10C31000E4B2464B53F824306C468AB06A4644492E
:10C320004148C2E9076340F202439384414BC2E9AA
:10C33000051542F8103F4FF4315113F0CDFEA546DC
:10C3400019F0DFFE0446082009F028FD48B13A4BF9
:10C35000C461C0E905350423037400234374837466
:10C36000C37431494FF4015212F06EFF082009F0F6
:10C3700015FD58B1314BC0E905354FF4AF53C361DA
:10C3800004230374002343748374C3742649DFF8C1
:10C39000B4A04FF4015212F057FF1BF04BFA4FF0CC
:10C3A000000980464FF47A761BF044FAA0EB0800AF
:10C3B000A0FB0603C00B40EA4340B0F5AF5F13D3C8
:10C3C000082009F0EBFC40B11D4BC0E90535032303
:10C3D0000374002343748374C37413494FF4C2522B
:10C3E00012F032FF11F02EFE1BF024FAA0EB08042D
:10C3F000A4FB0643E40B44EA434409F57A73A342E1
:10C4000004D8214650461AF04FFDA1464FF47A70E9
:10C41000FFF794FBC8E700BF00F0032047544457E0
:10C42000C375050006470500D4910400DC9F040095
:10C4300023470500050000013F4705005847050058
:10C44000AE47050091470500034B53F82000002834
:10C4500001DB0AF09FBB70476C710020164B012274
:10C4600010B51A70154B002483F86849F2F786FE60
:10C47000062009F093FC30B1114B43610223037491
:10C4800044748474C4740F494FF4865212F0DCFE75
:10C49000062009F083FC38B10B4B4361022303747F
:10C4A000002343748374C374BDE8104005494FF4FE
:10C4B000865212F0C9BE00BFDAB2002000F003209D
:10C4C000F7470500D4910400E24705001FB501AA13
:10C4D00011F06AFC01A96B46032208460CF0CEF865
:10C4E0009DED000AB5EEC00AF1EE10FA04DBB1EEE4
:10C4F000C00A05B05DF804FB9FED010AF9E700BF33
:10C500000000000000B52DED028B85B001AAB0EE51
:10C51000408A11F049FC01A96B46032208460CF041
:10C52000ADF8DDED007AF5EEC07AF1EE10FA0DDB34
:10C53000F1EEE77AB4EEE78AF1EE10FACCBF012013
:10C54000002005B0BDEC028B5DF804FBDFED017A45
:10C55000F0E700BF0000000008B5082009F01EFC4D
:10C5600048B1084B4361084B8361032303740023E4
:10C5700043748374C374BDE8084004494FF4C25245
:10C5800012F062BEC2EF0400B6540500648F0400CE
:10C5900007B5084801A91AF04AFE28B9064B0198C8
:10C5A0001B685840C0F38010003818BF012003B04A
:10C5B0005DF804FBA48A0400106F002070B5FFF73B
:10C5C000E7FF044619F087FD0C4BD3E9002552EA3A
:10C5D00005060FD06CB9801A61EB0501332871F1A3
:10C5E0000002A4BF064AC2E9000100200146C3E9D7
:10C5F000000170BD002CFAD1F7E700BF8838002099
:10C60000803800202DE9F843574B1C7800AF0546D1
:10C610000E46B4B96D4688B06A46544B5361544BCC
:10C6200093614FF400739383524B42F8103F4FF4E1
:10C63000E451514813F050FDAD462046BD46BDE8DB
:10C64000F8834E4B99B143F82510EFF3118840233E
:10C6500083F31288BFF36F8F494810F0FFFC80B955
:10C660008822484948481AF035FC1BF0AAFB474A83
:10C6700052F8206043F82060002EE6D16FF01504D8
:10C680005BE03F4810F00EFD414B00244FF0180CCA
:10C690000CFB04F0C2181958002940D1DFF81091A2
:10C6A0001E503C4B536199F8003015614FF0FF303C
:10C6B0004FF0FF31C2E902014BB9374B186830B176
:10C6C000836802211B689847012389F800302046BF
:10C6D0000AF060FA2A4810F0CFFC10B94FF49A72B1
:10C6E000BFE788F31188BFF36F8F2C4B204643F8C8
:10C6F00025400AF04FFA2A4B53F825306D468AB090
:10C700006A462849C2E905134FF400739384264B07
:10C71000C2E907644FF4335142F8103F89E701340E
:10C72000092CB5D1164810F0A7FC0028D6D088F304
:10C730001188BFF36F8F6FF00B040A2009F02EFBF6
:10C7400058B11A4B43610A4B0462C0E90635052310
:10C750000374002343748374C37407494FF4215254
:10C7600012F072FD69E700BFFDB200200F4805001E
:10C770008E75050003000001D4910400487100206B
:10C780002872002082CE040065A40500FC9E0400EF
:10C7900078360020C1C20200307200206C71002087
:10C7A000DC9F040036480500050000016B480500C9
:10C7B000FCB20020F8B5184E56F82050082D04465B
:10C7C00028D8EFF31187402383F31288BFF36F8FCC
:10C7D000124810F043FC30B98822114911481AF070
:10C7E00079FB1BF0EEFA0D4810F05CFC18235D435A
:10C7F0000D4B0A4800225A5110F03EFC10B94FF47C
:10C800009A72EAE787F31188BFF36F8F4FF0FF3317
:10C8100046F82430F8BD00BF6C710020287200205B
:10C8200082CE040065A40500783600202DE9F04F83
:10C83000DFF8649299F800608DB0002E40F03A82E3
:10C84000854C8648A0624FF46E21216006AA1BF039
:10C8500089FA90B1082009F0A1FA40B1804B4361F8
:10C86000804B83610323037446748674C6744FF44B
:10C87000C2527D4912F0E8FC1DE2079BE3600623EB
:10C88000238204F11407C4E90766C4E90577A06AA6
:10C890008368DB689847E06228BB082009F07EFACD
:10C8A00040B1724B4361724B83610323037446743E
:10C8B0008674C6744FF4C2526E4912F0C5FC6FF014
:10C8C0001505082009F06AFA50B16B4B4361654BBE
:10C8D000C0E9063504230374002343748374C374CE
:10C8E0004FF40152C5E7A06A19F0D8FD01381F289E
:10C8F00006D9082009F052FA0028DBD05F4BD1E7B7
:10C90000E568B5F5803F13D90A2009F047FA60B110
:10C910005B4B4361564B4674C0E906354FF4803398
:10C920000362052303748674C6744FF42152C3E76F
:10C93000A06A216809AA1BF015FA30B1082009F095
:10C940002DFA0028B6D04F4BACE7E5682DB10A9B15
:10C95000B5FBF3F203FB12557DB1082009F01EFA76
:10C960000028A7D0484B4361414B836103230374E4
:10C97000002343748374C3749CE7238A012B06D875
:10C98000082009F00BFA002894D0404BEBE7E36A4B
:10C99000009593F805804FF0FF324FF0FF33384693
:10C9A0001BF0EFFA082011F051FAAB460746238A34
:10C9B0001FFA85FA534520D8238A5B456ED106209D
:10C9C00009F0ECF938B1324B4361022303740023C0
:10C9D00043748374C37427494FF4845212F034FCB7
:10C9E000238AE2682168A06A5A4319F043FD05468C
:10C9F000F0B1284819F052FC63E7E0682B04C01B33
:10CA000013FA80F008224146009011F0EFFA68B165
:10CA1000684611F00BFA0BF1010B00980822414611
:10CA20001FFA8BFB11F0E2FA0028C5D00135BEE7F2
:10CA3000E368228ADB1B013A9BB203EB02430093BB
:10CA4000009808224146C01B11F0D0FA40BB68464E
:10CA500011F0ECF924E000BF48680020848B04004A
:10CA60009548050043760500AC910400B1480500E7
:10CA700039760500C4900400AB490500D74805008D
:10CA8000F8480500254905004149050059490500B8
:10CA9000804905005C68002001B300205345CFD0D9
:10CAA000684611F02FFA05460028A2D1009B63606A
:10CAB0004FEA134A4FEA0A4AC4F808A0D4E901032E
:10CAC00098420FD308220DEB020111F009FA054636
:10CAD00000288ED102AB13F8012B904532D10135DD
:10CAE000082DF8D163681B0C1B046846009311F0F5
:10CAF0009DF9E2680098414611F078FA051EFFF6AC
:10CB000078AF63687CD007EB03084FF6FF7AE368E1
:10CB1000CDF800801FFA88F2DB1B9A422DD34FF02C
:10CB200000086068B8F1000F40D0000C00040090CD
:10CB3000684611F07BF9009814F0D8F80546002DEE
:10CB400079D056E702A811F08FF918B96368DB1B9A
:10CB50006360B3E7BDF80C50BDF80A00C4F808A044
:10CB6000284411F073F9636850449842A060EDD1F5
:10CB7000002DEBD06FF01C0590E0082204A9404680
:10CB800011F0AEF9054600287FF433AF04A811F088
:10CB90006BF930B1BDF81030534502D1BDF81430F7
:10CBA0000BB1B844B3E74FF00108BAE714F09EF8B0
:10CBB000054600287FF41DAF6368414AE1681340D1
:10CBC0000B44A3EB47031A40A2603E4A636008F19E
:10CBD00001081FFA88F8B8F1800F42F8043FF6D137
:10CBE00014F0ACF8AAE7121A414611F0FFF9051E3D
:10CBF000FFF6FFAE08D0E36AA2681B681344A36087
:10CC0000D4E901208242EED86068E36800EB470275
:10CC10009A4294D1DFF8A880A36800EA0802934200
:10CC20008DD014F063F8054600287FF4E2AE636807
:10CC300003EA0803A36024484FF40072FF211BF0AD
:10CC4000FDFC636801934FF6FF7804A901A8DDF8A5
:10CC500004A011F083F9054600287FF4CAAEBDF8A0
:10CC6000100040450DD01AF067F900F10C0554F89A
:10CC70002530013305D104A811F0F6F808B144F8C5
:10CC800025A06368019A9342DFD1E2689BB2A2EBD0
:10CC90004702934207D114F00FF805460B4819F0EC
:10CCA000FDFA1DB10DE6094819F0F8FA0123A37445
:10CCB00089F80030012630460DB0BDE8F08F00BF86
:10CCC0000000FFFF74680020786800205C68002086
:10CCD0002DE9F047FFF7AAFD354C0546A8B9082015
:10CCE000247809F05BF848B1324B4361324B45740C
:10CCF000C0E90634042303748574C574BDE8F047A5
:10CD00002E494FF4015212F09FBA0820257809F0FD
:10CD100045F840B12A4BC0E90535032303740023CD
:10CD200043748374C3742549264E4FF4C65212F0DF
:10CD30008BFA4FF000094FF00C0A23785FFA89F55F
:10CD4000AB4201D800232FE00AFB05F7F319D3E922
:10CD50000112F05B14F0D6FFB0F1000809F10109EF
:10CD6000EBDA0A20F75B09F019F860B1164B436162
:10CD7000114BC0F82080C0E9063705230374002357
:10CD800043748374C3740D494FF4215212F05CFA5A
:10CD900045B122780B480C21521B4A4301FB056127
:10CDA0001BF032FC23785B1B2370BDE8F08700BFCB
:10CDB000FFB20020CE490500E7750500AC910400E4
:10CDC000084A050040720020234A0500F8B52C4DA2
:10CDD000DFF8C4C0044628780F46164600230C210D
:10CDE000DAB2904231D808283ED108F0D7FF50B1CE
:10CDF000244B4361244BC0E906340423037400230D
:10CE000043748374C37421494FF4015212F01CFA25
:10CE10002B784BB3FFF75CFF2B78072B24D9082026
:10CE200008F0BCFF50B11A4B4361174BC0E9063400
:10CE300004230374002343748374C374BDE8F8406F
:10CE400012494FF4015212F0FFB903FB011E5A1CA4
:10CE50003CF80EE0A64505D10E4A01FB0323C3E9C9
:10CE60000176F8BD1346BBE72B780A495A1C2A7095
:10CE70000C225343CA18C2E90176CC52F1E700BF35
:10CE8000FFB20020524A050010760500AC91040064
:10CE90008D4A0500407200203472002010B54FF01A
:10CEA000FF3304464FF0FF320B481BF06AF80B4B80
:10CEB00083F864400A4B1B7833B9FFF7B7FC0122B3
:10CEC0000849104614F01EFFF2F758F9BDE810406B
:10CED000014819F0E3B900BF0809002000F0032061
:10CEE00000B3002064F00320F8B50C461646074650
:10CEF0001D46FEF7D3FDA64204D02A463146204601
:10CF00001BF074FB38462A462146FFF75FFFF2F715
:10CF100035F9BDE8F840014819F0C0B9080900200A
:10CF200008B508484FF0FF334FF0FF321BF029F8E7
:10CF3000054B1B780BB1FFF7CBFEBDE8084001485D
:10CF400019F0ACB908090020FFB200202DE9F84320
:10CF5000074616463B484FF0FF3298464FF0FF33E6
:10CF60000C461BF00EF8FFF761FC0546E0B90820FF
:10CF700008F014FF48B1344B4361344B4574C0E9A9
:10CF80000637042303748574C57431494FF4015284
:10CF900012F05AF9002C3AD04246314620461BF096
:10CFA00025FBF2F7EBF832E024B142463146204649
:10CFB0001BF01CFB31464246384614F0A3FE061E09
:10CFC0000FDBDFF89480DFF894C098F8003000227F
:10CFD00016464FF00C099E421ED3B2B188F80030BD
:10CFE00013E0082008F0DAFE50B11A4B4361174BEA
:10CFF000C0E9063604230374002343748374C374A6
:10D0000013494FF4015212F01FF9002CC9D1BDE8A9
:10D01000F8430C4819F042B909FB06F10CEB010E7C
:10D020003CF80110B94203BF03F1FF3309FB03C20F
:10D0300007CA013609BF8EE80700F6B2DBB22A46FE
:10D04000C9E700BF08090020C94A050006760500A7
:10D05000AC910400FC4A0500FFB2002040720020A1
:10D06000F8B50F464FF0FF33154606464FF0FF3236
:10D0700031481AF086FF2A46002138461BF0DEFAB6
:10D08000FFF7D4FB0446B8B9082008F087FE48B182
:10D090002A4B43612A4B4474C0E9063604230374C7
:10D0A0008474C4744FF40152264912F0CDF8BDE8DF
:10D0B000F840214819F0F2B82A463946304612F0B5
:10D0C0008FFF041E24DAA31CF1D0082008F066FEAE
:10D0D00050B11D4B43611A4BC0E90634042303745D
:10D0E000002343748374C37416494FF4015212F041
:10D0F000ABF8062008F052FE38B1144B436102230E
:10D100000374002343748374C3744FF48452CBE7D5
:10D11000A542CCD90A2008F041FE50B10C4BC0E921
:10D120000745C0E90536052303740023437483745F
:10D13000C3744FF42252B7E708090020224B0500C0
:10D14000FD750500AC910400534B05007A4B0500BA
:10D15000904B05002DE973434FF08043894CD3F881
:10D160000034894DDB075EBF884B01221A70884B63
:10D1700040F6681221460020D3E900890AF04CF8F5
:10D180002368AB4219D1834B984216D1C4E9028976
:10D19000C4E90889062008F001FE002840F0E98073
:10D1A0007D494FF4865212F04FF8784B01221A70E5
:10D1B000FFF73CFBFAF744FC56E040F67812714862
:10D1C00000211BF03BFA754A25604FF0FF33002524
:10D1D000A36123864FF07E560023C4F87461C4F81F
:10D1E0007861C4F87C61A4F8505984F8525984F8E5
:10D1F0006059136053609360012384F8A834684B2E
:10D20000C4F87439C4E90289C4E90889C4F87059BA
:10D21000A4F86859C4F86C59062008F0BFFD30B175
:10D22000604B43610223037445748574C5745A4985
:10D230004FF4845212F008F8FFF7F8FA0446B8B930
:10D24000082008F0ABFD40B1574B4361574B836159
:10D250000323037444748474C4744F494FF4C2525A
:10D2600011F0F2FFF1F78AFF002002B0BDE87083F1
:10D270004F4908220220FFF7F3FE4E4980221E206C
:10D28000FFF7EEFE4C490C220320FFF7E9FE4B4965
:10D290000C220420FFF7E4FE494930220520FFF765
:10D2A000DFFE484930220720FFF7DAFE46492422F4
:10D2B0001D20FFF7D5FEFAF7C3FB44490C220620D8
:10D2C000FFF7CEFE2F4BD3ED5D7AF5EE407AF1EE0F
:10D2D00010FA13D1D3ED5E7AF5EE407AF1EE10FA42
:10D2E0000CD1D3ED5F7AF5EE407AF1EE10FA02BF81
:10D2F000C3F87461C3F87861C3F87C613449214D87
:10D3000004222020FFF7ACFE32494FF48C6221202A
:10D31000FFF7A6FE304930222220FFF7A1FE2F4959
:10D3200004222320FFF79CFE01220DF10701262095
:10D330008DF8072012F054FE0028A8BF9DF8074082
:10D34000274985F8A84401221F20FFF789FE2549B7
:10D3500001222520FFF784FE234901222720FFF721
:10D360007FFE95F89C34022B84BF002385F89C3403
:10D3700078E71E4B436102230374002343748374D4
:10D38000C3740DE700F003203400E30C00B3002069
:10D39000302A00201CDF4421AC91040054F9032002
:10D3A00047544457C54B0500D54B0500277605006B
:10D3B00065F003206DF00320F0F00320FCF0032063
:10D3C00014F1032044F1032040F0032074F1032002
:10D3D000ACF40320B0F4032010F903204CF903202F
:10D3E00098F403209BF403209CF403201E4C0500BA
:10D3F00070B52F482F4E19F057FD4FF0FF324FF008
:10D40000FF332D481AF0BDFD0024FFF70FFA2B4B18
:10D410002B481C7040F6781221461BF00FF9B57CA2
:10D42000002D3ED1082008F0B9FC40B1254B4361E6
:10D43000254B83610323037445748574C5742349A4
:10D440004FF4C25211F000FF214B00241C70214BFD
:10D450001C701B4B4FF07E52C3F87421C3F8782127
:10D46000C3F87C211C4A1A60F1F788FE124818F0B4
:10D4700015FF062008F092FC30B1184B43610223DF
:10D48000037444748474C474BDE8704014494FF448
:10D49000865211F0D9BE200413F028FC0134002874
:10D4A000D2D1328AA3B29A42F5D80023B374CBE723
:10D4B0002C4C05004868002008090020FFB200201D
:10D4C00000F003201AE50400DD750500C490040097
:10D4D00001B30020B1B200204400E30C484C050029
:10D4E000AC9104002DE9874800210420FFF78AF859
:10D4F0000024A04DDFF8A8A227462646D5E9003231
:10D50000134316D018F0E7FDD5E90023801A61EB2C
:10D510000301332871F100010BDBDAF800305A0601
:10D5200003D401214020FAF759FD00210220FAF727
:10D53000D1FFDFF87082D8E90023332A73F10003AA
:10D5400026DBDAF800305B0603D401214020FAF72D
:10D5500045FD0820013608F021FC40B1864BC0E9AA
:10D56000053603230374002343748374C37483490F
:10D570004FF4C65211F068FE00220023C8E90023D0
:10D5800018F0A9FD04460F4602200021FAF7A2FF79
:10D590007B4B1B78002B40F083807A4B93F8008004
:10D5A0005FFA88F854EA07033FD018F094FD40F280
:10D5B000E933001B61EB0701984271F1000134DB94
:10D5C000082008F0EBFB40B16F4BC0E905360323A0
:10D5D0000374002343748374C37468494FF4C652C0
:10D5E00011F032FEB8F1000F5DD0062008F0D6FB36
:10D5F00038B1664B43610223037400234374837480
:10D60000C3745E494FF4865211F01EFE00210820BB
:10D61000FAF760FF00210120FAF75CFF00214020AB
:10D62000FAF7DCFC002427462646D5E900321343EE
:10D630002FD018F050FDD5E90023801A61EB0301CB
:10D6400040F2E933984271F1000122DBFEF7A0FFBE
:10D65000F8B1B8F1000F3CD0062008F09FFB38B1BC
:10D660004B4B436102230374002343748374C374DC
:10D6700042494FF4865211F0E7FD002200230021B9
:10D680000820C5E90023FAF725FF00214020FAF71A
:10D69000A5FC0420FEF7D8FE142018F007FD2DE7A6
:10D6A0004FF001087EE7012EB4D1062008F076FB8A
:10D6B00048B1384B43610223037480F8118080F82D
:10D6C000128080F813802D494FF4865211F0BCFD72
:10D6D000A0E718F000FDCDE90001062008F05EFB90
:10D6E00048B12D4B43610223037480F8118080F808
:10D6F000128080F813804FF48652204911F0A4FD67
:10D700000020FFF7CBFB00210720FAF7E3FE40F2F1
:10D71000DC5018F0CBFCFEF73BFF70B1002108464F
:10D72000FAF7D8FE4FF0000940F2F51BFEF730FF84
:10D73000804640B90146FAF7CDFE18F0D1FE1748F1
:10D74000F9F7E0F9A5E7B9F1000F0ED118F0C3FC25
:10D75000009BC01A019B61EB0301584571F1000168
:10D7600004DB49460420FAF7B5FEC146012018F053
:10D770009DFCDBE7883800205F4C0500AC9104007D
:10D7800030140020F9B00020774C0500934C0500C0
:10D79000E44C0500B04C0500FF4C0500903700201C
:10D7A000D04C00208038002008B5062008F0F6FA9A
:10D7B00038B10E4B43610223037400234374837416
:10D7C000C3744FF486520A4911F03EFD0020FFF762
:10D7D00065FB00210720FAF77DFE40F2DC5018F0CF
:10D7E00065FCBDE8084018F07BBE00BF174D050082
:10D7F000AC9104002DE9F04F2DED048B85B00E4661
:10D80000019000217948DFF810B2B0EE408AF0EEC6
:10D81000608AB0EE419A10F033FA9FED757ADFED31
:10D82000757A754B002808BFF0EE477AC3ED007A91
:10D8300040231A464C210020F7F7DCFCB5EEC08AE5
:10D84000F1EE10FA044600F39A804FF07E53CBF8C5
:10D850000030DFF8C8A1DFF8C891DFF8C881674F52
:10D860000198FF23F0EE490AB0EE680A31468AF8C3
:10D87000003089F8003088F800303B70FEF702FC79
:10D880000443012018F012FC10225F210020F7F75A
:10D8900079FC4022044316210020F7F773FCB5EE13
:10D8A000C08AF1EE10FA44EA00044DDD0A2018F0B7
:10D8B000FDFB022303AA2E210020F7F737FCBDF859
:10D8C0000C50002D7DD1062008F068FA30B14C4A8A
:10D8D00042610222027445748574C57449494FF44B
:10D8E000845211F0B1FC4FF07E53012276210020CA
:10D8F000CBF80030F7F746FC002283467B21104628
:10D90000F7F740FC00224BEA000B76211046F7F7B0
:10D9100039FC4BEA04040023044304224D21184639
:10D92000F7F768FCFF230443314601988AF800307A
:10D93000F0EE490AB0EE680A89F8003088F8003045
:10D940003B70FEF79FFB044394B1082008F026FAD1
:10D9500048B12D4B43612D4B836103230374002396
:10D9600043748374C37427494FF4C25211F06CFCA2
:10D9700004EAE47005B0BDEC048BBDE8F08F9FEDC8
:10D98000247AC8EE077A012276210020CBED007AB6
:10D99000F7F7F8FB042207467B210020F7F7F2FB9C
:10D9A0000022074376211046F7F7ECFB27430423B8
:10D9B00007431A464D210020F7F71CFC47EA0004F4
:10D9C00047E7082008F0EAF950B16BBA9BB28361CF
:10D9D0000323104A03740023426143748374C374A5
:10D9E00008494FF4C65211F02FFCADE700366E0126
:10D9F00017B7D138A69B443A50040020EB0700200B
:10DA0000324D0500848F0400C2EF0400AD540500C0
:10DA10000000FA466D4D05004C040020EE07002082
:10DA2000ED070020EC07002013B52D210DF10702B2
:10DA30000020F7F791FB0022044665211046F7F716
:10DA4000A1FB2722044350210020F7F79BFB022271
:10DA500004434E210020F7F795FB00224D2104439B
:10DA60001046F7F78FFB0443012018F01FFB042238
:10DA700076210020F7F786FB082204434A21002084
:10DA8000F7F780FB082204434B210020F7F77AFBCD
:10DA900008224C2104430020F7F774FB04430120C3
:10DAA00018F004FB002276211046F7F76BFB0722E3
:10DAB000662104430020F7F765FB0443322018F089
:10DAC000F5FA012257210020F7F75CFB044312D03E
:10DAD000082008F063F948B1084B4361084B8361A3
:10DAE00003230374002343748374C37405494FF400
:10DAF000C25211F0A9FB332002B010BDC2EF0400E6
:10DB000053540500848F04002DE9F04F2DED048B54
:10DB100085B00E46019000217E487F4FB0EE408ACE
:10DB2000F0EE608AB0EE419A10F0AAF89FED7B7A91
:10DB3000DFED7B7A7B4B002808BFF0EE477AC3ED20
:10DB4000007A40231A464C210020F7F753FB0023AC
:10DB50000446102264211846F7F74CFBB5EEC08A44
:10DB6000F1EE10FA44EA000400F399804FF07E537E
:10DB70003B60DFF8CCB1DFF8CCA1DFF8CC91DFF867
:10DB8000CC810198FF23F0EE490AB0EE680A3146D5
:10DB90008BF800308AF8003089F8003088F80030BF
:10DBA000FEF752F90443012018F080FA13225F2196
:10DBB0000020F7F7E7FA4022044316210020F7F788
:10DBC000E1FAB5EEC08AF1EE10FA44EA00044BDD4A
:10DBD0000A2018F06BFA022303AA2E210020F7F77F
:10DBE000A5FABDF80C50002D7ED1062008F0D6F81D
:10DBF00030B14D4A42610222027445748574C57485
:10DC00004A494FF4845211F01FFB4FF07E5301221A
:10DC1000762100203B60F7F7B5FA002207467B210A
:10DC20001046F7F7AFFA0022074376211046F7F7C0
:10DC3000A9FA3C430023044304224D211846F7F778
:10DC4000D9FAFF230443314601988BF80030F0EEF7
:10DC5000490AB0EE680A8AF8003089F8003088F87E
:10DC60000030FEF7F1F8044394B1082008F096F86C
:10DC700048B12F4B43612F4B83610323037400236F
:10DC800043748374C37429494FF4C25211F0DCFA0F
:10DC900004EAE47005B0BDEC048BBDE8F08F9FEDA5
:10DCA000267AC8EE077A012276210020C7ED007A95
:10DCB000F7F768FA042280467B210020F7F762FA22
:10DCC000002248EA000876211046F7F75BFA48EA96
:10DCD0000408042348EA00081A464D210020F7F7FB
:10DCE00089FA48EA000444E7082008F057F850B1E0
:10DCF0006BBA9BB283610323104A03740023426111
:10DD000043748374C37409494FF4C65211F09CFAEA
:10DD1000AAE700BF00366E014404002017B7D138CF
:10DD2000A69B443A48040020324D05007C8F040035
:10DD3000C2EF04001B5405000000FA466D4D0500BB
:10DD4000EA070020E9070020E8070020E707002095
:10DD500013B52D210DF107020020F7F7FDF9002280
:10DD6000044665211046F7F70DFA47220443502177
:10DD70000020F7F707FA022204434E210020F7F7AC
:10DD800001FA00224D2104431046F7F7FBF9044342
:10DD9000012018F08BF9042276210020F7F7F2F920
:10DDA000082204434A210020F7F7ECF90822044333
:10DDB0004B210020F7F7E6F908224C21044300200C
:10DDC000F7F7E0F90443012018F070F900227621FA
:10DDD0001046F7F7D7F90722662104430020F7F72A
:10DDE000D1F90443322018F061F9012257210020B3
:10DDF000F7F7C8F9044312D0082007F0CFFF48B165
:10DE0000084B4361084B836103230374002343746D
:10DE10008374C37405494FF4C25211F015FA3320CC
:10DE200002B010BDC2EF0400B45305007C8F0400A3
:10DE30002DE9F04FD44BD54A00262DED048B1E70F2
:10DE4000D34B1E70D34B8BB01A60D34BCDE901017D
:10DE50003146D2481E70B0EE408AF0EE608AB0EED5
:10DE6000419A0FF00DFF07AA722130468DF81C6011
:10DE7000F7F772F9074608209DF81C4007F08EFF5F
:10DE800038B1C74B4674C0E9053403230374867464
:10DE9000C674C4494FF4C65211F0D6F99DF81C302F
:10DEA000E92B1BD0E72B19D0082007F077FF48B1EA
:10DEB000BD4B4361BD4B8361032303740023437453
:10DEC0008374C374B7494FF4C25211F0BDF94FF0D7
:10DED000FF300BB0BDEC048BBDE8F08F0022212198
:10DEE0001046F7F74FF9002206461D211046F7F7B6
:10DEF00049F90022064323211046F7F743F93E4330
:10DF00000022064316211046F7F73CF9002206438B
:10DF100017211046F7F736F9B5EEC08AF1EE10FA80
:10DF2000DFF8A88246EA000600F381804FF07E53B6
:10DF3000C8F8003043F6A023ADF824300322912323
:10DF400009A97C208DF826300FF0AEFE3B238DF81A
:10DF5000253024230DEB0301064303227C208DF89A
:10DF600026300FF0A1FE3C2306438DF82530032216
:10DF7000102309A97C208DF826300FF095FE17227A
:10DF8000064330210020F7F7FDF8022306430F2255
:10DF900035210020F7F72EF946F2A273032206433B
:10DFA000ADF8243009A902237C208DF826300FF02B
:10DFB0007BFEDFF81CB2DFF81CA2DFF81C927C4C61
:10DFC000FF230643F0EE490AB0EE680ADDE90101DD
:10DFD0008BF800308AF8003089F800302370FDF7A4
:10DFE000BFFD0DF11D0146EA000300264AF2A640DE
:10DFF00003938DF81D608DF81E6018F044FB0DF141
:10E000001E0105464AF27B5018F03DFB054323D024
:10E01000082007F0C3FE38B1664A4674C0E90525FA
:10E02000032303748674C6744FF4C45286E09FEDD4
:10E03000627AC8EE077A062231210020C8ED007A04
:10E04000F7F7A0F8202307461A4626210020F7F705
:10E05000D1F807433E436DE79DF81D109DF81E2043
:10E06000059121F0600722F003060C2047F02007FD
:10E07000049246F0010607F091FE78B10599049AE2
:10E080004E4B4361C0E90617C0E909260121082269
:10E090000162C162027445748574C57444F2C002A1
:10E0A000404911F0D1F839464AF2A64018F005FB74
:10E0B000314607464AF27B5018F0FFFA074311D069
:10E0C000082007F06BFE40B13D4BC0E90537032344
:10E0D0000374002343748374C37432494FF4C452ED
:10E0E00011F0B2F800270DF11F014AF2A6408DF899
:10E0F0001F708DF8207018F0C6FA08A906464AF27B
:10E100007B5018F0C0FA064368D10A209DF81F50D2
:10E110009DF8207007F042FE70B12A4A4674C5F39C
:10E120004113C0E90525C0E9073707F003070623B7
:10E13000476203748674C6744FF44352194911F050
:10E1400083F800260DF11D014AF2AC408DF81D60E8
:10E150008DF81E6018F097FA0DF11E0105464AF27F
:10E16000835018F090FA054347D0082007F016FEB8
:10E1700038B1154A4674C0E9052503230374867433
:10E18000C6744FF4C452ADE0E60700200000C84159
:10E19000FAB2002040040020F9B2002000366E01DF
:10E1A000944D05008C8F0400BB4D05007053050095
:10E1B000E2070020D64D05000000FA46F84D0500A4
:10E1C000424E0500614E0500C34E05003C04002090
:10E1D000E5070020E4070020E3070020082007F0FF
:10E1E000DDFD00283FF420AF874B4774C0E90536BA
:10E1F000032303748774C77416E79DF81D109DF8F8
:10E200001E20059121F0070722F007060C2047F099
:10E210000107049246F0010607F0C0FD78B10599A8
:10E22000049A7A4B4361C0E90617C0E90926012127
:10E2300008220162C162027445748574C57444F297
:10E24000C002734911F000F839464AF2AC4018F0A8
:10E2500034FA314607464AF2835018F02EFA074343
:10E2600011D0082007F09AFD40B16A4BC0E905378C
:10E2700003230374002343748374C37464494FF409
:10E28000C45210F0E1FF00270DF11F014AF2AC402B
:10E290008DF81F708DF8207018F0F5F908A9064662
:10E2A0004AF2835018F0EFF9064340F088809DF859
:10E2B0001F309DF8207004930A2007F06FFD78B19D
:10E2C000049B836103F00703C0E90737524A4261A8
:10E2D00007F0070706234762037446748674C67402
:10E2E0004FF443524A4910F0AFFF47221D2100204E
:10E2F000F6F748FF039E0F22064321210020F6F780
:10E3000041FFB5EEC08AF1EE10FA46EA00063FDDA5
:10E31000062017F0CBFE022308AA12210020F6F7F0
:10E3200005FFBDF82070002F58D1062007F036FDFC
:10E3300030B13A4B43610223037447748774C77446
:10E3400033494FF4845210F07FFF00224FF07E5388
:10E3500031211046C8F80030F6F714FF00230746B5
:10E36000202226211846F6F745FFFF230743F0EE4B
:10E37000490ADDE90101B0EE680A8BF800308AF83D
:10E38000003089F800302370FDF7EAFB3E43064376
:10E3900096B1082007F002FD48B1214B4361214BA3
:10E3A000836103230374002343748374C374184983
:10E3B0004FF4C25210F048FF06EAE67089E50820E3
:10E3C00007F0ECFC00283FF4DCAE174B4774C0E9C3
:10E3D0000536032303748774C774D2E6082007F058
:10E3E000DDFC50B1114B43617FBA0323BFB203740C
:10E3F0000023876143748374C37405494FF4C65284
:10E4000010F022FFC4E700BFA04E0500E54E050056
:10E410008C8F04002F4F05004E4F0500324D050034
:10E42000C2EF0400705305008D4F05006D4D0500CF
:10E4300010B5FDF76DF80E4AFF2313700D4A1370E7
:10E440000D4A13700D4A13700D4B0E4A1A600E4B95
:10E45000002002227F211870F6F794FE0446022065
:10E4600017F024FE1CB1BDE81040FBF79BBC10BDAB
:10E47000E5070020E4070020E3070020E207002072
:10E48000400400200000C841F9B200202DE9F04FFF
:10E490008DB0062A80460591164611D9082007F04E
:10E4A0007DFC50B17D4B43617D4BC0E906360423B2
:10E4B0000374002343748374C3744FF4015255E012
:10E4C000784B1B780493784B93F800A0774B1B781C
:10E4D0000193774B1B780293FDF71AF81E237343C1
:10E4E0003C33039366F07F03DBB203274FF0000B4E
:10E4F000069302220AA90E208DF828B08DF82980F3
:10E5000019F09DFC324605990546332019F097FC19
:10E5100006990543062019F0BDFC4121054316204C
:10E5200019F0B8FC05430398FDF708FB4FF47A791E
:10E530008DF827B00DF12701182019F0DBFCB9F197
:10E54000010945EA00051AD1082007F027FC58B157
:10E55000584A4261524A82610322027480F8119043
:10E5600080F8129080F813904FF4C252524910F084
:10E570006BFE4FF0FF3528460DB0BDE8F08F9DF8DB
:10E58000274014F00102D5D114F03009079229D0A8
:10E59000013F4FF0080015D007F000FC48B1474B91
:10E5A000079AC461C0E90538042303744274827475
:10E5B000C27441494FF4025210F046FE052017F094
:10E5C00075FD96E707F0EAFB00283FF476AF3C4B79
:10E5D0004361334B4774C0E90634042303748774E2
:10E5E000C7746AE714F0020610D1082007F0D6FBC2
:10E5F00000283FF462AF334B4361294B4674C0E9B6
:10E600000634042303748674C67456E70DF126019C
:10E610001A2019F06FFC9DF82620D30745EA000563
:10E6200013D5082007F0BAFB60B1274A42611C4AA3
:10E6300080F81190C0E906280422027480F8129034
:10E6400080F813904FF4045290E7049B002B92D073
:10E65000002D90D117F0EDFF0222019B8DF82C3098
:10E660000BA90E208DF82DA019F0E9FB029B0620C6
:10E6700043F0900119F00EFC4121162019F00AFC1C
:10E68000084B01221A70084B019A83F800A0074B2F
:10E690001A70074B029A1A706DE700BFB04F050061
:10E6A000FE520500FAB20020F8B20020F7B20020B6
:10E6B000F6B20020D84F05008C8F0400EF4F050004
:10E6C000205005003B500500605005002DE9F04F3B
:10E6D00089B0012A129E01930746144602D1731E87
:10E6E0000E2B17D90A2007F059FB58B19D4B4361F7
:10E6F0009D4B0662C0E9063405230374002343746E
:10E700008374C3744FF42152984910F09DFD4FF06B
:10E71000FF34A3E0DFF884B291F800909BF800305A
:10E720009BB3934B1B78834240F09C80914B1B78AA
:10E730004B4540F09780904B1B78B34240F092805D
:10E74000002307A918208DF81C3019F0D3FB9DF881
:10E750001C30D90762D5C82407A9182019F0CAFBB4
:10E76000013C57D1062007F019FB30B1834B4361C0
:10E770000223037444748474C4744FF484527B4938
:10E7800010F062FD00238BF80030192373435033DF
:10E790000393F3B2029366F06F03DBB24FF003080A
:10E7A0000493022207A90E208DF81C908DF81D708D
:10E7B00019F045FB04990446062019F06BFB412132
:10E7C0000443162019F066FB04430398FDF7B6F9DD
:10E7D00000238DF81B304FF47A7A0DF11B011820BD
:10E7E00019F088FBBAF1010A44EA00043DD108207F
:10E7F00007F0D4FA58B1624A42615B4A826103224F
:10E80000027480F811A080F812A080F813A04FF4D1
:10E81000C25279E79DF81C30DA079DD49DF81C4060
:10E8200004F03203022B0FD0082007F0B7FA40B1F2
:10E83000544BC0E9053403230374002343748374E9
:10E84000C3744FF4C4529AE7019932461B2019F061
:10E850002CFB41210446162019F01CFB204609B070
:10E86000BDE8F08FFCF754FE8FE79DF81B5015F0C4
:10E870000102B2D115F0300A05922DD0B8F101088D
:10E880004FF0080015D007F089FA48B13E4B059AC1
:10E89000C561C0E905370423037442748274C274ED
:10E8A00032494FF4025210F0CFFC052017F0FEFB66
:10E8B00077E707F073FA60B1344B43612A4B80F875
:10E8C0001180C0E906350423037480F8128080F8B3
:10E8D00013804FF4015217E715F0020806D1082003
:10E8E00007F05CFA0028F4D0294BE6E70DF11A0195
:10E8F0001A2019F0FFFA9DF81A20D30744EA000401
:10E9000015D50A2007F04AFA70B1224A4261164A28
:10E91000C0F82090C0E906270522027480F811A0F3
:10E9200080F812A080F813A04FF42452ECE601996D
:10E9300032461B2019F0B9FA04438FD1164B1B78CD
:10E94000002B8BD14121162019F0A4FA01238BF85A
:10E950000030074B029A1F70064B83F80090064B5D
:10E960001A707BE786500500E95205008C8F040081
:10E97000F8B20020F7B20020F6B20020B350050034
:10E980000F510500DE5005002551050020500500FF
:10E990005551050079510500E6070020FAB2002024
:10E9A00037B5FCF7B5FD00242B4B8DF803400DF176
:10E9B00003020125102120461D70F6F7CDFB9DF8BE
:10E9C000032012F00C0FC2F3810011D122F00C02CF
:10E9D00042F0040210218DF80320F6F7D3FB1F4A02
:10E9E000FF2313701E4A04462846137017F05EFB7F
:10E9F00043F6A043ADF804300322102301A97C2084
:10EA00008DF806300FF050F9172204433021002012
:10EA1000F6F7B8FB022304430F2235210020F6F756
:10EA2000E9FB044312D0082007F0B8F948B10D4BB8
:10EA300043610D4B83610323037400234374837488
:10EA4000C3740A494FF4C25210F0FEFB084B094A46
:10EA50001A60204603B030BDE6070020E30700201F
:10EA6000E2070020C2EF0400D95205008C8F040099
:10EA7000EC6F0020289F040013B500222A4B01935D
:10EA80007C211046F6F77EFB04464FF4E170EBF76D
:10EA90004FFA092240210020F6F774FB04220443B8
:10EAA0007D210020F6F76EFB012204432F21002078
:10EAB000F6F768FB04220DEB020104433C200FF043
:10EAC000F3F80022044358211046F6F75BFB0C22B2
:10EAD000532104430020F6F755FB0443372017F079
:10EAE000E5FA402256210020F6F74CFB01220443B0
:10EAF0007C210020F6F746FB044312D0082007F0E3
:10EB00004DF948B1094B4361094B836103230374F9
:10EB1000002343748374C37406494FF4C25210F047
:10EB200093FB332002B010BD00E040B8C2EF0400F8
:10EB3000EF740500648F04002DE9F34700240DF104
:10EB40000302212120468DF80340F6F705FB064617
:10EB500090B1082007F022F940B1694B4361694B3D
:10EB600083610323037444748474C4744FF4C252E5
:10EB7000654910F069FB9CE09DF8033003F0070342
:10EB8000012B00F09680082007F008F940B15F4B98
:10EB900043615C4B83610323037446748674C674BB
:10EBA0005949DFF878A14FF4C85210F04DFBB62256
:10EBB0007E210020F6F7E6FA0446022017F076FAE6
:10EBC00000227C211046F6F7DDFA002504434FF4BD
:10EBD000E170EBF7ADF92A4659212846ADF804500B
:10EBE000F6F7D0FAA94607466B11022201A95B206D
:10EBF0008DF805308DF804900FF056F80AEB0501FA
:10EC0000804640225E200FF04FF8403548EA000869
:10EC1000B5F5005F47EA0807E6D101225921002037
:10EC2000F6F7B0FA07432AD0082007F0B7F858B132
:10EC3000334B4361364B83610323037480F8119097
:10EC400080F8129080F813902F494FF4C25210F0C0
:10EC5000FBFA3C43082007F0A1F848B1284B436178
:10EC6000284B836103230374002343748374C374A8
:10EC700025494FF4C25210F0E7FA264619E0002C5D
:10EC8000E8D1662523E0013D17D1082007F086F87A
:10EC900040B1204B43611B4B8361032303744574D4
:10ECA0008574C57418494FF4C25210F0CDFA4FF074
:10ECB000FF36304602B0BDE8F087012017F0F6F9C4
:10ECC0000DF1030221210020F6F746FA04439DF8D6
:10ECD000033003F00703012BD5D10820002CBAD153
:10ECE00007F05CF840B10C4B4361064B8361032392
:10ECF000037444748474C4744FF4C85238E700BF7A
:10ED0000C2EF0400E5740500648F0400A351050000
:10ED1000D2540500D3510500F1510500E55405001A
:10ED20002DE9F0412DED028B054682B046480E4696
:10ED30000121B0EE608AF0EE418A0EF0A1FF434A55
:10ED4000FF231370424A137000227C211046F6F70D
:10ED500019FA07464FF4E170EBF7EAF8FFF7ECFE1B
:10ED6000044600286CD102462F21F6F70BFA0DF16C
:10ED7000070280463C212046F6F7EEF958EA0008E3
:10ED800055D0082007F00AF840B1324B4361324BAE
:10ED900083610323037444748474C4742F494FF44F
:10EDA000C25210F051FADFED2E7A2E4BC3ED007AED
:10EDB0002D4B41211A780020F6F7E4F92B4B04463D
:10EDC0001A7843210020F6F7DDF9F0EE680AB0EE7C
:10EDD000480A044331462846FBF774F83C430022B6
:10EDE000044348211046F6F7CDF9C02204434921D7
:10EDF0000020F6F7C7F9044312D0082006F0CEFF32
:10EE000048B1144B43611A4B8361032303740023FD
:10EE100043748374C37411494FF4C25210F014FA4E
:10EE200004EAE47002B0BDEC028BBDE8F0819DF80D
:10EE3000073043F3060307EE903AFAEEEB7AB4E7B5
:10EE40004FF0FF30EEE700BF80969800D307002018
:10EE5000D2070020C2EF040076750500648F04001D
:10EE60000000000024720020EF070020FBB2002009
:10EE70008575050030B5C0EBC00080B20C5C013078
:10EE800004BB1E4C2478012C02D11D4C2478DCB12B
:10EE90001C4C014403F10C004D7811F8022B42EA9E
:10EEA000052212B207EE902AF8EEE77AC3ED007A57
:10EEB00094ED007A67EE277AE3EC017A9842EBD181
:10EEC000002030BD012CE0D10F4C014402F10C00B8
:10EED0004D7811F8023B43EA05231BB207EE903A46
:10EEE000F8EEE77AC2ED007A94ED007A67EE277AC1
:10EEF000E2EC017A9042EBD1E2E700BFF4B20020ED
:10EF0000F5B200203404002038040020B2EE007A6C
:10EF1000B4EEC70AF1EE10FA47DCF1EE007AB4EE77
:10EF2000E70AF1EE10FA44DCB0EE007AB4EEC70A5C
:10EF3000F1EE10FACCBF08230023C8BFB0EE677A09
:10EF4000DFED207A204AF4EEE70AF1EE10FA1370B2
:10EF500031DCDFED1E6AF4EEE60AF1EE10FA2EDC8B
:10EF6000DFED1B7AF4EEE70AF1EE10FACCBF0423D2
:10EF70000023C8BFF0EE667A164ADFED176A1370F9
:10EF800067EE266A154BDFED165AC3ED006ADFED1A
:10EF9000156A154B67EEA66A86EEA56A83ED006AD0
:10EFA00080ED007AC1ED007A70470423B3EE007A59
:10EFB000C6E70C23C4E7DFED0D7A0C23DCE708235A
:10EFC000DAE700BF00007A44000800200000FA439E
:10EFD00000007A43FF0700200000003838040020BA
:10EFE0000024744900000C42340400200000FA445C
:10EFF000B2EE007AB4EEC70AF1EE10FA55DCF1EE8B
:10F00000007AB4EEE70AF1EE10FA52DCB0EE007AC4
:10F01000B4EEC70AF1EE10FACCBF01230023C8BF3B
:10F02000B0EE677ADFED2A7A2A4AF4EEE70AF1EECB
:10F0300010FA13703FDCDFED286AF4EEE60AF1EE19
:10F0400010FA3CDCDFED257AF4EEE70AF1EE10FA77
:10F0500037DCDFED236AF4EEE60AF1EE10FA34DC79
:10F06000DFED207AF4EEE70AF1EE10FACCBF0123CF
:10F070000023C8BFF0EE667A1B4ADFED1C6A1370EE
:10F0800067EE266A1A4BDFED1B5AC3ED006ADFED0F
:10F090001A6A1A4B67EEA66A86EEA56A83ED006AC5
:10F0A00080ED007AC1ED007A70470323B3EE007A59
:10F0B000B8E70223B6E7DFED127A0C23DCE704237E
:10F0C000DAE70323F0EE667AD6E70223D4E700BF3F
:10F0D0000000FA44FB07002000007A440000FA43D5
:10F0E00000007A430000FA42FC07002000000038CC
:10F0F000380400200024744900000C42340400202D
:10F1000000007A45DFED106A10B5B2EE046A00F136
:10F110000904837842781B0443EA022302781343EC
:10F12000C3F311029B0348BFA2F5802207EE902A89
:10F13000F8EEE77A033067EE867A844287EEA67AA5
:10F14000A1EC017AE5D110BD0050C34773B5002290
:10F1500000926C46451C10F8123015F8126003F04E
:10F16000FE0343EA0623022A1BB219D15B10BDF944
:10F170000040ADF804308379C279DFEDA26A9B08C4
:10F1800014F5805F43EA821312D100220A60BDF9B0
:10F19000022012F5805F0FD0002B40F0D2800BE0F0
:10F1A000002BB8BF0733DB1024F8023B0132D2E753
:10F1B000002B62D100220A60DFED937ABDF9045082
:10F1C00087EEA67A15F5804F81ED017A00F0178160
:10F1D0008E4AB2F90000002800F011818C4A148890
:10F1E000002C00F00C818B4A1288002A00F0078165
:10F1F000002B00F0048107EE903A874BB8EE677A57
:10F20000B3F9003007EE905AB8EEE76A07EE903A8D
:10F21000824BF8EEE77AB3F9003036EE676A07EE14
:10F22000902A05EE903AF8EE677AF8EEE55A77EE16
:10F23000677A67EEA57ADFED7A5A56EE257A06EE02
:10F24000104AB8EE466ADFED775A26EE077A06EEE8
:10F25000100AB8EEC66A07EE256AB1EE007A26EE0D
:10F26000076A87EE867ADFED707A67EE277A87EE97
:10F27000A67A81ED027A02B070BD664A1088BDF9A7
:10F280000220002800F0B88007EE900A9FED676A20
:10F29000674807EE103AF8EE677AF8EEC75A67EE5D
:10F2A000867A90F9000087EEA57A05EE900A37EE8F
:10F2B000467A6048DFED607A007827EE076AF8EE5C
:10F2C000E55A26EE276A07EE900AF8EE677A5B4861
:10F2D00067EE877A9FED5A7A90F9000067EE877A99
:10F2E00045EE867A9FED577A9FED576A77EE877ADB
:10F2F00007EE100AB8EEC77A544837EE067A90F94E
:10F30000000067EE877A07EE104AB8EEC77AB2EED1
:10F31000006A67EE877A07EE100AB8EEC77A27EE22
:10F32000067A9FED4B6A07EE867ADFED3F7A67EE4D
:10F33000277A87EEA67A81ED007A12F5805F3FF496
:10F340003BAF3448008800283FF436AF07EE900A00
:10F350009FED366A364807EE103AF8EE677AF8EE17
:10F36000C75A67EE867A90F9000087EEA57A05EE17
:10F37000900A37EE467A2F48DFED2F7A007827EE95
:10F38000076AF8EEE55A26EE276A07EE900AF8EECD
:10F39000677A304867EE877A9FED297A90F9000006
:10F3A00067EE877A45EE867A9FED267A9FED266A8C
:10F3B00077EE877A07EE100AB8EEC77A37EE067A4C
:10F3C000B2EE006A67EE877A07EE102A224AB8EE9C
:10F3D000C77A92F9002067EE877A07EE102AB8EE16
:10F3E000C77A27EE067A9FED1A6A07EE867ADFED76
:10F3F0000E7A67EE277AE1E6002008609DE7DFEDF0
:10F40000027A34E70000C84200000000B477002010
:10F41000B6770020AE770020B0770020B2770020CA
:10F4200000000048000000380000803D00008046D9
:10F430001FB3002020B300200000803122B3002041
:10F4400000008038000080430000204324B30020E7
:10F450000000003921B3002023B3002030B585B06F
:10F46000044617F0EBF907EE900A9FED497A9FEDFD
:10F47000496AF8EEE77AE01C67EE877ACDED017A0B
:10F4800017F0DCF907EE900AF8EEE77AA01D67EEB8
:10F49000877A9FED417ACDED027A17F0CFF907EE2A
:10F4A000900AF8EEE77A3D4B67EE877A03F108029F
:10F4B000CDED037AD3ED0E7A01AC30EE670A002071
:10F4C000F7EE007A92ED097AF0EE675A40EE075AAD
:10F4D0001546B0EEE57AB4EEC67AF1EE10FA02D532
:10F4E000002005B030BDD5ED036A94ED005A95EDCE
:10F4F000007A76EEA76A043206EE857A0130032898
:10F50000D2ED056A00EE267AC7EE256AE4EC016AC0
:10F51000D8D193ED105AD3ED0F4A45EE647AB0EE90
:10F52000E77AB4EEC67AF1EE10FAD9D493ED116A07
:10F5300093ED127ADDED026ADDED015AB0EE464A36
:10F5400015EE074A012004EEC67A27EE267A14EE5D
:10F55000257A87EE276A9DED037A36EE076AB0EECC
:10F56000657A04EEE67A45EE656A87EE274AC6EECE
:10F57000A75A9FED0B7AC5EE877AC4EE074AC1ED14
:10F58000017AC6EE077AC1ED004AC1ED027AA8E71A
:10F5900048ABE73BBD378635F61BEB3BA872002036
:10F5A0000000C84210B5084B1B780C4623B9002355
:10F5B00023606360A36010BD044B93ED000AFFF766
:10F5C0004DFF0028F3D0F6E71AB3002064040020B2
:10F5D0009FED0D6ADFED0D6A30B50022451C15F870
:10F5E000124010F8123043EA04231BB207EE903A9F
:10F5F000F8EEE77A013267EE867A032A87EEA67A7A
:10F60000A1EC017AEBD130BD9A99993E0000C84235
:10F610009FED0D6ADFED0D6A30B50022451C15F82F
:10F62000124010F8123043EA04231BB207EE903A5E
:10F63000F8EEE77A013267EE867A032A87EEA67A39
:10F64000A1EC017AEBD130BD9A99993D0000C842F6
:10F650009FED0B7A30B50022451C15F8124010F8CA
:10F66000123043EA04231BB207EE903AF8EEE77A31
:10F67000013267EE877A032AE1EC017AEDD130BDE1
:10F68000A69BC43A9FED0B7A30B50022451C15F8B5
:10F69000124010F8123043EA04231BB207EE903AEE
:10F6A000F8EEE77A013267EE877A032AE1EC017A15
:10F6B000EDD130BD7A41993943780278DFED176A90
:10F6C0009FED177A1B0143EA0233827984B043EA43
:10F6D00012130193C37882781B0143EA0233C27983
:10F6E00043EA12130293437902791B0143EA02337E
:10F6F000027A43EA1213039301F10C0201ABF3EC1B
:10F70000017AF8EE677A77EEE67A67EE877AE1ECCF
:10F71000017A9142F3D104B0704700BF0000004964
:10F72000000080381FB5437804788279DFED166ACF
:10F730009FED167A9B0043EA842343EA92130193D8
:10F74000C37884789B0043EA8423C2F301142343E3
:10F750000293437904799B00C2F3810243EA842334
:10F760001343039301F10C0201ABF3EC017AF8EEC1
:10F77000677A77EEE67A67EE877AE1EC017A914272
:10F78000F3D104B010BD00BF000000480000803875
:10F790009FED0B7A30B50022451C15F8124010F889
:10F7A000123043EA04231BB207EE903AF8EEE77AF0
:10F7B000013267EE877A032AE1EC017AEDD130BDA0
:10F7C0003EC3AE3908B5082006F0E8FA48B1084B48
:10F7D0004361084B836103230374002343748374E0
:10F7E000C374BDE8084004494FF4C2520FF02CBD69
:10F7F000C2EF0400D77F0500C48F040008B50820BD
:10F8000006F0CCFA48B1094B4361094B83610323ED
:10F810000374002343748374C37406494FF4C252C3
:10F820000FF012FD9FED040A08BD00BFC2EF0400F7
:10F83000C97F0500C48F04000000C07F08B5082000
:10F8400006F0ACFA48B1084B4361084B83610323CF
:10F850000374002343748374C374BDE808400449EF
:10F860004FF4C2520FF0F0BCC2EF0400A37F0500BA
:10F87000548F040008B5082006F090FA48B1084BF0
:10F880004361084B8361032303740023437483742F
:10F89000C374BDE8084004494FF4C2520FF0D4BC11
:10F8A000C2EF0400947F0500548F040008B50820BF
:10F8B00006F074FA48B1094B4361094B8361032395
:10F8C0000374002343748374C37406494FF4C25213
:10F8D0000FF0BAFC9FED040A08BD00BFC2EF0400A0
:10F8E000877F0500548F04000000C07F08B5082002
:10F8F00006F054FA48B1084B4361084B8361032377
:10F900000374002343748374C374BDE8084004493E
:10F910004FF4C2520FF098BCC2EF04002C7F0500D8
:10F920006C8F040008B5082006F038FA48B1084B7F
:10F930004361084B8361032303740023437483747E
:10F94000C374BDE8084004494FF4C2520FF07CBCB8
:10F95000C2EF0400C17E0500748F040008B50820C2
:10F9600006F01CFA48B1084B4361084B836103233E
:10F970000374002343748374C374BDE808400449CE
:10F980004FF4C2520FF060BCC2EF04008C7E050041
:10F99000948F040008B5082006F000FA48B1084B1F
:10F9A0004361084B8361032303740023437483740E
:10F9B000C374BDE8084004494FF4C2520FF044BC80
:10F9C000C2EF0400787E0500948F040008B508207B
:10F9D00006F0E4F948B1084B4361084B8361032307
:10F9E0000374002343748374C374BDE8084004495E
:10F9F0004FF4C2520FF028BCC2EF0400367E05005F
:10FA00009C8F040008B5082006F0C8F948B1084BDF
:10FA10004361084B8361032303740023437483749D
:10FA2000C374BDE8084004494FF4C2520FF00CBC47
:10FA3000C2EF0400227E05009C8F040008B5082058
:10FA400006F0ACF948B1084B4361084B83610323CE
:10FA50000374002343748374C374BDE808400449ED
:10FA60004FF4C2520FF0F0BBC2EF0400EC7D050072
:10FA7000A48F040008B5082006F090F948B1094B9E
:10FA80004361094B8361032303740023437483742C
:10FA9000C37406494FF4C2520FF0D6FB9FED040A1F
:10FAA00008BD00BFC2EF0400DD7D0500A48F040087
:10FAB0000000C07F08B5082006F070F948B1084B77
:10FAC0004361084B836103230374002343748374ED
:10FAD000C374BDE8084004494FF4C2520FF0B4BBF0
:10FAE000C2EF0400A77D0500AC8F040008B5082014
:10FAF00006F054F948B1084B4361084B8361032376
:10FB00000374002343748374C374BDE8084004493C
:10FB10004FF4C2520FF098BBC2EF0400967D05006F
:10FB2000AC8F040008B5082006F038F948B1094B3D
:10FB30004361094B8361032303740023437483747B
:10FB4000C37406494FF4C2520FF07EFB9FED040AC6
:10FB500008BD00BFC2EF0400877D0500AC8F040024
:10FB60000000C07F08B5082006F018F948B1084B1E
:10FB70004361084B8361032303740023437483743C
:10FB8000C374BDE8084004494FF4C2520FF05CBB97
:10FB9000C2EF0400267D0500CC8F040008B50820C4
:10FBA00006F0FCF848B1084B4361084B836103231E
:10FBB0000374002343748374C374BDE8084004498C
:10FBC0004FF4C2520FF040BBC2EF0400057D0500A8
:10FBD000CC8F040008B5082006F0E0F848B1084BC7
:10FBE0004361084B836103230374002343748374CC
:10FBF000C374BDE8084004494FF4C2520FF024BB5F
:10FC0000C2EF0400BC7C0500D48F040008B50820B6
:10FC100006F0C4F848B1084B4361084B83610323E5
:10FC20000374002343748374C374BDE8084004491B
:10FC30004FF4C2520FF008BBC2EF0400A37C0500D2
:10FC4000D48F040008B5082006F0A8F848B1084B86
:10FC50004361084B8361032303740023437483745B
:10FC6000C374BDE8084004494FF4C2520FF0ECBA27
:10FC7000C2EF04005D7C0500DC8F040008B508209D
:10FC800006F08CF848B1084B4361084B83610323AD
:10FC90000374002343748374C374BDE808400449AB
:10FCA0004FF4C2520FF0D0BAC2EF0400487C0500F6
:10FCB000DC8F040013B5072304466A466721012040
:10FCC000F5F734FAA8B1082006F068F848B10E4BF1
:10FCD00043610E4B836103230374002343748374D5
:10FCE000C3740B494FF4C2520FF0AEFA002002B0B9
:10FCF00010BD9DF800301B07F8D50DF1010021461D
:10FD0000FFF7A6FC0120F2E7C2EF0400FA7D050030
:10FD1000A48F04002DE9F84F2DED028BC74BB5EEF3
:10FD2000C00AF1EE10FAD3ED006A8146884640F22F
:10FD3000D080DFEDC37AB4EE670AF1EE10FA00F07E
:10FD4000C880F7EE007A87EE807ABDEEC77AB8EE0B
:10FD5000C77AC7EE267AFDEEE77A17EE905A002DA5
:10FD600000F0B880DFEDB77AB4EEE70AF1EE10FAF2
:10FD700000F1B3809FEDB47AB4EEC70AF1EE10FA49
:10FD800000F1AF80DFEDB17AB4EEE70AF1EE10FAE0
:10FD900000F1A9809FEDAE7AB4EEC70AF1EE10FA39
:10FDA00000F1A580DFEDAB7AB4EEE70AF1EE10FAD0
:10FDB00000F19F809FEDA87AB4EEC70AF1EE10FA29
:10FDC00000F19980DFEDA57AB4EEE70AF1EE10FAC2
:10FDD00000F193809FEDA27AB4EEC70AF1EE10FA1B
:10FDE00000F18F80DFED9F7A0D2DB4BF1025202507
:10FDF000A8BFF0EE477AF5EEC00AF1EE10FAC7EEB2
:10FE0000A68A40F2D4809FED8E6AF4EE460AF1EEA7
:10FE100010FA7AD1944B1E7840248027DFF874A220
:10FE20009AF8003080EEA68A63B9904B1B78BB42EB
:10FE300008D18F4B1B78AB4204D18B4B1B78B3425C
:10FE400000F0F5808B4B1A7810212A430020F5F73B
:10FE500099F90022834615211046F5F793F9864B50
:10FE60001A784BEA000B324311210020F5F78AF98A
:10FE70003A464BEA000B16210020F5F783F922469B
:10FE80004BEA000B13210020F5F77CF946EA151226
:10FE90004BEA000409210020F5F774F9044300F04F
:10FEA000BE80082005F07AFF48B1744B4361744B63
:10FEB000836103230374002343748374C3747149FF
:10FEC0004FF4C2520FF0C0F9BDEC028B2046BDE8E2
:10FED000F88F0025DFED6C7A8DE7DFED6C7AA025D9
:10FEE00089E7902587E78025F0EE477A83E770253C
:10FEF00081E76025F8E750257DE7DFED577A40255B
:10FF000079E7DFED567A302575E7F7EE007A87EE70
:10FF1000A07ABDEEC77AB8EEC77AC7EE267AFDEEB4
:10FF2000E77A17EE904A002C42D046DB9FED457AE7
:10FF3000F4EEC70AF1EE10FA45D4DFED437AF4EEA1
:10FF4000E70AF1EE10FA44D49FED407AF4EEC70AC6
:10FF5000F1EE10FA41D4DFED3E7AF4EEE70AF1EE6D
:10FF600010FA40D49FED3B7AF4EEC70AF1EE10FA96
:10FF70003DD4DFED397AF4EEE70AF1EE10FA3AD427
:10FF8000DFED367AF4EEE70AF1EE10FA39D49FEDA0
:10FF9000347AF4EEC70AF1EE10FA38D40C2C4FF094
:10FFA0000004274637DD2026F0EE470A36E7002416
:10FFB000DFED350A2746264630E700242746264649
:10FFC000F0EE460A2AE70024DFED310A2746A02694
:10FFD00024E7002427469026E6E7002427468026CB
:10FFE000F0EE670A1AE7002427467026DCE70024B3
:10FFF00027466026F4E70024DFED160A2746502640
:020000040003F7
:100000000CE70024DFED140A2746402606E700240B
:1000100027463026E4E7DFED130A1026FEE6134BF1
:100020008AF800401F70124B1D700F4B1E70C9EDF7
:10003000008A002488ED008A46E700BF6C04002097
:100040000000807F52499D3952491D3A52499D3ADC
:1000500052491D3B52499D3B52491D3C52499D3CD2
:1000600052491D3D0AD7A33DE0070020DC070020D0
:10007000E107002000080020FF070020C2EF040075
:1000800038810500BC8F04000000000052491D3972
:10009000A0711D39DD07002038B540220546012139
:1000A00028B30020F5F76EF8102204461421002032
:1000B000F5F768F80022044301211046F5F762F8CD
:1000C000204390B1082005F069FE48B10D4B436113
:1000D0000D4B836103230374002343748374C3743F
:1000E0000A494FF4C2520FF0AFF8002038BDF5F7BF
:1000F00049F80822044614212846F5F743F82A4611
:100100000443D9E7C2EF0400EA800500BC8F040075
:1001100038B540220546012128B30020F5F732F812
:100120001022044614210020F5F72CF80022044385
:1001300001211046F5F726F8204390B1082005F07C
:100140002DFE48B10D4B43610D4B836103230374B6
:10015000002343748374C3740A494FF4C2520FF0EE
:1001600073F8002038BDF5F70DF82A46044614212F
:100170002846F5F707F82A460443D9E7C2EF0400FA
:100180001E800500C48F040008B5094BFF221A70B9
:10019000084A00231370084A1370012233211046C5
:1001A000F4F7F0FF18B1BDE80840FFF747BB08BD02
:1001B000FA07002028B3002027B300202DE9F041E2
:1001C000B5EEC00ADFF80881F1EE10FA98F80030B9
:1001D000074659D9DFED337AB4EE670AF1EE10FA2B
:1001E00026D0B7EE007AC7EE007AFDEEE77A17EE7A
:1001F000902A642A05DD0A2B2B4C47D00A252A4673
:100200001CE0322A04DD082B284C3FD00825F6E7F5
:10021000142A04DD062B264C38D00625EFE70A2ADF
:1002200004DD042B234C31D00425E8E7002A26DC2A
:10023000012B4FF0000429D00125002242F060027A
:1002400032210120F4F79EFF064620B3FF23082049
:1002500088F8003005F0A2FD48B1174B4361174BF9
:10026000836103230374002343748374C3741449A8
:100270004FF4C2520EF0E8FF3046BDE8F081022B89
:10028000104C03D00225BAE7002413B93C600026C5
:10029000F2E70025B3E70C4B88F8005018700B4BC1
:1002A0001870F3E70000807F0AD7A33B0AD7233CEE
:1002B0000AD7A33CCDCC4C3DC2EF0400BB7F050068
:1002C000548F0400CDCCCC3D28B3002027B30020B0
:1002D000FA07002008B5064BFF221A70054A0023D2
:1002E0001370054A1370FFF769FF00EAE07008BD5C
:1002F000FA07002028B3002027B3002008B5094BD7
:10030000FF221A70084B00221A70084B4B21012063
:100310001A70F4F737FF18B1BDE80840FFF7E6BAE6
:1003200008BD00BFF907002026B3002025B3002038
:100330002DE9F843B5EEC00AF1EE10FA2DED028B6F
:100340008046B0EE408A5DD99FED557AB4EE470AFB
:10035000F1EE10FA5DD0F7EE006AC6EE807A002367
:10036000FDEEE77A17EE902A192A57DC142A5BDC97
:100370000F2A5FDC0A2A63DC082A67DC062A6BDCAA
:10038000022A6FDC9A42B6EE008AD5BF04260E26FA
:1003900001270427D4BF07220122D8BFB0EE478A25
:1003A000DFF8389143EA820599F80030AB4221D05A
:1003B0006A004C210120F4F7E5FE0446002857D1DD
:1003C0003A4651210120F4F7DDFE044600284FD1C2
:1003D000324652210120F4F7D5FE0446002847D1C9
:1003E000304B89F800501F702F4B1E702F4B187028
:1003F0002F4B187088ED008A0024BDEC028B20463C
:10040000BDE8F88300269FED2B8A0323374632464A
:10041000C6E70323042601270722C1E79FED268AAA
:100420000E2604270722BBE79FED248A0E26042709
:100430000622B5E79FED228A0E2604270522AFE7A4
:1004400004279FED208A0E263A46A9E79FED1E8AD3
:100450000E2604271A46A3E70E2604270322B4EE2D
:10046000008A9DE79FED198A0E260427022297E74E
:10047000FF23082089F8003005F090FC48B1144BA8
:100480004361144B83610323037400234374837417
:10049000C37411494FF4C2520EF0D6FEADE700BF4F
:1004A0000000807F1EB300201DB3002026B3002073
:1004B00025B30020000000008988083D0AD7233DAD
:1004C000CDCC4C3D8988883DCDCCCC3DABAA2A3ED5
:1004D000C2EF0400597F05006C8F0400F90700206B
:1004E00008B50B4B4FF6FF721A800621042201203B
:1004F000F4F748FE074B01221A700028064B08BF8C
:1005000000221A7003D0BDE80840FFF70BBA08BDFF
:10051000340700201CB300201BB3002008B5094B92
:10052000FF221A70084A00231370084A1370012230
:1005300032211046F4F726FE18B1BDE80840FFF757
:100540000DBA08BDF807002019B3002018B3002029
:100550002DE9F047B5EEC00ADFF84491F1EE10FA4C
:1005600099F80030824662D9DFED427AB4EE670A2C
:10057000F1EE10FA2ED0B7EE007AC7EE007AFDEE5B
:10058000E77A17EE902A642A07DD0A2B3A4D50D0FD
:1005900001221B270A26B04625E0322A06DD082B59
:1005A000364D46D0012224270826F4E7142A06DD1A
:1005B000062B334D3DD0012224270626EBE70A2ADD
:1005C00006DD042B2F4D34D0012224270426E2E738
:1005D000002A24DC012B4FF0FF452AD001221B27E3
:1005E00016464FF00008520130210120F4F7CAFDF1
:1005F000044640BB424631210120F4F7C3FD0446C6
:1006000008BB3A4641210120F4F7BCFD0446D0B9AD
:100610001D4B89F8006018701C4B187009E0022B04
:100620001B4D06D002222D2716469046DBE70025FB
:100630002BB9CAF8005000242046BDE8F0870122FB
:100640001B270026A7E7FF23082089F8003005F0C4
:10065000A5FB48B10F4B43610F4B83610323037428
:10066000002343748374C3740C494FF4C2520EF0D8
:10067000EBFDE1E70000807F0AD7A33B0AD7233CCC
:100680000AD7A33CCDCC4C3D19B3002018B30020B1
:10069000CDCCCC3DC2EF0400AE7E0500948F0400AB
:1006A000F807002008B5064BFF221A70054A002300
:1006B0001370054A1370FFF74BFF00EAE07008BDA6
:1006C000F807002019B3002018B3002008B5094B23
:1006D000FF221A70084A00231370084A137001227F
:1006E00032211046F4F74EFD18B1BDE80840FFF77F
:1006F0006DB908BDF707002017B3002016B300201E
:100700002DE9F047B5EEC00ADFF84491F1EE10FA9A
:1007100099F80030824662D9DFED427AB4EE670A7A
:10072000F1EE10FA2ED0B7EE007AC7EE007AFDEEA9
:10073000E77A17EE902A642A07DD0A2B3A4D50D04B
:1007400001221B270A26B04625E0322A06DD082BA7
:10075000364D46D0012224270826F4E7142A06DD68
:10076000062B334D3DD0012224270626EBE70A2A2B
:1007700006DD042B2F4D34D0012224270426E2E786
:10078000002A24DC012B4FF0FF452AD001221B2731
:1007900016464FF00008520130210120F4F7F2FC18
:1007A000044640BB424631210120F4F7EBFC0446ED
:1007B00008BB3A4641210120F4F7E4FC0446D0B9D5
:1007C0001D4B89F8006018701C4B187009E0022B53
:1007D0001B4D06D002222D2716469046DBE700254A
:1007E0002BB9CAF8005000242046BDE8F08701224A
:1007F0001B270026A7E7FF23082089F8003005F013
:10080000CDFA48B10F4B43610F4B8361032303744F
:10081000002343748374C3740C494FF4C2520EF026
:1008200013FDE1E70000807F0AD7A33B0AD7233CF2
:100830000AD7A33CCDCC4C3D17B3002016B3002003
:10084000CDCCCC3DC2EF0400587E05009C8F040047
:10085000F707002070B5194BFF222DED028B1A709F
:10086000174B00251D700122164B064634211046F9
:10087000B0EE408A1D70F4F785FC0446B0B1082044
:1008800005F08CFA40B1104B4361104B8361032398
:10089000037445748574C5740D494FF4C2520EF04B
:1008A000D3FC04EAE470BDEC028B70BD3046B0EEC0
:1008B000480AFFF725FF00EAE070F4E7F707002099
:1008C00017B3002016B30020C2EF04006B7E0500B2
:1008D0009C8F040008B50A4B4FF6FF721A80094A34
:1008E00000231370084A2121137001200422F4F719
:1008F00049FC18B1BDE80840FFF7DCB808BD00BFEF
:100900003207002015B3002014B300202DE9F8436E
:10091000B5EEC00ADFED6A7AF1EE10FA2DED028B2A
:100920000646B0EE408AB4EE670A2BD9F1EE10FA13
:100930006BD0B7EE007AC7EE007AFDEEE77A17EEDD
:10094000902AB2F50C7F65DCB2F5967F4FF000047B
:100950006ADC9B2A6EDC502A72DC282A234675DC6E
:10096000142A78DC0A2A7BDC052A7EDC022A00F3C2
:10097000818000F08480012A40F085809FED518ABB
:10098000032706E003240023F1EE10FA1A46274657
:1009900047D1DFF87481920042EA471242EA4302EB
:1009A000B8F8003042EA04294B4526D042F08002D4
:1009B00020210120F4F7E6FB0546002868D12246F5
:1009C00022210120F4F7DEFB0546002860D1BA00A1
:1009D00023210120F4F7D6FB0546002858D14022F8
:1009E00024210120F4F7CEFB0546002850D1364BD8
:1009F000A8F800901870354B187086ED008A002515
:100A0000BDEC028B2846BDE8F883032400231A4678
:100A10002746BEE700249FED2E8A01232246274663
:100A2000B7E79FED2C8AB4E701239FED2B8A22467E
:100A30001F46AEE79FED298A012322460227A8E739
:100A40009FED278A012322460327A2E79FED258AEF
:100A5000072203279DE79FED248A0622032798E7B4
:100A60009FED228A0522032793E79FED218A042226
:100A700003278EE703229FED1F8A174689E79FED24
:100A80001E8A032785E79FED0E8A2246032780E70B
:100A90004FF6FF730820A8F8003005F07FF948B141
:100AA000164B4361164B8361032303740023437485
:100AB0008374C37413494FF4C2520EF0C5FB9FE711
:100AC0000000807FCDCC4C3F15B3002014B3002034
:100AD0006F12833A00000000A10EEA3A0E745A3BEE
:100AE0000D68D33BCDCC4C3CCDCCCC3CCDCC4C3D9F
:100AF000CDCCCC3DCDCC4C3ECDCCCC3EC2EF0400D9
:100B0000C37D0500AC8F04003207002070B51F4E76
:100B10001F4A4FF6FF732DED028B338000231370B5
:100B20001C4A05461370202180220120B0EE408A25
:100B3000F4F728FB044680B9202221210120F4F794
:100B400021FB044648B92846B0EE480AFFF7DEFE0E
:100B500000EAE070BDEC028B70BD4FF6FF73082019
:100B6000338005F01BF948B10B4B43610B4B83619C
:100B700003230374002343748374C37408494FF43C
:100B8000C2520EF061FB04EAE470E3E73207002092
:100B900015B3002014B30020C2EF0400D37D05007C
:100BA000AC8F040008B50C4B4FF6FF721A800B4B4C
:100BB0000B4A00200021C3E9000100231370094AF9
:100BC0001C21137001208022F4F7DCFA18B1BDE873
:100BD0000840FEF7C7BF08BD30070020B838002026
:100BE00013B3002012B300202DE9F843B5EEC00A7C
:100BF000F1EE10FA2DED028BDFED6B7AB0EE408A4C
:100C0000804629D9B4EE670AF1EE10FA26D0B7EE85
:100C1000007AC7EE007AFDEEE77A17EE903AFF2BE6
:100C200023DC962B7FDC4B2B00F38680322B00F3EA
:100C30008B80142B00F38D800A2B00F38F80012B07
:100C400000F3918040F09480B0EE478A00220124A6
:100C500017462346114611E0B0EE678A00240322AE
:100C600027464FF44073214608E09FED508A032247
:100C7000FF24802740F2FF334FF48061DFF8689152
:100C800041EA0306B9F80030B34244D01C210120E8
:100C9000F4F778FA054600286DD122461A21012082
:100CA000F4F770FA0546002865D1002C14BFA02285
:100CB00020221B210120F4F765FA054600285AD1AD
:100CC000002C0CBF00221F223A431D210120F4F703
:100CD00059FA054600284ED1354BA9F8006000208E
:100CE0000021C3E90001334BB5EE408A1D70324B41
:100CF000F1EE10FA1D700BD0B5EEC08AF1EE10FACD
:100D000009DDDFED2E7AB4EEE78AF1EE10FA02D8B3
:100D10002B4B83ED008A88ED008A0025BDEC028B09
:100D20002846BDE8F8839FED278A0222FF2400278A
:100D300040F2FF233946A1E79FED238A0122962442
:100D400000274FF4CB73F5E79FED208A00224B2458
:100D50007EE79FED1F8A0022322479E79FED1D8AEE
:100D60000022142474E79FED1C8A00220A246FE7F6
:100D70009FED0D8A72E74FF6FF730820A9F8003047
:100D800005F00CF848B1154B4361154B8361032303
:100D90000374002343748374C37412494FF4C25222
:100DA0000EF052FABAE700BF0000807F6F12833A5C
:100DB000B838002013B3002012B30020FFFF7F7F5C
:100DC000A47200208180803B0E74DA3B0E745A3C82
:100DD0000AD7A33CCDCC4C3DCDCCCC3DC2EF0400DA
:100DE000747D0500CC8F04003007002038B5202228
:100DF0002DED028B05461B210120B0EE408AF4F751
:100E0000C1F90446B0B1082004F0C8FF48B1184B3E
:100E10004361184B83610323037400234374837479
:100E2000C37415494FF4C2520EF00EFABDEC028B9A
:100E3000204638BD114A4FF6FF731380104A002137
:100E40001160104A1370104B00200021C3E900010B
:100E50000E4B1C700E4B1C700E4B01221A70B0EE24
:100E6000480ABDEC028B2846BDE83840FFF7BCBEFF
:100E7000C2EF0400197D0500CC8F0400300700206C
:100E8000A4720020F4070020B838002013B300201B
:100E900012B30020F507002008B50C4B4FF6FF7287
:100EA0001A800B4B0B4A00200021C3E900010023EC
:100EB0001370094A0A21137001208022F4F762F9A5
:100EC00018B1BDE80840FEF785BE08BD2E0700201A
:100ED000B038002011B3002010B300202DE9F041FC
:100EE000B5EEC00AF1EE10FA2DED028B9FED507AAF
:100EF000B0EE408A07467FD9B4EE470AF1EE10FA09
:100F000059D0F7EE006AC6EE807AFDEEE77A17EE6A
:100F1000904AC82C52DC642C55DC322C58DC142C42
:100F20005BDC0A2C5EDC012C61DC65D10022B0EEBA
:100F3000668A404E338844EA0228434533D00A216A
:100F40000120F4F71FF9054600285AD1231E18BFC7
:100F5000012344EAC30242F0F0020B210120F4F71E
:100F600011F9054600284CD1334BA6F8008000202B
:100F70000021C3E90001314BB5EE408A1D70304BB2
:100F8000F1EE10FA1D700BD0B5EEC08AF1EE10FA3A
:100F900009DDDFED2C7AB4EEE78AF1EE10FA02D823
:100FA000294B83ED008A87ED008A0025BDEC028B7A
:100FB0002846BDE8F08103220024BAE79FED238A8A
:100FC00003220724B5E79FED228A03220624B0E717
:100FD0009FED208A02220524ABE79FED1F8A0122A4
:100FE0000424A6E79FED1D8A00220324A1E79FEDBC
:100FF0001C8A002202249CE703220024B0EE478AC8
:1010000097E74FF6FF730820338004F0C7FE48B11E
:10101000144B4361144B8361032303740023437413
:101020008374C37411494FF4C2520EF00DF9BDE739
:101030000000807F2E070020B038002011B3002070
:1010400010B30020FFFF7F7FA07200206F12833A51
:101050000AD7A33B0AD7233C0AD7A33CCDCC4C3DAF
:10106000CDCCCC3DC2EF0400F67C0500D48F04004B
:1010700038B520222DED028B054609210120B0EE66
:10108000408AF4F77FF80446B0B1082004F086FEE9
:1010900048B1184B4361184B836103230374002349
:1010A00043748374C37415494FF4C2520EF0CCF8E4
:1010B000BDEC028B204638BD114A4FF6FF731380FA
:1010C000104A00211160104A1370104B00200021BB
:1010D000C3E900010E4B1C700E4B1C700E4B01221D
:1010E0001A70B0EE480ABDEC028B2846BDE83840C5
:1010F000FFF7F4BEC2EF0400B37C0500D48F0400F8
:101100002E070020A0720020F2070020B038002037
:1011100011B3002010B30020F307002008B50C4BDA
:10112000FF221A700B4B00200021C3E900010A4B7B
:1011300000221A70094B1A70094B092101201A70FC
:10114000F4F720F818B1BDE80840FEF77BBD08BDF4
:10115000F1070020A83800200EB300200DB30020B6
:101160000CB300202DE9F041B5EEC00AF1EE10FA03
:101170002DED028BDFED3D7AB0EE408A074643D974
:10118000B4EE670AF1EE10FA43D0B7EE007AC7EE7C
:10119000007A0126FDEEE77A17EE903A642B3BDCED
:1011A000322B3DDC0A2B3FDD9FED318A3246DFF8E2
:1011B000F48046EA820298F8003042F01004A3421C
:1011C0004FD0AEBB324609210120F3F7DBFF0546C5
:1011D00080B3082004F0E2FD48B1264B4361264B62
:1011E000836103230374002343748374C37423490A
:1011F0004FF4C2520EF028F8FF2388F80030BDECFF
:10120000028B2846BDE8F08100260322B0EE678AF3
:10121000CDE700260322CAE79FED198A0322C6E71D
:101220009FED188A0222C2E79FED178A0022BEE7CF
:101230002246C8E7154B88F8004000200021C3E98A
:101240000001134B1D70134B1D70134B1D7046B1E5
:10125000DFED127A124B68EE277AFDEEE77AC3EDE6
:10126000007A87ED008A0025C9E700BF0000807F73
:101270000AD7A33CC2EF0400817C0500DC8F040088
:101280000AD7A33B0AD7233CCDCCCC3DA8380020BD
:101290000EB300200DB300200CB3002000007A44F0
:1012A00060040020F107002070B5234B2349FF2282
:1012B0002DED028B1A70224B002400221C7000239B
:1012C000C1E900231F490C701F490C701F490C70A5
:1012D0001F49C1E90023012206460B211046B0EE4A
:1012E000408AF3F74FFF0546A8B1082004F056FDE9
:1012F00040B1184B4361184B83610323037444745A
:101300008474C47415494FF4C2520DF09DFFBDECB6
:10131000028B284670BD41220A210120F3F732FFDB
:1013200005460028E1D1B0EE480ABDEC028B3046FC
:10133000BDE87040FFF716BFF1070020A838002075
:101340000FB300200EB300200DB300200CB300201B
:10135000A0380020C2EF0400957C0500DC8F04005B
:1013600013B51C4B1A788318013B93FBF2F303442B
:1013700003EB43039BB28DF804300222C3F3022334
:1013800001A906208DF805300CF08EFC0A220446D7
:101390000D210020F3F7F6FE802204430B210020EC
:1013A000F3F7F0FE044312D0082004F0F7FC48B134
:1013B000094B4361094B8361032303740023437486
:1013C0008374C37406494FF4C2520DF03DFF3320BD
:1013D00002B010BDF4B20020C2EF04006A81050023
:1013E000B48F040013B5194B8DF805001A78184B0B
:1013F0001B789A4294BF00220122C0F3012343EAE2
:10140000421301A902220B208DF804300CF04CFC91
:10141000402204460D210020F3F7B4FE044312D00D
:10142000082004F0BBFC48B10A4B43610A4B8361BE
:1014300003230374002343748374C37407494FF474
:10144000C2520DF001FF332002B010BDE0070020B2
:10145000E1070020C2EF04004E800500C48F0400A5
:101460002DE9F04F2DED028BB5EEC00AF1EE10FA2A
:1014700087B0814688463DD9DFED887AB4EE670AA9
:10148000F1EE10FA36D0B7EE007AC7EE007A844952
:101490000022FDEEE77A13460B2B02F1010208D081
:1014A000F1EC016AB8EEE76AB4EEE66AF1EE10FA22
:1014B000F1D97C4AD65C7C4A02EB8303D3ED006A07
:1014C000C7EE267A794BF5EEC00A93ED007AF1EE7D
:1014D00010FAC7EE878A40F2CF80DFED707AF4EE23
:1014E000670AF1EE10FA09D1714B1D780427DFED80
:1014F000717A23E0DFED6F7A0026E3E7F7EE006A0A
:10150000C6EEA07A66490022FDEEE77A13460B2B61
:1015100002F1010208D0B1EC016AF8EEE75AF4EEEC
:10152000C65AF1EE10FAF1D95E4AD55C5E4A02EB7A
:10153000830393ED006AC6EE867A0027DFF894B144
:101540009BF8003087EE878A63B95B4B1B78BB4200
:1015500008D15A4B1B78B34204D1554B1B78AB4290
:1015600000F0958046EA051A5FFA8AF30C2045EAF6
:101570000714019304F012FC68B1514BC562C0E935
:1015800005360023C0E90736C0E90947082202747E
:1015900043748374C3744B4944F2C0020DF054FE8B
:1015A000324610210020F3F7EDFD2246824611213C
:1015B0000020F3F7E7FD019A4AEA00040921002020
:1015C000F3F7E0FD4FF0000A04430DF1170210217C
:1015D00050468DF817A08DF816A08DF815A0F3F7DA
:1015E000BBFD0DF11602044311215046F3F7B4FD83
:1015F0000DF11502044309215046F3F7ADFD9DF8A6
:1016000017109DF816209DF81530039104430A2009
:101610000292019304F0C2FB78B12B4B4361019B12
:101620000399029A036205238161C261037480F801
:1016300011A080F812A080F813A022494FF4235281
:101640000DF002FEDCB1082004F0A8FB48B11F4BEE
:1016500043611F4B8361032303740023437483742A
:10166000C37418494FF4C2520DF0EEFD204607B086
:10167000BDEC028BBDE8F08F00252F4637E70E4BFF
:101680008BF800401F700D4B1E70094B1D70C9ED8B
:10169000008A002488ED008AE8E700BF0000807F10
:1016A00020A004006A7505001CA004006804002046
:1016B000E007002000000000DC070020E107002018
:1016C00050760500C48F0400AB760500C2EF04001D
:1016D00099800500DD07002007B51A210DF10702EA
:1016E0000120F3F739FD20B1FEF7E0F803B05DF813
:1016F00004FB9DF907309FED067A07EE903AF8EE6D
:10170000E77A87EE870AF3EE0E7A30EE270AEDE7E6
:101710009A99D9BFF0B52DED028B064683B03448B7
:101720000F460021B0EE608AF0EE418A0CF0A8FA74
:10173000742212210020F3F725FD054690B1082000
:1017400004F02CFB48B12B4B43612B4B83610323EB
:101750000374002343748374C37428494FF4C25242
:101760000DF072FD264AFF231370264A6321137081
:1017700000200DF10702F3F7EFFC9DF90730DFEDD4
:10178000226A07EE103AB8EEC77AF7EE007A47EE13
:10179000267A1E4B04463946F0EE680AB0EE480A37
:1017A0003046C3ED007AFEF7B5FA062204430A215B
:1017B0000020F3F7E7FC2C43044312D0082004F088
:1017C000EDFA48B10B4B43610B4B83610323037468
:1017D000002343748374C37408494FF4C2520DF05C
:1017E00033FD04EAE47003B0BDEC028BF0BD00BF32
:1017F00080969800C2EF04004B810500BC8F040066
:10180000E1070020E0070020A69BC43A6C040020FA
:101810002DE9F04F2DED048B054683B00620F0EE48
:10182000608AB0EE419A0E4604F0B8FA38B1C14B66
:10183000436102230374002343748374C3744FF41D
:101840008652BD490DF000FD0021BC480CF018FA8D
:10185000BB4B00241C70BB4B8DF807400DF10702F9
:101860000F2120461C70F3F777FC074608209DF8EF
:10187000078004F093FA38B1B34B4474C0E90538DB
:10188000032303748474C4744FF4C652AA490DF040
:10189000DBFC9DF80730A3F17002012A19D908205A
:1018A00004F07CFA48B1A94B4361A94B836103233F
:1018B0000374002343748374C3749F494FF4C2526A
:1018C0000DF0C2FC4FF0FF3003B0BDEC048BBDE85F
:1018D000F08FA04A137000220D211046F3F752FC3E
:1018E000002204465E211046F3F74CFC002204431C
:1018F00050211046F3F746FC3C43002204430921E3
:101900001046F3F73FFC002204430A211046F3F788
:1019100039FC914B1B68002B14BF5822182204433A
:1019200003210020F3F72EFC0DF1060204434F21A2
:101930000020F3F711FC9DF90680884B07EE908A92
:10194000B8EEE77ADFED867AB7EE008A07EE278AEF
:1019500004430A2083ED008A04F020FA074670B1A0
:10196000804BC0E9053818EE100ADAF79BFF062312
:10197000C7E908013B7400237B74BB74FB743846D1
:101980006D494FF443520DF05FFC774AFF2313700B
:10199000764A1370764A1370764AF0EE490AB0EE32
:1019A000680A314628461370FFF75AFD724B1D78BE
:1019B00045F0200504432A4615210020F3F7E2FBF9
:1019C0000122044316210020F3F7DCFB6B4B1E7849
:1019D0000443324617210020F3F7D4FB08220443C6
:1019E00018210020F3F7CEFB002704430DF1050278
:1019F000152138468DF805708DF804708DF8037048
:101A00008DF80270F3F7A8FB01AA044316213846AB
:101A1000F3F7A2FB0DF10302044317213846F3F755
:101A20009BFB0DF10202044318213846F3F794FBA7
:101A300004430C209DF805B09DF804A09DF8039088
:101A40009DF8028004F0AAF968B14D4BC0F82C80D3
:101A5000C0E907BAC0E90969C0E90535082303747C
:101A600047748774C774344944F2C0020DF0ECFB2C
:101A700094B1082004F092F948B1424B4361344BD1
:101A8000836103230374002343748374C3742A495A
:101A90004FF4C2520DF0D8FB06220A210020F3F7C2
:101AA00071FB0025384B8DF8015006460DF10102FF
:101AB0000A2128461D70F3F74FFB064308203443E4
:101AC0009DF8016004F06AF948B1304B4361062388
:101AD000C0E906360423037445748574C574164939
:101AE0004FF403520DF0B0FBACB1082004F056F9EE
:101AF00048B1274B4361164B8361032303740023D2
:101B000043748374C3744FF4C2520B490DF09CFBB1
:101B100004EAE470D8E6062004F040F930B11D4B29
:101B200043610223037444748474C4744FF4865272
:101B3000EBE700BFF4760500C48F040080969800A0
:101B40002CB30020FE0700200C770500BB4D0500DC
:101B5000A8800500FD070020EC6F0020680400202D
:101B6000C364AA3A33770500DD070020DC070020B4
:101B7000E1070020E0070020FC070020FB07002011
:101B80005E770500D17705002DB3002001780500B0
:101B900029780500577805002DE9F74F534FDFF8F6
:101BA00068A106460D464FF00008062D1AD90223FB
:101BB00001AA3A210020F3F7B9FA0446B0B108208F
:101BC00004F0ECF848B14A4B43614A4B836103236C
:101BD0000374002343748374C37444494FF4C252A2
:101BE0000DF032FB404603B0BDE8F08F9DF80530A4
:101BF00019070FD5062004F0D1F830B13E4B4361F0
:101C00000223037444748474C4744FF484523946B8
:101C10000DF01AFB9DF805309A0610D5062004F049
:101C2000BDF838B1022303740023C0F814A0437434
:101C30008374C3744FF4845239460DF005FB9DF84C
:101C400005305B0610D5062004F0A8F838B12B4B00
:101C5000436102230374002343748374C3744FF4F9
:101C6000845239460DF0F0FA9DF805309DF80420B5
:101C70001B0203F4407352EA030942EA0304B1D0A1
:101C80004FF0070BB5FBFBFB5C4514D9082004F0B3
:101C900085F850B1A9EB0B0383610323184A037441
:101CA0000023426143748374C3744FF4C4523946B1
:101CB0000DF0CAFA5C46C4EBC40B07235A46314602
:101CC00078200BF07FFB30B1082004F067F8002883
:101CD00083D00C4B78E7C4EB443304EBC3032B44B1
:101CE00044445E449DB21FFA84F85EE7BC8F040052
:101CF000777805002681050096780500B5780500FF
:101D0000ED430500C2EF0400AB78050013B50623D0
:101D100004466A4628210020F3F708FAC0B10820DB
:101D200004F03CF848B1384B4361384B83610323DE
:101D30000374002343748374C37435494FF4C2524F
:101D40000DF082FA002323606360A36002B010BD2F
:101D5000304B1B78712B2FD1BDF9003007EE903A34
:101D6000BDF90230F8EEE77AC4ED027A07EE903A58
:101D7000BDF90430F8EEE77AC4ED017A07EE903A47
:101D8000F8EEE77AC4ED007A234BD4ED007A93EDB8
:101D9000007A67EE877AC4ED007A93ED007AD4ED8D
:101DA000017A67EE877AC4ED017AD4ED027A67EEA4
:101DB000877AC4ED027AC9E79DF801209DF80030CA
:101DC00043EA02231BB207EE903A9DF803209DF8E8
:101DD0000230F8EEE77A43EA02231BB29DF80520B1
:101DE000C4ED007A07EE903A9DF80430F8EEE77AF9
:101DF00043EA02231BB2C4ED017A07EE903AF8EEF3
:101E0000E77AC4ED027ABFE7C2EF04006B800500F9
:101E1000C48F0400FD0700203804002037B50623D6
:101E200004466A4622210020F3F780F9C0B1082059
:101E300003F0B4FF48B1174B4361174B8361032391
:101E40000374002343748374C37414494FF4C2525F
:101E50000DF0FAF9002323606360A36003B030BD86
:101E6000204604F10C010E4C6A46557812F8023BEC
:101E700043EA05231BB207EE903AF8EEE77AC0ED8D
:101E8000007A94ED007A67EE277AE0EC017A8142DD
:101E9000EBD1E3E7C2EF04005D800500C48F0400CE
:101EA000340400202DE9FF47234B88465978022946
:101EB0008146174638D002F1020A5646002509EB42
:101EC000050133466A46C9B20120F3F72FF90446EB
:101ED00030BB023E08EB050032460DF102013544ED
:101EE00016F084FBAF421BD9AAEB0503102B1E464C
:101EF00028BF1026022BE2D8082003F04FFF40B184
:101F00000E4B43610E4B836103230374447484744A
:101F1000C4740C494FF4C2520DF096F94FF0FF34DF
:101F2000204604B0BDE8F0871346424604B0BDE841
:101F3000F047F3F77FB800BFD0B20020C2780500A9
:101F4000177F05005C91040007B51E4B1B78C3B1D9
:101F5000032201A93A20FFF7A5FFB8B1082003F03A
:101F60001DFF48B1184B4361184B83610323037471
:101F7000002343748374C37415494FF4C2520DF0A7
:101F800063F99FED140A03B05DF804FB01A814F097
:101F900055FC07EE900A104BDFED106A9FED107AAA
:101FA00093ED000AF8EEE77A17EEA67AD3ED017A00
:101FB0000C4BF7EE006A77EEA67A07EE270A83ED60
:101FC000000AE0E71AB30020C2EF0400D27E050049
:101FD000748F04000000C07FA87200205C9E803ACD
:101FE00085EBCB416404002038B50C4BFF221A70FE
:101FF0000B4A002313700B4A00240025C2E9004558
:10200000094A1370094A1370094A1370094BC3E94E
:10201000004503F0CFFF00EAE07038BDF007002074
:1020200005B300209838002004B3002003B300203B
:1020300002B300209038002038B5104BFF221A70F0
:102040000F4B00200021C3E900010E4B00251D703D
:102050000D4B1D700D4B80220B2101201D70F3F7DD
:1020600091F82A4604460B210120F3F78BF804432C
:1020700003D0BDE8384004F057B938BDF007002060
:102080009838002004B3002003B3002002B30020DE
:102090002DE9F04FB34B93F80080ABB008F1010885
:1020A0000023029089465FFA88F80193B9F1060F80
:1020B00040F2448114F00DF8042304460E4605AAAC
:1020C0003A210020F3F732F8054614F002F8A64B47
:1020D000001BA0FB030761EB060103FB0177A34B89
:1020E00010F5804647F100070024B34274EB070364
:1020F00017D20A2003F052FE70B1F60B9C4B4361DD
:1021000046EA4746FF0B9B4B8361C0E908670623FD
:10211000037444748474C47497494FF444520DF0AA
:1021200093F89DB1082003F039FE48B1934B436109
:10213000904B836103230374002343748374C3743B
:102140008D494FF4C2520DF07FF8F7E09DF815303D
:102150009DF814201B0203F4E06342EA030A1A43C9
:1021600000F0EC809DF817309DF816601B0203F418
:1021700040731E430323B6FBF3F39CB203EB43030C
:10218000F61AB6B246B3062003F008FE30B17C4B17
:1021900043610223037445748574C574C6F1030753
:1021A00075494FF48452BFB20DF04EF87B0006AA79
:1021B0003E210020F2F7BAFFBA45054640F2BE8044
:1021C0000134AAF1030AA4B25644B4FBF8F308FBA5
:1021D00013441FFA86FAA4B24FF0030B0726BAFB8A
:1021E000FBF7B9FBF6F6B74240F2A080082003F0F7
:1021F000D5FD48B1634B4361BF1B0023876180F865
:1022000010B043748374C3745B494FF4C4520DF02F
:102210001BF8B9F1E60F40F2A3800A2003F0BEFDDF
:10222000002840F08F8054494FF424520DF00CF8F0
:102230002027182F3E4628BF182613F04AFFB6B2B3
:102240000623734382468B4606AA3E210020039351
:10225000F2F76CFF05437FF465AF13F03AFF424B92
:10226000B0EB0A0061EB0B01A0FB030B03FB01BB0E
:102270003E4B10F5804A4BF1000B534575EB0B03B9
:102280001BD20C2003F08AFD90B13F4B4361394BC8
:1022900083614FEADA3343EA4B434FEADB32C0E96A
:1022A0000832039B83620723037445748574C574E5
:1022B00031494FF464520CF0C7FF029B06205A1CB0
:1022C0000023E118B1FBF8FC08FB1C1102F8011C0B
:1022D0000DF1180C00FB03F10DF1180E8C445EF8A3
:1022E000011011600133BCF80410918099B2B14221
:1022F00002F10702E5D33444029AB4FBF8F308FB79
:102300001344C6EBC6031A44C6EB463306EBC303BD
:102310004B441FFA83F9019B0292BF1B1E44B3B2C8
:10232000BFB2A4B20193002F83D1BFE6BAF1620F0E
:102330003FF673AFBAF1020F3FF67BAF01982BB0B7
:10234000BDE8F08F114B43610A4BC0E9063A2023E8
:10235000036205230374002343748374C37462E728
:10236000374666E7F4B2002040420F00FF7FE803E3
:10237000E87805007D810500B48F0400C2EF0400F9
:1023800011790500ED4305005B7905002279050010
:1023900010B55C2210210020F2F7F4FE1022044652
:1023A00015210020F2F7EEFE7422044317210020CD
:1023B000F2F7E8FE1022044358210020F2F7E2FE73
:1023C00001225B2104430020F2F7DCFE04430C20D1
:1023D00013F06CFE902258210020F2F7D3FE202249
:1023E00004435E210020F2F7CDFE30220443122187
:1023F0000020F2F7C7FE044312D0082003F0CEFC01
:1024000048B1084B4361084B8361032303740023E5
:1024100043748374C37405494FF4C2520CF014FF23
:10242000332010BDC2EF040058810500B48F0400B2
:1024300010B55C2210210020F2F7A4FE1022044601
:1024400015210020F2F79EFE802204431421002073
:10245000F2F798FEF422044317210020F2F792FECF
:102460001022044356210020F2F78CFE01225B214A
:1024700004430020F2F786FE04430C2013F016FEFE
:10248000802258210020F2F77DFE202204435E21A5
:102490000020F2F777FE3022044312210020F2F7E9
:1024A00071FE044312D0082003F078FC48B1084BB9
:1024B0004361084B836103230374002343748374D3
:1024C000C37405494FF4C2520CF0BEFE332010BD58
:1024D000C2EF040014810500BC8F04000C4B0D4AB0
:1024E000002010B518700C4B1870FF2313700B4AA6
:1024F000122113700122F2F745FE0446022013F068
:10250000D5FD1CB1BDE81040FDF75CB910BD00BFA2
:102510002CB30020E10700202DB30020E0070020AD
:1025200070B54E4BFF222DED028B1A704C4B0026DE
:102530001E7001224B4B86B005464B211046B0EE73
:10254000408A1E70F2F71EFE0446A0B1082003F078
:1025500025FC40B1444B4361444B83610323037426
:1025600046748674C67442494FF4C2520CF06CFE35
:1025700004EAE4705DE0022013F098FD022301AA52
:102580005D210120CDE90244ADF804400494ADF88A
:102590001440F2F7CBFD044600284ED1042302AAD2
:1025A00062210120F2F7C2FD0446002845D10A232A
:1025B00003AA68210120F2F7B9FD044600283CD1A6
:1025C0002C4B9DF804201A702B4B9DF805201A7097
:1025D0002A4B9DF80A201A70294B9DF80B201A707F
:1025E000284BBDF80E201A80274BBDF80C201A800E
:1025F000264BBDF812201A80254BBDF808201A8002
:10260000244B9DF815201A70234B9DF814201A7046
:102610009DF811309DF810201B0203F4FE43134374
:102620001E4A2846B0EE480A1380FDF781FE00EAF4
:10263000E07006B0BDEC028B70BD082003F0AEFB6D
:10264000002890D0084B4361154B8361032303742A
:10265000002343748374C37485E700BFF907002027
:1026600026B3002025B30020C2EF04007D7F0500C3
:102670006C8F040024B3002023B3002022B3002079
:1026800021B30020B6770020B4770020B277002075
:10269000B077002020B300201FB30020AE770020C9
:1026A000697F05002DE9F0412DED028B434FB5EE1A
:1026B000C00AF1EE10FA3B78804626D9DFED407A69
:1026C000B4EE670AF1EE10FA2BD0B7EE007AC7EE3F
:1026D000007AFDEEE77A17EE902A322A25DC142ADA
:1026E00027DC9FED388ADFED387A0B2AA8BFB0EEE1
:1026F000678AB4BF00250125AD0045F080059D42E5
:1027000007D0FF2B25D1012628E0032B15D19FED03
:102710002F8A88ED008A0024BDEC028B2046BDE89C
:10272000F0819FED288A0025E6E79FED298A0325A1
:10273000E2E79FED288A0225DEE7032260210120DF
:10274000F2F720FD044610BB9FED208A03253D7063
:10275000DFE703F00303033B5E425E411E4B5B7801
:10276000002B0CBF3422102262210120F2F70AFD57
:10277000044660B92A4660210120F2F703FD0446B1
:1027800028B9002EE3D00A2013F090FCDFE7FF23E6
:1027900008203B7003F002FB48B1104B4361104B23
:1027A000836103230374002343748374C3740D494A
:1027B0004FF4C2520CF048FDAEE700BFF607002010
:1027C0000000807FCDCCCC3DCDCC4C3D0000000046
:1027D0000AD7233C0AD7A33CD0B20020C2EF0400A2
:1027E000087E0500A48F040010B5402201210020BE
:1027F000F2F7C8FC0822044614210020F2F7C2FCBC
:102800000022012104431046F2F7BCFC04434FF4BC
:10281000AF70E7F78DFB5C2210210020F2F7B2FCCD
:102820000022044315211046F2F7ACFC04430520B6
:1028300013F03CFC94B1082003F0B0FA48B10A4B05
:1028400043610A4B8361032303740023437483743D
:10285000C37407494FF4C2520CF0F6FC054B064A0C
:102860001A60204610BD00BFC2EF040002810500BF
:10287000BC8F0400EC6F00204CA00400B0B500AF8A
:102880006C4688B06A461E4BC2E905304FF40073AF
:1028900093831C4B42F8103F1B484FF4E4510DF05A
:1028A0001BFC0022A5460A211046F2F76BFC0446E9
:1028B0004FF4AF70E7F73CFB06220A210020F2F745
:1028C00061FC04434FF4AF70E7F732FB0F4B002578
:1028D0001D708CB1082003F061FA40B10C4B4361CC
:1028E0000C4B83610323037445748574C5740649D6
:1028F0004FF4C2520CF0A8FC2046BD46B0BD00BF4C
:102900008379050003000001C48F04002DB300206B
:1029100096790500B18005002DE9F34102230646B2
:102920000F4601AA1B210020F2F700FC0546B8B1B2
:10293000082003F033FA48B1384B4361384B8361C8
:1029400003230374002343748374C37435494FF421
:10295000C2520CF079FC0025284602B0BDE8F08197
:102960009DF805209DF80440130203F480731C4376
:10297000F1D012F0080813D0062003F00FFA30B19E
:10298000294B43610223037445748574C57425493A
:102990004FF484520CF058FC2448FFF76FFFDAE73D
:1029A0000723B7FBF3F7BC42A5B215D9082003F003
:1029B000F5F958B11E4B4361E41B03238461037492
:1029C00080F8118080F8128080F8138015494FF448
:1029D000C4520CF039FC3D46C5EBC5039BB23246F0
:1029E00078210020F2F7A2FBA0B1082003F0D6F96D
:1029F00048B1104B43610A4B8361032303740023E6
:102A000043748374C37407494FF4C2520CF01CFC26
:102A10000948C2E7094B18709EE700BF77780500A8
:102A20008B800500C48F0400AD790500D7790500BF
:102A3000E97905001C7A0500397A05002DB30020DC
:102A400070B5C0EBC00080B20D5CED08052D76D8E6
:102A5000DFE805F0705603707070494B1B78712BDE
:102A60003AD1014488784B7843EA00231BB207EE41
:102A7000903AF8EEE77AC2ED027A0879CB7843EA29
:102A800000231BB207EE903AF8EEE77AC2ED017A26
:102A900088794B7943EA00231BB207EE903AF8EEAF
:102AA000E77AC2ED007A374BD2ED007A93ED007AE7
:102AB00067EE877AC2ED007A93ED007AD2ED017A63
:102AC00067EE877AC2ED017AD2ED027A67EE877AF5
:102AD000C2ED027A002070BD0130014402F10C0405
:102AE00010464D7811F8023B43EA05231BB207EE6E
:102AF000903AF8EEE77AE0EC017A8442F1D1D2E73D
:102B00000130214C014403F10C004D7811F8022BE7
:102B100042EA052212B207EE902AF8EEE77AC3EDF8
:102B2000007A94ED007A67EE277AE3EC017A984216
:102B3000EBD1CFE7154B00221A700120CBE7134EE3
:102B400034780134E4B20A20347003F027F958B124
:102B50000F4B43610F4B0462C0E906350523037434
:102B6000002343748374C3740B494FF424520CF054
:102B70006BFB3378032BE0D90848FFF77FFEDCE7D7
:102B8000FD07002038040020340400202DB300206D
:102B90004F7A05007A800500C48F04008B7A050007
:102BA00010B5402201210020F2F7ECFA0022044681
:102BB00014211046F2F7E6FA0022012104431046E0
:102BC000F2F7E0FA04434FF4AF70E7F7B1F90822E7
:102BD00010210020F2F7D6FA0443052013F066FA1C
:102BE000582203210020F2F7CDFA044312D0082026
:102BF00003F0D4F848B10C4B43610C4B83610323C1
:102C00000374002343748374C37409494FF4C2529C
:102C10000CF01AFB074B00201870074B01221A70AA
:102C2000064B074A1A6010BDC2EF0400328005004F
:102C3000C48F04002CB30020FE070020EC6F00209E
:102C400010A0040010B50C4C2378A3B14022012140
:102C50000020F2F797FA002214211046F2F792FAB8
:102C6000002201211046F2F78DFA4FF4AF70E7F71A
:102C70005FF90023237010BD2CB3002038B5FFF797
:102C8000E1FF3C4B3C4A00251D70FF2313703B4A7B
:102C900013703B4A13703B4A0D21137028462A4695
:102CA000F2F770FA2A4604465E212846F2F76AFADD
:102CB0002A46044350212846F2F764FA2A46044380
:102CC00009212846F2F75EFA2A4604430A212846DB
:102CD000F2F758FA2A46044311212846F2F752FA2D
:102CE000E222044317212846F2F74CFA4722044314
:102CF00010212846F2F746FA5022044318212846AC
:102D0000F2F740FA1022044356212846F2F73AFA25
:102D100004225B2104432846F2F734FA04430B20D3
:102D200013F0C4F9802250212846F2F72BFA202212
:102D300004435E212846F2F725FA182204430321B2
:102D40002846F2F71FFA044311D0082003F026F8B2
:102D500040B10D4B43610D4B8361032303744574F4
:102D60008574C5740A494FF4C2520CF06DFA3320D1
:102D700038BD00BF2DB30020DD070020DC07002098
:102D8000E1070020E0070020C2EF040040800500BA
:102D9000C48F0400022A2DE9F34105460F4610D0E6
:102DA000082002F0FBFF48B15B4B43615B4B836142
:102DB00003230374002343748374C3744FF4C25217
:102DC00075E0402201210020F2F7DCF96B000026BB
:102DD00004468DF8043003223B788DF8053001A9B4
:102DE00015208DF806600AF05FFF7A7804432121F0
:102DF0003046F2F7C7F94C22044314213046F2F76B
:102E0000C1F93246044301213046F2F7BBF90DF116
:102E10000302044329213046F2F79EF98DF802603F
:102E2000044313F058F910F1500841F100079DF8E0
:102E3000020010F0010642D0402201210020F2F7EA
:102E4000A1F9002344EA00068DF8023013F043F99B
:102E500010F1140441F100079DF90230002B3BDA18
:102E6000082214210020F2F78DF904464FF4AF70C8
:102E7000E7F75EF8002201211046F2F783F99DF88A
:102E800002303443204313F0040432D0082002F00F
:102E900085FF50B1224B4361204BC0E90635042326
:102EA0000374002343748374C3744FF404521D49A4
:102EB0000CF0CAF94FF0FF3002B0BDE8F08113F01A
:102EC0000AF94045B941B7DA0DF102021E21304638
:102ED000F2F742F90443AAE713F0FDF8A042B94122
:102EE000BEDA0DF1020222210020F2F735F9064385
:102EF000B2E71B06E0D4082002F050FF00283FF4A0
:102F00005DAF094B4361054B836103230374447434
:102F10008474C47452E700BFA97A0500D880050004
:102F2000BF7A0500BC8F0400EA7A05002DE9F3475B
:102F3000012A0A9F054690461E4602D17B1E072B9A
:102F400017D9082002F02AFF48B16A4B43616A4B47
:102F5000836103230374002343748374C374674938
:102F60004FF4C2520CF070F94FF0FF3002B0BDE8E0
:102F7000F08791F80090402241460020F2F702F9D4
:102F80006B0043F001030446032201A915208DF8CC
:102F900004308DF805908DF806700AF085FE4C22FD
:102FA000044314210020F2F7EDF8002204434146C7
:102FB0001046F2F7E7F80DF103020443292100203F
:102FC000F2F7CAF8002340EA04098DF8023013F042
:102FD00082F810F1500441F1000A9DF8028018F0C7
:102FE00001084FD000238DF8023013F074F810F16F
:102FF000140441F1000A9DF8028018F0010850D035
:10300000402201210020F2F7BDF84FF000080446ED
:103010000DF10102222140468DF80180F2F79CF863
:10302000082214214046F2F7ADF849EA04040443AB
:103030004FF4AF70E6F77CFF9DF8019019F004099A
:103040003ED0082002F0AAFE60B12D4B43612A4B0E
:1030500080F81180C0E906350423037480F81280DB
:1030600080F8138025494FF404520CF0EDF800224B
:1030700001211046F2F786F83A460021304615F055
:10308000DDFA71E713F027F8A04271EB0A01A9DA23
:103090000DF102021E214046F2F75EF849EA0009EE
:1030A0009BE713F018F8A04271EB0A01A8DA0DF1C2
:1030B000020239214046F2F74FF849EA00099AE73F
:1030C0009DF8028018F0010806D1082002F066FE83
:1030D0000028C7D00B4BB9E73B4632460221484691
:1030E000F2F724F84A46044301214846F2F74AF829
:1030F00020433BE7FC7A0500C1800500BC8F04003B
:10310000177B05003C7B0500022A2DE9F3410546AB
:103110000E4610D0082002F041FE48B15C4B4361DE
:103120005C4B836103230374002343748374C3746F
:103130004FF4C25278E0FFF785FD402201210020C4
:10314000F2F720F86B008DF8043033788DF80530F5
:103150000446A023032201A915208DF806300AF0A9
:10316000A3FD7278044321210020F2F70BF84422DA
:10317000044314210020F2F705F800220443012142
:103180001046F1F7FFFF0DF103020443292100204F
:10319000F1F7E2FF002304438DF8023012F09BFFA9
:1031A00010F1500841F100079DF8020010F00106EF
:1031B00042D0402201210020F1F7E4FF002344EA3D
:1031C00000068DF8023012F086FF10F1140441F170
:1031D00000079DF90230002B3BDA00221421104633
:1031E000F1F7D0FF04464FF4AF70E6F7A1FE0022DE
:1031F00001211046F1F7C6FF9DF802303443204309
:1032000013F0040432D0082002F0C8FD50B1224B64
:103210004361204BC0E90635042303740023437443
:103220008374C3744FF404521C490CF00DF84FF032
:10323000FF3002B0BDE8F08112F04DFF4045B941CA
:10324000B7DA0DF102021E213046F1F785FF044383
:10325000AAE712F040FFA042B941BEDA0DF1020226
:1032600022210020F1F778FF0643B2E71B06E0D4E5
:10327000082002F093FD00283FF45AAF084B436149
:10328000044B83610323037444748474C4744FE750
:10329000A97A050010800500BF7A0500C48F0400DC
:1032A000EA7A05002DE9F04F89B0012A129D064601
:1032B0001446984602D16B1E072B15D9082002F040
:1032C0006DFD48B1A64B4361A64B83610323037494
:1032D000002343748374C374A3494FF4C2520BF0A8
:1032E000B3FF4FF0FF3423E0A04B0F781B781BB3E4
:1032F0009F4B1B7883421FD19E4B1B78BB421BD137
:103300009D4B1B789D4217D1214640220020F1F7AA
:1033100039FF2B460646424602210020F1F706FF00
:103320000022064321461046F1F72CFF40EA06042E
:10333000204609B0BDE8F08FFFF784FC4022012150
:103340000020F1F71FFF730043F00103DBB201938C
:103350008DF81830EBB2039365F05F03DBB20446DF
:10336000032206A9152002938DF81A308DF81970E2
:103370000AF09AFC4422044314210020F1F702FFD2
:103380000022044301211046F1F7FCFE0DF1170263
:10339000044329210020F1F7DFFE002304438DF8C8
:1033A000163012F098FE10F1500941F1000B9DF813
:1033B00016A01AF0010A50D000238DF8163012F032
:1033C0008AFE10F1140941F1000B9DF816A01AF0C5
:1033D000010A50D0402201210020F1F7D3FE4FF026
:1033E000000A83460DF11502222150468DF815A0E2
:1033F000F1F7B2FE524614215046F1F7C3FE44EAFB
:103400000B0B40EA0B094FF4AF70E6F791FD9DF806
:10341000154014F004043CD0082002F0BFFC60B159
:10342000564B43614F4B80F811A0C0E90636042388
:10343000037480F812A080F813A04B494FF4045293
:103440000BF002FF002201211046F1F79BFE2A46F5
:103450000021404615F0F2F843E712F03CFE4845E3
:1034600071EB0B01A8DA0DF116021E215046F1F79F
:1034700073FE04439BE712F02EFE484571EB0B01EF
:10348000A8DA0DF1160248215046F1F765FE044313
:103490009BE79DF816A01AF0010A06D1082002F059
:1034A0007DFC0028C9D0364BBBE72B4642460221A3
:1034B0002046F1F73BFE224649EA00090121204659
:1034C000F1F760FE59EA00047FF432AF2D4B1B7810
:1034D000002B7FF42DAF402201212046F1F752FE50
:1034E000019B8DF81C308046029B8DF81E30032214
:1034F00007A915208DF81D700AF0D6FB042248EAB2
:10350000000814212046F1F73DFE224648EA000853
:1035100001212046F1F736FE58EA00087FF408AF93
:10352000124A01231370124B039A1E70114B1F7025
:10353000114B0A201A7002F031FC58B1124B436152
:10354000124B4474C0E90875C0E9063606230374BB
:103550008474C47404494FF444520BF075FEE7E6DA
:10356000FC7A0500FD7F0500C48F04002CB3002009
:103570002BB300202AB3002029B30020177B0500BD
:103580003C7B0500FE070020687B0500E47F05000A
:103590000E4BFF2210B532211A7001206122F1F783
:1035A000F1FD044612F097FD094BC3E90001094BF8
:1035B00001221A70002C084B08BF00221A7003D099
:1035C000BDE81040FCF756B910BD00BFFA07002057
:1035D000E038002028B3002027B300202DE9FF4168
:1035E000444E35780446002D65D0434B1A7832B1ED
:1035F000002232701A70002004B0BDE8F0813F4A0A
:10360000D2E9003713F1020847F100070C2301AAA1
:1036100010210120F1F78AFDA8B1082002F0BEFBBD
:1036200048B1374B4361374B836103230374002355
:1036300043748374C37434494FF4C2520BF004FED4
:1036400000233370D7E79DF8045015F0010513D11E
:1036500012F041FD4045B941D8DB082002F09EFB45
:103660000028E8D0294B4361264B83610323037470
:1036700045748574C574DEE730709DF80F3013F023
:103680000303B8D1224D01A801468678CA7849784B
:10369000120442EA06220A43AA4203F1010300F19E
:1036A0000300A8D0032BEFD10DF105002146FBF755
:1036B00029FD0120A0E70C2301AA10210120F1F728
:1036C00035FD90B1082002F069FB40B10C4B43611D
:1036D0000C4B83610323037445748574C5740A49D4
:1036E0004FF4C2520BF0B0FD85E79DF80430DB07C4
:1036F00081D5C2E728B3002027B30020E03800209E
:10370000C2EF0400AF7F0500548F0400B17B0500B9
:10371000FFFF0100234BFF2270B54C211A700120DE
:1037200002230622F1F766FD1F4B1A784FF4FA7355
:1037300002FB03361D4B1C784FF491735C431C4B0A
:1037400001221A70021E1B4B18BF01221A70054677
:1037500012F0C1FC04F64C0433194FF47A74B3FB35
:10376000F4F31B1841F10001134A013341F1000148
:10377000C2E9003100249DB1082002F00FFB40B1E6
:103780000E4B43610E4B83610323037444748474B2
:10379000C474BDE870400B494FF4C2520BF054BDE5
:1037A00070BD00BFF90700201DB300201EB300202C
:1037B00026B3002025B30020D8380020C2EF040033
:1037C000487F05006C8F0400F7B5444D2C78064601
:1037D000002C59D0424B1A78EAB9424F6A464C2124
:1037E0000120F1F7B9FC0446D8B1082002F0D6FA5E
:1037F00048B13D4B43613D4B836103230374002378
:1038000043748374C3743A494FF4C2520BF01CFDE5
:1038100000232B7002E000222A701A70002003B0EF
:10382000F0BD9DF8003003F00603022B15D112F015
:1038300052FCD7E9002390429941CFDB082002F0E7
:10384000ADFA0028DFD02B4B4361284B8361032363
:10385000037444748474C474D5E7287008236A46DA
:1038600042210120F1F762FC90B3082002F096FAA1
:1038700018B31D4B43611D4B836103230374002365
:1038800043748374C37418E01B4B5B78022BE5D040
:103890006A46482101208DF80040F1F75DFC90B1A7
:1038A000082002F07BFA40B10F4B43610F4B83615C
:1038B0000323037444748474C4740D494FF4C252D6
:1038C0000BF0C2FCAAE79DF80030DB07C6D4A5E7E1
:1038D00068463146FBF73AFC0120A0E726B30020FA
:1038E00025B30020D8380020C2EF04003A7F05003D
:1038F0006C8F0400B17B0500D0B2002008B5164BD8
:103900004FF6FF721A80154A00231370144A137081
:10391000144A5021137001208022F1F733FC50B17A
:10392000082002F03BFA58B9BDE808400E494FF4B0
:10393000C2520BF089BC13F005F80028F0D108BD85
:103940000A4B43610A4B83610323037400234374CE
:103950008374C374E8E700BF340700201CB3002061
:103960001BB300201AB30020748F0400C2EF0400C0
:10397000FF7E05002DE9F0419FED7A7AB4EE470A0B
:10398000F1EE10FA2DED028B8046B0EE408A32D077
:10399000B5EEC00AF1EE10FACCBF012000202BDDFD
:1039A000DFED717AB4EE670AF1EE10FA24DCF7EE7F
:1039B000006AC6EE807A01266C4F35023988B5EE72
:1039C000C08AF1EE10FA1BD89FED698A45F0FF0519
:1039D0008D4263D0002012F0B5FF0446002840F06D
:1039E000A280002E40F0B680624A3D800023137012
:1039F000614A137052E00120DFED5D7A0026DBE7BB
:103A0000B4EE478AF1EE10FA50D09FED5C7AF4EEF6
:103A1000C77AF1EE10FA4CDC9FED597AF4EEC77AD2
:103A2000F1EE10FA4ADC9FED577AF4EEC77AF1EE28
:103A300010FA48DCB3EE097AF4EEC77AF1EE10FA28
:103A400046DCB2EE097AF4EEC77AF1EE10FA44DC05
:103A5000B1EE097AF4EEC77AF1EE10FA42DCB0EE7C
:103A6000097AF4EEC77AF1EE10FA4FF003033EDC68
:103A7000B7EE097AF4EEC77A9FED438ADFED437A19
:103A8000F1EE10FACCBF09220A22D8BFB0EE678A45
:103A900042EA031278B315438D422FD188ED008A94
:103AA0000024BDEC028B2046BDE8F08100230322F8
:103AB000EEE79FED378A00230222E9E79FED358A82
:103AC00001230322E4E79FED348A02230422DFE787
:103AD0009FED328A03230522DAE79FED318A032323
:103AE0000622D5E79FED2F8A03230722D0E79FED1B
:103AF0002E8A0822CCE745F0FF0569E70421012062
:103B0000F1F740FB044670B9022206210120F1F7CB
:103B100039FB044638B91421022012F0E5FE0446B0
:103B200000283FF457AF4FF6FF7308203B8002F0A8
:103B300035F948B11D4B43611D4B83610323037469
:103B4000002343748374C3741A494FF4C2520BF0B8
:103B50007BFBA6E7304612F0F5FE044600283FF452
:103B600043AFE0E70000807FFFFF7F7F3407002046
:103B7000000000001CB300201BB3002000004843DD
:103B80000000C842000048420AD7A33E0AD7233F9C
:103B90000AD7233B0AD7A33B0AD7233C0AD7A33C27
:103BA0000AD7233D0AD7A33D0AD7233EC2EF04001C
:103BB000EF7E0500748F04002DE9F04FCC4FCD4A05
:103BC000CD4D4FF6FF732DED028B3B80002313701C
:103BD000CA4A2B701370CA4BCA4A1A6093B0064681
:103BE000B6227E210120B0EE408AF1F7CBFA0446DE
:103BF000D0BB182012F05AFA204601220DF1030121
:103C00008DF80340FEF74EF9044668BB9DF803307B
:103C1000332B40F06A810DF10809804648F02002FC
:103C2000D2B250210120F1F7ADFA0446E0B94FF0CD
:103C3000030A83464FF49670E6F77AF9012201A948
:103C400055208DF804B0FEF72DF9044660B99DF8B3
:103C500004301F2B27D8DB071FD5022201A95220D1
:103C6000FEF720F9044608B34FF6FF73002608203C
:103C70003B802E7002F092F848B1A34B4361A34BF6
:103C80004674C0E90634042303748674C674A049DC
:103C90004FF401520BF0D8FA21E1BAF1010AC9D16F
:103CA0006FF07304E0E76FF00404DDE7BDF8043063
:103CB00008F101085BBAB8F1200F29F8023BADD139
:103CC000802250210120F1F75DFA04460028CBD173
:103CD00012F038FE04460028C6D1072012F032FE4A
:103CE00004460028C0D1052012F02CFE044600280E
:103CF000BAD186222E210120F1F744FA0446002889
:103D0000B2D1072205210120F1F73CFA0446002830
:103D1000AAD1BDF824207F4BBDF82600BDF828109D
:103D20009FED7D6A42F30B0407EE904A12119DF855
:103D3000264002F470622243F8EEE77A82F40062D1
:103D4000A2F50062C3ED027A07EE902A00F47062D9
:103D50009DF828000243F8EEE77A82F40062A2F5AB
:103D60000062C3ED037A07EE902A9DF92200BDF8A8
:103D70002220F8EEE77AF1EE046AC3ED047A07EE4A
:103D8000900AF8EEE77A090A87EEA67A81F08001B8
:103D900080399DF92A00120A82F08002803A0DF1E2
:103DA0002A0407EE901A83ED007AF8EEE77A9FED89
:103DB0005B7ABDF82A1067EE877A06EE900AC3EDAB
:103DC000057AF8EEE66ADFED567A46EE877A090A5A
:103DD00081F080018039C3ED067A07EE901AF8EE83
:103DE000E77ADFED506A67EE877A9FED4F7AC3ED91
:103DF000077A07EE902AF8EEE77A03F1200067EEE3
:103E0000A67A0321C3ED017A34F8022F4FFA82FC1F
:103E100007EE90CAF8EEE77A120A67EE867A82F029
:103E20008002803AE0EC017A07EE902AF8EEE77A19
:103E3000013967EE877AC0ED027AE5D1D3ED0D7ACC
:103E4000BDF938209FED397A9DF9321077EEC77AA7
:103E500007EE102AB8EEC77AC3ED0D7AF3EE077AB3
:103E600047EE267ABDF832209FED317AC3ED0E7A07
:103E700007EE901AF8EEE77A120AC7EE876A82F028
:103E80008002803A9DF93410304607EE902AF8EE11
:103E9000E77AC3ED0F6AC7EE876ABDF83420120ACD
:103EA00082F08002803A07EE901AF8EEE77AC3EDCE
:103EB000106AC7EE876A07EE902AF8EEE77AC3ED3C
:103EC000116AC7EE876AB0EE480AC3ED126A012391
:103ED0002B70FFF74FFD044600287FF4C5AE204647
:103EE00013B0BDEC028BBDE8F08F6FF01204BBE69F
:103EF000340700201CB300201AB300201BB300209D
:103F0000640400200000C841C27B05000D7F05004D
:103F1000748F0400A87200200000003D0000803B68
:103F20000AD7233C0000003B0000803817B7D13887
:103F3000000048442DE9F041404B1B7888B006460C
:103F400043B13F4C23784BB13E4B1A7832B100223B
:103F500022701A70002008B0BDE8F08112F0BBF8A2
:103F600010F1140741F100080D2204A93020FDF7DB
:103F700099FFA8B1082001F011FF48B1324B43610D
:103F8000324B836103230374002343748374C3742B
:103F90002F494FF4C2520BF057F900232370D9E791
:103FA0009DF8105015F004051BD12378002BD1D0BB
:103FB00012F091F8B84271EB08010EDB082001F015
:103FC000EDFE0028E4D0234B4361204B83610323A3
:103FD000037445748574C574DAE76420E5F7A8FFB7
:103FE000C2E720700DF11A0012F028FC07EE900ACB
:103FF000DFED196A194B9FED1A7AD3ED003AF8EE0E
:10400000E77A01A917EEA67A0DF11100D3ED017A36
:10401000F7EE006A77EEA67A47EE273AB0EE630A2B
:10402000FBF71CFA002895D00E4BC3ED003A019B1C
:104030003360029B7360039BB3608CE71AB300206C
:104040001CB300201BB30020C2EF0400E17E05007A
:10405000748F0400B17B05005C9E803AA87200203A
:1040600085EBCB41640400200E4BFF2210B51A7083
:10407000012210463121F1F785F8044612F02BF8A1
:10408000094BC3E90001094B01221A70002C084BAF
:1040900008BF00221A7003D0BDE81040FBF77ABCBD
:1040A00010BD00BFF8070020D038002019B3002051
:1040B00018B300202DE9F341384D2C788046002CB0
:1040C0004DD0374B1A7832B100222A701A70002076
:1040D00002B0BDE8F081334AD2E90076053746F1F7
:1040E000000607236A4610210120F1F71FF8A8B146
:1040F000082001F053FE48B12B4B43612B4B8361E9
:1041000003230374002343748374C37428494FF456
:10411000C2520BF099F800232B70D8E79DF80040AD
:1041200014F0010413D111F0D6FFB842B141D8DB2D
:10413000082001F033FE0028E8D01E4B43611B4BE2
:1041400083610323037444748474C474DEE72870A9
:104150000DF101004146FBF73BFA0120B8E70723C8
:104160006A4610210120F0F7E1FF90B1082001F02C
:1041700015FE40B10C4B43610C4B83610323037468
:1041800044748474C4740A494FF4C2520BF05CF84E
:104190009DE79DF80030DB0799D5D9E719B30020DA
:1041A00018B30020D0380020C2EF04009D7E050027
:1041B000948F0400B17B05000E4BFF2210B51A70DE
:1041C000012210463121F0F7DDFF044611F083FF94
:1041D000094BC3E90001094B01221A70002C084B5E
:1041E00008BF00221A7003D0BDE81040FBF70ABCDC
:1041F00010BD00BFF7070020C838002017B300200B
:1042000016B300202DE9F341384D2C788046002C60
:104210004DD0374B1A7832B100222A701A70002024
:1042200002B0BDE8F081334AD2E90076053746F1A5
:10423000000607236A4610210120F0F777FFA8B196
:10424000082001F0ABFD48B12B4B43612B4B836140
:1042500003230374002343748374C37428494FF405
:10426000C2520AF0F1FF00232B70D8E79DF80040FE
:1042700014F0010413D111F02EFFB842B141D8DB84
:10428000082001F08BFD0028E8D01E4B43611B4B3A
:1042900083610323037444748474C474DEE7287058
:1042A0000DF101004146FBF7B3F90120B8E7072300
:1042B0006A4610210120F0F739FF90B1082001F083
:1042C0006DFD40B10C4B43610C4B836103230374C0
:1042D00044748474C4740A494FF4C2520AF0B4FF9F
:1042E0009DE79DF80030DB0799D5D9E717B300208B
:1042F00016B30020C8380020C2EF0400477E050036
:104300009C8F0400B17B0500104B4FF6FF7210B577
:104310001A80012222211046F0F734FF0C4B021EB6
:1043200018BF01221A700B4B01221A70044611F0BB
:10433000D2FE094B143041F10001C3E900011CB168
:10434000BDE81040FBF7D2BB10BD00BF3207002014
:1043500014B3002015B30020C0380020F7B53E4D3F
:104360002B780646002B62D03C4B1A782AB10022EB
:104370002A701A70002003B0F0BD0123384F8DF869
:1043800000309DF8003003F0030001281DD0002309
:104390002B7007236A4627210120F0F7C7FE00286B
:1043A0004ED0082001F0FAFC48B12E4B43612E4B51
:1043B000836103230374002343748374C3742B4900
:1043C0004FF4C2520AF040FFD4E76A462221F0F7C8
:1043D000C3FE0446A8B1082001F0E0FC48B1214B1F
:1043E0004361214B8361032303740023437483746B
:1043F000C3741E494FF4C2520AF026FF00232B70EB
:10440000B8E711F068FED7E9002390429941B8DB84
:10441000082001F0C3FC0028EBD0154B4361124B80
:1044200083610323037444748474C474E1E7114BFF
:104430001B884FF6FF7293429CD01B0AA9D099E7C4
:104440009DF800301B0795D50DF101003146FBF7B3
:1044500019F901208FE700BF15B3002014B3002025
:10446000C0380020C2EF0400B57D0500AC8F040009
:10447000B17B05003207002010B5114B4FF6FF72DB
:104480001A80104B1B78002B0CBF012221221B210C
:104490000120F0F777FE0C4B021E18BF01221A70A4
:1044A0000A4B01221A70044611F015FE084BC3E9AD
:1044B00000011CB1BDE81040FBF770BB10BD00BF90
:1044C00030070020F507002012B3002013B30020AE
:1044D000B83800202DE9F043384E337885B0814656
:1044E000CBB1374A137833B10023337013700020F7
:1044F00005B0BDE8F083334A8DF80430D2E90037C7
:1045000013F1040847F100079DF8044014F040043B
:104510001DD000233370092301AA00210120F0F7E8
:1045200005FE002843D0082001F038FC48B1264B96
:104530004361264B83610323037400234374837414
:10454000C37423494FF4C2520AF07EFECFE701AA9A
:1045500018210120F0F700FE0546A0B1082001F067
:104560001DFC40B1184B4361184B83610323037456
:1045700044748474C47416494FF4C2520AF064FE41
:1045800000233370B3E711F0A6FD4045B941BBDB12
:10459000082001F003FC0028EDD00E4B43610B4BCB
:1045A00083610323037445748574C574E3E701A82C
:1045B0004946FBF781F801209AE700BF13B30020BA
:1045C00012B30020B8380020C2EF0400637D05005C
:1045D000CC8F0400B17B050010B5114B4FF6FF7274
:1045E0001A80104B1B78002B0CBF012221220921BD
:1045F0000120F0F7C7FD0C4B021E18BF01221A70F4
:104600000A4B01221A70044611F065FD084BC3E9FC
:1046100000011CB1BDE81040FBF7F8BA10BD00BFA7
:104620002E070020F307002010B3002011B3002054
:10463000B03800202DE9F743374E33788146CBB1AF
:10464000364A137833B1002333701370002003B05F
:10465000BDE8F083324A8DF80030D2E9003713F11B
:10466000020847F100079DF8004014F001041DD036
:104670000023337007236A4600210120F0F756FD1E
:10468000002843D0082001F089FB48B1254B436145
:10469000254B836103230374002343748374C37421
:1046A00022494FF4C2520AF0CFFDCFE76A460821F3
:1046B0000120F0F751FD0546A0B1082001F06EFB86
:1046C00040B1184B4361184B836103230374447456
:1046D0008474C47415494FF4C2520AF0B5FD002326
:1046E0003370B3E711F0F7FC4045B941BBDB08205C
:1046F00001F054FB0028EDD00D4B43610A4B836160
:104700000323037445748574C574E3E7684649461A
:10471000FBF708F801209AE711B3002010B300203E
:10472000B0380020C2EF0400E97C0500D48F0400FB
:10473000B17B050010B51D2209210120F0F722FDF3
:104740000B4BFF221A70021E0A4B18BF01221A706F
:10475000094B01221A70044611F0BDFC074BC3E956
:1047600000011CB1BDE81040FBF788BA10BD00BFC6
:10477000F10700200DB300200EB30020A838002060
:104780002DE9F347774D2C780746002C7FD0764AE9
:10479000137833B100232B701370002002B0BDE8F2
:1047A000F087724E8DF80030D6E9003213F10A0A14
:1047B00042F100089DF8003013F001091DD00020DF
:1047C0000021002213F002032A70C6E90001684D9F
:1047D00046D02C787CB9062001F0E0FA30B1654B68
:1047E00043610223037444748474C47462494FF4B3
:1047F00086520AF029FD01231CE06A4606210120A9
:10480000F0F7AAFC0446B8B1082001F0C7FA58B185
:104810005A4B43615A4B83610323037480F8119010
:1048200080F8129080F813904FF4C25252490AF067
:104830000BFD00232B70B0E711F04DFC504571EBE0
:104840000801B7DB062001F0A9FA30B14D4B4361F6
:104850000223037444748474C4744FF48452E5E7EF
:104860002B7006236A4600210120F0F75FFCA0B3FD
:10487000082001F093FA18B3404B4361404B836129
:1048800003230374002343748374C37418E03E4B02
:104890005B78022BE5D06A46062101208DF80040A6
:1048A000F0F75AFC90B1082001F078FA40B1334B90
:1048B0004361334B83610323037444748474C4746D
:1048C0002D494FF4C2520AF0BFFC66E79DF8003054
:1048D00003F00303012BC4D05FE7DFF8BC802B4E4D
:1048E00011F0F9FB98F8003004460D464BB3284907
:1048F0000622684613F0FAFF18BB264BD6E90020C3
:104900001B68B4EB02094FF00A0193FBF1F1194463
:1049100065EB000C4FEAE17E89457CEB0E0CFFF65F
:104920003CAF9A1840EBE3714FEA430EB4EB020C34
:1049300065EB010043F38073E6458341A4BF144651
:104940000D46134B0098BDF804201860C6E90045D9
:104950006846012439469A8088F80040FAF718FF23
:1049600020461BE70EB300200DB30020A83800201E
:104970000FB30020FB7B0500DC8F0400C2EF0400B6
:104980006F7C0500E07B0500D0B20020A03800203D
:1049900006B30020600400200CB3002037B50A20C5
:1049A000F7F7CCF8142400250DF10702602101204F
:1049B0008DF80750F0F7D0FBD0B99DF807309B0673
:1049C00016D50A20F7F7BAF8013CEDD1062001F020
:1049D000E5F930B1074B43610223037444748474D6
:1049E000C47405494FF484520AF02EFC4FF0FF3096
:1049F00003B030BD117C0500A48F040038B5234BF3
:104A00002DED028BFF22B0EE408A05461A7011F0A0
:104A1000ACFF0446B0B1082001F0C0F948B11C4B0E
:104A200043611C4B83610323037400234374837429
:104A3000C37419494FF4C2520AF006FCBDEC028B54
:104A4000204638BD154B5B78002B0CBF342210225A
:104A500062210120F0F796FB044630B1082001F0F6
:104A60009DF90028E5D00E4BDAE7032261210120F1
:104A7000F0F788FB04460028F0D12846B0EE480A3B
:104A8000FDF710FE00EAE074D8E700BFF60700204B
:104A9000287C0500187E0500A48F0400D0B20020F9
:104AA000C2EF040008B5054BFF221A7011F05DFF3C
:104AB00018B1BDE80840FAF7C1BF08BDF6070020ED
:104AC00010B508221B210120F0F75CFB0446A0B1C1
:104AD000082001F063F948B10A4B43610A4B836136
:104AE00003230374002343748374C37407494FF48E
:104AF000C2520AF0A9FB204610BD4FF47A70F7F7B6
:104B00001DF8F8E7C2EF0400377D0500CC8F0400E4
:104B10002DE9F0432DED028B8DB007460DF1070214
:104B200009210120F0F718FB0646C8B1082001F062
:104B300035F948B1514B4361514B836103230374F1
:104B4000002343748374C3744E494FF4C2520AF075
:104B50007BFB9FED4D0A0DB0BDEC028BBDE8F083F1
:104B6000DFF844819DF8079098F800304B4571D0EC
:104B7000464BDFED477A93ED008AB4EEE78AF1EE1B
:104B800010FA67DD9FED430A434D02A8FCF72CF8AD
:104B90002E70044638B1012302A8B0EE480A2B70EB
:104BA000FCF722F8C2E710221B210120F0F7EAFAF5
:104BB00090B1082001F0F2F840B1304B4361374B1F
:104BC00083610323037444748474C4742D494FF4C3
:104BD000C2520AF039FBDEE74FF47A70F6F7AEFF07
:104BE000FFF74AFC06A8FFF775FC0028D3D0FFF7B3
:104BF00067FF06460028CED1FFF73EFC09A8FFF765
:104C000069FC0028C7D003A909AA06AB0C46B6EE7A
:104C1000007AF2EC017AF3EC016A77EEA67A0136BB
:104C200067EE877A032EE1EC017AF2D1012302A824
:104C3000B0EE480A2B70FBF7D7FF00287FF476AF61
:104C4000234603CB386018689DF807307960B86058
:104C500088F8003022221B210120F0F793FA002867
:104C60007FF464AF07EE909A9FED0D7A9FED0D0AE9
:104C7000F8EE677A17EE870A6DE700BFC2EF04000F
:104C8000517D0500CC8F04000000C07FA47200207D
:104C90000AD7A33C0000807FF5070020437D050074
:104CA000CDCC4C3F00009642F407002010B50822FE
:104CB00009210120F0F766FA0446A0B1082001F0AE
:104CC0006DF848B10A4B43610A4B836103230374B7
:104CD000002343748374C37407494FF4C2520AF02B
:104CE000B3FA204610BD0120F6F728FFF9E700BF10
:104CF000C2EF0400C97C0500D48F04002DE9F04305
:104D00002DED028B8DB007460DF107020721012022
:104D1000F0F722FA0646C8B1082001F03FF848B182
:104D2000504B4361504B836103230374002343744E
:104D30008374C3744D494FF4C2520AF085FA9FED53
:104D40004C0A0DB0BDEC028BBDE8F083DFF840816A
:104D50009DF8079098F800304B4570D0454BDFED3B
:104D6000467A93ED008AB4EEE78AF1EE10FA66DD3A
:104D70009FED420A424D02A8FCF7B0F82E7004469F
:104D800038B1012302A8B0EE480A2B70FCF7A6F850
:104D9000C2E7102209210120F0F7F4F990B10820B0
:104DA00000F0FCFF40B12F4B4361364B836103237E
:104DB000037444748474C4742C494FF4C2520AF0CE
:104DC00043FADEE70120F6F7B9FEFFF705FC06A877
:104DD000FFF730FC0028D4D0FFF768FF0646002814
:104DE000CFD1FFF7F9FB09A8FFF724FC0028C8D0B2
:104DF00003A909AA06AB0C46B6EE007AF2EC017ADA
:104E0000F3EC016A77EEA67A013667EE877A032E15
:104E1000E1EC017AF2D1012302A8B0EE480A2B702E
:104E2000FCF75CF800287FF477AF234603CB3860AB
:104E300018689DF807307960B86088F80030222241
:104E400009210120F0F79EF900287FF465AF07EEF5
:104E5000909A9FED0D7A9FED0D0AF8EE677A17EEA6
:104E6000870A6EE7C2EF0400DB7C0500D48F0400E4
:104E70000000C07FA07200200AD7A33C0000807F02
:104E8000F3070020D17C0500CDCC4C3F00009642BA
:104E9000F20700209FED0B7A30B50022451C15F873
:104EA000124010F8123043EA04231BB207EE903A86
:104EB000F8EEE77A013267EE877A032AE1EC017AAD
:104EC000EDD130BD6F128339F0B5094E016802464D
:104ED0000A2700200B4601311C78355D6D0701D48F
:104EE0001360F0BD07FB0043A3F13000F2E700BF01
:104EF000BAA405002DE9F84F15469A46D378234AFF
:104F000012F803B06F2B81460F460BF0030B2BD02A
:104F100026D8582B0CBF10260A26DDF828803246EA
:104F2000002348463946D8F75DF8092A08F1FF38CA
:104F3000D4B21ED83034B145E4B277F1000788F816
:104F4000004001D3D04511D82B789B0605D5082EFB
:104F500015D1AB7843F00803AB704046BDE8F88F3D
:104F600003F0F703702BD5E70826D6E781460F46F6
:104F7000D5E7BBF1010F0CBF37345734DBE7102EF8
:104F8000EBD1AB7843F01003E6E700BFBAA405000D
:104F900010B443681B685A681069044A52F82040EC
:104FA00018680F2223465DF8044B184730A104000F
:104FB0000E4A0123C2F840354FF080424FF0805135
:104FC000C2F87835D1F83001082808D1D1F8341169
:104FD000052904D80648415C09B1C2F838364FF0BB
:104FE00080430122C3F880250020704700E0014083
:104FF0006E8A0500044B05493F22C3E90012044AAA
:1050000000201360704700BF70730020FFFF07008F
:105010006C7300200EB403B503AB014653F8042BA8
:1050200004480193DFF778FF02B05DF804EB03B0AA
:10503000704700BF51720300CA0605D48B064CBFEF
:1050400002490349FFF7E6BF704700BF532505003B
:105050009581050030B5144B144A1A62002403F1FF
:10506000180285B0C3E90622C3E900445C621C63F0
:105070005C630F4D0F49019400220023CDE9022308
:105080000E2300934FF480620B4B28460CF088F8F7
:105090000A491F2205F16D0013F038FC204685F8FF
:1050A0008C4005B030BD00BFD04A002069730300BA
:1050B000D8490020800F0120C975030098810500A0
:1050C00000B52DED028B9FED098A83B001A88DED0F
:1050D000018A08F0F7FB30B99DED010A03B0BDEC81
:1050E000028B5DF804FBB0EE480AF7E70000000011
:1050F0009FED0A0A00EB8101884207D1B5EEC00A94
:10510000F1EE10FA07DBB1EEC00A7047F0EC017A5D
:1051100007EEA70AF0E79FED010A704700000000C4
:1051200008B50A460346FFF7E3FFDFED097AB4EE60
:10513000E70AF1EE10FA09D4F7EE007A194618469C
:1051400087EE800ABDE8084003F0B6BA08BD00BF8C
:10515000000000342DE9F04F89B09246129C019373
:10516000D4E900238B460546194610468DED020A08
:10517000CDED040AD7F788FED4E902894FEA8B0601
:10518000002876D042464B4640464946D7F77CFE3B
:1051900004F11007002865D000214FEACB02384601
:1051A00013F04CFA5A490020DDF84CB0C4E9020172
:1051B00005EB0609D846D7E9002355F8040BCDE9DD
:1051C0000623D7F76FFBDDE90623D7F70DFA024672
:1051D0000B46E7E80223D4E90223D7F7E5FCD7F72B
:1051E000B1FEA94548F8040BE5D10498D7F75AFB5E
:1051F000D4E90223D7F7AEFB804602988946D7F759
:1052000051FB02460B4640464946D7F729FE30B3CC
:10521000139B3F4F9D1900265BF8040BD7F742FB09
:10522000DAE900238046894630463946D7F7DAF96D
:1052300042464B46D7F78EFBC4E90001019BDAE9F1
:105240000401D3E90223D7F7CDF942464B46D7F7FD
:1052500081FBAB45C4E9020104F11004DCD109B0C3
:10526000BDE8F08F2A4B002240464946D7F7BCF9EB
:105270009AE7139F2E4455F8040BD7F713FBDAE98E
:10528000002380468946D7F765FBD4E90023D7F78A
:10529000ABF9DAE90223CDE9020140464946D7F7E6
:1052A00059FB019BCDE90401D3E90023DDE90201AB
:1052B000D7F750FB02460B46DDE90401D7F792F918
:1052C000D4E90223D7F790F9C4E900014046DAE9AE
:1052D00004234946D7F73EFB019B8046D3E90223CE
:1052E0008946DDE90201D7F735FB02460B46404609
:1052F0004946D7F777F9C4E90201DDE90201D7F79A
:1053000021FEAE4247F8040B04F11004B3D1A6E726
:105310000000F03F08B5054811F0C6FD044811F043
:10532000C3FD044811F0C0FD002008BDA0810500A8
:10533000DD810500108205000CB430B585B008ABE6
:10534000044653F8042B0291CDE90030002501A951
:1053500006480395DFF7E0FDDDE902309842B8BF6B
:10536000255405B0BDE8304002B07047D76904004D
:1053700073B54368124A1B681C6842F20F738B4274
:1053800028BF0B46684605212568FFF7D5FF6368EF
:105390000C495B6806460B22284611F0A2FB6368A5
:1053A0003246694628465B6811F09BFB63680649F4
:1053B0005B681B22284611F094FB02B070BD00BF51
:1053C00001850500398B05001D8B050008B5074BCD
:1053D0001B783BB90649074840F2463211F07AFD86
:1053E00012F0EFFC044B986808BD00BFE8B2002043
:1053F000E332050065A40500446F002070B58D6898
:10540000CB6005F00305032D4FF0000602D02DB14F
:105410008E6002E04D688E603DB970BD054906485A
:10542000452211F057FD12F0CCFCAC46BDE87040AF
:10543000604700BF3E82050065A405002DE9F04FDE
:1054400089460E884F6859F8104B4B888BB005463B
:105450000592C6F382168A685FB9C3F30B13C4F3CF
:105460004A24C8460493002C40F0A8803EB3A246CC
:10547000B4E0B7497F1A47F3CF07002F0ADAC3F326
:105480000B13C4F34A24C8460493002C73D1B6B15D
:105490002746ECE7AF48401AB7EBD00FEFD2C3F383
:1054A0000B13C4F34A2451F837700493C846002CF8
:1054B00040F08880002EDAD1012F00F02381049B78
:1054C000002B00F07E8100273C46DFF8D092DFF809
:1054D000D0B24744049B0599102B28BF10232846BF
:1054E0009846FFF7A9FD4FF0000A544500F32981C3
:1054F0003A7859462846FFF78DFD4FF0010A1AF019
:10550000070F03D149462846FFF784FDD04540F2F6
:10551000498117F80A2059462846FFF77BFD0AF112
:10552000010ABAF1100FEAD18B4928464FF0000A60
:10553000FFF770FD5246BA5C884B995C11F0970FEB
:1055400008BF2E2286492846FFF764FD0AF1010AAA
:10555000BAF1100F00F02B811AF0070F03D1494662
:105560002846FFF757FDD0455246E4D8494628461D
:10557000FFF750FDEAE77EBBDFF8E8A1B34698F8F5
:10558000037098F8003098F801207F0007EB83073C
:1055900098F802301F44474400239A4200F2BB802F
:1055A000D8F8042008F1080329465046DFF7B4FC78
:1055B000002880F2BF8040F2A72213E0002EDBD04B
:1055C000CA460BE0002EFBD1664A674BB346012F5B
:1055D00014BF92469A46D2E7CA460027042E07D93E
:1055E00040F24D226149624811F074FC12F0E9FB6F
:1055F000059B03F001030893059B03F00803069342
:10560000059B03F480730993059B13F0020B07D0ED
:1056100013F0440F2FD157492846FFF7FBFC834670
:10562000089B53B1544B554953F82620544B2846F8
:10563000002A08BF1A46FFF7EDFC099B002B48D053
:10564000069B002B5CD04F4B4F4953F82620284631
:10565000FFF7E0FC03469B44BAF1000F57D1049BCF
:10566000002B6BD1059BDB0700F1B1800599284623
:10567000FFF7E2FCA5E0454B18680028CFD0444B6B
:105680004FF47A7B1B68B2FBF3F24FF4616CB2FB10
:10569000F0F100FB1122B1FBFCF30BFB02F20CFB5F
:1056A00013114FF03C0CB2FBF0FE079300FB1E22DF
:1056B000B1FBFCF30CFB13110BFB02F20091B2FBEC
:1056C000F0F23449CDE901E22846079AFFF7A2FC3F
:1056D000A5E7069B93B12B4B2B4953F82620284670
:1056E000FFF798FC0346002FB5D02B4906933A46A6
:1056F0002846FFF78FFC069B0344ACE7069BF2E7C6
:10570000069BA8E7049B002B5BD03746DDE6D0461E
:10571000DFF854A033E717F8011B48F8217038462A
:10572000CDE90623D7F75DFE079B069A01300744B3
:10573000013332E7049B002B40D0C84627465C4625
:10574000C3E649462846FFF765FC0AF1010ACCE6A4
:10575000548F0400E4910400CD820500BAA4050032
:10576000CF8205005371040051720300648205006A
:1057700065A405009382050054A1040094D9040097
:105780005DBF040040A10400B882050088730020BA
:10579000847300209C820500BE820500CB82050038
:1057A000C38205000D492846FFF734FCB7E6049B89
:1057B000B3EB0803474404937FF48CAE002E7FF4D0
:1057C00051AF28460BB0BDE8F04F11F098B9044A2C
:1057D00004492846FFF71EFC48E700BFC9820500C0
:1057E0005DBF040094D9040010B5436807481C68E5
:1057F00010F003FE30B906490648992211F06AFB01
:1058000012F0DFFA23685B685C6010BDC48A040094
:10581000D282050065A4050008B5EFF3118340238B
:1058200083F31288BFF36F8FEFF3108372B60022F9
:105830004FF480214FF0005009F09CF909480122F3
:105840004FF4805109F096F907480122042109F02C
:1058500091F94FF080430122C3F80025BFF34F8F29
:1058600020BFFDE700F003207C7F00202DE9F84FEA
:1058700004460846A38B1907164612D4022803F0E3
:10588000070162D1204611F0FEF888B101380428E2
:1058900000F2E380DFE810F05900E1007A00AA008E
:1058A000C50001280CBF43F0100143F02001A18383
:1058B00004F1140007F0E0FB002800F0938086F369
:1058C0001188BFF36F8FBDE8F88F03F00702501FF8
:1058D00001281ED80020062A2768C4E9000014D138
:1058E0003A4603E0E08B0130E0831268002AF9D1E8
:1058F00023F0070343F00202A283204611F0C3F80D
:1059000090B342F02002A2832EE023F007039AB264
:10591000F2E7042A32D123F007039AB2A283204689
:1059200011F0B1F810B142F02002A283A38B03F072
:105930000709894540F09480A18BCA0640F1D480C4
:1059400021F01003A38301F00701D4F81880A38B82
:10595000B8F1000FB9DA0022276823F00703C4E981
:10596000002243F00103A383A38B03F007098945B9
:1059700077D1002FE0D00025AA4629E040F21B1283
:105980005E495F4811F0A6FA12F01BFA11B14FF40C
:10599000AB72F5E7236813B940F25712F0E72369B9
:1059A0001D6815B94FF4AD72EAE7A38B23F0070326
:1059B00043F006039BB2A3830F4688464FF00609C7
:1059C000A268002A4FD1002F50D1002DB4D0BA4682
:1059D00043F0080304F1140BA383584607F04CFB73
:1059E000002845D14FF49A724649CAE7022902D0ED
:1059F00040F25D12C4E7E78B17B14FF4AF72BFE717
:105A000023695D6815B940F26112B9E7A38B23F0F1
:105A1000070343F004039BB2A383B8464FF0040985
:105A2000CEE7012902D04FF4B272A9E7236813B977
:105A300040F26512A4E723699D6815B94FF4B4726A
:105A40009EE7A38B23F0070343F005039BB20027D7
:105A5000A383B8464FF00509B2E740F26B128FE717
:105A600000270025ACE74FF0010AB1E79246AFE707
:105A700086F31188BFF36F8FBAF1000F11D11FBBEE
:105A800015B121492046A847EFF31186402383F33F
:105A90001288BFF36F8F584607F0E0FAE0B988220A
:105AA000A2E7A1680029EAD00E680029E7D0D1F862
:105AB00004A043464A462046D0471EB133683146CB
:105AC0001E46F2E73346FAE7394643464A46204641
:105AD0003F68FFF793FCD2E7584607F0E3FAA38B41
:105AE00023F00803A38327E78B067FF5E1AE21F0BF
:105AF0002003A38301F00701C4E600BF5ED50400C4
:105B000065A4050082CE04000D5B0300F8B50446D1
:105B10000D4600F11406EFF31187402383F312883A
:105B2000BFF36F8F304607F099FA30B9084909483A
:105B3000882211F0CFF912F044F9304607F0B2FA9A
:105B4000A5613A4620460121BDE8F840FFF78EBE28
:105B500082CE040065A405002DE9F84F0D460446E9
:105B6000002874D08B6803F00303012B04D0032BAF
:105B70006DD14B68002B6AD04FF0000BC5F80CB00C
:105B8000AB68032B63D804F11409EFF3118A4023A7
:105B900083F31288BFF36F8F484607F05FFA07461A
:105BA00010B988222B492EE0484607F07BFAE38B98
:105BB000A68B4FF6FF72934206F0070634D0022EF2
:105BC00009D10133E383B046484607F055FA88BB54
:105BD0004FF49A72E6E7062E12D8DFE806F00804C2
:105BE0001111082808006FF004080027ECE7C5F839
:105BF00000B0636863B9C4E9005566B1B046F4E724
:105C000015494FF4E472154811F064F912F0D9F80F
:105C10001D606560F1E7524602212046FFF726FE2F
:105C2000B0464046BDE8F88F6FF00A08DDE76FF038
:105C30008508DAE78AF31188BFF36F8F002FF0D061
:105C40000023324629462046FFF7D8FBE9E76FF0EC
:105C50001508E6E782CE04005ED5040065A40500C1
:105C60002DE9F843074615461C4690461E46EFF3BD
:105C70001189402383F31288BFF36F8F1E4807F00A
:105C8000EDF930B988221D491D4811F023F912F0B1
:105C900098F8194807F006FAB4F1FF3F08BFB5F1CC
:105CA000FF3F06D1144807F0E7F9F8B94FF49A72AC
:105CB000E9E7002C0ADB012D74F100042A46BCBF81
:105CC0000122002612F1FF3846F1FF3638460BF06C
:105CD0009DFADDE90823C7E90A2300233B63424616
:105CE0003346384607490BF0A3F9DBE789F31188FF
:105CF000BFF36F8FBDE8F8839C73002082CE040051
:105D000065A40500ED17040070B504460BF07EFA9B
:105D100000283CD1636A0BB120469847EFF3118607
:105D2000402383F31288BFF36F8F194807F096F969
:105D300030B988221749184811F0CCF812F041F810
:105D4000134807F0AFF954F8185FA54206D1104880
:105D500007F092F9B8B94FF49A72EBE7002DF6D03C
:105D6000284608F061FC0A4807F086F90028F2D0BE
:105D700086F31188BFF36F8F28460BF0C1FBBDE897
:105D8000704008F095BC86F31188BFF36F8F70BD2B
:105D9000406F002082CE040065A405002DE9F04F7D
:105DA000804C636A85B09842009000F2F88000252C
:105DB0002F460195EFF311830293402383F312885A
:105DC000BFF36F8F784807F049F9064640B988223B
:105DD0007649774811F07EF811F0F3FF4746E9E77E
:105DE000714807F05FF96DB12A463946204611F037
:105DF00088F8D4F80080404525D12369276023F036
:105E0000080323612269D4F8008012F0080527D026
:105E1000009B6BB34FF00009D4F80CA0D4F820B06D
:105E20001BF82A1001F0030102290BEB8A0750D15D
:105E30005BF82A1089084CD0204611F070F8E3680E
:105E4000A360002543E0226AAB0043F0020342F85E
:105E50002730204661682A4611F053F86060D1E788
:105E6000E36898452AD2A3EB0809009B4B45D3D899
:105E7000236A03EB8802019213F8282022F0030220
:105E800003F8282020462168009A11F03AF8E368C8
:105E90002060984208BF23694FF0000508BF43F017
:105EA0000803B84608BF23612F462E463E4807F038
:105EB000E3F8002861D14FF49A7289E7606A009B89
:105EC000A0EB08008342D3D908F076F9B8462F46F4
:105ED000ECE712F002054AD0E269384690471BF819
:105EE0002A2012F00106054644D012F002021DD00D
:105EF000B9F1000F02D0484608F05EF961682A4601
:105F0000204610F0FEFFD4E902319942606005D1CD
:105F100024482A4610F0F5FF0026A060A3682360FD
:105F2000E360236943F0080323618AE701462046C2
:105F3000039210F0F4FFE168A160B9F1000F04D002
:105F40002068216A039A41F820204D4421682A469E
:105F5000204610F0D6FF2269206042F0080222613C
:105F60001BF82A206FF300020BF82A209EE72F4629
:105F70002E469BE73546374698E7029B83F3118808
:105F8000BFF36F8F27B1A36913B1394620469847F5
:105F9000002E7FF423AF019805B0BDE8F08F0023F9
:105FA0000193F8E7240800203808002082CE04007E
:105FB00065A405002DE9F041B5EEC00AF1EE10FA36
:105FC0002DED028BDFED427AB0EE408A07464CD9C8
:105FD000B4EE670AF1EE10FA4CD0B7EE007AC7EED5
:105FE000007A0126FDEEE77A17EE903A642B44DC46
:105FF000322B46DC192B48DC012B4ADD9FED358A1C
:106000003346DFF8048146EA03151A0198F8003098
:10601000AB4259D042F008020B210120EFF7B2F851
:10602000044638B946F040020A210120EFF7AAF8E9
:10603000044690B30820FFF7B1FE48B1264B4361F8
:10604000264B836103230374002343748374C37456
:1060500023494FF4C25209F0F7F8FF2388F80030C3
:10606000BDEC028B2046BDE8F08100260423B0EE93
:10607000678AC6E700260423C3E79FED1A8A042334
:10608000BFE79FED198A0323BBE79FED188A022320
:10609000B7E70023B0EE478AB3E7154B88F8005006
:1060A00000200021C3E90001124B1C70124B1C7030
:1060B000124B1C7046B1DFED127A124B68EE277A54
:1060C000FDEEE77AC3ED007A87ED008A0024C7E78A
:1060D0000000807FCDCCCC3DC2EF0400888B050052
:1060E000E48F04000AD7A33B0AD7233C0AD7A33C7A
:1060F0009838002004B3002003B3002002B300202E
:1061000000007A4474040020F00700202DE9F347D2
:10611000774D2C780746002C7FD0764A137833B120
:1061200000232B701370002002B0BDE8F087724E80
:106130008DF80030D6E9003213F10A0A42F1000866
:106140009DF8003013F001091DD00020002100222D
:1061500013F002032A70C6E90001684D46D02C787E
:106160007CB90620FFF71AFE30B1654B436102236C
:10617000037444748474C47462494FF4865209F001
:1061800063F801231CE06A4609210120EEF7E4FFD1
:106190000446B8B10820FFF701FE58B15A4B4361DD
:1061A0005A4B83610323037480F8119080F8129096
:1061B00080F813904FF4C252524909F045F8002379
:1061C0002B70B0E70FF087FF504571EB0801B7DB8C
:1061D0000620FFF7E3FD30B14D4B4361022303740A
:1061E00044748474C4744FF48452E5E72B70012125
:1061F00006236A460846EEF799FFA0B30820FFF78A
:10620000CDFD18B3404B4361404B836103230374BE
:10621000002343748374C37418E03E4B5B78022BF5
:10622000E5D06A46092101208DF80040EEF794FF81
:1062300090B10820FFF7B2FD40B1334B4361334BBF
:1062400083610323037444748474C4742D494FF42C
:10625000C25208F0F9FF66E79DF8003003F003032F
:10626000012BC4D05FE7DFF8BC802B4E0FF033FF6B
:1062700098F8003004460D464BB32849062268467C
:1062800012F034FB18BB264BD6E900201B68B4EB98
:1062900002094FF00A0193FBF1F1194465EB000C80
:1062A0004FEAE17E89457CEB0E0CFFF63CAF9A1875
:1062B00040EBE3714FEA430EB4EB020C65EB0100D7
:1062C00043F38073E6458341A4BF14460D46134B48
:1062D0000098BDF804201860C6E90045684601240E
:1062E00039469A8088F80040FEF7D4FD20461BE727
:1062F00004B3002003B300209838002005B3002029
:10630000FB7B0500E48F0400C2EF04007B8B0500DB
:10631000E07B0500D0B200209038002031B300208F
:106320007404002002B3002008B50820FFF736FDF2
:1063300048B1084B4361084B836103230374002376
:1063400043748374C374BDE8084004494FF4C252D7
:1063500008F07ABFC2EF04006E8B0500E48F0400E2
:1063600008B50820FFF71AFD48B1084B4361084BF8
:10637000836103230374002343748374C374BDE8EF
:10638000084004494FF4C25208F05EBFC2EF040057
:106390005E8B0500E48F040010B542220A21012023
:1063A000EEF7F0FE0B4BFF221A70021E0A4B18BFCD
:1063B00001221A70094B01221A7004460FF08BFE5D
:1063C000074BC3E900011CB1BDE81040FFF7C8BF8F
:1063D00010BD00BFF007002003B3002004B300206D
:1063E0009838002008B50820FFF7D8FC48B1094BC1
:1063F0004361094B83610323037400234374837453
:10640000C37406494FF4C25208F01EFF6FF00C002F
:1064100008BD00BF1AE50400458B0500C4900400C8
:10642000F8B5054608200F461646FFF7B7FC48B1F9
:10643000724B4361724B83610323037400234374E3
:106440008374C3746F494FF4C25208F0FDFE6E4B63
:106450009B6ADB0663D50820FFF7A0FC48B16B4BB5
:106460004361674B83610323037400234374837484
:10647000C37464494FF4C25208F0E6FE1120624B27
:106480009B6A1C0713D50820FFF788FC48B1604BB6
:1064900043615B4B83610323037400234374837460
:1064A000C37458494FF4C25208F0CEFE1220564B26
:1064B0009B6A990735D50820FFF770FC48B1554B0A
:1064C00043614F4B8361032303740023437483743C
:1064D000C3744FF4C2524B4908F0B6FE4A4B5C6B92
:1064E0009B6A1A067BD50820FFF758FC50B14A4B2F
:1064F0004361434BC0E9063404230374002343740F
:106500008374C3743F494FF4015208F09DFE27B1D4
:106510003D4A936A23F080039362132003E0102026
:10652000ADE76FF01504384B9B6ADB0713D50820E5
:10653000FFF734FC48B1394B4361314B836103238E
:106540000374002343748374C3742E494FF4C252FE
:1065500008F07AFE14202C4B9B6A9F0613D5082066
:10656000FFF71CFC48B12E4B4361254B836103238D
:106570000374002343748374C37422494FF4C252DA
:1065800008F062FE1520204B9A6AD10602D49A6A5E
:10659000920715D55B681F0512D5224B9B680BB37C
:1065A00014F1160FD3F8943005D0A3F18002944271
:1065B00018D39C4216D29D4214D283F3098802203C
:1065C000114B9A6A920642BF5A6A22F400525A62EA
:1065D0009A6A42F0FF029A6200233370F8BD6FF0AE
:1065E00015049AE7084B9B6AD906E9D50E490F486E
:1065F00040F2271210F06EFC11F0E3FB108305004F
:10660000C18A05001491040000ED00E02A83050012
:10661000618305007883050094830500AE8305003F
:10662000D1830500446F00200484050065A40500A3
:1066300010B504460820FFF7B1FB50B1094B436188
:10664000094BC0E9063404230374002343748374A4
:10665000C37406494FF4015208F0F6FD6FF01500BF
:1066600010BD00BF36840500748A05000C9104003B
:10667000F8B54768056938680FF0BFFE0446A8B949
:106680000820FFF78BFB40B1284B4361284B836107
:106690000323037444748474C47426494FF4C252AF
:1066A00008F0D2FD6FF012042046F8BD3868836808
:1066B0001B689847041E14DA0820FFF76FFB50B1DF
:1066C0001D4B43611A4BC0E90634042303740023B5
:1066D00043748374C37417494FF4015208F0B4FD36
:1066E000E2E7D7E901631E44A64217D90A20FFF763
:1066F00055FB58B1114B43610D4B0462C0E906369E
:1067000005230374002343748374C37409494FF44D
:10671000215208F099FD6FF01504C5E72B1D0024E8
:10672000C5E90344C5E90133BEE700BF6084050045
:106730004F8A05004C9104007F840500A584050064
:106740002DE9F74F0E464979357915F0200224D00E
:1067500096F80690B9F17F0F08BF4FF0FF0905F0DA
:106760001F05072D1CD90820FFF718FB50B19B4BC4
:1067700043619B4BC0E90635042303740023437433
:106780008374C3744FF40152964908F05DFD6FF0B5
:106790001504204603B0BDE8F08F4FF0FF09DEE797
:1067A00034780C2C1ED8DFE804F00808081D071DFB
:1067B000151D1D17191D1B0003247378032B22D0F0
:1067C000042B36D00820FFF7E9FAC8B1864B4361A5
:1067D000864B0EE00424F0E70524EEE70624ECE700
:1067E0000724EAE70820FFF7D9FA48B1804B436154
:1067F000804B836103230374002343748374C37445
:106800004FF4C252C0E701230093738844F20A0098
:10681000834263D843F6FE7083420CD8002B6CD0C1
:106820000820FFF7BBFA0028EAD0734B4361734B93
:10683000DFE70023E8E7A3F57F533F3B0B2BEFD8BF
:1068400001A050F823F000BF07690300216803008E
:1068500021680300216803007968030021680300B0
:10686000D768030021680300216803002168030042
:1068700021680300FB6803004FF0000B60484FF0F5
:10688000010808FA05F790F85030FFB2002A42D00C
:1068900096F806C0BCF17F0F38D13B4380F85030EA
:1068A000337990F851C003F01F0308FA03F343EA69
:1068B0000C03DBB280F851304FF00008DFF850A134
:1068C0009AF82E30A3BB4FF4EA724E494E4810F0AE
:1068D00001FB11F076FA4FF0010BCFE744F2140000
:1068E00083420DD044F2280083420CD044F20F00C2
:1068F000834295D14FF0030BC0E74FF0020BBDE789
:106900004FF0040BBAE74FF0050BB7E723EA070394
:1069100080F85030D2E73B4380F85030337903F0B1
:106920001F0308FA03F890F8513023EA0803C1E77F
:10693000019106F053FB00284DD10199FF2901D1A7
:10694000E622C2E7084602F061F8D0B96FF01504FC
:1069500035790A2005F01F05FFF720FA58B12B4BB7
:1069600043611F4B0462C0E906350523037400230D
:1069700043748374C3741B494FF4215208F064FCC0
:1069800007E705F10C030AEB43018871B8F1000F2A
:106990001FD04846019302F039F8019B0028D5D05A
:1069A0000AEB43032402D871009B2D0144EA03340F
:1069B00005F1804544EA0B4405F5E04544EA0854F6
:1069C000C5F818459AF830301F438AF83070002413
:1069D000DFE64046E4E76FF00F04B9E7E98405001D
:1069E000388A0500F48F0400278505001D8A0500FC
:1069F00004850500148A05004F8505002B8A0500D3
:106A0000780000207E85050065A40500BB85050093
:106A10003473002070B5C4697CB10C4D22796D5C73
:106A2000AA420DD00A4E735C93420CD1A3689847DA
:106A3000002801DB2571002070BD6FF05700FBE7D7
:106A40006FF07700F8E76FF08500F5E7198B050028
:106A5000158B050038B543681C68074B65681979C4
:106A6000012902D10548FFF7D5FF01232B752068C6
:106A7000BDE8384010F043B840010020C48A04004B
:106A800038B50C4C0D460023227882420AD00133DF
:106A9000052B04F11004F7D16FF0010038BD2C6014
:106AA0000020FBE7E0680FF0A8FC0028F7D16FF0AA
:106AB0001200F3E780A0040040F6CD43F7B5C018FC
:106AC000224A41F100034FF0FF340021156845B11F
:106AD000D2E90265864275EB0307BEBF0C4630461D
:106AE0002B460131092902F11802EFD1184A012879
:106AF000546373F100026FF0010222DB82426FF0F7
:106B0000004474EB0301BCBF104623464FF0FF3135
:106B1000121A61EB03034FF0FF304FF0FF31CDE964
:106B200000010B48FFF79CF80A4B1B7863B10A4B36
:106B300018680A4B19688368DB6803B0BDE8F04049
:106B400018474FF0FF33E6E703B0F0BD783600207A
:106B500050370020FCB20020307200202C72002040
:106B600010B5406B431C05D0182309494343CA188C
:106B7000CB582BB907F076FEBDE81040FFF79CBF5D
:106B800053691BB1BDE810401169184707F05AFA64
:106B90007836002008282DE9F041044626D807F071
:106BA000FDFD07F05FFE18225443124B53F804E03A
:106BB0001F1900244FF4004C05460E4640F2E73002
:106BC00021464FF47A720023EEFB0C01D6F70AFA45
:106BD000401946EB0101C7E9020128463146FFF79B
:106BE0006BFF0BF047FA2046BDE8F0816FF015000F
:106BF000FAE700BF78360020054B9A699B689A42F5
:106C00001FBF044A536843F080535360704700BF6E
:106C1000446F002000ED00E008B5EFF30583064A5D
:106C2000103B02EBC30152F8330049688847BDE8C6
:106C30000840FFF7E1BF00BF40A7050072B6002380
:106C400083F313881B49D1F890201846C2F307221A
:106C50009A4228DC184B4FF0FF32C3F88020C3F86B
:106C60008420C3F88820C3F88C20C3F89020C3F890
:106C70009420C3F89820C3F89C20C3F88021C3F85F
:106C80008421C3F88821C3F88C21C3F89021C3F86C
:106C90009421C3F89821C3F89C2162B6BFF34F8FAB
:106CA000BFF36F8F7047C1F89830C1F8A00001336F
:106CB000CEE700BF00ED00E000E100E0002807DBC8
:106CC000044A4109012300F01F00834042F82130AB
:106CD000704700BF00E100E000280CDB43090649D3
:106CE00000F01F0020330122824041F82320BFF32F
:106CF0004F8FBFF36F8F704700E100E00028ACBFFB
:106D000000F16040064B4FEA4111ACBF00F5614015
:106D100000F00F00C9B2B4BF195480F800137047D7
:106D200014ED00E008B5027B12F0020F0346254A7D
:106D300003D190F8ED10C90629D4516B41F0804180
:106D40005163D3F8EC2010075CBF42F00802C3F88F
:106D5000EC201A7B42F002021A73D3F894301A48DE
:106D6000803B0360194B8022C0E90123184B0022AD
:106D7000197808F07BFB10F1160F15D0154A002189
:106D8000D2F89030C3F30723984215DB08BD516B4E
:106D900021F080415163D0F8EC20110744BF22F06C
:106DA0000802C0F8EC20D8E70B490C4840F2A712C3
:106DB00010F090F811F005F8C2F89800C2F8A01091
:106DC0000130DDE700EF00E07873002000000B15D4
:106DD0002EB3002000ED00E0DF85050065A405006E
:106DE00010B40F4CD4F89030C3F30723013B984202
:106DF00003D95DF8044BFFF71BBCC4F898000B687F
:106E000023F01F03034343F01003C4F89C308B6846
:106E100043F00103C4F8A0305DF8044B704700BF95
:106E200000ED00E02DE9FF48B04AB14B22F07F02AF
:106E30009A60BFF34F8FBFF36F8FD3F8882022F48F
:106E40007002C3F88820D3F8882042F4A002C3F867
:106E500088204FF04042C3F83422BFF34F8FBFF376
:106E60006F8F0024E1EE104AA248A34A2146121A6D
:106E700011F0E4FBA148A24AA249121A11F0B6FB94
:106E8000A148A24AA249121A11F0B0FB60B2022135
:106E90000134FFF733FF302CF8D1002007F0E2FA7D
:106EA0009C4F87F30888924B5A6942F400725A61EA
:106EB000E02283F822202022DA7700221A765A76FE
:106EC0009A7683F82020596A41F4E021596283F8C8
:106ED0002320596941F010015961596921F00801D5
:106EE000596110204FF0FF3118619962D962D3F8CF
:106EF0009010090A11F0FE0F07D140F201228649D5
:106F000086480FF0E7FF10F05CFFBFF35F8F844906
:106F1000C3F89420C3F89820C3F89C00C3F8A010CD
:106F20000121C3F898107F49C3F89C107E4C7F491B
:106F3000C3F8A01002212170D3F89000C0F30720FD
:106F400081420FDB0522C3F89420BFF34F8FBFF3BC
:106F50006F8FD3F89030C3F30723082B08D040F28B
:106F60007322CCE7C3F89810C3F8A0200131E3E7FF
:106F700021786F48012208F079FA2070163002D18A
:106F80004FF4C472BBE76B4B6B4A00241C706B4B15
:106F90001C606B4B1C606B4B1A606B4B01251D60BA
:106FA0006A4B4FF400421A60694B1822214618467A
:106FB00011F044FB674AC261674A8261674A026214
:106FC0004FF48062C0E909240322026100F12C021F
:106FD000C0E90B22624B634A63491060C0E90D456A
:106FE00018468B420AD9614940F2271288E71A1ADB
:106FF0005C681211013222711033F2E7F7D35C4B57
:107000005C4C40F201129A810022C3E925225A4ABF
:10701000C3F8A020A360594A594B934204D9594957
:10702000CC226DE72033F8E7FCD3012007F01AFAF1
:10703000022007F017FA544B544EDFF868A1A661FE
:10704000C4E9073300254FF0010B514B514905931B
:107050004FF400625346CDE9035BCDE9015500953D
:10706000304607F067FA737BDFF83C8123F00403B6
:107070008146304673730AF043FA474B4749CDE9DE
:1070800004B30F23CDE90253CDE90045444B4FF43F
:10709000C072404607F04EFA98F80D30C4F80C80E4
:1070A00023F0040388F80D3025746760E1EE105A70
:1070B000EFF3148323F0040383F31488BFF36F8F7B
:1070C000BFF36F8F3046A660FFF72CFE544689F35E
:1070D00009880020034B9847204600210022002306
:1070E000014C204757700400EF6E040000C20000FE
:1070F00000ED00E0E0090020B8B80020000000200A
:10710000E0090020C0A805000000002000000020C9
:10711000C0A80500800F0120DF85050065A40500DB
:1071200027000202110000202EB3002023000B11C3
:1071300010A104002FB30020536B040098730020AB
:107140009473002070040020847300208873002052
:1071500024080020BF6A0400B5720300E83800204C
:10716000E491040090730020F49104000E86050061
:10717000702C0020446F002064080020648C040000
:10718000648A04003B860500606F0020E848002008
:107190005C86050080FE00206186050080FC0020E2
:1071A000C9E4030021210400602D002008B5054832
:1071B0000FF07AFE002383F31188BFF36F8F04234F
:1071C000184602DF66860500BFF34F8F0549064B60
:1071D000CA6802F4E0621343CB60BFF34F8F00BF75
:1071E000FDE700BF00ED00E00400FA0510B5094C12
:1071F0000A44914200D110BD11F8013B58400309E7
:107200000001E35CC0B2434018091B01205CDBB203
:107210005840EEE75E8A050030B50C4DC0430A4485
:1072200011F8013B83EA000404F00F048A4255F888
:10723000244084EA101080EA131303F00F0355F87A
:10724000233083EA1010EBD1C04330BDD0A004003E
:1072500038B54B681A68CB689A4205460C4602D18D
:1072600008460FF04CFC60680EF001FFA3681D5447
:1072700063681A68E3689A4206D90449044872228E
:107280000FF028FE10F09DFD002038BD648205003F
:1072900065A4050010B5064C20460EF0E8FE18B9AE
:1072A000BDE8104008F0A6B86FF00F03636210BD90
:1072B0007800002008B507480EF0D9FE06480FF008
:1072C00058FE0648FEF720FDBDE8084004480EF0D1
:1072D00028BF00BF9873002094730020D04A00207C
:1072E0006809002010B5044C237813B903480EF048
:1072F00018FF0123237010BD30B30020680900205F
:107300002DE9F843174F044606464FF0010814B91B
:107310003046BDE8F88394FAA4F0B0FA80F008FA99
:1073200000F3050107EB00106FEA030924EA0304E8
:10733000037B002BEBD07B591B6973B97B190420AD
:107340005A68D07111685A6811605B6883F80580CB
:1073500006EA0906FFF7C6FFD9E798470028D6D105
:10736000ECE700BFE491040001480EF0DABE00BF74
:10737000680900202DE9F047874B1878002800F0B5
:107380000981864F4FF00008A7F11405EFF311892A
:10739000402383F31288BFF36F8F384605F05EFEFB
:1073A000064630B988227E497E480FF093FD10F0E2
:1073B00008FD384605F076FE2B69A968180702D447
:1073C0006B688B4200D26B6A5B1A002B36D0286A3E
:1073D00010F8213013F0030200EB810431D0022AAF
:1073E00004D150F821205FEA920A05D1DA0715D4BA
:1073F000EB69204698478246A968524628460FF016
:1074000080FD5146A86028460FF089FDB0463846F9
:1074100005F032FEB8B94FF49A72C4E743F00203A4
:1074200000F821302046EB69AE68984731460246A5
:1074300028460FF066FD0026A860E8E71E463446A1
:10744000E5E71646FBE789F31188BFF36F8F002E3F
:107450009CD1B8F1000F1CD03CB1534D534EB542F6
:1074600024D94FF4007252499EE752480EF059FE5B
:10747000514D524C2B68002B66DCD4E9003213F5D9
:107480007A7342F10002C4E90032BDE8F04707F028
:10749000ADBD002CECD0E0E76B685B7923B12B68C5
:1074A00021461B68284698471035D8E7F4D3444B4B
:1074B0001D682046EB69984705F114070646EFF36F
:1074C0001188402383F31288BFF36F8F384605F08D
:1074D000C5FD00283FF466AF384605F0E3FD23788C
:1074E0006FF3000323702B699B0705D5EA682B6AAD
:1074F00003EB82039C4222D123786FF34103237074
:10750000D5E90231994204D1324628460FF0F9FC00
:10751000A860314628460FF002FD384605F0ACFD64
:1075200000283FF478AF88F31188BFF36F8F05F11F
:107530002C000EF0F6FD23480FF01BFD98E72368A2
:1075400066F39F032360E8E70EF0C5FDD4E900323F
:10755000C01A40F2E93361EB0201984271F1000177
:107560008BD3284600210EF095FD0F4D0F4F064698
:10757000BD4202D94FF4037275E7BFF47EAF6B686A
:107580005B792BB12B685B6813B13146284698476D
:107590001035EDE7BDE8F08730B300203808002053
:1075A00082CE040065A40500E4910400F491040077
:1075B0000E8605005008002098730020C84A00205D
:1075C0009073002094730020DFF8B490264BA9EB51
:1075D00003031B0980B507D140F2A932234924488F
:1075E0000FF078FC10F0EDFB002007F0D3FD04460F
:1075F00030B340F267650026FDF7E8FE1D4B1860CA
:1076000030B11D4B1B68092B02DD1C480EF089FDB3
:10761000DFF868A000273CB12046FFF771FE044662
:1076200010B94FF0FF352E46FFF7A4FE804628B96B
:1076300057B92A46334650460EF071FD4746EAE7F1
:107640004FF0FF352E46D7E7074F08E0F1D23B68F1
:107650009B691BB1002211463846984710374F45A9
:10766000F4D940F29D32B9E7E49104000E8605009A
:1076700065A405008C730020947300206809002025
:10768000F49104002DE9804885B0064600AF0C4611
:10769000002900F0A6800A20D1E900988D68FEF745
:1076A0007DFB60B1AB4B4361AB4BC0E90885C0E9E2
:1076B000063906230374002343748374C374A749F3
:1076C0004FF4415207F0C0FD0A20D4E903986569E0
:1076D000FEF764FB60B1A24B43619F4BC0E9088594
:1076E000C0E9063906230374002343748374C3740A
:1076F0009A494FF4415207F0A7FD0820E569FEF7CB
:107700004DFB50B1974B4361934BC0E906350423C1
:107710000374002343748374C3749049DFF8A09208
:10772000DFF834A24FF4015207F08EFDA046002589
:10773000D8F82010D8F82420D8F82830D8F82CB061
:1077400079601020BA60FB60FEF728FBA8B1FB68E7
:107750000363EB1C7968BA680162C0E90D3BC0E9BC
:10776000059A0B23691C82620374AA1C0023C5615D
:107770004162C26243748374C374784945F640021F
:10778000043507F061FD102D08F11008D0D1082054
:10779000256EFEF703FB50B1734B43616E4BC0E99E
:1077A000063504230374002343748374C3746B4944
:1077B0004FF4015207F048FD0820A569FEF7EEFAE4
:1077C00050B16A4B4361644BC0E90635042303742E
:1077D000002343748374C37460494FF4015207F06B
:1077E00033FD012E624D40F08180EFF305880820C3
:1077F000FEF7D4FA60B15F4B43615F4B8361A8F140
:107800001003C36104230374002343748374C3749B
:1078100052494FF4015207F017FDEFF31183402353
:1078200083F31288BFF36F8FD5F80880534B53F85A
:107830002630297CE9468CB06A46514D514850614A
:10784000C2E9083140F2024313854F4B4348C2E975
:1078500006564FF4515142F8103F08F03DFCCD461A
:10786000ACB1E369C3F308038BB10820FEF796FAC5
:1078700040B1464BC0E9053503230374002343742C
:107880008374C37435494FF4C25207F0DDFCB8F17C
:10789000000F38D098F86D30002B34D008F16D030C
:1078A0006C468AB06A463A492C48C2E9078340F2DE
:1078B00002439384374BC2E9051542F8103F4FF459
:1078C000315108F009FCA546334D2B786BBB0120E4
:1078D00007F060FC314C324EB4421FD93149324876
:1078E00040F2C5120FF0F6FA10F06BFAEFF31183C5
:1078F000402383F31288BFF36F8F042ED5F80880DE
:1079000094D92A4B95E72A4BCAE763685B791BB188
:10791000236820469B6898471034DDE7F5D3FFF7CE
:1079200029FD0028FBD101232B700820FEF736FA31
:1079300048B1204B4361204B836103230374002330
:1079400043748374C3741D494FF4C25207F07CFC26
:10795000FFF73AFC7D860500D28A050014910400E9
:10796000B0860500E38605003D87050050870500C9
:10797000446F002082870500038B05001CA10400D2
:10798000F58A05009987050006000001C5870500F6
:10799000EA870500050000012FB30020E4910400F0
:1079A000F49104000E86050065A405006F860500AD
:1079B00099CA040006880500DB8A0500A49004002B
:1079C000F68605002DE9F041A24B9CB05C6800AF43
:1079D0000546C4F30803002686F31188BFF36F8FB2
:1079E00002F07F40B0F17F4F14D102F00C00082864
:1079F00018D1FEF7D3F940B1974B4361974B8361A0
:107A00000323037446748674C67495494FF4C252B6
:107A100007F01AFC40F21442924993480FF05AFAC8
:107A200010F0CFF912074CBF0D460126002DF1D002
:107A30000022FA71DA1E092A00F2E580DFE812F06E
:107A40000A00CC00CF00C300E300E300E300E30042
:107A5000E300D2000820FEF7A1F948B1834B43614F
:107A6000834B836103230374002343748374C374BF
:107A70007B494FF4C25207F0E7FB4FF00008754B0B
:107A800087F80780DC6A14F0020416D00820FEF79D
:107A900085F958B1774B4361754B836103230374B8
:107AA00080F8118080F8128080F813806C494FF4C0
:107AB000C25207F0C9FB002449E0DA6A002A0EDA54
:107AC0000820FEF76BF90028F0D06B4B4361684B40
:107AD00083610323037444748474C474E6E7DB6A2B
:107AE0005B0076D50820FEF759F940B1634B43613E
:107AF0005F4B83610323037444748474C4745849D2
:107B00004FF4C25207F0A0FB524BA9695A6942F4E4
:107B100080725A61BFF34F8FBFF36F8F5A6931F88C
:107B2000021C22F480725A61BFF34F8FBFF36F8F34
:107B30004DF60272914223D108202C68FEF72EF9EF
:107B400040BB47494FF4015207F07EFB2C68FB799C
:107B5000002B7AD16822294607F1080010F046FD73
:107B60007B6A002E6CD0C3F3080222B96FEA53235C
:107B70006FEA43237B6207F108012046FFF782FD8D
:107B80009A6AD2B292B1FA1D01212846FEF748FC4A
:107B90000446DCE73A4B4361354BC0E90634042325
:107BA0000374002343748374C374CAE79A6A12F49B
:107BB0007F4F04D0F91D012007F05EFDE8E79B6AC6
:107BC000B3F5803F02D307F093FCE1E740F2ED22EA
:107BD00022E74FF43C721FE7FA1D0021D5E7F91D9B
:107BE0000020E9E70820FEF7D9F800283FF45EAF4F
:107BF000244B4361244B83610323037400234374A8
:107C00008374C37452E7214A214914F4F87F6C4607
:107C10008AB018BF11466A461E485061103B136275
:107C20001D4840F2013393841C4BC2E9060142F81F
:107C3000103F0B484FF4315108F04EFAA5463AE791
:107C400023F4FF7323F0010394E77037BD46BDE8CA
:107C5000F08100BF00ED00E0498805008D8A050035
:107C6000149104000484050065A4050078880500CB
:107C7000958A050093880500B8880500CA88050024
:107C8000ED8805000D890500A08A050030880500F3
:107C90001B88050035890500AE8A05000500000136
:107CA00037B50C460A490B4A411A40230093491143
:107CB0000546234608480FF066FA011E05DA2846F5
:107CC000234603B0BDE83040184703B030BD00BFC5
:107CD000344C0020EF710400648A0400014B002042
:107CE0001B681847E8740020014B1B68184700BF49
:107CF000E87400200029036909DC1B6823B9436884
:107D00009968044BB3FBF1F31360002070476FF0E8
:107D10001500704700CA9A3B024B0B6001231360A9
:107D2000704700BFB87400200048704798A904004D
:107D3000074B0122C3E90033C3E902224FF080520E
:107D4000044B5169196012695A600020704700BFE6
:107D5000C0740020B8740020B0F5A47F09D1054B91
:107D60001A68D2F8003223F4806323F00403C2F8C7
:107D700000327047F40400200A4B0B481A780123A4
:107D80009340C0F80835D30003F1804303F5F8337E
:107D900002F511720021C3F81015C3F8141540F84C
:107DA00022107047D9B3002000F001400F4B1A7821
:107DB0000F4B1B78012101FA02F09940D200DB0041
:107DC000014302F180420B4803F1804302F5F8328F
:107DD00003F5F833C0F808150021C2F81015C2F8F1
:107DE0001415C3F81015C3F81415704742B30020DA
:107DF00041B3002000F00140024AD2F80034002BC9
:107E0000FBD0704700E001404FF08053D3F83021A1
:107E1000082A06D1D3F83431052B02D8024AD05CA7
:107E200070470020704700BFD5940500034A4309FE
:107E300000F01F00D35C1844C0B27047C594050021
:107E4000034611F0010030B5CCB213D1A207C4F340
:107E5000400020D5124AD2F8200558604FF08053D8
:107E6000C2F82005D3F83031082B15D0003818BFE0
:107E7000012010E04FF0A0414FF08055D1F82025AF
:107E80001A60C1F82025D5F83051082D08BFD1F867
:107E90002015002ADAD030BDD2F82035E6E700BF41
:107EA0000003005038B505460A200C46FDF776FF62
:107EB00058B10A4B43610A4B0462C0E906350523F9
:107EC0000374002343748374C37406494FF421522E
:107ED00007F0BAF96FF0150038BD00BF978B0500A9
:107EE000D5950500BC9004004FF08053D3F8303195
:107EF000082B20D14FF08042D2F81015CB071AD5AD
:107F0000D2F8103501F01E0123F01F030B43C2F815
:107F10001035D2F808315BB1D2F8103523F01F03C9
:107F20000B4343F00103C2F810356FF08B0070472C
:107F3000024B01221A700020704700BFDBB3002003
:107F40004FF08042D2F81015D2F8103501F01E0122
:107F500023F01F030B4343F00103C2F81035024B1B
:107F600000221A70704700BFDBB300202DE9F041FA
:107F70000B4E0C4F0C464FF001080CB9BDE8F081D8
:107F800094FAA4F5B5FA85F52B1D56F8233013B1F4
:107F900029463846984708FA05F524EA0504ECE72F
:107FA000FC030020E48A0400F8B50F4D2B68D3F8D9
:107FB00004430126002704B9F8BD94FAA4F3B3FAE8
:107FC00083F3980006FA03F300F5807024EA0304B3
:107FD0002B681A58002AEED01F501B586B68002BD4
:107FE000E9D0A9689847E6E7F404002080B500AF1F
:107FF0008AB003686A460A4951610A490A48C2E9D7
:10800000061340F201331384084B42F8103F4FF43B
:10801000115108F061F86FF00400BD4680BD00BF4B
:10802000B88B050004960500F48F040004000001DD
:1080300038B504460D46082005F08AF93DB92020E0
:1080400005F086F9BDE83840082005F081B90A48F6
:108050000EF02AFF2544EDB2607804F8010B05F01C
:1080600077F9E3B2AB42F7D1202005F071F9BDE812
:10807000384002480EF018BFDC8B0500E08B05008D
:10808000002810B51A491B4840F2044408BF4FF4B9
:108090008064D4F791F9C0B9D4F782F9164B174927
:1080A0001A78D30003F1804303F5F833C3F81015B1
:1080B0001349C3F8141501239340124AC2F804353A
:1080C000114B1B68C3F8004210BD104BDB7C002B2A
:1080D0000B4B0CBF81222822C3F848250022C3F88D
:1080E0004821D3F848214FF48022C3F80423E7E75E
:1080F000C4040020DC040020D9B300201841014052
:1081000000A0004000F00140F40400206C74002046
:108110001FB500220123CDE90223094ACDF800D082
:108120006B46CDF804D00FF05BF8002805DB4FF468
:108130008042002368460DF0F2FF05B05DF804FBB5
:108140005D79040008B506480EF057F920B10548DE
:108150000AF0A6FD002008BD6FF01200FBE700BF8B
:10816000C48A0400E97504000D4B1868010A000672
:10817000BFF35F8F0B4BD3F80435181841F10001A2
:10818000B3F5801F0AD2084BD3E90023904271EB6C
:10819000030303D210F1807041F10001704700BF6A
:1081A000AC74002000100140284B00204FF0805399
:1081B000D3F83021082A06D1D3F83431052B02D860
:1081C000024AD05C70470020704700BFF39405005E
:1081D0001FB504460D220021684610F02FFA0A4B05
:1081E00000930A4B5B7CE0B2013B8DF808008DF8F0
:1081F00009008DF80A30684601238DF80B3005F030
:1082000045FF04B010BD00BF00010100AC04002018
:10821000F8B5424D424C012004F07CFFFFF7ACFD65
:10822000EB7C33B1236801225A60DA600022C3F884
:108230000022D4F7CDF83B493B483C4ED4F7C2F876
:1082400023683B49D3F8002222F4806222F0040222
:10825000C3F8002240F21312C6F80022354A126811
:108260000D32C1F84025EA7C002AAA890CBF812082
:108270002820121AC1F84425002740F20222C3F830
:108280000022C3F84071D3F84021C3F84471D3F8F9
:108290004431294B29481B78DA0002F1804202F56B
:1082A000F832A1F50E41FC39C2F8101501F50F4165
:1082B0000C31C2F81415224A1178CA0002F180422A
:1082C00002F5F832C2F81005A0F511403038C2F8B6
:1082D0001405012202FA03F38A401343194AC2F833
:1082E0000435FFF763FDC6F80C712878D6F80C3119
:1082F00008B9FFF76DFF144BC6F80435BFF35F8F65
:10830000EB7C1BB122680123136073600F4B104A92
:108310001A60104B05221A70F8BD00BF6C74002063
:10832000F4040020C4040020940400200010004045
:1083300000A000405474002044B3002040A100403D
:1083400043B3002000F001408FB300206074002090
:10835000F5B303002D7800200146C80708B506D5FF
:108360002C480FF0CCF82C4B00BAC3F81C058A0738
:1083700006D52A480FF0C3F8274B00BAC3F82005EA
:108380004B070AD5264824490FF0B9F8C1F824054F
:1083900024480FF0B4F8C1F82805FFF707FFB8B379
:1083A0001C4B214A5B7C052B1B4BD3F81C15D3F8C7
:1083B000200518BF4FF07F424140114228D1D3F829
:1083C0002415D3F82825C1F30720CBB2834214D05B
:1083D000C1F30740834210D0B3EB116F0DD0D1B27F
:1083E0008B420AD0C2F307218B4206D0C2F3074169
:1083F0008B4202D0B3EB126F0AD1074AD2F874371E
:1084000023F0807323F0010343F08073C2F87437C4
:1084100008BD00BFAC04002000100040B0040020E4
:10842000B4040020B80400200000FFFF2DE9F04153
:10843000564E3378002B00F0A2803378012B00F0E9
:10844000A180534B00241C60524B93F800C0524B48
:108450001878524B1F78524B1978524B01251A78D5
:1084600005FA0CFE05FA00F34EEA030305FA07F8D5
:1084700043EA080305FA01F843EA080305FA02F89B
:1084800043EA0803DFF82C8198F8008005FA08F821
:1084900043EA0803DFF82081C8F808354FEACC0327
:1084A00003F1804303F5F833C000C3F81045C3F867
:1084B0001445FB0000F1804003F18043C900D20065
:1084C0000CF5117C00F5F83003F5F83307F511775A
:1084D00001F1804102F1804201F5F83102F5F832F4
:1084E00048F82C40C0F81045C0F81445C3F81045B2
:1084F000C3F8144548F827402B4BC1F81045C1F884
:108500001445C2F81045C2F81445C8F81045C8F81B
:1085100014451B78254F9B0003F1804303F5F83386
:10852000D3F8002822EA0E02C3F800283B681D6138
:10853000D3F754FFD3F74CFFFFF71EFC0320D3F70C
:1085400053FFD3F733FF1A4B4FF0FF32C3F800420B
:10855000C3F80823C3F81041D3F810211D61D3F8E4
:108560001021002AFBD03B6800204FF0FF32C3F8F7
:108570000002C3F8082301233370BDE8F0816FF0D7
:108580000C00FAE76FF07700F7E700BF2D780020C6
:108590006074002040B3002042B30020D9B3002013
:1085A00044B3002043B300203FB30020F404002074
:1085B0000010004041B3002000F0014030B50D46EE
:1085C000816887B0102302AA103904460EF022FDFC
:1085D000002802DA012007B030BD20460EF02DFD44
:1085E00002AA002312F8011B88423AD10133102B52
:1085F000F8D103232B70A168183921F0070101235A
:108600000DF10702103920460EF004FD0028E1DBD1
:108610009DF8073003F00F021B092B716A7020468A
:108620000EF00BFD9DF80730834202D06B78042BCF
:1086300003D901236B7000232B71A268183A22F032
:108640000702083AA91C20460FF036F80028C1D1CD
:10865000A268183A22F00702E91C20460FF02CF815
:10866000B9E70549102202A810F040F900280CBF14
:1086700001230223BEE700BFDCAE040091ED017AC6
:10868000D0ED017A90ED006AD0ED026A67EE877A4C
:1086900091ED007AE6EE077A032A91ED027AE6EE92
:1086A000877A1EBFD0ED036A91ED037AE6EE877AF2
:1086B000C3ED007A704700BFD0ED007A67EE807A94
:1086C000032AC1ED007AD0ED017A67EE807AC1ED20
:1086D000017AD0ED027A67EE807AC1ED027A1EBF90
:1086E000D0ED037A67EE807AC1ED037A704700BF60
:1086F000DFED3A7A9FED3A6A3A4A9FED3B7A60EEB7
:10870000277A00B5F0EEE77AFDEEE76AF0EE002A90
:10871000F8EEE66AB0EE081A77EEE67AB5EEC00A31
:1087200067EE867AF1EE10FAFCEEE76A16EE903A02
:10873000C3F3080306EE903A02EB830E03F1800CBC
:108740009EED016ADEED004AF8EE666ACCF3080C95
:1087500002EB8C0377EEE67A93ED014AF1EE646A60
:10876000B0EE465A36EE642A76EEC63A96EEA25A35
:1087700026EE876AD3ED006AF0EE445AE6EEA25A7E
:1087800074EE661A32EE023A71EEA12A36EE844A8F
:1087900067EE655AD3EE872A27EE455AF0EE433A44
:1087A000D4EE073AE2EE015AA1EE815AE7EEA35A5F
:1087B000A7EEA25A26EE877AA7EE856AA7EEA57ADB
:1087C000E7EE866AE7EE874AC1ED006A48BFF1EE40
:1087D000644AC0ED004A5DF804FB00BF610B363B04
:1087E000000000448CA10400DB0F493C022980ED0D
:1087F000000A80ED010A11D0032980ED020A0DD094
:10880000082980ED030A80ED040A80ED050A80ED59
:10881000060A80ED070A18BF80ED080A704700BFFE
:1088200010B54FF08053D3F83021082A4ED14FF0C5
:1088300080420021C2F80C11C2F81011C2F838159C
:1088400002F54042D3F80414C2F82015D3F80814F6
:10885000C2F82415D3F80C14C2F82815D3F8101454
:10886000C2F82C15D3F81414C2F83015D3F8181424
:10887000C2F83415D3F81C14C2F84015D3F82014EC
:10888000C2F84415D3F82414C2F84815D3F82814B4
:10889000C2F84C15D3F82C14C2F85015D3F8301484
:1088A000C2F85415D3F83414C2F86015D3F838144C
:1088B000C2F86415D3F83C14C2F86815D3F8401414
:1088C000C2F86C15D3F84434C2F87035FFF76EFC6B
:1088D00018B1474B474AC3F88C26FFF767FC18B11D
:1088E000454BFB22C3F81825FFF760FC70B14FF031
:1088F00080414FF08053D1F8E42ED3F8583222F063
:108900000F0203F00F031343C1F8E43EFFF74EFCE0
:1089100020B13A4B4FF40072C3F840264FF0805319
:10892000D3F83031082B09D14FF08043D3F800241D
:10893000D20744BF6FF00102C3F80024304AD2F8D6
:10894000883043F47003C2F88830BFF34F8FBFF311
:108950006F8F4FF08053D3F83021082A0ED1D3F80F
:108960003431052B02D8274AD35C3BB14FF010239A
:10897000D3F808224FF08043C3F858254FF0102158
:10898000D1F80C32DB0714D51F480123C0F8043599
:10899000FFF732FAD1F80C3223F00103C1F80C32A0
:1089A000FFF72AFA0023C0F80435FFF725FAFEF78F
:1089B0000BFCD1F80032002B03DBD1F80432002B82
:1089C00014DA114901234FF01020C1F804351224A4
:1089D000FFF712FAC0F80042FFF70EFAC0F804429F
:1089E000FFF70AFA0023C1F80435DEE710BD00BF27
:1089F000005000404881030000F000400090024019
:108A000000ED00E0DB94050000E0014080F0800311
:108A1000042B04D8054B034413F8800C7047072837
:108A20009ABF034B185C0020704700BFC09405003C
:108A3000B8940500C9B2012908B506D90749084804
:108A40007E220EF047FA0FF0BCF903690C2201FBFD
:108A50000233986C00F0070008BD00BFE48B0500EE
:108A600065A4050010B5EFF31182402383F312884B
:108A7000BFF36F8F2A48016841F002040460C80701
:108A80000ED482F31188BFF36F8F264B1B794BBB3B
:108A9000254940F2051225480EF01CFA0FF091F915
:108AA0004FF08041D1F80C04D1F80C14C907E8D577
:108AB000EFF3118083F31288BFF36F8F1C498B6C27
:108AC00003F0C00343F002038B6480F31188BFF30B
:108AD0006F8F82F31188BFF36F8F0020BDE81040C5
:108AE00004F07CBB13490B7913B913497722D2E701
:108AF0004FF080430022C3F80021D3F80021012267
:108B00001A60096811B1C3F8042310BDD3F800211D
:108B1000002AFBD00022C3F80021D3F80031F4E78B
:108B2000F0740020E8740020218C050065A4050085
:108B3000344C0020E07400205E8C050070B5C9B292
:108B40000129036907D9164916484FF4E8720EF057
:108B5000C1F90FF036F9EFF31185402484F3128840
:108B6000BFF36F8F0C2606FB0134A46C14F0C00415
:108B700008D0A24206D085F31188BFF36F8F4FF063
:108B8000FF3070BD71430B4401229A6485F3118854
:108B9000BFF36F8F43680B445B6898470020F0E792
:108BA000E48B050065A4050070B50D460649411A21
:108BB0000446491105484022FFF7C0FF2B460146F5
:108BC0002046BDE870401847344C0020648A0400F9
:108BD000012808B506D0032808D078B9094B9B6C4A
:108BE0005B070ED1BDE8084004F0F8BA40F2FA2263
:108BF000054906480EF06EF90FF0E3F84FF44172A4
:108C0000F6E708BD344C0020E48B050065A40500A0
:108C100070B5032104460020FEF770F81F4B1A7947
:108C200012B16FF0040070BD1D491E4A0D791A6023
:108C300001221A71002DF4D11B4B0B600A71FFF752
:108C4000E3F800B14D71194B1A79002AE9D118499E
:108C50001960012119714FF08043C3F81825154B95
:108C60001868084001D1FEF729F8236993B1202242
:108C7000002118460FF0E2FC0F4E066101258564C5
:108C8000246920220021A0180FF0D8FC2663656516
:108C90000020C8E76FF01500C5E700BFE8740020AA
:108CA000E0740020D18B0300DD7C0300F47400200D
:108CB000E97C030000E100E0A0A9040010B503690D
:108CC00031B94F22184919480EF004F90FF079F81C
:108CD000486808B95022F5E75868F8B1884219D1B8
:108CE0009C6808685860A14200D198600020086024
:108CF0002AB15A680A609A68596002B999600020DE
:108D000010E0814206D10868206098688142EDD168
:108D10009C60EBE7044600680028F2D1002AE8D105
:108D20006FF0150010BD00BFA18C050065A4050003
:108D3000420970B5034602D0012A18D070BD114E09
:108D4000326951680029F9D003F01F0301250C682E
:108D50009D400029F2D08A682A400CD04B6843B964
:108D600009490A4874220EF0B5F80FF02AF8084EA7
:108D7000E6E7304698471CB1236821461C46E8E7E1
:108D80002346FAE7A48A0400A18C050065A4050027
:108D9000848A040038B50468054620460DF08EFB31
:108DA00038B94FF474720A490A480EF093F80FF07C
:108DB00008F804F01F0364092B6004D0012C05D0CF
:108DC00040F2D932EFE74FF0A04038BD0248FCE74F
:108DD0000E33050065A40500000300502DE9F84F8F
:108DE0007E49D1E90030D41AE31840F1000022F0A6
:108DF0007F45C1E90030A5F50013B3F5400F09D256
:108E0000774B1B681A0A1B065819764B42F1000172
:108E1000C3E90001EFF31187402383F31288BFF306
:108E20006F8F714804F01AF930B988226F49704881
:108E30000EF050F80EF0C5FFDFF8D091DFF8D081CA
:108E400069486C4E04F02EF9C8F80040D9F800408B
:108E50004FF0000A4C4508BF00244FF0000BD6E944
:108E6000002CD8F80030002C3ED0D4E90451D8179B
:108E7000AB4270EB010E05DAED1A61EB0001C4E9BB
:108E8000045131E0AA184CEBE5732046C4E904AB69
:108E9000C6E9002304F00EF9534804F0EDF810B9C8
:108EA0004FF49A72C2E787F31188BFF36F8FA368FC
:108EB00020469847EFF31187402383F31288BFF3CE
:108EC0006F8F494804F0CAF80028AED0464804F035
:108ED000E9F8D8F80030D9F800405B1B4C45C8F8D9
:108EE0000030BCD1D6E9002C9A184CEBE373C6E9EC
:108EF000002300263046C8F8006004F0F1F808F0BE
:108F000071F8394804F0B8F80028C9D087F31188FF
:108F1000BFF36F8FEFF31187402383F31288BFF302
:108F20006F8F354804F09AF800283FF47EAF32483E
:108F3000324C04F0B7F8324BA5681A6895420DD14F
:108F4000284608F0AFF92C4804F096F80028A7D07E
:108F500087F31188BFF36F8FBDE8F88F294A1E6031
:108F6000237CD35C002BEED0284604F05FF8002869
:108F7000E9D06B7BDB06E3D12B68216A8D4214BFFD
:108F80001A46002269680B605960A368216A2AB9F1
:108F90001D4AC3E900210B6023620CE093F90E0027
:108FA00092F90E60B04214D0864212DD5168C3E9D6
:108FB00000210B605360E669134B9E4200D006B956
:108FC000E668A368B34202D0304608F06BF9A661A8
:108FD000B6E79142DCD01268D9E700BF204B0020F1
:108FE000AC740020284B0020A874002082CE04001E
:108FF00065A40500184B0020406F0020446F00203E
:10900000A0740020DAB30020606F00200405002067
:10901000A4740020F8B5404C404BC4F80833C4F8A1
:1090200048330023C4F808353D4B4FF0FF304FF074
:10903000FF31C3E902014FF48033C4F80433022343
:10904000C4F80433374B4FF40032C3F880210321B6
:109050001120FDF753FE1120FDF730FE0125324BA4
:10906000A5600021256031481D6007F02BFF3048C6
:1090700029460DF00FF880B92E494860C8602E4887
:109080008D60FCF769FD002807DA2C492C4840F276
:10909000A3220DF01FFF0EF094FEEFF30584CCB178
:1090A000EFF31184402383F31288BFF36F8F0126FF
:1090B0004FF080450027D5F81824D5F81834D2038E
:1090C00013D59B0711D11EB384F31188BFF36F8FA3
:1090D0000020F8BD1B4B1B78002BE1D04FF08043E4
:1090E0000222C3F808232646E2E76EB172B687F380
:1090F0001188BFF36F8FBFF34F8F20BF84F31188A8
:10910000BFF36F8F62B6D6E701200CF0CFFFD2E736
:109110000223C5F80433DBE70010014003000F0011
:10912000084B002000E100E098740020FFFF7F0062
:109130009474002084740020544C0020E48B0500BB
:1091400065A40500E8B2002070B504698B0701F042
:1091500001056379206BC5F1010558BF45F008058D
:10916000B3B3022B37D0460C4FF47A72C0030023FE
:109170003146D3F737FFB6F57A7F06D32C2217494D
:1091800017480DF0A7FE0EF01CFE2368C3F80C551F
:10919000C3F80405A36863B125680023C5F800314E
:1091A00045F30730D5F80031FDF788FD0123C5F8F8
:1091B0000433237913B16379012B01D0BB22DEE79D
:1091C000226813600222627184F83530002070BD7D
:1091D0006FF07600FBE76FF00F00F8E7DD8C05001D
:1091E00065A4050070B5036993F83520002A47D1BE
:1091F0000A7B022A47D10A68AAB993F834004A6860
:1092000070B92248541E84420DD81A635A79012A33
:109210000CD01F491F48D7220DF05CFE0EF0D1FD87
:10922000186B9042F2D06FF0150024E0EFF3118438
:10923000402080F31288BFF36F8F1879072814D865
:10924000451C1D711D68D5F8086582403243C5F87C
:10925000082584F31188BFF36F8F8A6862B993F889
:109260003420013283F8342005E084F31188BFF301
:109270006F8F6FF00B0070BD011D43F82120EEE7EA
:109280006FF00F00F7E76FF08500F4E7FEFFCF0700
:10929000DD8C050065A4050008B5036993F834204A
:1092A000914215D293F83520AAB15A79022A07D0F3
:1092B0000A490B4840F201120DF00CFE0EF081FD40
:1092C0001B68084A01F5C071002043F8212008BD41
:1092D0006FF01500FBE76FF00A00F8E7DD8C050082
:1092E00065A405003546526E10B5046903211020AF
:1092F000FDF704FD34B90949094854220DF0EAFD8F
:109300000EF05FFD074B6079A3600023E36010B9A6
:109310000123637110BD6FF07700FBE7DD8C050062
:1093200065A405006D7F03001FB5154B93F90A0076
:109330001B7A013BDBB2032B9CBF124AD25C124B5F
:10934000DB7C4FF0000188BF0522009103F5166316
:1093500003A9D3F755F89DF80D00D3F74BF838B1B2
:109360000A490B484FF485620DF0B4FD0EF029FD5B
:109370009DF80C20074BC3F80C2505B05DF804FBE5
:109380006C740020EF940500AC040020188D0500DB
:1093900065A405000010004008B50EF0C2F830B119
:1093A0000349044835220DF095FD0EF00AFD08BD75
:1093B000398D050065A4050038B51420FDF78CFC37
:1093C000274C0120FDF788FC0A20FDF785FCFFF7FC
:1093D0002DF8237B33B99B22224923480DF07AFDD7
:1093E0000EF0EFFC206840F30730FDF775FC2368B2
:1093F0000025D3F80022C3F800524FF0FF32C3F823
:109400000823227B0AB9BA22E6E701221A612573F2
:10941000164B174C19782068FFF7BEFF154B2068D4
:109420001978FFF7B9FF144B20681978FFF7B4FFDC
:10943000124B20681978FFF7AFFF114B206819789D
:10944000FFF7AAFF0F4B20681978FFF7A5FF0E4B17
:10945000206819780430FFF79FFF0C4B1D7038BD52
:10946000F4040020758D050065A4050040B30020BC
:109470006C73002042B30020D9B3002044B3002015
:1094800043B3002041B300203FB300202D780020DB
:10949000F8B54FF08043D3F80423D20713D5D3F89F
:1094A000002182B10022C3F800210121D3F800215C
:1094B000C3F80813FEF7A8FC1A4B10B15A7912B979
:1094C00059711B6898474FF08043174FD3F80443F6
:1094D000012504F01A04002604B9F8BDB4FA84F09A
:1094E000C0F11F00830003F580739BB203F180433A
:1094F00005FA00F2196824EA02040029ECD01E6083
:109500001B684FF080430128C3F8082307D00749A0
:1095100007484FF4F5720DF0DDFC0EF052FC3B688D
:109520009847D9E7E0740020F4740020B28D05005C
:1095300065A40500072808B507D90649064840F282
:10954000A7320DF0C7FC0EF03CFC800000F58070E7
:1095500008BD00BFF58D050065A405002DE9F843A1
:10956000D0F80480D8F808500746002D39D095F877
:109570008C40B4BB6022214605F114000FF05EF868
:109580002E68A146E0B2FFF7D5FFA0F580739B08D7
:109590001F2B08BF46F8009004F1010408BF3358A0
:1095A000082CEFD10024C6F87C4146F30730D6F8EA
:1095B0007C31FDF783FB012385F88C30AB67D8F84D
:1095C00008303BB90A490B4840F271420DF082FC69
:1095D0000EF0F7FB084A0721C3E903240620FDF734
:1095E0008DFB38460549BDE8F8430DF0EDBC00BFE2
:1095F0002A8E050065A40500318D030087720400E2
:109600002DE9F04F804689B038B97349734840F26C
:109610005C620DF05FFC0EF0D4FB8146082259F825
:1096200004BBDBF80413C9B241F0004158460EF008
:1096300068F9051E2BDA0023032106A8CDE90633BD
:10964000FEF7FEFB664B01930DF1180A0023019A09
:10965000009312F8013B63490192DA0803F0070313
:109660008A5C22FA03F3DA071AD4009B0AF1040A8F
:10967000A3B14FF00041002258460EF042F90321F9
:1096800006A8FEF7DDFB0028DCD125F0004501240B
:10969000002D40F08A8009B0BDE8F08F0123D6E7A5
:1096A000009B514A13440293DAF800100029DCD0E1
:1096B000029B91FAA1F11C78B1FA81F141EA4414BC
:1096C0002046FEF7B3FB08EB40000594878AC808E4
:1096D000BB081AF80020039301F00701012303FAE5
:1096E00001F122EA01020AF8002005A8EFF7EEF8DE
:1096F000059A039B02F5E072C7F3820650F8222018
:109700005B073746C2F3014233D5D6B221463A460B
:1097100048460DF046FF05A80594EFF7D7F8059BDE
:1097200003F5E07350F82330C3F301439E4207D1A1
:10973000002120460CF024FF314620460CF020FF8B
:1097400005A80594EFF7C2F8059B012202FA03F37E
:10975000C0F820354FF08053D3F83031082B01BFCB
:10976000D0F82035D0F82035D0F82035D0F8203585
:109770009AE7022A0DD1032120460CF001FF06F0E2
:109780000503012BDCD13A46214648460DF009FF7E
:10979000D6E70221204603920CF0F2FE032EF2D00F
:1097A000039A032ACCD1022EECE795FAA5F3B3FA7B
:1097B00083F304FA03F225EA020503F5A27208EB2B
:1097C00043035BF82220B3F87C10C2F30142484601
:1097D0000DF0E7FE5CE700BF2A8E050065A40500DA
:1097E000D395050094A90400D395050010B504464F
:1097F0000846FEF71BFB00B204EB4000838ADA0543
:109800001CD5C3F3432123F4F853838204F11202DD
:1098100004F1720032F8023F13F4807F03D0C3F3E7
:10982000432399420AD09042F4D104EBC1030022B1
:109830005A6004F178000DF074FE00B910BD0449BF
:1098400004484FF4DB720DF045FB0EF0BAFA00BF8E
:109850002A8E050065A405002DE9F34104460D4656
:1098600016460DF086FE38B940F235422D492E4895
:109870000DF030FB0EF0A5FA20460DF06FFE2768C4
:1098800018B320460DF082FE8046F0B90846FEF778
:10989000CDFA04EB4000808A450B2846FFF74AFECC
:1098A00047F800803B58236803EB8503D3F8102565
:1098B00042F00102C3F8102526B122680123AB4013
:1098C000C2F8043302B0BDE8F081D7F80433002BAE
:1098D000A4BF4FF00043C7F8043316B940F24F421B
:1098E000C4E72846FEF7A2FA04EB4004A38AC3F3B8
:1098F0008203042B12D0052B12D001A80195EEF79C
:10990000E5FF019BD0F81015D94001F001010231AB
:10991000284602B0BDE8F0410CF032BE0321F7E763
:109920000221F5E72A8E050065A405002DE9F04324
:109930000E4685B01746044638B95D495D4840F289
:109940005E420DF0C7FA0EF03CFA0846FEF76EFADA
:10995000D7F800800546B8F1000F1FD020460DF063
:1099600015FE18B120460DF0F9FD30BB0023CDE9FE
:1099700000338DF80E308DF80F300DF10F02434695
:109980000DF10E0130460CF0AEFD2AB204EB42029E
:10999000938A23F0020343F0010393827B68002B38
:1099A00034D03146204693F80080D3F804900DF06F
:1099B000EDFD28B1B9F1000F1FD06FF0150028E0C0
:1099C00028B204EB4000838A23F4604323F0200391
:1099D0008382B9F1000F10D0B8F1030FEDD87B6886
:1099E00021685B6893F800C001EB8C01B8F1000FAF
:1099F00012D1C1F81085C1F810852AB204EB4202D9
:109A0000938A23F01C0343EA88039382BB684BBB11
:109A1000002005B0BDE8F083D1F8102522F0030244
:109A2000C1F81025226802EB8C03D3F8102522F42C
:109A30004F3222F44072C3F810253202D3F81015C9
:109A400002F47C5242EA08420A43C3F8102504EBB0
:109A50004C03A3F87C60838A43EA4C3343F0200331
:109A60008382CAE7D3E9007831462046FFF7BEFE7D
:109A7000002FCDD063689F4206D004F178000DF02E
:109A8000EEFE002804DAC4E7A3689845F5D100206B
:109A900004EBC003C3E901782DB204EB4505C0B265
:109AA000AB8A43EA402343F48073AB82B0E700BF44
:109AB0002A8E050065A4050070B51546044638B920
:109AC0000B490C4840F27A420DF004FA0EF079F995
:109AD0000DF044FD48B10846FEF7A8F904EB400438
:109AE0000020A38A5B0B2B7070BD6FF01500FBE7A5
:109AF0002A8E050065A4050008B538B9064907484F
:109B000040F2A4420DF0E6F90EF05BF9BDE8084022
:109B100003480DF006BD00BF2A8E050065A40500B0
:109B2000780400202DE9F04F4668337CD70689B0D1
:109B300001F01F0545EA431554BFC2F34013032348
:109B40008DF80A3040F206331340B3F5837F144694
:109B50003FD00DD8062B16D005D8A3B1022B3AD092
:109B60006FF0150032E0B3F5807FF9D101230AE0F0
:109B700040F20222934230D0B3F5407F2FD0B3F5AC
:109B8000007FEDD102238DF8093020034FF001034F
:109B900003FA01F125D57368C3F80815B06830BB26
:109BA000C4F340438DF8143084F480340DF109037C
:109BB000C4F300440190009303AA0DF10A0305A920
:109BC00028468DF80C400CF08EFC002009B0BDE852
:109BD000F08F0723D7E70423D5E70523D3E7032333
:109BE000D1E7620344BF7368C3F80C15D6E70DF1E3
:109BF0000B022946FFF760FF14F4403980463AD142
:109C0000B7683FB940F29D424F4950480DF062F9A4
:109C10000EF0D7F82846FEF709F904B207EB440422
:109C2000A38ADB071AD5294638460DF079FD294667
:109C300038460DF093FC40B1A28A3B68520B03EB0F
:109C40008203C3F81095C3F8109538462946FFF7EC
:109C5000CDFD0023A38228460CF026FCB8F1000FAE
:109C6000B3D19DF80B10B068FFF746FF0028ACD0C9
:109C70003749FC22C9E70DF10C0B0DF1140A002342
:109C800003930593CBF80430CAF80830CDF818B028
:109C9000B06852462946FFF749FE002895DB14F4C8
:109CA0000033D6F8089041D09DF809308DF8143073
:109CB00014F480340CBF012300238DF815309DF877
:109CC0000A308DF81630B9F1000F02D14FF48D62D1
:109CD0009AE72846FEF7AAF82946074648460DF0B7
:109CE00055FC28B948460DF039FC00287FF46DAFCB
:109CF000294648460DF03DFC10B1002C3FF465AFFD
:109D000001238DF80C300023CDE900A30DF11502DD
:109D10000DF11603594628460CF0E5FB3BB209EB62
:109D200043039A8A42F003029A8297E7CDE9063309
:109D300052460DF10A03294648460593FFF7F6FD02
:109D40000028FFF642AF89E72A8E050065A40500CA
:109D5000688E050010B50C4638B90849084840F22D
:109D6000AB420DF0B7F80EF02CF806480DF077FD79
:109D70000028A4BF2070002010BD00BF2A8E05005F
:109D800065A405007804002008B5044904484FF490
:109D9000A5620DF09FF80EF014F800BF2A8E0500A2
:109DA00065A4050070B54468207C01F01F0545EAF4
:109DB0004015A06886B0002871D0B2F5001F04D10C
:109DC00029460DF0ADFC00204CE06068667CC0F8D0
:109DD000246501A80026B2F5800F0196466030D1B7
:109DE000B3F1007F14BF052304238DF80430002352
:109DF000CDE904030393E368CB40D90734D4B2F12F
:109E0000A07F31D168460095EEF760FD009B03F519
:109E1000E07350F82330DB0726D4A0686A46294651
:109E2000FFF74AFE163017D0CDF808D0A06803AA75
:109E30002946FFF77BFD002814DBA06850BBFFF725
:109E4000A3FFB3F1C06F05D0B3F1007F14BF0123AE
:109E50000223CAE70323C8E7A0686946FFF77AFF31
:109E60000028E1DA06B070BDA0686A462946FFF70F
:109E700023FE0028DAD19DF80010A068FFF73CFE11
:109E80000028D3D00749084840F2F1120DF022F81B
:109E90000DF097FF01222946FFF7DEFC93E76FF0F4
:109EA0008500DFE7688E050065A4050010B513681E
:109EB0003BB94FF45C72164916480DF00BF80DF0E3
:109EC00080FF00EB4114C4F82035938813B94FF498
:109ED0005F72F0E713F4004F02D040F28132EAE7FC
:109EE000C4F824359368B3F1807F02D340F28A32FC
:109EF000E1E700EB4110C0F82835D368B3F1807F6B
:109F000002D340F29232D6E7C0F82C3510BD00BF24
:109F1000948E050065A4050010B5044608B1037BC6
:109F20003BB90B490B484FF4ED720CF0D3FF0DF029
:109F300048FF436833B9006802210DF0AEFC08B158
:109F400001232373207B023818BF012010BD00BFFE
:109F5000C68E050065A4050070B5044638B91D49D4
:109F60001D484FF4F2720CF0B5FF0DF02AFF0068A7
:109F7000B2210DF092FCC306054607D523695E07A2
:109F800004D5636813B1A16801209847A80607D5D6
:109F90002369190704D5636813B1A16802209847A3
:109FA0002A0607D5206910F0100003D163680BB1B1
:109FB000A1689847AB070CD523680022C3F8002599
:109FC00001232373636823B1A1680320BDE87040B7
:109FD000184770BDC68E050065A4050038B5431E40
:109FE000FE2B06D90E490F489A220CF073FF0DF094
:109FF000E8FE0D4B012493F8305000220823204244
:10A0000003D0254208D00132D2B2013B4FEA4404CA
:10A01000F5D10A70184638BD6FF01500FBE700BF98
:10A020007E85050065A40500347300202DE9F04FFE
:10A030000F464FF0FF33A94887B04FF0FF320CF0C6
:10A040006EF8D7F804A00AF1FF33FE2B0FD90820D1
:10A05000FBF7A4FE002853D0A14B4361A14B8361C1
:10A0600003230374002343748374C37448E0DFF84C
:10A07000B482002498F82E3098F8302025462AFA29
:10A0800004F1C9072BD53BB94FF4F07296499748B4
:10A090000CF020FF0DF095FE22FA04F616F00106F2
:10A0A0001BD10820FBF77AFE48B1914B43618D4BE1
:10A0B0004674C0E90634042303748674C6744FF4EE
:10A0C00001528C4905F0C0F86FF0150483480CF07C
:10A0D00028F8204607B0BDE8F08F0135EDB2013415
:10A0E000082CCCD17DB92046FBF758FE40B1824BFD
:10A0F00043617C4B83610323037445748574C57489
:10A100004FF4C252DDE73C7CA4F10802062A1BD8BA
:10A11000DFE802F02B1A2E1A041A17004FF0020B78
:10A12000012D97F8119026D0B9F1000F00F0AE8004
:10A130000820FBF733FE0028E2D0704B4361704BE0
:10A140008DE74FF0030BEBE70820FBF727FE002815
:10A15000B5D06C4B43616C4BC0E9063404230374E7
:10A16000002343748374C374A9E74FF0000BD7E74F
:10A170004FF0010BD4E7B9F1080F06D8DFE809F07A
:10A18000101010101010101010000820FBF706FE21
:10A19000002894D05D4B4361594BC0E90639DDE797
:10A1A0003A68002A72D0516800296FD11668721E71
:10A1B0007F2A6BD8564A4FF0010182F8981013B9E4
:10A1C0004FF40A7262E702F009FF00285BD10DF13B
:10A1D00017015046FFF702FF044600287FF476AFD0
:10A1E0009DF817300293012B4AD8B9F1000318BF2C
:10A1F000012336010393B6B203464A4659465046F8
:10A2000003F012F8A6F15103B3F5F66F03D34149F9
:10A2100040F2AA523BE7013E3F4B46F48056B6B2AD
:10A22000C3F8F865029B88F832304FF0010388F8D4
:10A230003530039B88F83630042388F82E303B688D
:10A240006C0013B19B8903FB0444FE68A6426BD2E9
:10A250000A20FBF7A3FD58B1304B4361304B046239
:10A26000C0E9063605230374002343748374C37462
:10A2700020494FF4215204F0E7FF6FF00B0425E76B
:10A280006FF0850422E76FF00F041FE7204A0021DA
:10A2900082F8981013B94FF4FC72F7E602F09EFEB4
:10A2A0000028F0D10DF117015046FFF797FE044644
:10A2B00000287FF40BAF184BC3F8F805B9F1000381
:10A2C00018BF01234A465946504602F0ADFF9DF89B
:10A2D000173088F832300223AFE700BF7C0000203F
:10A2E000018F05008A9605007E85050065A405009E
:10A2F000238F0500F48F0400418F0500848F050033
:10A300006A9605005B8F05007B960500BA8F0500F5
:10A3100078000020E18F05000070004015900500D6
:10A320005896050034730020424E86F8525096F835
:10A330009830B868B065E3B13B689989013189B25A
:10A3400003F05CFF0446B0B10820FBF727FD50B1D5
:10A35000394B4361394BC0E90634042303740023AD
:10A3600043748374C37436494FF4015204F06CFF94
:10A37000ACE62946E4E7BC46BCE80F00314D0FC50A
:10A38000DCF800302B6074623B68002B4ED00FCBA2
:10A390002F1D87E80F00F36BB762A6F84C40002B27
:10A3A00044D02146A5F138000BF074FE96F89810C1
:10A3B000E9B9F06B244C254A4FF40047E0FB074114
:10A3C00000232046D2F70EFE0022CDE90001002333
:10A3D00005F12800FBF744FC1D484FF0FF324FF019
:10A3E000FF330BF09CFE00B17062746A6EE603F0FE
:10A3F00053FF05460028EFD00820FBF7CFFC48B1FB
:10A40000144B4361144B4474C0E9063504230374B0
:10A410008474C4740A494FF4015204F015FF6FF0BC
:10A4200004030B4873620BF07CFED5E704F0E2FFF7
:10A43000D2E700BF780000203E9005008A96050014
:10A44000F48F0400A00000203F420F0040420F00A4
:10A450008C0000205B9005003F960500F8B5324E59
:10A46000324C334B96F82E50C4F8803004F1780209
:10A470000023C4E91E22C4E918330746C4F8843017
:10A48000C4F89030C4F894301DB1BDE8F840FDF731
:10A49000ADBD4FF0010C96F8301086F82EC0FF23AA
:10A4A00093FAA3F2B2FA82F20CFA02F006EB42023D
:10A4B000834321EA0001D583F2D11E4886F830108B
:10A4C000C0F80031D0F80021C0F80431D0F80421E0
:10A4D000C0F81031D0F81021C0F81431D0F8143180
:10A4E0004FF48E752A4633210DF083F92A1F083563
:10A4F00092B2ADB20DF07DF9B5F5AE7FF2D1072085
:10A50000FCF7DCFB0023032107203360FCF7F6FB9C
:10A51000E36813B908480BF004FE38460749BDE864
:10A52000F8400CF051BD00BF3473002078000020CB
:10A5300095720300007000407C00002083710400CD
:10A540002DE9F8430D462846194617461C460CF0DF
:10A5500054FE0646C0B90A20FBF720FC50B13D4B23
:10A5600043613D4B0462C0E906350523037446741C
:10A570008674C67439494FF4215204F065FE6FF0B9
:10A5800015042046BDE8F88345EA04039E0711D070
:10A590000A20FBF703FC0028ECD0314B43612E4B23
:10A5A0000462C0E9063505230374002343748374F1
:10A5B000C374DFE7002CE4D02A48DFF8AC80DFF872
:10A5C000B4904FF0FF324FF0FF330BF0A8FD24F0B2
:10A5D00003042C442E46B44209D1234AD2F8003455
:10A5E000DB07FBD500241F480BF09BFDC9E7FDF7F7
:10A5F0007BFC58BB7B1B4FF0805299591369526901
:10A600005343B34204D8A6F11023B3F5427F01D2DD
:10A61000B00707D01549164840F27D120CF05AFCDD
:10A620000DF0CFFB0123C8F80435D8F80034DA0761
:10A63000FBD53160BFF35F8F0023C8F8043599F86C
:10A6400000300BB1FDF77CFC0436C4E76FF08B04DF
:10A65000C9E700BF978B0500F4950500BC90040086
:10A6600079900500C074002000E001409B90050037
:10A6700065A40500DBB300202DE9F8430E464FF03A
:10A68000805811463046D8F8109015460CF0B5FDAC
:10A6900037460446002866D0B6FBF9F309FB13637E
:10A6A00023B9B5FBF9F409FB1454BCB10A20FBF73C
:10A6B00075FB58B1344B4361344B0562C0E9063633
:10A6C00005230374002343748374C37430494FF427
:10A6D000215204F0B9FD6FF015042AE04D4528D34E
:10A6E0002C482D4EDFF8C0904FF0FF324FF0FF3373
:10A6F0000BF015FDD8F81080FDF7F6FB044678BB8B
:10A700004FF080531A6959694A43974214D21A6923
:10A71000B7FBF2F302FB1373ABB199F800300BB146
:10A72000FDF70EFCB5EB08054744E5D119480BF0E1
:10A73000F8FC2046BDE8F88318491948D2220CF0ED
:10A74000C9FB0DF03EFB0223C6F80435C6F80875B8
:10A75000D6F80034DB07FBD50023C6F80435DCE768
:10A760006FF08B04E2E70A20FBF718FB0028ADD05E
:10A770000C4B4361054B0562C0E9063605230374A3
:10A7800044748474C474A1E7D7900500E49505006F
:10A79000BC900400C074002000E001409B900500C4
:10A7A00065A40500978B0500DBB30020F8B503789E
:10A7B000002B40F0A480644CE56A94F850602E426F
:10A7C00007D1A36A002B3ED16048BDE8F8400BF0EA
:10A7D000A8BC018994F89800A36D94F85120A0B901
:10A7E0000121EDB20D420BD00E4208D012EA010752
:10A7F000B3F9000023D000EBD07040101880023372
:10A80000490089B2B142EDD9DBE72A4015D003EB0C
:10A8100041018B42D5D0B3F9002002EBD272521025
:10A8200023F8022BF5E733F91250002DB8BF23F8B7
:10A83000120001328A42F6DBC3E71046FAE700282D
:10A84000B8BF1F80DBE7236CB4F84C2033B140491C
:10A8500040489847012835D0022843D0B4F84C30FE
:10A86000B4F848209A423DD90133A4F84C3094F80A
:10A8700098305BBBA36D94F8522003EB4203A365B1
:10A8800094F85210A06D03F0B9FC0546F0B1082011
:10A89000FBF784FA50B1304B4361304BC0E90635C9
:10A8A00004230374002343748374C3742C494FF44A
:10A8B000015204F0C9FC6FF00403244863620BF0FA
:10A8C00030FC03E094F89830002BD9D0E36B1BB92F
:10A8D000BDE8F84004F08EBD1B480CF04AFB01288F
:10A8E000F6DCF8BDE36B002B3FF46EAF94F89830C4
:10A8F000002B7FF469AF1B48FBF706FA64E7022BD5
:10A900001ED103F0C9FC04460028EAD00820FBF75A
:10A9100045FA50B1144B4361144BC0E9063404238B
:10A920000374002343748374C3740D494FF40152BC
:10A9300004F08AFC04486FF004034362143044E7D7
:10A94000052BCED140E700BF780000208C0000200E
:10A95000A0000020E48B04003E9005000F96050047
:10A96000F48F0400D80000205B90050031960500AC
:10A9700010B5204C237933B91F492048E5220CF04B
:10A98000A9FA0DF01EFA4FF08043D3F81814D3F84B
:10A990001824C90315D5900701D00CF0E2FF4FF041
:10A9A00080430022C3F81825C3F80421D3F80421FA
:10A9B00001229A60226872B9D3F80421002AFBD0E0
:10A9C00011E0D3F81424D107E9D5D3F81C24920759
:10A9D000E3D122681AB10222C3F8042310BDD3F8D0
:10A9E0000421002AFBD00022C3F80421D3F804314B
:10A9F000F4E700BFF4740020B28D050065A40500E3
:10AA000008B5074B1B793BB9064907484FF49172CB
:10AA10000CF060FA0DF0D5F9BDE808400CF0A1BFCC
:10AA2000F4740020B28D050065A40500F8B5EFF3BD
:10AA30001187402383F31288BFF36F8F1E4A136878
:10AA400023F0020113F00103116029D11B4A12798E
:10AA50003AB91B4940F22B121A480CF03BFA0DF0A0
:10AA6000B0F9194E327912B918498922F4E74FF03A
:10AA700080440122C4F808236260C4F80031D4F88D
:10AA8000003142F21075D4F80C24D4F80C34D203FF
:10AA90000BD5DB0709D50120F1F750F8013DF2D1C4
:10AAA00087F31188BFF36F8FF8BDFDF7ADF900286C
:10AAB000F6D000237371F3E7F0740020E8740020EF
:10AAC000218C050065A40500E07400205E8C050063
:10AAD0002DE9F041044647680D46EFF305838BB13D
:10AAE0004FF04008EFF311810E4688F31288BFF350
:10AAF0006F8F20460CF031FC48BB81F31188BFF307
:10AB00006F8FEFE7184B1B78002BE9D04FF0400810
:10AB1000642620460CF021FC68B90120F1F70EF8FC
:10AB2000013EF6D101200BF0C1FAF1E781F3118863
:10AB3000BFF36F8FF6E7EFF311810E4688F31288AB
:10AB4000BFF36F8F20460CF008FC0028EED0BB69E5
:10AB50001D70B969012220460CF00FFC86F31188A4
:10AB6000BFF36F8FBDE8F081E8B200207FB5002908
:10AB70000669456842DC3368D5E900017BB9AA68FB
:10AB8000AB8900935308D7F727F9044620B9288AE0
:10AB9000F0F7D4FF01233371204604B070BD836801
:10ABA00002AA5B68984704460028F5D1034632683C
:10ABB000DDE90201D2F716FA1A430FD00620FBF79F
:10ABC000EDF830B10F4B4361022303744474847475
:10ABD000C4740D494FF4845204F036FB3268DDE949
:10ABE00002010023D2F7FEF9AC890246D5E9000143
:10ABF000836800941C685308A047C6E76FF01504EB
:10AC0000CAE700BFFA9005005C90040008B5084848
:10AC10000BF03AFA58B10748436A0133082B28BFB2
:10AC200000234362BDE8084028300CF0A2B908BDFB
:10AC3000B84C0020904C0020F8B5064626480D463A
:10AC40000BF022FA072844DC244B254F1A78012AFE
:10AC500008D13B78482B3CD8224A116A52F821206F
:10AC6000137006E01F4A116A52F82120597871BB0F
:10AC700011701C4C1C49236A54F8230010F8052B52
:10AC80000DF0B4FC236A54F823305E70174B226A2F
:10AC9000D3F8483554F8222003F07F039370236AD9
:10ACA00054F823301D71236A54F823207B78DB434A
:10ACB00003F00103D370236A0133082B28BF00235C
:10ACC00004F1280023620BF0D2F90120F8BD5B7C6F
:10ACD000C6E70020FAE700BFA84B00206C740020F4
:10ACE0008FB30020804B002091B300200010004063
:10ACF00008B5134B1A78E2B11B78012B1CD111480F
:10AD00000BF0C2F908B9002008BD0E480CF096FD02
:10AD10000D4B0022C3E908220C4B082101391A719E
:10AD20009A6003F10C03F9D1202209480DF086FC4A
:10AD3000E9E76FF00C00E7E76FF00F00E4E700BF12
:10AD40002D780020B84C0020904C0020D0730020BB
:10AD5000307400202DE9F34791480CF0C5FB002822
:10AD60004ADD8F4F8F4E38460CF0A3FB002843DDA1
:10AD700038460CF074FB00283EDB4AD001220DF16E
:10AD8000070138460CF023FB002827DB336853B358
:10AD900085480BF079F982079DF8074040F1C280A1
:10ADA000814835686FF004010CF0FFF8430731D596
:10ADB0007E4BDFF804821B5D13F0040F1FD10123CB
:10ADC000C8F80030482C60D8422C4DD9433C052CA3
:10ADD0004AD8DFE804F0806F499E498F02B0BDE891
:10ADE000F04702F0FBBF724B18680022002307F007
:10ADF00095FC30600028CBD102B0BDE8F0876A48EE
:10AE000008210CF0C3F86B4B303C0022C8F800401E
:10AE10001A60A8E764480BF037F90007D2D5634BF6
:10AE20001B5D59070ED560480BF02EF910F0100F7E
:10AE300014BF604A604A13680A2101FB0343303B98
:10AE40001360E6E73B2C15D1574810210CF09EF813
:10AE5000C206DED56FF0080153480CF0A6F8524840
:10AE60006FF010010CF0A1F86FF002014E480CF0E9
:10AE70009CF8CEE76FF008014B480CF096F86FF0A5
:10AE8000100149480CF091F89CE77E2CECD14B4C1A
:10AE90002378002BE8D04A4801210CF005F8494BF3
:10AEA0002178187805350139C9B228442170FDF799
:10AEB000BFF8D9E74348404A037811688B42D3D39F
:10AEC0003E4C22785B1A52FA81F203703E4822709F
:10AED0000BF0EAFFC8E73948374B027819688A4215
:10AEE000C2D3CBB2D21A0270364A10780344137020
:10AEF0003348EDE7334C21780029B5D032480BF0C8
:10AF0000D3FF2E4A137821780B441370002323704B
:10AF1000AAE72A4C21780029A6D029480BF0C4FFC3
:10AF2000284AEFE720486FF001010CF03EF8C30714
:10AF30000BD55B2C7FF46DAF02211B480CF026F87B
:10AF4000042119480CF022F863E7184B1B5D13F03D
:10AF5000970F70D10D2C0AD8072C19D9A4F108032A
:10AF6000052B15D8DFE803F00756341414381B2CD2
:10AF700011D07F2C0CD1134A13784BB1013BDBB2BB
:10AF8000137030680D4A053311781844FDF750F8F6
:10AF90000E4B1C703DE7012103480BF0F7FFF7E76C
:10AFA000C48A0400DC740020D8740020BAA4050010
:10AFB00030670020D0740020D4740020DDB300205E
:10AFC0003E910500DEB3002038910500DCB300207F
:10AFD000314B1B780D2BDBD0DFF8CC90DFF8C48031
:10AFE00099F80010336898F800200B4413440025AA
:10AFF0005D710D2002F0ACF90A2002F0A9F9274B8F
:10B000003168186889F8005088F8005006F020FB75
:10B010003560BDE7224B1B68002BB9D0214A12785E
:10B02000002AB5D1204D30682978053098472B7813
:10B0300018442870ACE71B4A1B4B157893F800A006
:10B0400005EB0A027E2AA3DCD6F800900AF1010281
:10B0500020461A7002F07CF909EB0A030DB95C7105
:10B0600096E793F8058011485C710BF01DFF0AF11B
:10B07000060A013DD144EDB2013D4046EDB202F079
:10B0800067F94346FF2D99F8008009F8013BF3D199
:10B0900007480BF009FF7BE7DCB300202C6700209A
:10B0A00028670020DDB30020DEB30020DC8B050024
:10B0B000E08B05002DE9F043324CD4F804339907B6
:10B0C00085B020D5002303934FF4A0752A4604359C
:10B0D00003AB02212046ADB20CF097FBB5F5A87F7B
:10B0E000F4D14FF48072022126480CF08EFB2548E3
:10B0F0004FF4827202210CF088FB039B1BB1224AA1
:10B10000136801331360D4F80433DA031BD51F48E6
:10B110006FF001010BF049FFC30702D4D4F84031AE
:10B120008BB10025C4F84051D4F84031FDF71CF82C
:10B13000EFF3108272B6164BD3E90267B042B94101
:10B1400004D282F3108805B0BDE8F0834FF0FF38D9
:10B150004FF0FF39C3E90289D3E900101D604FF4B5
:10B160008033C4F84833C4F84051D4F8403182F3F6
:10B1700010880029E7D0009032463B462846884791
:10B18000E1E700BF00100140AC7400209C74002077
:10B19000084B00202DE9F0416C4BDFF8EC815A6A36
:10B1A0006B4F98F8004053F822506A4E3D60FCB156
:10B1B000012C4CD001243B68674D5A78C5F82C25EA
:10B1C0005B786648012707FA03F3DBB2C5F8303530
:10B1D000C37C40F6C41203F51663934240F28480A8
:10B1E0005F49604840F67F020BF074FE0CF0E9FD09
:10B1F00098F811003480FCF7EBFF33782A79304659
:10B2000062F3010300F8023B294611F8052B0DF00B
:10B21000EDF998F81320504BB2B140F21312C3F875
:10B2200000220022C3F81021D3F810211022C3F805
:10B2300004234D4BB8F80E201A604C4B4C4A1A6050
:10B240004C4B04221A70B5E740F21B12E7E7EA788C
:10B25000002333801AB198F8124084F001042B784F
:10B2600033702B7944485B0003F00603002A08BFC3
:10B2700043F00103727822F00702134329467370EA
:10B2800011F8052B0DF0B2F9334B3849394ADCB1CE
:10B2900098F81300A8B140F21310C3F80002324B23
:10B2A000B8F80E001860324B0B60042313702A4B61
:10B2B0000022C3F81021D3F810211022C3F8042370
:10B2C00078E740F21B10E8E740F21310C3F80002E1
:10B2D0002A48086003211170C3F81041D3F81021E7
:10B2E0001022C3F8042366E7A3F51663C5F80835F2
:10B2F0006FF0010114300BF058FEFEF715F8C5F899
:10B300000465BFF35F8F1E4B0222C3F880213846CD
:10B31000FBF7D4FC0023C5F80431D5F80421C5F8A7
:10B320000831D5F80821C5F81031D5F81021C5F835
:10B330000C312046D5F80C3102F0D4FE2046FCF743
:10B340009FFE104B9F61BDE8F08100BF904C002034
:10B350006874002045B3002000100040AC040020B9
:10B360004491050065A40500647400206074002009
:10B37000118203002D78002047B300208DB3030015
:10B3800000E100E0004001406C74002010B5D1F7EE
:10B390001FF8124B1B6801241C61FCF7EDFCD1F770
:10B3A00005F8002001F0B6FE0D4B0E481C6021464A
:10B3B0000BF0ECFDFFF72AFC0B480AF065FE0B4B87
:10B3C0004FF4801220B90A490C70C3F8002110BD57
:10B3D000C3F80021BDE81040FFF7DCBEF4040020F4
:10B3E0005C74002058740020B84C002000E100E09C
:10B3F0002D780020F8B5994B994C1A78994B9A4DB5
:10B400001B78012101FA02F09940D200DB000143D0
:10B4100002F18042954803F1804302F5F83203F5CA
:10B42000F833C0F808150021C2F81015C2F8141539
:10B43000C3F81015C3F81415D0F7D0FFD0F7B6FF36
:10B440008B4BD3F80C21002A54D0D3F80034DB07FF
:10B4500050D5884B1A684AB12378012B3BD1864BD3
:10B460005B78C3F341031279934243D101218348AE
:10B470000BF08CFD2A68E3899B1A814A0133136023
:10B4800003F0F0F97F4B1860FFF7C0FB23788BB116
:10B49000794B1A7872B1764A5978D2F82C05C1F3F3
:10B4A000410100F00700FFF7C7FB18B17348042102
:10B4B0000BF06CFD74480AF0E7FD0028734B02DDC9
:10B4C000227C012A0ED1724A012111704FF48012A0
:10B4D000C3F80021F8BD002BC8D1674B1B7803F0DF
:10B4E0000303C0E74FF48012C3F80021BDE8F84021
:10B4F000FFF750BE2B68664F5A1E2A60654D6BB928
:10B500002B685F4A5D4801251D61E38902212B44B8
:10B5100013600BF03BFD5D4B3D70D7E7544E0023AD
:10B52000C6F80031D6F80031E37C002B00F09080A3
:10B5300040F21313C6F80032237813B9607CFCF78D
:10B5400047FE554BC6F80435BFF35F8F534B544A43
:10B550001A6004233B70FDF7E7FEE37C2A6851483C
:10B56000D2F844255049002B0CBF812328231344D3
:10B57000C3604E4B1A78D30003F1804303F5F833D0
:10B58000C3F810154A49C3F8141501239340374AEC
:10B590004849C2F80435D0F70FFF20B92B6840F2B4
:10B5A0000442C3F80022444E444945480023C6F8EB
:10B5B0001831D6F81831434B1B78DA0002F180427B
:10B5C00002F5F8320124C2F8101501F5973101F5A2
:10B5D0008471C2F814153C4A1178CA0002F1804205
:10B5E00002F5F83204FA03F3C2F810052048C2F855
:10B5F000140504FA01F11D4A0B43C2F804352B6807
:10B60000D3F844213AB3D0F85035DBB2092B3FF4DC
:10B6100061AFD0F80031002B7FF45CAFFCF7ACFBDE
:10B62000D0F7D6FE0320D0F7DFFE2A68D2F800322A
:10B6300023F4806323F00403C2F80032FCF7B6FB66
:10B64000204602F04FFD2046FCF71AFDB46141E7A9
:10B6500040F21B136EE71C603CE700BF44B30020C0
:10B660006C74002043B300206474002000F001409B
:10B6700000100040687400208FB300205874002030
:10B680005C740020CC4B0020B84C002000E100E0AE
:10B690002D780020F404002045B3002060740020C1
:10B6A000118203007C04002018410140D9B300201E
:10B6B00000A00040C40400200040014010110040E0
:10B6C00044A1004042B3002041B300202DE9F041E5
:10B6D000454E33780446002B7AD0444D6B78022BCC
:10B6E00003D14FF0FF30BDE8F08103785A1E472A9E
:10B6F00071D82A7812B96A7C9A426CD33C480AF015
:10B70000C3FC07286ADC6378072B6AD86A782B7831
:10B710006ABB1BB96A7C23789A4262D1354F3B6A77
:10B7200057F823804D22214640460CF05FFF617898
:10B73000314A535C013303F0030353546378D35C01
:10B7400088F804303B6A0133082B28BF002307F137
:10B7500028003B620AF08BFC6B782A7C134304D1EF
:10B760003378012B01D1FFF715FD0020BBE7002B3B
:10B77000B7D0224A002310461179E9B90C2253436D
:10B78000C7184D22C058B9604FF00108214687F80C
:10B7900004800CF02BFF4046FBF79EFA6178184AB4
:10B7A00052F8213073B942F8217011480AF05FFC59
:10B7B0000120FBF783FACFE70133082B02F10C02DB
:10B7C000DAD1C9E71A469B68002BFBD19760ECE7FA
:10B7D0006FF00C0087E76FF0790084E76FF00B00E3
:10B7E00081E76FF015007EE72D7800206C74002053
:10B7F000B84C0020904C002037B30020D0730020BC
:10B800003074002010B50C4B1B78012B0AD10B4B68
:10B810005C7854B90A480AF037FC48B1FFF7BAFC23
:10B82000204610BD6FF00F00FBE74FF0FF30F8E748
:10B830006FF03C00F5E700BF2D7800206C7400200D
:10B84000B84C00202DE9F041BDF818C047680469E4
:10B85000032906460D4690460CF0010C11D908202C
:10B86000FAF79CFA50B16C4B43616C4BC0E906355A
:10B8700004230374002343748374C3744FF401528C
:10B8800022E0BA7D012A4FF0010104BF5B084FEAB4
:10B890005808A940002B75D0984576D9A2699045E3
:10B8A0002AD0207F884316D00820FAF777FA48B1CB
:10B8B0005B4B43615B4B836103230374002343743D
:10B8C0008374C3744FF4C252574903F0BDFC6FF048
:10B8D0001500BDE8F0814246B2F5004F43D2C4F8EE
:10B8E00018806077D4F800E097F81680CEF80C0541
:10B8F000CEF80485CEF80825627F23FA02F292B2D0
:10B900004FF0010E70688CF00108006A42EAC832FC
:10B9100020F815205FFA81F8BEF1000F3DD12268B2
:10B9200005F5AC7552F82500002808DBBCF1000FC6
:10B930006ED0B3FA83F35B0963BB0BF0BDFB237FCF
:10B9400023EA080323776BB3A37F07F1200583BBAA
:10B95000237B002B35D1354935484FF4B1720BF0BC
:10B96000B9FA0CF02EFA013008284FEA5202B3D18E
:10B97000FAF714FA002881D02E4B4361294BC0E915
:10B98000063875E79E461A46BCE74FF0000E47F6AC
:10B99000FF72B7E70BF083FBD1E7237F48EA03038D
:10B9A0002377D1E7306903F0BFF80123A3770020A4
:10B9B0008FE70023A3772046FEF7AEFA0028FAD0DF
:10B9C000C6E73B6A206803F06043B3F1005FC2D171
:10B9D0002A460021FEF76AFA2A4601212068FEF76E
:10B9E00065FA22680123C2F8143522680021C2F8E2
:10B9F000001210212161216802222273C1F8003552
:10BA0000616811B12168C1F800232268D360CEE7D4
:10BA1000003B18BF01238FE778910500B79505001B
:10BA2000919105009E95050034910400C68E050095
:10BA300065A40500AA9105002DE9F74F4368027A35
:10BA400003EBC2029A4204D86FF0010003B0BDE8D4
:10BA5000F08F5C798C4200F088800833F2E733681D
:10BA60005904C3F3C322C3F3080478D44C4518F82F
:10BA700002A04FEA13630BD0192B18D94E2B71D1AA
:10BA8000C5F8144520460BF00AFB4FF0010B2AE0E5
:10BA9000192B0AD94E2B65D14FF0FF33C5F8143559
:10BAA0000436B742DBD10020D0E74FF0FF34192B2A
:10BAB00058D8DFE803F00D12293E2C333E57575774
:10BAC000575757575757575757575757414B4E5137
:10BAD000C5F80C45631CD5D1E2E7C5F81445621CD6
:10BAE000DED04FF0000B59463368CDF800A003F4C8
:10BAF0000042002AC3F341230EBF5A46012200210F
:10BB0000204602F071F9CBE7C5F80845E2E7601C72
:10BB1000C5F80845C4D04FF0000B05E0611CC5F81E
:10BB20000C45BDD04FF0010B20460BF0C5FA0121AA
:10BB3000DAE7C5F81045D2E7C5F86045621C3368FE
:10BB4000AED0C3F30043002BECD09BE7C5F86445AF
:10BB5000F4E7C5F86845F1E7C5F86C45EEE76FF026
:10BB6000150073E76FF0850070E71E681F790568A0
:10BB7000DFF80C8006EB870740F2FF1991E700BF62
:10BB8000CB9505002DE9F04786B04568D0F81080C8
:10BB900000AF06460121686BFFF74EFFD5F83CA0C9
:10BBA000BAF1FF3F51D00123BB700223D5F8389082
:10BBB0003B71FB18FB603B1DF91C3B6148460023B1
:10BBC000B9607B61FEF7C6F8041E0BDB07F10C02BF
:10BBD00051464846FDF7AAFE041E36DAF978484673
:10BBE000FDF78AFF14F1130F19D10820FAF7D6F8E0
:10BBF00048B1334B4361334B836103230374002308
:10BC000043748374C37430494FF4C25203F01CFB75
:10BC10006FF0120420461837BD46BDE8F087631D5B
:10BC200013D10820FAF7BAF848B1284B4361254BE5
:10BC3000836103230374002343748374C374224910
:10BC40004FF4C25203F000FBE4E7EB6A9847D8F8E0
:10BC50003050D8E90C3203EBC2039D4209D308F1FE
:10BC600028000BF0CDFE1A4930460BF0ADF9044622
:10BC7000D0E728680AF0C1FBC0B92B686C468AB0CF
:10BC800019682B796A46134850611362124840F2D2
:10BC900001339384114BC2E9060142F8103F0A4870
:10BCA0004FF4315104F018FAA546B1E74FF4B01142
:10BCB0002846E2F713FC041EACDB0835C9E700BFD9
:10BCC000D89105001695050094910400079205008F
:10BCD000777A040028920500F99405000500000118
:10BCE0002DE9F041032106460220FBF707F8022068
:10BCF000FAF7E4FF74680121E068FFF79DFE7368BE
:10BD00001A682369C2F82435A17D637D0B43217D28
:10BD10000B43C2F86C357768D7E9004313F0010391
:10BD200055D0384BD6F81080186830B936493748A6
:10BD30003B220BF0CFF80CF044F80BF090FD051E01
:10BD40000BDA0820FAF72AF8B0BB31494FF4C25297
:10BD500003F07AFA2846BDE8F081EBB2DB0003F18C
:10BD6000804303F5F83304F5907288F80C50C3F85B
:10BD7000102504F10C02C3F8142598F80C3025495D
:10BD8000012202FA03F3C1F804350823C4F8003590
:10BD9000BB69C4F844350023C4F84835A260D4F820
:10BDA0005831002BFBD00023C4F8003530461A4927
:10BDB000BDE8F0410BF008B9184B4361184B8361A3
:10BDC00003230374002343748374C374BDE7082200
:10BDD000C4F80025BA69C4F84425C4F848350123DD
:10BDE000A360D4F82031002BFBD00023C4F820310D
:10BDF000D4F820310123E3604FF48073C4F8043396
:10BE0000CDE700BF6C730020398D050065A40500E7
:10BE1000CC91040000F00140AF7A0400509205007C
:10BE20007A9505002DE9F04F85B00569446802AFA9
:10BE3000064635B94949B22249480BF04BF80BF098
:10BE4000C0FF2B7BD3B16C468AB0036802AA454978
:10BE5000516145494548C2E9061340F20133138454
:10BE6000434B42F8103F4FF4115104F035F96FF095
:10BE70007700A5460C37BD46BDE8F08F3D4BC5E9C0
:10BE80000135002C63D094F81CA085F814A0BAF1F9
:10BE9000000F1ED104F10C03A4F1040804F11009F1
:10BEA0007B6058F804BFBBF1FF3F0DD099F800301C
:10BEB00058466BB30BF0F3F80122CDF800A0002335
:10BEC0001146584601F090FF7B68984509F1010939
:10BED000E7D194F81D80218B94F815E094F816C0F2
:10BEE000A27EE07E2B68B8F1000F0BD1D4E900A947
:10BEF000D4E90284C3F860A5C3F86495C3F86885E3
:10BF0000C3F86C450C0406D51B4940F2593293E73F
:10BF10000BF0D2F8D0E742EA0022C3F80CE5C3F8F0
:10BF200004C5C3F80815C3F8102528680022C0F816
:10BF30001021D0F81011C0F80821D0F80811C0F86D
:10BF40000C21D0F80C2140F30730FAF7B7FE01239B
:10BF50000A492B7330460BF037F88BE7C68E050085
:10BF600065A40500B88B0500909505003491040088
:10BF7000040000018B720400948E0500CD7B040048
:10BF80002DE9FF470469226FA36F81464068002AAC
:10BF90004AD1002B00F01E81058ED4F86CA0D4F895
:10BFA00074809D4228BF1D46616FE76E94F8203073
:10BFB00000295BD1C4F88050002F66D1002B76D0C9
:10BFC0003D4694F82130002B40F00181636813B1A5
:10BFD000012384F82130606A461CC4E904A7C4E93F
:10BFE000068505D094F82230990768D50BF057F8EC
:10BFF0002668BAF1000F04D00AF06043B3F1005F85
:10C0000007D1B8F1000F5DD008F06043B3F1005FD5
:10C0100058D0002384F821306FF00C01484604B05A
:10C02000BDE8F0470BF015BDE16ED4F87480058EC5
:10C030008A46BBB1934228BF13469D4228BF1D4686
:10C040000029B1D001F06043B3F1005FACD0082DFE
:10C0500028BF0825D4F888002A460CF0C7FAD4F87F
:10C0600088A0A1E7954228BF1546E9E7A26F4AB12B
:10C0700008F06042B2F1005F04D0082DD4F88C8043
:10C0800028BF0825C4F8805027B1276F002F18BF9C
:10C090002F4609B1A26F02B9002543B1BAF1000FD2
:10C0A00000D127B9B8F1000F8BD1002D89D04A49B2
:10C0B0004A484FF464720AF00DFF0BF082FE0AF05A
:10C0C000FBFF95E700F098FF30B3454B9E4223D12C
:10C0D0004FF08043D3F8002E424B1A60E7B1424A3A
:10C0E0002AF4FF5323F01F0393425AD8C3F34F316E
:10C0F00001223E488A4007EB0A0C002103F5005359
:10C100009C4541EA02014FEA420201D98342F5D33C
:10C110004FF08043C3F8001E0023C6F85035C6F820
:10C120004035C6F844A5C6F84875C6F83485C6F843
:10C130003855C6F81831D6F81831D6F8003594F8C5
:10C140002220073B18BF012363F38202072384F8F0
:10C150002220C6F8003562680123CDE900A7CDE9A9
:10C160000285336102B363685BBB00F045FF40B1F9
:10C170001B4B9E4201BF1B4B1A684FF08043C3F814
:10C18000002E606A421C05D094F822309B0715D51A
:10C190000AF092FF211D304604B0BDE8F0470BF0D5
:10C1A00019BE4FF48071B3E7D6F81831002BFBD0DD
:10C1B0006A46402130460BF073FDD4E70AF06FFF6A
:10C1C000E8E74023C6F8043304B0BDE8F0876FF019
:10C1D0000F0123E7194621E77392050065A40500C6
:10C1E00000F00240B4740020FFFF00200020012076
:10C1F00010B502780346002A7FD10C69D4F880205C
:10C2000032B9E06F6FF07301BDE810400BF021BC54
:10C21000606F48B1A16F39B1DB682BB1834203D0A5
:10C22000D4F88C100CF0E2F9236FD4F88020A3B17D
:10C230009A4230D90820F9F7B1FD48B12F4B43613C
:10C240002F4B836103230374002343748374C374EB
:10C250002C494FF4C25202F0F7FFA36FD4F88020AC
:10C26000A3B19A4230D90820F9F798FD48B1234B81
:10C270004361254B83610323037400234374837458
:10C28000C37420494FF4C25202F0DEFFE06FBDE8F4
:10C290001040FFF775BE9B1A23677BB9E36D083327
:10C2A000E365236E013B236604F1700204F1600133
:10C2B00004F15C000BF043FDE066CEE7E36E002B7B
:10C2C000CBD01344E366C8E79B1AA3677BB9636EC0
:10C2D00008336366A36E013BA36604F1780204F1A0
:10C2E000680104F164000BF02AFD6067CEE7636F1C
:10C2F000002BCBD013446367C8E710BDAF92050095
:10C3000064950500949104004E9505002DE9F04FC9
:10C3100093B000AFC7E9093243683B628B88056977
:10C32000F9638046980441D44FF0FF334FF0FF3259
:10C3300005F1380009F0F3FEFB6BEB62D8F8104012
:10C34000D8F8043094F88520196822B1A26AF86BF5
:10C35000904200F02B82FA6BB2F8049019F4006F4F
:10C360002CD00820F9F71AFD48B1A94B4361A94B1D
:10C37000836103230374002343748374C374A64945
:10C380004FF4C25202F060FF6FF08504AB6A13B144
:10C390009B889B0405D40023EB6205F1380009F06B
:10C3A000C0FE20464C37BD46BDE8F08F2B6C002BFD
:10C3B000BAD1EB6AFA6B9A42B6D1BFE719F0010A1B
:10C3C00018D06C468AB0D8F800306A46934951615B
:10C3D00090499148C2E9061340F201331384904B0F
:10C3E00042F8103F4FF4115103F076FEA5466FF06E
:10C3F0001504CBE719F0080615D00820F9F7CEFC94
:10C4000058B1884B4361834B83610323037480F8E5
:10C4100011A080F812A080F813A07F494FF4C252F7
:10C4200002F012FFE3E7C9F3451008280ED00820F8
:10C43000F9F7B4FC0028F0D07B4B4361754B836166
:10C440000323037446748674C674E6E7FA6BD2F865
:10C4500000C0764A944505D8F9F7A0FC0028DCD046
:10C46000734BEAE75A68FA619A68BA61DA687A61E6
:10C470001A69FA621A7DBA639A7DBA609A7F7A6005
:10C480001A6A3A6193F8242093F8256093F826A05D
:10C490003A6093F8272093F82830FB6061450B46FB
:10C4A00064493A6328BF63468B4254D262498B4247
:10C4B00051D262498B424ED261498B424DD861497B
:10C4C0008B424DD860498B424DD860498B424DD844
:10C4D0005F48604A6049834294BF93468B4619F097
:10C4E000020F09F0040344D0002B14BF03230223DE
:10C4F0007B632368D3F80805411C04D019F0020FB0
:10C500003BD10AF0D9FD94F885302BB1204602F0DA
:10C51000A5FD002384F8853094F82030002B40F0EE
:10C5200069814E4B9B454E4B00F0BA8028D84D494F
:10C530008B4500F0B08059D846498B4540F0A1802A
:10C54000C4E9013826B94FF0020A8B4540F0A080BB
:10C550004FF0007B2CE08B46C1E7DFF80CB1BEE763
:10C56000DFF8F8B0BBE7DFF804B1B8E7DFF8F4B004
:10C57000B5E7003B18BF0123BAE70AF090FDC2E718
:10C580002D498B4574D00BD837498B4537D1002EB8
:10C59000C4E9013808BF4FF0020A4FF0804B07E0B2
:10C5A000C4E90138002E08BF4FF0020A4FF0A05B2B
:10C5B00094F822303A6B62F30003BA6B62F34103E2
:10C5C00084F822303B6B002B7ED0002E40F0AE80F2
:10C5D000FB6ABA6B636294F8223062F3410384F819
:10C5E00022304FF0FF33FB620023A3E0002EC4E9AA
:10C5F000013808BF4FF0020A4FF0805BD8E7002EE9
:10C60000C4E9013808BF4FF0020A4FF0004BCFE7F2
:10C61000D19205004495050094910400EF92050025
:10C6200004000001159305003893050047E8010058
:10C630006B9305000048E8010024F40000127A0022
:10C64000FF083D007F841E003F420F001FA107002E
:10C650008FD0030048E8010090D0030080841E00C2
:10C66000F1C1030020A1070000093D0040420F0076
:10C67000C4E901384FF0206B002E08BF4FF0020ACA
:10C6800096E7C4E90138002E7FF45FAF4FF0020A4D
:10C690004FF0806B8CE7C4E901384FF0006BEBE79B
:10C6A000C4E9013894F82230002E32D13E6BBA6BC7
:10C6B00066F3000362F3410384F822304FF0020A6C
:10C6C0004FF0005B002E83D17B6BF869012B94BF88
:10C6D00000230123002201210BF00FFC0023B86985
:10C6E0001A4601210BF009FC00237A687869194683
:10C6F0000BF003FCBB6BF86A83F0010300220121FD
:10C700000BF0FBFB01233869002219460BF0F5FB07
:10C710005BE73A6B62F30003BA6B62F3410384F8A0
:10C7200022303B6B4FF0005B002BCDD04FF0FF333E
:10C730006362BB6BF968226891B9F969C2F80815A0
:10C74000B969C2F80C157969C2F810153969C2F8CF
:10C750006C15F96AC2F81415C2F86835C2F864A5F8
:10C76000796BBB68C2F8C0350229C2F824B5C9F399
:10C77000001339D003293AD0012901D143F0020333
:10C78000C2F854353B68C2F86035636823B120684D
:10C7900040F30730FAF792FA002384F8213001239E
:10C7A00084F8203084F88530FB6BA362012385F880
:10C7B00084303B6ADC6B621C00F08D8020469E6BEF
:10C7C00009F07CFE40B1214630460AF0DFFE18B980
:10C7D00030460AF0CEFE30BBC04940F2E912C048F4
:10C7E0000AF078FB0BF0EDFA43F00403C8E743F0DE
:10C7F0000603C5E70820F9F7D1FA60B1B94B4361E8
:10C80000B94B83616FF07703C36104230374002382
:10C8100043748374C374B5494FF4015202F014FD9C
:10C820006FF07704B2E530460AF098FE002800F079
:10C83000DF802046FBF7FAFA06EB4000808A400BC7
:10C84000FCF778FE8146002221463046FDF704F8C9
:10C850007C6407F14400FCF79DFA7B6C00EB8300DD
:10C86000A34BD0F80027134043F00C03C0F8003767
:10C870000AF0E0FF8246336853F80930002B00F0DD
:10C88000BD804FF00009214630460AF049FF7C6424
:10C8900007F14400FCF77EFA7B6C00EB8300944BBD
:10C8A000D0F80027134043F0040319F1740FC0F8C7
:10C8B000003710D10620F9F771FA38B18D4B43617A
:10C8C00002230374002343748374C37487494FF4B1
:10C8D000845202F0B9FCBB6A002B40F09980EB65F2
:10C8E00000232B6605F1700205F1600105F15C0083
:10C8F0000BF025FA7B6AE866002B40F092806B66AD
:10C900000023AB6605F1780205F1680105F16400CA
:10C910000BF015FA002405F128062246686701216C
:10C920003046AC650BF04CF84046FFF729FB286E0B
:10C930002246234683427DD10023AC6E1946A14294
:10C940007FD19A4238BF1A464FF4FA5303FB02F4E0
:10C95000AB6A4FF000091B68B4FBF3F44FF40046D8
:10C96000C83440F2E73049464FF47A720023E4FBC2
:10C970000601D0F737FB05F1480602460B46304664
:10C9800009F0CDFB0246002862D00820F9F706FA2C
:10C9900058B1594B4361594B83610323037480F8A9
:10C9A000119080F8129080F8139050494FF4C252C1
:10C9B00002F04AFC00242846C5F8804002F04EFBF5
:10C9C00085F885406FF0730140460BF042F8EFF3B5
:10C9D00011894FF0400B8BF31288BFF36F8F4848DB
:10C9E00000F03CFB8046002840D188224549F6E60D
:10C9F0000EB9FDF7C9F94FF4BE7924E70AF01AFF22
:10CA0000A0EB0A0006287FF636AF6FF073093AE70D
:10CA1000BB6A1B68EB65002B3FF462AFBB6A5B68C7
:10CA20005FE77B6A1B686B66002B3FF469AF7B6A2C
:10CA30005B6866E7E96D01EBC301013349680A44AD
:10CA400078E7686E00EBC10001314068034476E787
:10CA5000AC6D14F1740FADD0002C3FF497ACD8F846
:10CA60001000114628300AF0ABFF8FE4244800F094
:10CA700019FB6FF00A0A2346EFF311828BF3128839
:10CA8000BFF36F8F82F31188BFF36F8F12B91E4906
:10CA9000A622A4E6AC6CA6420ED06CB1204601F0F2
:10CAA00031FD04F1180004F0B1FBC4F8A8A0204641
:10CAB00004F026FD4346DFE700222A6533B1104823
:10CAC000494601F03DFE6FF073045FE40C4800F04E
:10CAD000D3FAD8B94FF49A7288E700BF2A8E0500BE
:10CAE00065A40500A09305004495050094910400F9
:10CAF000F0F8FCFFC9930500F393050024950500A9
:10CB0000B074002082CE0400BFCE040089F31188E7
:10CB1000BFF36F8FD7E700BF684620F007018D464F
:10CB200001B5214BD3F80423D1060BD5D3F810213E
:10CB300042B10022C3F81021D3F810311B4B1B68FF
:10CB400003B19847184BD3F8042312071FD5D3F825
:10CB50000C21E2B1164A5278022A1ED1D3F80804F9
:10CB6000144B5978C0B2C1F34101FEF765F840B1EA
:10CB7000114804210AF00AFA104B4FF48012C3F84E
:10CB80000021094B0022C3F80C21D3F80C31FAF72D
:10CB900033F8BDE8014085467047044B1B68002B05
:10CBA000EFD09847EDE700BF001000406074002010
:10CBB0006C7400208FB300205874002000E100E066
:10CBC000684620F007018D4631B5144B14481B68A8
:10CBD000144D82B001930AF031FE2B680446B3B1C4
:10CBE000C10704D500228DF8002068469847A207A7
:10CBF00005D501238DF8003068462B6898476307F8
:10CC000005D502238DF8003068462B689847F9F760
:10CC1000F3FF02B0BDE83140854670475C740020E8
:10CC200058740020507400202DE9F04186B00D1E8C
:10CC300069460CBF17462F460446FBF7BFFC78B980
:10CC40009DF80060022E4CD0032E0CD0012E4AD14C
:10CC500035B19DF80330032B02D120460AF047FD81
:10CC600006B0BDE8F081002DFAD1A56820460AF093
:10CC7000E4F9204B103D02AA25F0070503F1100E40
:10CC80009046186859689446ACE803000833734529
:10CC90006246F6D1002D01DA0120E1E7A3689D424A
:10CCA000FAD25B1B0F2BF7D96168E068102342466C
:10CCB000294409F0D8FB0028EED187B120460AF0BC
:10CCC00016FD0028CCD1A1688DF80860183921F034
:10CCD000070142461039204603F05CFFC0E70226F8
:10CCE000F1E7E81CBCE7044B044A054840F2B321D5
:10CCF00007F038FCDCAE04003ED10400E1940500EE
:10CD00001D94050010B5164A16490020C2F800050A
:10CD100091F82F40D2F8043381F82E400C6823F0AC
:10CD200033030CB143F02303C2F81C01D2F81C41B9
:10CD3000C2F81801D2F81841C2F80801D2F8082147
:10CD400091F83320D00791F8342048BF43F0800396
:10CD5000D207034A48BF43F04003C2F8003310BD76
:10CD6000007000403473002008B5054B1B682BB9D8
:10CD7000FBF7FAF9034B1B68C01A08BD0020FCE75B
:10CD8000A4740020204B0020F7B5284D0023044652
:10CD900001934FF4807201AB0F46014628460AF01A
:10CDA00034FD01AB4FF48A72214628460AF02DFD6E
:10CDB00001AB06464FF48272214628460AF025FD53
:10CDC00018B117B10EB1D5F83436184801AB4FF48D
:10CDD000847221460AF019FD01AB4FF48672214698
:10CDE00012480AF012FD01AB10484FF48872214638
:10CDF0000AF00BFD0E4B2340A3B10C4E4FF48E7581
:10CE00002A4601AB214630460AF0FFFC2A1F0835AE
:10CE100001AB92B221463046ADB20AF0F6FCB5F550
:10CE2000AE7FEDD1019803B0F0BD00BF00700040AF
:10CE3000C0FF3F007FB56449634E3320FFF7A4FF76
:10CE400010F0100F05460BD0604B1022C3F80823DA
:10CE5000B218C3F82C260222C3F8302601221A6029
:10CE60005B4CAA0694F82E300ED5072B574A05D0F6
:10CE7000D2F834369BB2E36000232361D2F8043346
:10CE8000DB0601D5FFF73EFFA8071AD594F82E2040
:10CE9000A16802910023E1688DF80430062AADF8FC
:10CEA0000C101AD0072A39D0032A0AD1474AC2F8EF
:10CEB0000035C2F80035022384F82E30236801A81B
:10CEC0009847E90751D594F82E30033B042B4CD8F2
:10CED000DFE803F05C4B2B43600094F8353023B15E
:10CEE000236913B1394B01221A60236801A89847BE
:10CEF000384B93E8030086E8030000232361A3680E
:10CF0000002BDED1314AC2F80035C2F800350423C7
:10CF100084F82E3005238DF80430CFE7FFF7F2FEBA
:10CF200002238DF804306368C9E704238DF80430C8
:10CF300001A823689847254BD3F8F825D20444BFAD
:10CF400001225A602269062384F82E302AB11F4B31
:10CF50006169C3F82C26C3F8301623692BB9032363
:10CF60008DF8043001A82368984794F82E30072BD9
:10CF70000AD0164B1848D3F8043300211840FFF7A5
:10CF800003FF012685094DB904B070BD0F4B012286
:10CF90005A60EAE70D4B01229A60E6E795FAA5F39D
:10CFA000B3FA83F306FA03F225EA02055A08DB43D3
:10CFB00003F001038DF809308DF8046023688DF8C3
:10CFC000082001A89847DEE73C730020007000406D
:10CFD0003473002044730020C0FF3F00054B93F8DA
:10CFE0002E00431E012B03D9043818BF01207047BF
:10CFF00000207047347300204FF08053D3F8302165
:10D00000082A06D1D3F83431052B04D8034AD05C62
:10D010007047002070470120704700BF2FA4050013
:10D02000014B986890307047446F0020437B024664
:10D0300013F01F000DD1084B9A420BD0D3897F2BE0
:10D0400008D892F90E30002BB4BF00204FF42470A2
:10D0500070470020704700BF602D0020006838B185
:10D06000044B1B7C00F00300C01A18BF012070475E
:10D0700001207047446F0020002302680360EFF333
:10D080000581074B19B19968497BC90706D4197CFA
:10D0900098680843831A58425841704701207047E6
:10D0A000446F0020024B1A7C9B6813430360704757
:10D0B000446F002030B470B1084B5B6898420AD0CE
:10D0C000036843B1D3E90421D0E90445121941EBC7
:10D0D0000501C3E9042130BC0AF022BE040500208A
:10D0E0000B4B1A689A420FD072B1D2E904321B1A64
:10D0F00062EBE072B3F1004F72F1000104DA002A32
:10D10000ACBF1846002070476FF00040704700BF6A
:10D1100004050020F0B52C4B2C4E1C782C4B1A78B3
:10D12000012101FA02F301FA04F51D4304F5117718
:10D13000E3004FEAC20C18BB03F1804303F5F83358
:10D14000C6F80855C3F81005C3F814050CF1804360
:10D1500003F5F83346F82700C3F81005C3F81405A3
:10D160001C4B1B789B0003F1804303F5F83301212E
:10D17000D3F80028A14022EA0102C3F80028F0BD3C
:10D18000154A127803F18043914003F5F83329439F
:10D19000C6F808150021C3F81015C3F814150CF1D2
:10D1A000804303F5F83346F82710C3F81015C3F889
:10D1B0001415D30003F1804303F5F833C3F81015B9
:10D1C000C3F81415CCE700BF40B3002000F00140C5
:10D1D00042B300203FB30020D9B3002030B4104B3D
:10D1E0000C2202FB003301460020D3E910521864E0
:10D1F000EFF31180402484F31288BFF36F8F9C6C8F
:10D2000004F0C00444F002049C6480F31188BFF36E
:10D210006F8F1DB12B46034830BC184730BC704798
:10D22000344C0020648A04002DE9F04F4FF0805404
:10D2300091B0D4F83051082D3FD1D4F83441052CA9
:10D2400002D83F4D2C5DC4B3EC4608AF3D4D3E4681
:10D25000E046002405EB041E0134DEF8189548F87A
:10D26000049B082CDEF81CE546F804EBF2D1002400
:10D270004FF0010AD5F8F065D5F84096D5F8448608
:10D28000D5F848E6C5F8FC4FC5F8FCAF2D4D5CF865
:10D2900004BB05EB041A0134CAF818B557F804BBEF
:10D2A000CAF81CB5082CF2D1F6B2C5F84096C5F8FC
:10D2B0004486C5F848E6C5F8F065234C214F234E57
:10D2C0002660002584F8335084F83450A560256129
:10D2D00084F83100A583C7F8F015C7F8F425232298
:10D2E000C7F800234FF0010C0CFA05F202404FEA98
:10D2F00005111CD001F1804202F5E042E67F94F86E
:10D300001EE0C2F810E5C2F814651A46394401352A
:10D31000D1F8186526F0807646EA0262082DC1F839
:10D32000182504F10204DFD111B0BDE8F08F01F13E
:10D33000804606F5E046C6F81025C6F81425E5E750
:10D3400029A405000070004034730020ADA703003D
:10D3500001460148FDF7BCBBC48A040010B58CB07F
:10D360000023009303680193436802938368144881
:10D370000393D0ED017A03680493F1EE677ACDED63
:10D38000057AD0ED027AF1EE677ACDED067AD0ED2E
:10D39000037A0C46F1EE677A08AA6946CDED077A62
:10D3A00009F09DF96A4604A908A809F098F9019BBB
:10D3B0002360029B6360039BA3600CB010BD00BFA1
:10D3C000CC030020F8B515460F4A074610780E46E4
:10D3D00040F2FF3243F6FF71002808BF0A46B2FB55
:10D3E000F3F202FB03F40DB92846F8BDAC4228BFA6
:10D3F0002C462346324639460020E7F797FE0028A0
:10D40000F3D126442D1BEEE7D0B2002070B52DEDF0
:10D41000068BD0ED007AF5EE407AF1EE10FA8AB084
:10D42000B0EE408A05460ED1D0ED017AF5EE407A95
:10D43000F1EE10FA07D1D0ED027AF5EE407AF1EE76
:10D4400010FA00F07581D54C06AA214604F11000AF
:10D4500009F08EFB2946D24D03AA06A809F0C1FBAC
:10D46000AB7A002B00F0F880032103A8F7F740FE09
:10D470009FEDCC7A84ED850AB4EEC70AF1EE10FA7E
:10D48000F0EE407A00F154819DED057A87EE270A8F
:10D49000FFEE007AB4EEE70AF1EE10FA40F35281A3
:10D4A000F7EE000AB4EEE00AF1EE10FA40F147811F
:10D4B00080F24581B4EEE70AF1EE10FA40F24281C3
:10D4C00040EE400AF5EEC00AF1EE10FAC0F23481E7
:10D4D000F1EEE00AF7F7F4FDB1EE400A84ED860ABA
:10D4E00095ED0D0AB5EEC00AF1EE10FA0CDDAE486E
:10D4F000019000F10C030093AC4BF0EE480AA3F14D
:10D5000018020221F7F726FED4ED7E7A94ED855AB3
:10D5100095ED0F7AD4ED865AA54E35EE674A67EE43
:10D52000876AB0EEC46AB4EEE66AF1EE10FA40F132
:10D530000C81D4ED7F6A95ED106A9FED9E3A75EEF1
:10D54000E64A26EE036AF0EEE43AF4EEC63AF1EE6D
:10D5500010FA40F1FA8094ED806AD5ED143A38EE75
:10D56000066AB4EEE36AF1EE10FA84ED806A0CDB31
:10D5700096ED286A44EE067A002384F8253044EEBE
:10D58000866AC4ED7E7AC4ED7F6AD4ED828A35EE78
:10D5900068AA27EE287AF0EECA7AF4EEC77AF1EE9E
:10D5A00010FA40F1D98094ED839AD5ED107ADFED31
:10D5B000816A75EEC99A67EEA67AB0EEE97AB4EEA2
:10D5C000E77AF1EE10FA40F1C7807B480321F7F7C4
:10D5D0008FFD9FED7A7AD5ED137ADFED796A94F8B5
:10D5E000253067EE877A87EEA67AB4EEC70AF1EEA9
:10D5F00010FAA2BFD4ED847A77EE887AC4ED847AEB
:10D60000D6ED287A4AEE278A09EEA79AC4ED828AD7
:10D6100084ED839A03B3D4ED847A95ED117AF4EE18
:10D62000C77AF1EE10FA0DDA94ED7E7AB5EEC07A93
:10D63000F1EE10FA10D895ED127AF4EEC77AF1EE09
:10D6400010FA09DB002384F825302B6DC4ED7E8AA7
:10D6500084ED7F9AC4F80032DDED040A9DED030AE3
:10D66000F7F72EFDD4ED087A9FED545A30EE670A95
:10D67000B4EEC50AF1EE10FA76DD9FED567A30EE83
:10D68000470A4B4B84ED1C0A93ED0E7AAB7ABBB183
:10D6900094F82530D4ED816A002B71D095ED156A90
:10D6A000B4EEE66AF1EE10FAB5BFD5ED166A9FED5D
:10D6B000457A87EE267A78EE266AA8BFC4ED816A9D
:10D6C000D4ED1B6AF5EE406AF1EE10FA19D0F7EED0
:10D6D000005A76EEA55AF4EE476A86EEA56AF1EE98
:10D6E00010FAC8BFB0EE667AD5ED016A84ED1B6A08
:10D6F00026EE266AB4EEC68AF1EE10FAC4BF002305
:10D70000E366D4ED1C6A27EE267AC7EE086A77EE48
:10D71000877AC4ED1D6AF4EEC57AF1EE10FAC4ED15
:10D72000087A59DD9FED2B7A77EEC77AC4ED087A37
:10D730000AB0BDEC068B70BDDFED220ACAE69FED94
:10D74000220AC9E69FED210AC6E60023C4F800328A
:10D75000012384F8253018E70023C4F8103284ED43
:10D76000825AC4ED835A77E79FED197AB4EEC70A5F
:10D77000F1EE10FA44BF9FED177A30EE070A80E70A
:10D7800095ED166A48EE466AF5EEC06AF1EE10FABB
:10D79000D8BFDFED0C6AC4ED816A91E7202F00202D
:10D7A0003C7000200000003434310020102F002095
:10D7B000502E002035FA8E3C84300020DB0F49408B
:10D7C0000000344300000000DB0FC93FDB0FC9BF7E
:10D7D000DB0F49C0DB0FC9401FED037AF4EEC77AB7
:10D7E000F1EE10FAA4D51FED057A77EE877A9DE762
:10D7F000034628B12E4A03CA186059601068986021
:10D800002C4BD3ED216AD3ED227A93ED247A93ED5C
:10D81000286AF0EEE77AF0EEE66A76EEA76AD3EDD4
:10D82000237AF0EEE77A76EEA76AD3ED257AB0EEAA
:10D83000C77AF0EEE77A37EE277AD3ED267AF0EE64
:10D84000E77A37EE277AD3ED277AB0EEC66AF0EEA4
:10D85000E77A77EE867A93ED296A174BF4EE476AFA
:10D86000B0EEC66AF1EE10FA77EE867AC8BFB0EE77
:10D87000667AF4EE477AF1EE10FA93ED0F0A48BF9C
:10D88000F0EE477AB4EE670AF1EE10FAC8BFB0EED8
:10D89000670AB5EEC00AF1EE10FA06DBB1EEC00A77
:10D8A000DFED067A20EE270A70479FED050AF7E7BD
:10D8B000982F0020202F0020502E0020D40237392E
:10D8C00000000000F5EEC00AF1EE10FA14DC56D4A8
:10D8D000F5EE400AF1EE10FA40F03181B5EEC00AE3
:10D8E000F1EE10FA00F3948040F12981DFEDA87A7F
:10D8F000C0ED007A00207047C0EE207AF7EE006A93
:10D90000F5EEC07AF1EE10FA48BFF1EE677AF4EE68
:10D91000E67A4CBF01230023F1EE10FA7BDD86EEA0
:10D92000A77ADFED9C2A9FED9C3ADFED9C3A9FEDB4
:10D930009C4ADFED9C4A9FED9C5ADFED9C5A9FED7F
:10D940009C6ADFED9C6ADFED9C7AA7EE223AE7EE57
:10D95000033AA7EE234AE7EE044AA7EE245AE7EE7D
:10D96000055AA7EE256AE7EE066AE7EE667A002B0F
:10D97000BED0F1EE677AC0ED007A00207047B5EEB8
:10D98000C00AF1EE10FA6BDDC0EE207AF7EE006A05
:10D99000F5EEC07AF1EE10FA48BFF1EE677AF4EED8
:10D9A000E67A4CBF01230023F1EE10FA40F39F808A
:10D9B00086EEA77ADFED772A9FED773ADFED773AAB
:10D9C0009FED774ADFED774A9FED775ADFED775A83
:10D9D0009FED776ADFED776ADFED777AA7EE223A7F
:10D9E000E7EE033AA7EE234AE7EE044AA7EE245AED
:10D9F000E7EE055AA7EE256AE7EE066AE7EE667AD5
:10DA00000BB1F1EE677A9FED6D7A77EE877A6FE76B
:10DA1000DFED697A6CE7DFED5F6A9FED5F7A9FED7E
:10DA20005F4ADFED5F4A9FED5F5ADFED5F5A9FED82
:10DA30005F6AA7EEA67ADFED5E6AA7EE874A9FEDE2
:10DA40005D7AE7EE844AA7EEA45AE7EE855AA7EE80
:10DA5000A56AE7EE866AA7EEA67A67EE877A86E77A
:10DA600002D4DFED567A43E7C0EE207AF7EE006A83
:10DA7000F5EEC07AF1EE10FA48BFF1EE677AF4EEF7
:10DA8000E67A4CBF01230023F1EE10FA5ADD86EE50
:10DA9000A77ADFED402A9FED403ADFED403A9FED57
:10DAA000404ADFED404A9FED405ADFED405A9FED7E
:10DAB000406ADFED406ADFED407AA7EE223AE7EEFA
:10DAC000033AA7EE234AE7EE044AA7EE245AE7EE0C
:10DAD000055AA7EE256AE7EE066AE7EE667A0BB10D
:10DAE000F1EE677A9FED357A77EEC77A00E7DFEDE2
:10DAF000296A9FED297A9FED294ADFED294A9FED9A
:10DB0000295ADFED295A9FED296AA7EEA67ADFEDA3
:10DB1000286AA7EE874A9FED277AE7EE844AA7EEA8
:10DB2000A45AE7EE855AA7EEA56AE7EE866AA7EE45
:10DB3000A67A67EE877A002B3FF465AF61E76FF056
:10DB400003007047DFED136A9FED137A9FED134AD0
:10DB5000DFED134A9FED135ADFED135A9FED136A61
:10DB6000A7EEA67ADFED126AA7EE874A9FED117A3B
:10DB7000E7EE844AA7EEA45AE7EE855AA7EEA56A17
:10DB8000E7EE866AA7EEA67A67EE877AA7E700BF78
:10DB9000DB0FC9BFA59204BDE745093E08B732BEF9
:10DBA000EBFCA9BC3C695D3E435690BBE565AABE53
:10DBB000C90CC0B70100803FDB0FC93FDB0F4940F4
:10DBC000D0ED007AF4EEE07AF1EE10FA2EDCB4EE4D
:10DBD000E70AF1EE10FAA8BFF0EE407AC1ED007A44
:10DBE000D0ED017AF4EEE70AF1EE10FA1BD4B4EEB0
:10DBF000E70AF1EE10FAA8BFF0EE407AC1ED017A23
:10DC0000D0ED027AF4EEE70AF1EE10FA08D4B4EEA1
:10DC1000E70AF1EE10FAB4BFF0EE670AF0EE400A40
:10DC2000C1ED020A7047F0EE607AE7E7F0EE607A45
:10DC3000D4E700BF044B00EBC1010022884200D1B1
:10DC40007047E0E80223F9E70000F87F91ED007AE1
:10DC5000D0ED007A77EE877AC2ED007A91ED017A05
:10DC6000D0ED017A77EE877AC2ED017AD0ED027AB3
:10DC700091ED027A77EE877AC2ED027A704700BFA3
:10DC8000064A0346107828B9054A12685360054BC6
:10DC9000196070474FF0FF30704700BFD0B20020CE
:10DCA000D46F00203475002013B50F4B8DF807009A
:10DCB00014461A782AB1012A13D04FF0FF3002B06F
:10DCC00010BD0A4B0DF1070018600120C3E90101E6
:10DCD0000749DC6002234B60064B186808F0EFFA36
:10DCE000EDE700231B68FFDED0B20020DC6F0020D0
:10DCF000F0020020D46F0020F7B5214F3F5C012FC8
:10DD00000D4616461C461ED0022F1FD0002F33D1C1
:10DD10001C4A11601C49012353604B601B4B1C4A79
:10DD20001A601C4ADC6052F820200132C3E9012647
:10DD3000194A02235360194B53F8200003B0BDE881
:10DD4000F04008F0BCBA00231B68FFDE14480068EE
:10DD500090B1077ABB4208D8009344681148134633
:10DD600000780122A04703B0F0BD2878002103B05D
:10DD7000BDE8F040E7F75EB94FF0FF30F3E700BFD2
:10DD8000D0B20020DC6F0020F002002024750020BB
:10DD9000B0B800203475002014050020D46F002096
:10DDA000EC6F0020D2B2002091ED007AD0ED007A25
:10DDB00077EEC77AC2ED007A91ED017AD0ED017A63
:10DDC00077EEC77AC2ED017AD0ED027A91ED027A50
:10DDD00077EEC77AC2ED027A704700BF014809F0BA
:10DDE00050BB00BFC48A04002DE9F341019001A893
:10DDF00098460F461646EAF769FD019B9DF82040BC
:10DE0000094D00EB83002402D0F800371D4044EA9E
:10DE1000880343EA070141EA46022A43C0F8002783
:10DE200002B0BDE8F08100BFF0F8FCFF0368064ACD
:10DE300003F580330360118A1A0CB1EB134F04BF52
:10DE4000A3EB02430360704748680020054BDB6A80
:10DE50001B68012B81BF03F1FF3280185B42184021
:10DE6000704700BF4868002010B5014604460722ED
:10DE7000FF20F9F7BBF9E37983420DD10820FFF7C2
:10DE8000E5FFA28863881344044AD268121A9342B9
:10DE90002CBF0020012010BD0020FCE748680020B6
:10DEA00010B50446FFF7E0FFA0B1A08898B922881A
:10DEB0004FF6FF739A420DD10820FFF7C7FF074BBB
:10DEC0006288DB689B1AB3FBF0F202FB1030B0FAF9
:10DED00080F0400910BD0020FCE700BF486800202A
:10DEE00070B4074C13462268E668050C12FA80F0FD
:10DEF0000A4606FB0501A06A70BC08F0ADBA00BF77
:10DF0000486800202DE9F34106460820FFF79EFFF0
:10DF10003468DFF84480241A0746346004EA0805B0
:10DF2000AC4203D8002002B0BDE8F0810822694667
:10DF30002046FFF7D5FF0028F5D16846FFF794FF8C
:10DF400040B1BDF80230BDF80420346005EA080590
:10DF500013441D44E41BE3E70000FFFFF7B504464C
:10DF60000820FFF773FF082207462068FFF7B8FF75
:10DF70000546002834D123681B4EF8182060F2684B
:10DF800081B2D21B91422BD1020C03BF328A02F123
:10DF9000FF3200EB0240A0F5803020600822694685
:10DFA000FFF79EFFD8B9F36A5A796B4613F8011B45
:10DFB0008A420CD101300828F8D1736805E0236843
:10DFC000BDF802201B0C1B041344236008E06846C4
:10DFD000FFF766FF0028F2D12046FFF793FF0546C2
:10DFE000284603B0F0BD00BF486800202DE9F0418D
:10DFF000134BDB6A1D686D4288B00746884614469D
:10E0000005F020051CB9204608B0BDE8F081A54206
:10E010002E4628BF2646324669463846FFF760FF3F
:10E020000028F1D16B46864202D1A41B3744E9E7B0
:10E0300013F8012B424501D10130F4E70120E3E759
:10E040004868002008B5EFF31183402383F312885A
:10E05000BFF36F8FEFF3108372B6094C0123636037
:10E060001120F8F739FE074BC4F80833C4F84833D9
:10E07000054B4FF40032C3F88021F9F7A5F800BF33
:10E080000010014003000F0000E100E083784278B7
:10E090001B0443EA022302781343C27843EA025383
:10E0A000027943EA8253427943EA0263827943EA7E
:10E0B0008263C27943EA4273094AC2F81435837A0B
:10E0C000417A1B0443EA0123017A0B43C17A43EAF4
:10E0D0000163017B43EA4163C2F81835704700BF12
:10E0E00000100040F0B5294B29491B78294FDA0070
:10E0F0001144294A0024C2F81841D2F81821274AAD
:10E10000274C1578EA0002F1804202F5F832C2F895
:10E110001075C2F81445234A05F5117442F824100D
:10E12000214A22491678F20002F1804202F5F832C3
:10E130000124C2F8101501F5973101F58471C2F878
:10E14000141504FA06F604FA05F1314368B1184AC9
:10E15000184E1078C20002F1804202F5F832844075
:10E16000C2F810752143C2F814659B0003F1804387
:10E1700003F5F8330122D3F80008AA400243C3F89C
:10E180000028084BC3F80415F0BD00BF3FB30020C2
:10E1900004F00140184101400040014040B300201C
:10E1A0000010004000F0014042B300201011004078
:10E1B000D9B3002000A0004038B50F4C830021687F
:10E1C000226A43F0020342F82130054621680246E4
:10E1D000204608F096FEE36861682060984208BF18
:10E1E0002369054808BF43F008032A4608BF236196
:10E1F00008F087FE606038BD2408002070B5224A10
:10E2000092F82E5004463DB9204821494FF4197226
:10E2100008F060FE09F0D5FD13695BBB00F06043B8
:10E22000B3F1005F29D192F83260B1FBF6F306FB3F
:10E23000131028BB0BB2002B22DD052D06D8032DB1
:10E240000BD8022D0ED06FF0760070BD062DFAD1DE
:10E25000104BC3F82C46C3F8301693683BB1C2E9A3
:10E260000441F2E78E420BD1C2E90246EDE7C2E972
:10E270000241EAE76FF07700E7E76FF00C00E4E7B0
:10E280006FF00600E1E700BF3473002065A40500CD
:10E290007E850500007000402DE9F341584C94F84C
:10E2A0002E20012A07D85748574940F29D2208F0EE
:10E2B00011FE09F086FDA368002B00F09E80022A63
:10E2C00006D0042A36D06FF0760002B0BDE8F081A7
:10E2D0004E4A0121C2F800152568E06845B10325C2
:10E2E00084F82E50C2F82C36C2F8300611601FE0B8
:10E2F000C2F82C36C2F83006116000210120FEF76A
:10E3000043FD0028F9D0414C414D0123636029466B
:10E310000220FEF739FD0028F9D00023C4F80831A7
:10E32000D4F80821C4F80C31D4F80C21C4F8003515
:10E330000020CAE7354A0121C2F80015206820B143
:10E34000052084F82E00E068CCE7A58B94F8320015
:10E35000019003EB45030093C2F82C36C2F8300657
:10E36000116000210120FEF70FFD0028F9D094F87C
:10E37000363063BB254D01236B6069460220FEF7F2
:10E3800003FD0028F9D00023C5F80831D5F808218D
:10E39000C5F80C31D5F80C21A18B94F832200A4431
:10E3A000E16892B28A42A28321BF194AA383D2E9CB
:10E3B0000201236124BFC2E900011846134B4FF04C
:10E3C000000238BF6FF00F00C3F800257DE70F4F44
:10E3D000D7F8F4554FF00108EDB208FA05F500261C
:10E3E000013DB542C6D9C7F8048000210420FEF7DC
:10E3F000CBFC0028F9D00136F3E76FF00B0064E79F
:10E400003473002065A405007E850500007000407F
:10E410003C73002037B5044638B9104810494FF412
:10E42000927208F057FD09F0CCFC006800230193BC
:10E430004FF4807201AB0121D0F8045409F0E5F9E2
:10E44000019BDB0708D5D4E9023229464FF48070DE
:10E4500003B0BDE83040184703B030BD65A40500E7
:10E46000DD8C0500154B70B553F82050013053F882
:10E470002060AE4200D870BD6C68E4B1237EDB073B
:10E4800017D4636983B12046984768B100F1FF0350
:10E49000FE2B06D90A480B49212208F01BFD09F082
:10E4A00090FCE36840421870E268537843F001033F
:10E4B00053700835DDE72B689847FAE7F0A90400A8
:10E4C00065A405009596050008B50B4B9B6893F96C
:10E4D0000E30002B09DB4024EFF3118384F3128804
:10E4E000BFF36F8F08F0BEFDF6E7044804491C2215
:10E4F00008F0F0FC09F065FC446F002065A40500FD
:10E50000B896050008B5836833B9084808498F22D2
:10E5100008F0E0FC09F055FC09F002FC437B23F015
:10E52000020343730023836008BD00BF65A4050098
:10E53000BFCE0400F8B5099D0F2D0E4604460B9979
:10E5400059D1344883425AD1A573D51D25F007050A
:10E55000FF350A9F277304F1580025F07F05C4E9B1
:10E560001600042700207F2DC4E90600A060677311
:10E57000E07306F1800CA5F1800205D880F31188C4
:10E58000BFF36F8F384602DF3544C4E925C2002649
:10E590004FF47D42C4F8EC20C4F89C6045F8203C60
:10E5A000069B45F81C3C079B45F8183C1A4A089BFB
:10E5B00045F8143C4FF0807345F8043C22F001020A
:10E5C000A5F1200345F8082C2365C4F8A46066650E
:10E5D00084F86C60D9B11F2204F16D000AF096F93D
:10E5E00084F88C600D4B9B680BB1D3F8A030C4F855
:10E5F000A0302846F8BD05F110001E28A4D908480F
:10E60000084940F24B2208F065FC09F0DAFB84F877
:10E610006D10E7E7C9E40300EF6E0400446F0020CB
:10E6200065A40500D996050008B5836833B9084884
:10E6300008498F2208F04EFC09F0C3FB09F070FB7B
:10E64000437B23F0020343730023836008BD00BFB4
:10E6500065A40500BFCE040008B5114A936850B107
:10E66000597B11F0090F06D10E480F49D22208F04C
:10E6700031FC09F0A6FB6FF00A01C3F8A8100B49A2
:10E68000C3F8A4004B6843F080534B60002383F32E
:10E690001188BFF36F8F9368D3F8A80008BD00BF3F
:10E6A000446F002065A40500FC96050000ED00E025
:10E6B000EFF31183402282F31288BFF36F8F4BB9BF
:10E6C000EFF3058030B9064A91699268914201D012
:10E6D000FFF7C2BF83F31188BFF36F8F704700BF8E
:10E6E000446F002010B50146EFF31184402383F3FB
:10E6F0001288BFF36F8F0F48FEF7B0FC30B9882245
:10E700000D480E4908F0E6FB09F05BFB0948FEF7EF
:10E71000C9FC8B6813B10846FFF786FF0548FEF772
:10E72000ABFC10B94FF49A72EAE784F31188BFF397
:10E730006F8F10BD406F002065A4050082CE0400DD
:10E7400038B503460C46B9B9EFF30585A5B9104AAB
:10E750009169926891420FD0FEF78EFC38B94FF460
:10E76000B7720C480C4908F0B5FB09F02AFB2846A3
:10E77000BDE83840FFF770BF1846FEF77DFC10B9C2
:10E780004FF49A72EDE784F31188BFF36F8F38BDB1
:10E79000446F002065A4050082CE040010B5EFF39D
:10E7A0001184402383F31288BFF36F8F1448FEF760
:10E7B00055FC10B98822134908E01148FEF772FC95
:10E7C000EFF305833BB140F23B320F490F4808F0AD
:10E7D00081FB09F0F6FA0E4B9A68D37B012B02D12C
:10E7E0004FF44F72F1E7013BD373FEF745FC10B9CC
:10E7F0004FF49A72DFE784F31188BFF36F8F10BD77
:10E80000406F002082CE0400F42B050065A40500B3
:10E81000446F002008B568B10D4B98420AD303F14C
:10E820001802904206D2C01A1822B0FBF2F302FB83
:10E83000130333B1074808493F2208F04BFB09F0A6
:10E84000C0FA064BC0105843054B01221A5408BDAC
:10E85000304B002065A4050026970500ABAAAAAAA4
:10E86000DAB3002070B5EFF31186402383F31288EA
:10E87000BFF36F8F1148FEF7F1FB30B988221048C3
:10E88000104908F027FB09F09CFA0C48FEF70AFC37
:10E89000FEF76AFA0C4AD2E90045041945EBE07527
:10E8A0000648FEF7E9FB10B94FF49A72E7E786F3E2
:10E8B0001188BFF36F8F2046294670BDA8740020D1
:10E8C00065A4050082CE0400184B00202DE9F74F07
:10E8D000051D80F0A680EFF31187402383F3128893
:10E8E000BFF36F8F504A1046FEF7B8FB30B988224D
:10E8F0004E484F4908F0EEFA09F063FA1046FEF769
:10E90000D1FB50F8146C3DB9FEF7B6FB002840F07F
:10E9100084804FF49A72EBE705F007030B33ED08A0
:10E9200005EBD305B3689D4228BF1D46B5FA85F8AF
:10E93000C8F11F0206EB8209D9F810B0BBF1000F35
:10E9400010D1F368C8F120084FF0FF3202FA08F244
:10E950001A4060D092FAA2F2B2FA82F2131D56F86F
:10E9600023400BE04FF0030AD9F8104001922146F2
:10E97000304608F008FA8542019A41D821463046CF
:10E9800008F006FA002C46D02146304608F0FBF984
:10E9900085424FEAC40906EBC40A17D22C446B0027
:10E9A000AAF80230A0EB050806EBC4034FEA4802C0
:10E9B0005A80214626F83450304608F0E4F92044C5
:10E9C000214626F83080304608F00CFABAF80230BA
:10E9D000154843F0010309F10409AAF8023006EBD7
:10E9E0000904FEF749FB002893D087F31188BFF391
:10E9F0006F8F104B46F80930201D03B0BDE8F08F33
:10EA000006EBC404BAF1010AE388C9F8103098D0C3
:10EA10009B45A9D195E7044876E787F31188BFF3B2
:10EA20006F8F0020E9E700BF7808002065A405008B
:10EA300082CE0400640800202DE9F047354FDFF84E
:10EA4000E4904FF000084F455FD9334925220DE08F
:10EA5000D7E9016307F10C02B3F5802FC7E9032260
:10EA6000C7F8148007D340F213222C492C4808F031
:10EA700031FA09F0A6F9042B02D840F21A22F4E781
:10EA8000043BF51D1E4425F0070526F00706761BFE
:10EA9000172E4FEAD60A02D840F22322E5E7BAFA47
:10EAA0008AF4C4F12002C4F12404A4000734E40869
:10EAB000631C9A453D60C5E902A802D24FF40E726C
:10EAC000D3E79200002105F1100009F0B7FD6300C3
:10EAD00043F001036B8005EBC402AAEB0403590069
:10EAE000A5F800805180AA1925F83440A2F80280C8
:10EAF000AB5305EBCA0321465A8842F001025A8003
:10EB0000284608F06FF918379DE7A1D30020BDE82B
:10EB1000F08700BF64080020719705004E9705003C
:10EB200065A405007C08002038B5044608B1037BC5
:10EB30003BB90E480E494FF4DD7208F0CBF909F0ED
:10EB400040F903680022C3F80022036801255D60D4
:10EB500043682BB90068022108F09FFE00B12573BD
:10EB6000207B023818BF012038BD00BF65A4050016
:10EB7000C68E0500F8B500F06043B3F1005F00D128
:10EB800031B914481449672208F0A4F909F019F9B9
:10EB900000F1604001390144104D040B090BFF23C3
:10EBA0000127A14200D2F8BD2E5D9E420BD0300954
:10EBB00006F00F0307FA00F01B01000403F1804385
:10EBC00022B1C3F8040901343346EAE7C3F808095F
:10EBD000F9E700BF65A405009397050078A3050039
:10EBE000F8B505460E46EFF31187402383F31288EC
:10EBF000BFF36F8F1448FEF731FA30B988221348FB
:10EC0000134908F067F909F0DCF80F48041DFEF716
:10EC100049FA94E80F0085E80F0004F1100393E827
:10EC2000070086E80700002104F12C0007F032FA03
:10EC3000201FFEF721FA10B94FF49A72DFE787F32D
:10EC40001188BFF36F8FF8BDF84C002065A4050054
:10EC500082CE040008B5074B186830B9064807494A
:10EC6000572208F037F909F0ACF8BDE8084008F081
:10EC7000F6BD00BF6C73002065A40500398D05004A
:10EC80002DE9F04F064689B01D4616F0030388466D
:10EC90001046009340F09F81341D36B1072909D8F2
:10ECA0006FF01B0009B0BDE8F08F01F00708444485
:10ECB000C8F1080800210427421E8B4601238A461A
:10ECC000B946002E40F01C81012B00F02F81DFF8A7
:10ECD00014C3604580F03281BBF10F0F00F21A813E
:10ECE000CDE902310192CEF77CFB08F10208DDE9A3
:10ECF0000231019A804430E14FF0000A12F8015FBE
:10ED0000002D00F03081BAF1000F07D1252DF5D18B
:10ED10004FF0010A04274FF00409EFE77A2DEBD8F2
:10ED20004B2D0CD8472DE7D8292D72D8202DE5D0B2
:10ED3000A5F12300D0F1000A4AEB000ADEE74C3DC2
:10ED40002E2DD9D801A050F825F000BFFDEC03000E
:10ED5000F9EC0300F9EC0300F9EC0300F9EC030013
:10ED6000F9EC0300F9EC0300F9EC0300F9EC030003
:10ED7000F9EC0300F9EC0300F9EC030067EE030083
:10ED8000F9EC0300F9EC0300F9EC0300F9EC0300E3
:10ED9000F9EC0300F9EC0300F9EC0300F9EC0300D3
:10EDA00081EE0300F9EC030067EE030067EE030059
:10EDB00081EE030081EE030081EE0300FDEC030011
:10EDC00067EE0300A9EE0300F9EC0300FDEC03007D
:10EDD000F9EC030009EE030067EE030009EE0300FF
:10EDE000F9EC0300F9EC0300B1EE030015ED0300AC
:10EDF00067EE0300F9EC0300F9EC030067EE030093
:10EE0000F9EC030015ED030000254FF0000A04277C
:10EE100034E0A5F12A00C0B2012505FA00F010EA9D
:10EE20000E0F7FF46BAF10F0625529D110F0010A7C
:10EE30003FF464AF013C3C44B4FBF7F47C43002E48
:10EE400048D0A9EB060020448045FFF429AF002DEF
:10EE500051D1B9F1040F30D1654655F8040B20604B
:10EE60000434AC4657E712F8010C6C2822D112F892
:10EE7000020C00256C28AA46C9D10827B946D9E753
:10EE80000CF1070525F0070C0734BCEC027B24F0DD
:10EE9000070436B10198204440453FF601AF84EDA8
:10EEA000007B08344FF0000A08274FF0080925E7D7
:10EEB0005546AAE70025AA46BCE7B9F1080F4FD18D
:10EEC0000CF1070525F0070CBCEC027B84ED007B00
:10EED0000834EAE77DB9B9F1040F02D10CF1040559
:10EEE000BEE7B9F1080F3BD10CF1070525F0070586
:10EEF00005F1080CECE76546013B55F8040BE0E62C
:10EF0000012B206012D0DFF8DCC060450AD2BBF1D3
:10EF10000F0F18D940F281223048314907F0DAFF4B
:10EF200008F04FFFDFF8C0C06045F0D2C6F108001E
:10EF30000434AC4601904FF6DA7EDFE6DFF8A8C075
:10EF40006045F3D3C8E60BF12000A4EB060C68443F
:10EF50004FEA9C0C00F810CC01310BF1010BE5E7F6
:10EF600040F2C622D8E7A31BB3F5806F02D340F26C
:10EF7000D222D1E71EB9A8F10800184492E69B08F6
:10EF80003560C6F1010933707170009B5B4501D19A
:10EF9000A01B87E604AA009BD35C0193009BD25C74
:10EFA00056F822A046F822505046CEF71AFA09EB3E
:10EFB0000402471C3A449045FFF472AE019B04F8EA
:10EFC000013B3A462046514609F010FB009B0133B5
:10EFD0003C440093D9E76FF00D0063E665A405009B
:10EFE000CF9705003C890400C0A8050038B5EFF3B1
:10EFF0001185402383F31288BFF36F8F1448FEF707
:10F000002DF830B988221348134907F063FF08F040
:10F01000D8FE0F48FEF746F850F8042C50F80C4C78
:10F020001307A0F1140002D44268A24200D2426A3F
:10F030000748141BFEF720F810B94FF49A72E2E764
:10F0400085F31188BFF36F8F201E18BF012038BDD4
:10F050003808002065A4050082CE040070B590F841
:10F06000203004463BB92248224940F27D2207F075
:10F0700031FF08F0A6FE006840F30730F7F72CFEDA
:10F08000636843B121461C4A51F8043BC3F8082386
:10F09000206808F09FFE2368D3F80805D3F80C55C4
:10F0A000D3F8106594F82230DB0714D408F0F3FD90
:10F0B000304608F0F0FD284608F0EDFD606A08F0E3
:10F0C000EAFD2368D3F86C05D3F8145508F0E3FD86
:10F0D000284608F0E0FDFDF78FFF28B1074A2368B6
:10F0E000934204BF01225A60002384F8203070BD8F
:10F0F00065A40500739205005201080000F002406B
:10F1000070B5044638B94FF472721E481E4907F0B4
:10F11000E1FE08F056FE0246402152F8105B2846F8
:10F1200008F0BEFD60B3FDF767FF40B1174B9D428D
:10F1300001BF174B1A684FF08043C3F8002E636875
:10F1400013B940F2FF32E0E7606A421C05D094F840
:10F1500022309B0711D507F0AFFF94F821301BB187
:10F16000211D284608F036FE2046002300F80C3FFB
:10F17000D4E90131BDE87040184707F090FFECE793
:10F1800070BD00BF65A405007392050000F0024049
:10F19000B47400202DE9F047DFF8A880254CA8EBD7
:10F1A00004038F2B064607D94FF4A6722248234941
:10F1B00007F090FE08F005FE214806F058FF824651
:10F1C00048B300252846BDE8F087237B9BB1236820
:10F1D000DB680BB12046984763689F7123681B6901
:10F1E0008BB9636883F807901A6863681A6063686C
:10F1F0005F71F8F777F80AF1010A103444450FD926
:10F200004FF4AC72D2E7204698470028E9D007FABD
:10F210000AF31D43EFE7054601274FF00409EDE728
:10F22000D3D3002ECED0002DCBD02846F8F768F8E7
:10F230000546F8E7E491040065A405000E86050084
:10F240003C750020F491040073B5054658B9474851
:10F2500006F00DFF4648F6F757FD464802B0BDE8F8
:10F26000704006F05EBFC0E90021434B434C1B6871
:10F270009847A860E369284698470146EFF311864E
:10F28000402383F31288BFF36F8F04F11400FDF75E
:10F29000E5FE30B988223A483A4907F01BFE08F0EB
:10F2A00090FD04F11400FDF7FDFE2B7843F00103FF
:10F2B0002B700A462046616807F023FE23696060D0
:10F2C0005A0711D51B07D4E9091014D4E268236842
:10F2D0009A429CBF521802F1FF32D31A0139C91A5F
:10F2E00081422CBFA162A0622748FDF7C5FE20B96C
:10F2F0004FF49A72CFE70023F0E786F31188BFF34B
:10F300006F8F224806F0B3FE214B1B78DBB1EFF381
:10F310001184402383F31288BFF36F8F1D48FDF7DC
:10F320009DFE0028B6D01B48FDF7BCFEF8F722F87A
:10F330001848FDF7A1FE0028DAD084F31188BFF346
:10F340006F8F02B070BD144B1B68002BF9D050B901
:10F3500000220023CDE9002305484FF44D7200231D
:10F36000F6F77EFCEDE70928EBD173E798730020F0
:10F37000D04A0020680900207004002024080020E2
:10F3800065A4050082CE0400380800209473002094
:10F390002FB30020207500208C73002010B5FEF7DD
:10F3A0007BFF0446E0B10820F6F7F8FC50B10D4BA6
:10F3B00043610D4BC0E906340423037400234374F6
:10F3C0008374C37409494FF40152FFF73DFF0848A5
:10F3D0006FF004034362BDE81040143006F0A1BE94
:10F3E00010BD00BF5B9005000EA40500F48F040063
:10F3F0007800002008B5174B93F83A302BB3164A23
:10F4000092F82E1039B91548154940F2293207F003
:10F4100061FD08F0D6FCFDF7E1FDA8B9072382F8ED
:10F420002E30104B5360104B82F82F100121C3F87F
:10F430000015D3F80423C3F8000322F0C00242F001
:10F440003302D960C3F8002308BDBDE80840FFF7C8
:10F45000A5BF00BF780000203473002065A405001C
:10F460007E850500ADA703000070004030B503465F
:10F47000406885B00C4610B9084605B030BD92B959
:10F480001A689D68019207F0FAFD01A9054320461C
:10F490000395F7F7A5FC10F1160F02D16FF01500D8
:10F4A000EBE70130E9E7421E104209D00820F6F7E9
:10F4B00075FC58B90B494FF40152FFF7C5FEEDE753
:10F4C0007F28F3D919680A42DAD0EFE7064B436187
:10F4D000064B836104220023C36102744374837466
:10F4E000C374E7E70C910400FD970500F8A305003D
:10F4F00008B50820F6F752FC48B1554B4361554B0F
:10F50000836103230374002343748374C3745249D7
:10F510004FF4C252FFF798FE504B9B6A990140F19D
:10F5200094800820F6F73AFC48B14D4B4361494BB3
:10F53000836103230374002343748374C3744649B3
:10F540004FF4C252FFF780FE1E20444B9B6ADA0143
:10F5500013D50820F6F722FC48B1424B43613D4BDE
:10F56000836103230374002343748374C3743A498F
:10F570004FF4C252FFF768FE1F20384B9B6A1B03F3
:10F5800013D50820F6F70AFC48B1374B4361314BDD
:10F59000836103230374002343748374C3742E496B
:10F5A0004FF4C252FFF750FE21202C4B9B6A5903A7
:10F5B00013D50820F6F7F2FB48B12C4B4361254BDD
:10F5C000836103230374002343748374C374224947
:10F5D0004FF4C252FFF738FE2220204B9B6A9A0359
:10F5E00013D50820F6F7DAFB48B1214B4361194BDC
:10F5F000836103230374002343748374C374164923
:10F600004FF4C252FFF720FE2320144B9B6ADB030A
:10F6100013D50820F6F7C2FB48B1164B43610D4BDA
:10F62000836103230374002343748374C3740A49FE
:10F630004FF4C252FFF708FE2420084A936A6FEA8B
:10F6400003436FEA1343936208BD1D207DE700BFAB
:10F6500024980500ECA305001491040000ED00E0DF
:10F660004098050057980500759805009798050083
:10F67000C0980500DE98050070B5054608200C46C8
:10F68000F6F78CFB48B1644B4361644B8361032301
:10F690000374002343748374C3744FF4C2526049EB
:10F6A000FFF7D2FD5F4B9B6ADA0440F19C80082093
:10F6B000F6F774FB48B15C4B4361584B83610323FD
:10F6C0000374002343748374C37455494FF4C252C6
:10F6D000FFF7BAFD1720534B9B6A1B0513D5082073
:10F6E000F6F75CFB48B1514B43614C4B83610323FC
:10F6F0000374002343748374C37449494FF4C252A2
:10F70000FFF7A2FD1820474B9B6A9E0532D50820C3
:10F71000F6F744FB48B1464B4361404B83610323FA
:10F720000374002343748374C3743D494FF4C2527D
:10F73000FFF78AFD3B4B9E6B9B6A190419D5082085
:10F74000F6F72CFB50B13B4B4361344BC0E9063616
:10F7500004230374002343748374C37430494FF447
:10F760000152FFF771FD25B12E4A936A23F400433D
:10F77000936219202B4B9B6A5A0513D50820F6F784
:10F780000DFB48B12C4B4361244B8361032303746D
:10F79000002343748374C37421494FF4C252FFF7AA
:10F7A00053FD1A201F4B9D6A15F480751DD008204B
:10F7B000F6F7F4FA48B1214B4361184B83610323F8
:10F7C0000374002343748374C37415494FF4C25205
:10F7D000FFF73AFD1B20134A936A43F47F43936279
:10F7E0000023237070BD162075E79B6A9B04F2D539
:10F7F0000820F6F7D3FA40B1114B4361074B836100
:10F800000323037445748574C57405494FF4C252CB
:10F81000FFF71AFD1C20DEE70D990500E2A30500A5
:10F820001491040000ED00E02799050061830500B4
:10F830003C990500599905007299050091990500B8
:10F84000D183050030B5062089B0F6F7A7FA38B1A4
:10F850006A4B436102230374002343748374C374AB
:10F8600067494FF48652FFF7EFFC664B1C7814B9DA
:10F87000654B1B789BB10620F6F790FA38B1634BC5
:10F88000436102230374002343748374C3745C498B
:10F890004FF48652FFF7D8FC012009B030BDE9F7DC
:10F8A000FFF9EDF73DFBECF7F9F803A8DEF796FE5C
:10F8B000069DDEF709FE564B70BB564AC2F8A00003
:10F8C0005860DFF75BFC544806F0E8FCE6F712FBF3
:10F8D0000020E7F7F9FA58BBE8F750FB4F4B1B68DD
:10F8E0009B6A98470446E8F743FBFF2C24D1082085
:10F8F000F6F754FA48B14A4B43614A4B83610323FC
:10F900000374002343748374C3743D494FF4C2529B
:10F91000FFF79AFCE9F768FB002D03DDFE2DD4BF4D
:10F92000ECB2FF24404A82F8A444079A1A60C8E760
:10F93000E8F704F80446D8E70620F6F72FFA38B1BE
:10F940003A4B436102230374002343748374C374EA
:10F950002B494FF48652FFF777FC0A20F6F71EFA80
:10F9600060B1334B436101220D23C0E90623052317
:10F9700003740023046243748374C3740025204914
:10F980004FF42352FFF760FCC4F307132A462946BD
:10F990002D200095FEF728FA2D2004F00F0106F027
:10F9A000EFFD0620F6F7FAF930B1224B436102234E
:10F9B000037445748574C57411494FF48652FFF77A
:10F9C00043FC0620F6F7EAF938B11B4B43610223EA
:10F9D0000374002343748374C3744FF4865208493C
:10F9E000FFF732FC154B1978154BB3F90000E9F716
:10F9F00047F9E8F78FFFF5F70FFF00BFAD99050056
:10FA00002491040030140020F9B00020C3990500AF
:10FA1000A0F4032000F4032008090020E4020020E1
:10FA2000DE990500DAA3050000F003201A9A05000C
:10FA3000319A0500539A050058400500E6B20020AF
:10FA4000260700202DE9F04F814B93B01B88ADF8BD
:10FA500024300AAA0123CDE90C2309AA0E9203221D
:10FA60000F920EAA0024CDE910230B9302230493D6
:10FA70008DF826400A9423462646764A7649D25C7B
:10FA800011F806B0009201330293029F8B19039381
:10FA9000A04691464FF0000AD3452CDC009A029B09
:10FAA0006C480136134414445E440122934500F32C
:10FAB000C580049A012A1BD1684C2578FF2D00F0DF
:10FAC000C3800820F6F76AF940B1654BC0E90535F7
:10FAD00003230374002343748374C37461494FF494
:10FAE000C452FFF7B1FBFF232370FFF7ABFFA0E089
:10FAF00001220492C1E7039B13F8012F0393574B94
:10FB00008DF823201B78FF2B0CD003F07F039A4243
:10FB100008D04F444F4BC84413F8079001370AF1FF
:10FB2000010AB9E70DF1230342F0800508200A938A
:10FB30008DF82350F6F732F950B14B4B43614B4BE4
:10FB4000C0E9063504230374002343748374C3742B
:10FB500044494FF40452FFF777FB454810AA0CA91B
:10FB600006F0ADFB05460820F6F718F950B1414BF9
:10FB700043613E4BC0E906350423037400234374FC
:10FB80008374C37437494FF40452FFF75DFB9DF84B
:10FB900025309DF826200C20002B14BF1946114655
:10FBA000CDE906239DF8243001910593F6F7F6F888
:10FBB00088B1059BC361079B0362019B2E49836249
:10FBC0000723069A41610374284981610023426238
:10FBD00043748374C37423494FF46452FFF734FBB6
:10FBE000002D9CD11B4B3B444D4592D013F8012B6B
:10FBF000FF2A21D0019991421ED1184B9DF8234034
:10FC00001C700820F6F7CAF850B11C4BC0E9053447
:10FC1000019BC36104230374002343748374C3747E
:10FC200010494FF40352FFF70FFBA844144B53F84D
:10FC3000280013B0BDE8F08F0135D5E7C15C013372
:10FC40000B440C44013231E74FF0FF30F1E700BFC5
:10FC500030920400362E05004E2E0500D5070020F8
:10FC6000E59A05007C910400A91B0500CAA30500C4
:10FC7000C00200206F9A05007B9A0500AB9A050030
:10FC8000C89B04002DE9F041054606F022FA012840
:10FC900071F1000134DB06F01CFA10F5004441F16B
:10FCA0000006DFF89880204FD8E90023C7E9002339
:10FCB000D8E90013D7E90002884272EB030323D28C
:10FCC00000220023C7E9002306F003FAA042B14155
:10FCD00023DB0820F6F762F848B1144B4361144B5C
:10FCE000836103230374002343748374C374114931
:10FCF0004FF4C252FFF7A8FA4FF0FF30BDE8F08191
:10FD00004FF400440026CCE706F0E3F9A042B141ED
:10FD1000D6DA0120DAF70CF9CAE7074B93E80700B7
:10FD200085E807000020E9E7183600200C9B050055
:10FD3000B8A305002490040088660020F026002067
:10FD40002DE9F04F2DED028B89B005AD4FF4004247
:10FD500000232846FFF796FF044600283AD10C20DE
:10FD6000DDF81490DDF81880079FF6F717F80646BF
:10FD7000A8B1504B43614846CCF794FDC6E9060153
:10FD80004046CCF78FFDC6E908013846CCF78AFD1E
:10FD9000C6E90A01082333747474B474F4744649D0
:10FDA000DFF814819FED458A44F2C0023046FFF728
:10FDB0004BFA00274FF4FA7006F078F902AE0720EC
:10FDC000ECF742FB4FF4004200233046FFF75AFFA6
:10FDD000824638B14FF00009484609B0BDEC028BAD
:10FDE000BDE8F08FDDED037ADDF808B0CDED007AE7
:10FDF000DDED047A0C20CDED017AF5F7CFFF8146D9
:10FE0000C8B12C4B43615846CCF74CFDC9E90601FB
:10FE10000098CCF747FDC9E908010198CCF742FDED
:10FE2000C9E90A01082189F8101089F811A089F898
:10FE300012A089F813A0484644F2C0024146FFF7D9
:10FE400003FAB0EE480A29463046ECF75BFB8146E0
:10FE500068B30620F5F7A2FF38B1194B43610223BE
:10FE60000374002343748374C3744FF48652414671
:10FE7000FFF7EAF9002FAFD1012796E80700013418
:10FE8000BB1D9C4285E8070094DB0620F5F786FF42
:10FE900038B10C4B43610223037400234374837411
:10FEA000C37405494FF48652FFF7CEF992E707462F
:10FEB000E3E700BF2D9B050024900400CDCCCC3D92
:10FEC0004B9B050054F004002DE9FF41002501A8DB
:10FED000CDE901550395E3F7B9FBE6F70BF80C20E4
:10FEE000DDF80480029F039EF5F758FF0446A8B191
:10FEF0000F4B43614046CCF7D5FCC4E906013846B8
:10FF0000CCF7D0FCC4E908013046CCF7CBFCC4E9FF
:10FF10000A01082323746574A574E574054944F245
:10FF2000C0022046FFF790F904B0BDE8F08100BFA1
:10FF3000329D050054910400044B1B780BB1FFF770
:10FF4000C3BF034A82F88031DFF718B9C9B2002075
:10FF500000F00320002370B50B6005460E460146F5
:10FF60001A48DEF713FB0446B0B10A20F5F716FF76
:10FF700058B1174B4361174B0462C0E9063505239E
:10FF80000374002343748374C37413494FF42152E0
:10FF9000FFF75AF9204670BD0820F5F7FFFE38B18B
:10FFA0000E4B4474C0E90535032303748474C47490
:10FFB00009494FF4C652FFF747F9002DEAD0022055
:10FFC00006F074F84FF08E433360E3E700A00400BE
:10FFD0005A9D050046A30500AC910400849D0500D0
:10FFE0002DE9F043384DAC7C064685B0884617466F
:10FFF0000820ACB9F5F7D2FE40B1344B4361344B25
:020000040004F6
:1000000083610323037444748474C47431494FF4CA
:10001000C252FFF719F96FF00C0005B0BDE8F0838C
:10002000FDF714FFEB68A3EB40039F4248D830462E
:1000300006F082FF0C3055F820400194631C29D152
:100040006FF00100E9E702A8FDF70EFF6B680038CA
:1000500018BF01204B451ED16A68019B9A4203D10B
:10006000BDF80830B342EBD1BDF80C30002BE7D01F
:10007000BB42BDF80A004FEA144428BF3B462404A3
:100080001A4641462044FDF72BFF0028C5D1BDF894
:100090000C00C2E70020019B0028DDD11C4602A90C
:1000A00001A8FDF75BFF0028B7D1BDF80830DDF8E7
:1000B0000490B342C7D06B684B45CDD04C46EEE7B9
:1000C0006FF01500A9E700BF486800201AE504009A
:1000D00038A30500C49004002DE9F04F8BB002AFA7
:1000E0000D4678609146C1F34A280C0DB8F1000F17
:1000F00056D04FF0000A07F10C06C7E905AAC7F869
:100100001CA007F11403009652464146484600F0F1
:10011000B5FBB0F5006FC34603461AD36C468AB0F0
:10012000D9F8043002AA26492648C2E9051340F24C
:10013000FF73D3614FF400731384234B42F8103FD5
:100140004FF41251FFF7C8FFA5462437BD46BDE85E
:10015000F08FC0F30A0804F11700184420F00700DC
:1001600080083B60F5F71AFE68F353250446F8B1A2
:100170003B68164A00F11001C7E9063A796107F1B8
:10018000140300965946484600F078FB00280FDA21
:100190000F4810494FF4A37206F09CFE07F011FEC1
:1001A00004F1170020F007008008F5F7F7FD04467A
:1001B00068F3532579682A462046FFF745F8C4E7D7
:1001C0009A9D0500DC90040004000001256B0400EA
:1001D00065A40500D99D05002DE9F043A14DA24E6F
:1001E0008BB00FCD00AF07F110040FC495E80300EA
:1001F000337884E803001BB133780BB1F9F7DCF8EE
:100200009A4A9B4B13607B610823BB76994BFB6139
:10021000022387F8203040F201137B8407F1100499
:100220000FCC954DDFF8B0820FC594E8030085E848
:100230000300924807F002FB00212022904808F0BA
:10024000FDF9904B002408F128001C605C60C8E9AF
:10025000084407F0F3FA8C48C0E90844283007F056
:10026000EDFA8A49103D0B460134082C48F8043B4E
:1002700003F14D03F8D1864A834800230133082B4C
:1002800040F8042B02F14D02F8D10022814B1046B8
:100290000132082A19601871986001F14D0103F1CB
:1002A0000C03F5D17C482022002108F0C7F995F80D
:1002B0000880B5F80C90EC7C404607F0C2FAC0B953
:1002C0004FF6FF74A1451ED129786B7A01298CBFA6
:1002D000002000F00100012B00F08C80022B3FD0A9
:1002E000002B40F0AE806D4AC2F83C35C2F8343580
:1002F0003EE0002C0CBF8123282300F10D041C4498
:10030000A4B2A14525D20820F5F748FD50B1644BB1
:100310004361644BC0E9063404230374002343742F
:100320008374C3744FF401525F49FEF78DFF6FF081
:1003300015040820F5F732FD002840F04B825B4998
:100340004FF40152FEF780FF01210220E7F746FE3D
:100350003BE2574B1860514B0120C3F81085B3E7BF
:100360004E4A4FF6FF74C2F83C45C2F83435514B43
:10037000C2F83835002864D0687C002943D1F7F7EB
:1003800027FF464BDFF854914FF0E732C3F81C25A6
:100390004FF04332C3F82025474AC3F82425474A83
:1003A000C3F8282599F80C30002B40F0D980444A36
:1003B000D9F80040C9E90123424B9C4200F09080EB
:1003C00003F580539C4200F08B8003F580539C42E0
:1003D00000F0868003F580339C4200F0818003F5B5
:1003E00080539C427CD038497022384806F072FD18
:1003F00007F0E7FC294AFF24C2F83C45C2F834352F
:1004000040F20713B4E70023C7F80930C7F80130FA
:10041000C7F805300323BB7008233B702C4B5B7C73
:100420000122013BBB7290454FF04803FA723B72C8
:1004300002D0B8F1040F00D17A713846FDF726FEDC
:100440009FE70820F5F7AAFC48B1224B4361154B02
:10045000836103230374002343748374C3744FF4D0
:10046000C25261E7349204002D78002050740020BD
:1004700079DD0000360102006C7400205874002001
:100480005675002037B30020804B002048B600206E
:10049000E0B30020D0730020307400200010004032
:1004A000059E050016A305007C90040084900400BE
:1004B0005474002021100100E743C323A363E31316
:1004C000597D030000800040758D050065A405007E
:1004D000AC040020509E0500904C0020F404002045
:1004E000D4F8043523F00303C4F80435D4F80835F0
:1004F00023F00303C4F808350423C4F810354FF47F
:10050000A078424608F104084FF47C1120461FFAF7
:1005100088F807F06EF9B8F5AC7FF2D144F30730F4
:10052000F6F7CCFB012389F80C30FEF793FB041E91
:1005300042DA0820F5F732FC50B1AC4B4361AC4BCA
:10054000C0E9063404230374002343748374C37422
:10055000A8494FF40152FEF777FE6FF012046AE0EB
:100560000820F5F71BFC60B1A34B4361A34B8361EB
:100570006FF07703C361042303740023437483740F
:10058000C3749C494FF40152FEF75EFE0820F5F754
:1005900005FC48B19A4B43619A4B83610323037472
:1005A000002343748374C37492494FF4C252FEF71C
:1005B0004BFE6FF00D04BCE6934B1C70FEF74AFB3C
:1005C000041EB6DB914B1C70FEF744FB041EB0DB2F
:1005D0008F4B1C70FEF73EFB041EAADB8D4B1C707C
:1005E000FEF738FB041EA4DB8B4B1C70FEF732FBBE
:1005F000041E9EDB894B1C70894B186810B9894911
:100600008622F2E6043007F02AF9041E27DA0820D1
:10061000F5F7C4FB50B1844B4361754BC0E9063418
:1006200004230374002343748374C37471494FF427
:100630000152FEF709FE0820F5F7B0FB48B17B4BED
:100640004361704B836103230374002343748374F9
:10065000C37468494FF4C252FEF7F6FD69E6744B65
:10066000744A1C70744BE97C5A60D2F84035A2F58C
:10067000887223F00103002948D1C2F850367C2348
:1006800081226E49CB606E4B012404211420DA6074
:100690003470F6F733FB20460321F6F72FFB0421D5
:1006A0000A20F6F72BFB1420F6F708FB2046F6F796
:1006B00005FB0A20F6F702FB624B93F89844631E91
:1006C000632B2AD90820F5F769FB48B15E4B4361DB
:1006D0005423836103230374002343748374C3741A
:1006E0004FF4C6525949FEF7AFFD3378012B02BFD4
:1006F000574B5422DA74534B93F89824FF2A28D08E
:10070000FF2283F89824DEF739FD22E043F001034D
:10071000C2F8503628231A46B3E70820F5F73EFB07
:1007200040B14C4BC0E905340323037400234374E8
:100730008374C37445494FF4C652FEF785FD414B9F
:1007400093F89834642B04D83278012A01D1404AB6
:10075000D3743378012BD8B205D13F4B1A683C4B88
:100760001A60F7F7F9FD3378012B06D13B4B1A6875
:10077000374B02205A60F7F7EFFD3378012B0DD18C
:100780003749334A0868496802F1080303C308235C
:1007900013740420FF239374F7F7DEFD6C4688B0D2
:1007A0006A46304B5361304B93614FF4007393832F
:1007B0002E4B42F8103F25484FF4E651FFF78CFCD2
:1007C0002B4B0122A5461A70002420462C37BD462B
:1007D000BDE8F083274B4361274BC0E9063404236F
:1007E0000374002343748374C374A8E5F39E050067
:1007F00009A305007C900400769E0500FAA205007E
:10080000A39E050016A3050040B3002042B30020BC
:10081000D9B3002044B3002043B3002041B30020EB
:100820006C730020398D0500CD9E05001B9F0500CF
:100830003FB3002010110040C404002094040020A5
:10084000DC04002000F003205A9F0500849004007F
:10085000AC040020389F0500C9770020C577002030
:10086000BD770020779F0500F3B10400030000016D
:10087000CE770020919F05001FA305002DE9F04FC2
:1008800093B000AF88461646FB61044638B940F283
:1008900099328F488F4906F01DFB07F092FA90F8C5
:1008A00002A049B990F8019000780AEB800020443A
:1008B000C14548D8A0EB0408E3787B61002B4BD0FE
:1008C0002378BB601D460AEB85059B00FB60254431
:1008D00063683B610235002E62D1DFF80CA2C3468B
:1008E000B04615F8012C15F8029C54F822307A4ACB
:1008F000934201D353453AD33869FB61494606F028
:10090000AEFAFB6900283CD0C7F81CD08AB06A4612
:100910004FF400713B691184704871495061C2E91C
:100920000639704842F8101F4FF41251FFF7D4FBFC
:10093000D7F81CD0ABF1020B7B690136B34205F14D
:100940000205CED80EE0451C2846CCF74AFD013002
:10095000284408F10108ABE71EB1FA694146204678
:10096000B047C34658464C37BD46BDE8F08F38699E
:10097000494606F074FAABF102020028C4D193464E
:10098000DAE71846CCF72DFD3B6F3BB1B8F1030F0A
:100990009EBF421C23F8182008F101088344CBE7CE
:1009A0004FF00009C7F8189015F801BC4A4A54F8EE
:1009B0002B3015F8021C38697D60934202D34A4AF5
:1009C000934242D306F04BFA002841D07B6909F1EB
:1009D00001094B4505F10205E6D894F80190BB6981
:1009E000FA69F9684B4400256370A570E5702046EC
:1009F000B047B0F1000BB5DBBB6823707B6984F8AE
:100A00000190FA6984F802A0E370294607F13800E2
:100A1000B047B0F1000957DB7A69FB68786803EBEF
:100A200042015144FA69A8EB0101B04700284DDBAF
:100A3000D94409EB000B07F1280ABB699D4219D381
:100A40000021FA690846B0478CE706F008FABDE7CE
:100A5000BB690F2B02D940F24D421AE7BA69BB6954
:100A6000283207F1200101330A44DBB202F820BC2E
:100A7000BB61ABE715F80A203B6F54F8229087F86A
:100A80002720F3B1032D1CD833F81580FA69012112
:100A900007F12700B047002818DB8344B8F1000FA6
:100AA00006D14846CCF79DFC00F101081FFA88F8F2
:100AB000FA6941464846B047002807DB83440135C0
:100AC000BBE74FF00008E1E7CB464BE7834649E739
:100AD00065A40500CF9705003C890400B39F05007D
:100AE000040000014C900400C0A805002DE9F3416A
:100AF0000F46054650B301910B46024610210020D7
:100B0000FEF7BEF8041E07DA40F265121D481E49C2
:100B100006F0E0F907F055F9B4F5006F17DB08208F
:100B2000F5F73CF950B1194B436140F2FF73836113
:100B300003230374002343748374C37414494FF470
:100B4000C45202B0BDE8F041FEF77EBB044604F19A
:100B5000170020F007008008F5F720F94FEA442835
:100B6000064658B155B13B462A4621461030FEF79D
:100B700087F8002802DA4FF4C472C7E74246002122
:100B80003046DEE765A40500D99D050056A00500A6
:100B9000DC900400F7B50446C0680D46174605F022
:100BA0007DFC46420640082E06D9144B144A1548CF
:100BB0004FF4D47103F0D6FC204606F03EFA3B78A1
:100BC0008DF800300146721E0DF1010007F036FD70
:100BD000002D11DBA3689D420ED25B1B9E420BD8F9
:100BE0006168E06833466A46294405F03CFC0038F9
:100BF00018BF012003B0F0BD0120FBE73ED1040087
:100C000057A305001D9405002DE9F041884688B0E2
:100C100015461AB9002008B0BDE8F081164F3968B2
:100C2000FA68030C11FA80F002FB0304FB6AB86A4D
:100C30001E6876422E400AD033464246214605F0D1
:100C400012FC0028E7D1AD1BE4D03444B0442A465E
:100C50004146684607F0CAFCFE6A32687179521B49
:100C60000DEB050007F0EAFC3368B86A6A462146D6
:100C700005F0F9FBCFE700BF4868002070B50D4CC8
:100C80000546014608226068FFF7BEFF0646288831
:100C90004FF6FF73984205D006F04EF90C306368AA
:100CA00044F820300820FDF7D1F863681B1A636010
:100CB000304670BD4868002007B54FF6FF73ADF8A9
:100CC00000308DF80630084B00229B68ADF80420F8
:100CD0006846ADF8023006F017FA6846FFF7CEFF17
:100CE00003B05DF804FB00BF48680020F8B5124C63
:100CF0002346E26853F8301B050C000C02FB001180
:100D00002D0481224FF0FF36013A0FD1E268A06A2C
:100D100005F0B0FB48B9E36AE26859792846FDF767
:100D200065F9002818BF6FF00500F8BD5F88B8426C
:100D300008BF1E600433E7E7486800202DE9F04F44
:100D40005F4C95B00820FDF781F863681B0C1B040D
:100D5000064603A80393FDF769F8DDF80CA0E568E3
:100D60005544AD1B06A9082228460495FDF7B8F89E
:100D7000011EC0F2A080E36A06AA5979002312F886
:100D8000010B814240F088800133082BF7D1A36822
:100D9000626833449A4279D25046FFF7A7FF014672
:100DA00089E0BDF81A302D0C2D041D44049508A9C6
:100DB00004A8DDF81090FDF7D1F8014600287AD19B
:100DC00008A8FDF751F818B9019B4B45EFD1DEE7B4
:100DD000BDF8200006F0B0F80C3054F82030059330
:100DE000013304BF636805930AA905A8059DFDF7B3
:100DF000B5F8014600285ED1BDF82820BDF82030A6
:100E00009A4203D10AA8FDF72FF818B96268059B2A
:100E10009A42E9D1A945D7D1BDF82450002DD3D0AD
:100E2000BDF82270A368ADF822304FEA19421204CF
:100E300008A8174406F068F9E26A1268C2F10008CF
:100E4000AB4608F02008C3455D4628BF45460CA9BF
:100E50002A463846FDF744F8014660BB2A460CA9ED
:100E6000A068FFF7D1FE01462846FCF7EFFFA26815
:100E70000244A260F9B9BBEB050B2F44E3D108A8EB
:100E8000FFF7FCFE014600289ED014E0FFF714FF98
:100E90000146002880D00EE0AB1B06A80193FCF7AA
:100EA000FFFF00287FF47DAF04A8FDF72BF8014673
:100EB00000283FF47CAF084615B0BDE8F08F00BFB6
:100EC000486800202DE9F0473E4C06460F464FF497
:100ED00080386FF001013C4806F067F8C4F80883D9
:100EE000BFF35F8FBFF36F8F00F00105F7F73CF999
:100EF000B04271EB070340D2344B301A67EB01016B
:100F0000984271F1000159D2314BD3E902239F423B
:100F100008BF964235D04FF0000CC4F84883C4F89F
:100F200040C126F07F40D4F84031DFF8B4908246CB
:100F300003216FF0020E2AF07F43C4F84035C4F855
:100F40004483D4F80425AEEB0203534423F07F43DB
:100F50004B4516D9D4F840315BB1D4F80425131AA7
:100F600023F07F43B3F5000F0BD9C4F840C1D4F888
:100F7000403101EB020A0131DDE71648012106F09C
:100F800005F8134B144A1A60C3E9026700265E6035
:100F90008DB101210C4805F0F9FF4FF48033C4F8FE
:100FA00004330C4805F070F8C30742BF0B4B4FF4F5
:100FB0000032C3F800213046BDE8F0876FF0150617
:100FC000E6E700BF00100140987400200100800097
:100FD000084B00209C740020DD8D030000E100E040
:100FE000FDFF7F00431C10B50F4C05D08442A8BF05
:100FF0000446012CB8BF0124F7F7B6F80B4AD2E932
:101000000031C01AB0F5000F074A0AD220449042BE
:1010100028BF1046C018BDE8104041F10001FFF79D
:1010200051BF1046F6E700BFFFFF7F00204B0020B6
:10103000B3F1FF3F08BFB2F1FF3F2DE9F74F044680
:101040009A461546984600F09480066836B14A499B
:1010500070224A4805F03EFF06F0B3FE8160EFF3D0
:1010600011830193402383F31288BFF36F8F4448A9
:10107000FBF7F4FF814610B988224249E9E740486E
:10108000DFF80CB1FCF70EF8BAF1000F1BDBFBF731
:101090006BFE01354AF1000A2D184AEBE073074652
:1010A000DBE90010C4E904536D1843EB0008364B2C
:1010B00019685A68994218BF0E46DEB9C4E9003271
:1010C00014605C6028E0DBE900126FF001035B1A3A
:1010D0004FF0FF3161EB02025B1B62EB0A02012B56
:1010E00072F10001BCBF01233246C4E904324FF063
:1010F0000009DCE7D6E9040ED4E9041C81427CEB4C
:101100000E0B23DA401A6EEB0C01C6E9040171687C
:10111000C4E900610C607460196899420FD08C4278
:101120000DD11A4B1B6853B9B9F1000F02D1FBF76F
:101130001BFE07463846FBF7D3FFFFF753FF104867
:10114000FBF79AFF58B94FF49A7296E7091A6CEBBD
:101150000E009642C4E90410B0D03668ADE7019B9A
:1011600083F31188BFF36F8F2846414603B0BDE873
:10117000F08F0025A846F7E78EA0050065A40500BE
:10118000A874002082CE040004050020A47400206E
:10119000184B002001491830FFF74ABF2B7F04008D
:1011A0002DE9F04186B0DDE90E768046EFF3058546
:1011B0003DB11448144940F21A3205F08BFE06F096
:1011C00000FE0D9C04940C9C0595CDE90254CDE9DC
:1011D0000055FDF7AFF9B6F1FF3F08BFB7F1FF3F8C
:1011E00005D056EA070306D14046E7F735F94046F1
:1011F00006B0BDE8F0813A4633464046FFF7CAFFE5
:10120000F5E700BF65A40500D9960500F8B50146CD
:10121000EFF31185402383F31288BFF36F8F1D48CE
:10122000FBF71CFF30B988221B481C4905F052FE11
:1012300006F0C7FD1748FBF735FF0B680BB3184BDB
:101240001C689C4208464FF000064FF000470BD147
:10125000FBF730FFC0E9046700240E48FBF70CFFE2
:1012600090B94FF49A72DFE7FBF724FFA042C0E980
:101270000467F1D1FBF778FDFBF732FFFFF7B2FE11
:10128000EAE76FF01504E8E785F31188BFF36F8F85
:101290002046F8BDA874002065A4050082CE040095
:1012A0000405002070B50D4B0D4D1E7CFBF7BEFEF6
:1012B00006EB460305EBC30504462846FFF7A6FFE9
:1012C000084B00229A553CB1621E28460649BDE8EB
:1012D0007040D317FFF7ACBE70BD00BF446F002055
:1012E000304B0020DAB3002015E80300F8B584681D
:1012F00094F90E308B4200F09780EFF31187402372
:1013000083F31288BFF36F8F4848FBF7A7FE10B92D
:101310008822474912E04548FBF7C4FE637B03F08F
:101320001F02002A0CBF012600264ED1414A03F0BD
:101330007F039442637306D15A223F493F4805F028
:10134000C9FD06F03EFDD80701D55B22F5E7204632
:1013500006F0E6FC637B43F0800349B2DA07A17331
:10136000637301D55322E8E7354D2A4652F81C3FF6
:10137000934228D1286AC4E9002004602C620FE05F
:101380009842F8D01B68002BF5D093F90EC0614548
:10139000F6D08C45F4DD5968C4E900310C605C601E
:1013A000EC69944200D004B9EC68AB68A34202D067
:1013B0002046FFF777FFAC611C48FBF75DFE68BB7A
:1013C0004FF49A72A5E7286ADDE79B0724D5A56844
:1013D00015B91C498F22B1E7204649B206F0A0FC9E
:1013E000A1732B689D4209D16B68C4E900531C604E
:1013F0006C60E1E76A689A42F6D01B68002BF3D074
:1014000093F90E209142F5D08A42F3DD5A68C4E97F
:10141000003214605C60CFE7A173CDE787F31188D9
:10142000BFF36F8F3046F8BD0026FBE7406F00200A
:1014300082CE0400602D0020F42B050065A4050079
:10144000446F0020BFCE040070B590F90D20437B9F
:10145000002A48DBDC0646D1244A43F08003904250
:10146000437306D152222249224805F033FD06F08B
:10147000A8FCD90701D55322F5E71F4C2246216A63
:1014800052F81C3F934207D1C0E900210860206256
:1014900011E09942F8D01B68002BF5D090F90E505E
:1014A00093F90E60B542F4D0AE42F2DD5968C0E95E
:1014B000003108605860E569954200D005B9E568DB
:1014C000A36813B90D49EA22CEE75A7BD20604D1AC
:1014D000DA897F2A01D9AA6932B1AB4202D0284603
:1014E000FFF7E0FEA56170BDA361FCE7602D002061
:1014F000F42B050065A40500446F0020B2A0050090
:1015000010B50146EFF31184402383F31288BFF333
:101510006F8F0E48FBF7A2FD30B988220C480D49A9
:1015200005F0D8FC06F04DFC0848FBF7BBFD08466B
:10153000FFF78AFF0548FBF79FFD10B94FF49A7239
:10154000ECE784F31188BFF36F8F10BD406F00206C
:1015500065A4050082CE0400F8B50446EFF30587C4
:1015600037B1D7223449354805F0B4FC06F029FCE0
:101570008368002B59D0324A9268934258D1C3688D
:101580000BB9EF22EEE7012B03D0013BC360002033
:10159000F8BDEFF31186402585F31288BFF36F8FF6
:1015A0002848FBF75BFD10B988222749DBE725486F
:1015B000FBF778FD21692046FFF798FEEFF31183D2
:1015C00085F31288BFF36F8F83F31188BFF36F8F9A
:1015D00013B91E49A622C6E72568A54209D10023F2
:1015E000C4E902331748FBF747FDC8B94FF49A72B4
:1015F000DBE7002DF3D02846FCF784FF05F1180047
:10160000FFF704FEA56095F90E3023612846C5F862
:10161000A870FFF775FF0B483146FDF791F8B6E764
:1016200086F31188BFF36F8FB1E76FF01500AFE756
:101630004FF0FF30ACE700BFDEA0050065A4050059
:10164000446F00204075002082CE0400BFCE04000D
:101650002DE9F04105460C4600F10807EFF311882B
:10166000402181F31288BFF36F8F3846FBF7F6FCF9
:1016700010B988222F4910E03846FBF713FD6B683C
:10168000EFF3118281F31288BFF36F8F82F3118819
:10169000BFF36F8F32B92849A622284805F01AFCFB
:1016A00006F08FFB2A4652F80C6F964214D09EB17A
:1016B0003046FCF727FF06F11800FFF7A7FD0023CF
:1016C0003046C6F8A8303461FFF71AFF4146384665
:1016D000BDE8F041FDF734B80022226033B92B6831
:1016E00023606B682C6043B96C6006E01A68032ABB
:1016F00010D86A6842B9C5E900443846FBF7BCFC1B
:1017000088B94FF49A72B5E7136803F003032343D3
:101710001360E9E722F0030222601A6802F0030274
:1017200014431C60E9E788F31188BFF36F8FBDE8AD
:10173000F08100BF82CE0400BFCE040065A4050086
:1017400038B50146EFF31185402484F31288BFF3C6
:101750006F8F2248FBF782FC10B9882220490FE0E6
:101760001E48FBF79FFCEFF3118384F31288BFF34D
:101770006F8F83F31188BFF36F8F33B91949A62296
:10178000194805F0A7FB06F01CFB0C68A14213D01A
:1017900094B12046FCF7B6FE04F11800FFF736FDC1
:1017A00000232046C4F8A830FFF7AAFE29460B48BC
:1017B000BDE83840FCF7C4BFD1E902329A4218BFF5
:1017C000013306488B60FBF757FC10B94FF49A724F
:1017D000C4E785F31188BFF36F8F38BDB074002064
:1017E00082CE0400BFCE040065A40500F8B506460D
:1017F000EFF31187402383F31288BFF36F8F5048B4
:10180000FBF72CFC30B988224E484F4905F062FBAB
:1018100006F0D7FA4A48FBF745FC326832B1FBF7CD
:101820002BFC002871D14FF49A72EDE7D6E90A54E7
:10183000691C44F10003022973F1000334D3013D14
:1018400044F1FF34002CBCBF15462C4604F041FC8B
:10185000013041F10001401944EB0101012871F10F
:10186000000149DB04F035FC013041F100016FF06B
:101870000203401944EB010183426FF000438B41A6
:101880003FDB04F026FC013041F100016FF0010262
:10189000401944EB0103121A4FF0FF3161EB0303CF
:1018A0002A493046FFF7C4FB336B01333363336A95
:1018B000D3B12348FBF7E0FB0028B4D087F31188AD
:1018C000BFF36F8F336A30469847EFF31187402399
:1018D00083F31288BFF36F8F1948FBF7BFFB002813
:1018E00091D01748FBF7DEFB304650F8184F844282
:1018F00000D07CB9124892E76FF001024FF0FF333D
:10190000CEE700224FF00043CAE787F31188BFF308
:101910006F8FF8BD2046FCF7E5FE00230848C4F8A9
:10192000A830FBF7A9FB00283FF47DAF87F31188AF
:10193000BFF36F8F2046BDE8F840FFF7E1BD00BF61
:101940009C73002065A4050082CE0400ED170400FE
:1019500038B50446EFF31185402383F31288BFF3B3
:101960006F8F1948FBF77AFB30B98822174818495E
:1019700005F0B0FA06F025FA1348FBF793FB94F84C
:101980006C00627B002384F86C3038B131B10E48B2
:10199000FBF772FB90B94FF49A72E7E712F0280F49
:1019A000F5D1A36813B12046FCF73EFE637B23F01C
:1019B000040363732046FFF747FDE8E785F31188CA
:1019C000BFF36F8F38BD00BF406F002065A40500D6
:1019D00082CE040038B590F90D20437B002A0146E1
:1019E00012DA194A03F07F039042437306D15A2258
:1019F0001649174805F06EFA06F0E3F9DC0701D541
:101A00005B22F5E706F08CF9124D2A46AB6852F8D6
:101A10001C4F944200D004B9EC688B420BD013B930
:101A20000D49EA22E5E75A7BD20604D1DA897F2AFA
:101A300001D9A2692AB1A34202D02046FFF732FCA5
:101A40002346AB6138BD00BF602D0020F42B05009C
:101A500065A40500446F0020B2A005002DE9F04107
:101A6000224E234B0D461146B2681A60214A90421D
:101A7000DDE90687044607D11F4940F29E221F4830
:101A800005F028FA06F09DF9EFF31183402383F364
:101A90001288BFF36F8F1046FBF7E0FA10B9882267
:101AA0001749ECE71046FBF7FDFAB668304606F03A
:101AB00040FAB7F1FF3F08BFB8F1FF3F04D04246FC
:101AC0003B463046FFF766FB2046FBF7D5FA10B9D8
:101AD0004FF4B772E4E70748FBF7CEFA0028F7D0D7
:101AE0002846BDE8F041FCF7B7BD00BF446F0020B9
:101AF000A0740020406F0020F42B050065A40500B1
:101B000082CE04002DE9F341044617461E46EFF34A
:101B1000058535B14A496F224A4805F0DBF906F0E0
:101B200050F9EFF31188402383F31288BFF36F8FCE
:101B30004548FBF793FA10B988224449ECE742483C
:101B4000FBF7B0FA424BE2689B688AB1A168994200
:101B50001BD057EA060220D1FBF78EFA90B188F32A
:101B60001188BFF36F8F6FF00F0002B0BDE8F081F6
:101B700093F90E10344821610132C4E90232FBF7B7
:101B80007BFA20B94FF49A72D7E72169F2E788F31C
:101B90001188BFF36F8F0020E7E791F90E2093F9CA
:101BA0000E109142A8BF11466FF07E039942B8BF54
:101BB00019468A4203DD2046FFF798FB0546CDE92A
:101BC0000076214822464146FFF748FF0028E2D030
:101BD000EFF31186402383F31288BFF36F8F1A4807
:101BE000FBF73CFA0028A7D01748FBF75BFAA3687D
:101BF000CBB1236821699C420AD04BB193F90E30D6
:101C00009942A8BF19466FF07E039942B8BF1946A2
:101C10002046FFF76BFB30B10B483146FCF790FDD7
:101C20006FF00A00A1E7002DF6D10748FBF724FA70
:101C30000028A7D086F31188BFF36F8FF0E700BFAD
:101C4000DEA0050065A405004075002082CE0400DA
:101C5000446F002013B54FF0FF3201244FF0FF33E3
:101C600022488DF8074006F08CF9214805F01BFB4F
:101C7000D0B91E4804F012FB6FF015040820F4F7E9
:101C80008DF850B11B4B43611B4BC0E90634042354
:101C90000374002343748374C37418494FF40152CE
:101CA000FDF7D2FA02B010BD234611480DF107022C
:101CB000002105F085FD04460C4804F0EFFA002CE5
:101CC000DCD10620F4F76AF830B10D4B43610223F2
:101CD000037444748474C47408494FF48652FDF745
:101CE000B3FA0420E6F750F9DCE700BF20730020C8
:101CF000248B040000A105006AA30500AC91040038
:101D00002BA105002DE9F04F824C91B0A67C0191EA
:101D1000074615460820B6B9F4F740F840B17E4BA7
:101D200043617E4B83610323037446748674C674D7
:101D30007B494FF4C252FDF787FA6FF00C01084659
:101D400011B0BDE8F08FFCF781F802902846FCF74F
:101D50007DF8E368029AA3EB82039D42064600F2F7
:101D6000A48055B9384605F0E7F80C3054F8203017
:101D7000059301334AD10021E1E7019B002B00F0DC
:101D80009480384605F0D8F80C3054F8203005938C
:101D900001333BD1002E57D16248DFF88C91DFF838
:101DA0008CA14FF0FF324FF0FF3306F0EAF84FF00E
:101DB000000B238A5B4575D0D4E901103318994292
:101DC00046D3FF2301998DF826302A46ADF82070BE
:101DD000ADF82200ADF82450FEF716FF0146284664
:101DE000FCF734F8A3680344A36049B908A805F0D8
:101DF0008BF908A8FEF742FF002814BF01462946C8
:101E00004848019104F04AFA019998E706A905A803
:101E1000DDF814B0FCF7A2F8014600288FD1BDF818
:101E20001830BB4204D106A8FCF71EF800283FD1A9
:101E30006268059B9A42E9D1002DABD19BE7002B4C
:101E4000A8D198E7A6DC7AE7029B1E44B6B2A3E7C6
:101E50000820FBF7FBFF4FF6FF73ADF820300022A0
:101E60008DF82630E368ADF824200A1801EA09014C
:101E70001944081A606008A8ADF8222005F044F95A
:101E800008A8FEF7FBFE5046FBF7D0FF636803EAA5
:101E90000903A360FEF752FF01460028B0D10BF101
:101EA000010B86E76FF01B01AAE76FF0150146E70B
:101EB000BDF81A90BDF81C30002DC0D09D427FF4B3
:101EC00069AFE36A1B684FEA1B4B4FEA0B4B5B425F
:101ED000D94403F02003DDF804B00393A846039B24
:101EE000434528BF434608A91A4648469A46FBF789
:101EF000F7FF011EA6D1524608A9584606F0F6FC87
:101F000000287FF447AFB8EB0A08D144D344E6D1A8
:101F100031E700BF486800201AE504002EA3050041
:101F2000C49004005C6800200000FFFF4C680020A3
:101F300073B5014615461C46EFF305834BB152EAD3
:101F4000040306D01E4988221E4804F0C3FF05F092
:101F500038FFEFF31186402383F31288BFF36F8FAE
:101F60001948FBF77BF810B988221849ECE71648A6
:101F7000FBF798F88B6873B1013B8B60FBF77CF83B
:101F800010B94FF49A72F0E786F31188BFF36F8FA0
:101F9000002002B070BD55EA04030AD1FBF76CF8CB
:101FA0000028EED086F31188BFF36F8F6FF00F001B
:101FB000EFE70A46CDE900543146FFF74FFDE8E769
:101FC0004DA1050065A40500B074002082CE040078
:101FD0002DE9F341064615461946EFF3058353B143
:101FE00051EA020307D01E494FF485721D4804F0E0
:101FF00071FF05F0E6FE1C4B9F68EFF3118840234C
:1020000083F31288BFF36F8F1848FBF727F810B9D6
:1020100088221749EAE71548FBF744F850F8044CC2
:102020003440A0F10C0205D0FBF726F878B94FF444
:102030009A72EEE751EA0503F6D0C7E91964CDE9D3
:1020400000514146FFF70AFD28B97C6E03E088F392
:102050001188BFF36F8F204602B0BDE8F08100BF4A
:102060006DA1050065A40500446F0020B40900209F
:1020700082CE040070B5EFF31186402383F31288FB
:10208000BFF36F8F2148FAF7E9FF10B98822204982
:1020900009E0204D1D48FBF705F8AB68DA7B3AB93B
:1020A00040F247321C491D4804F014FF05F089FE38
:1020B000EFF3058111B14FF45272F3E70132DA7395
:1020C0002A4652F81C4F944200D004B9EC685A7B5F
:1020D000D20604D1DA897F2A01D9A2692AB1A342A2
:1020E00002D02046FFF7DEF823460848AB61FAF736
:1020F000C3FF10B94FF49A72C9E786F31188BFF392
:102100006F8FBDE87040FCF7D3BA00BF406F00206E
:1021100082CE0400446F0020F42B050065A4050066
:1021200070B59F4B9F4CA04D012286B003201A70C2
:10213000FCF798F90420FCF795F9AC42264622D921
:1021400044229A489A4904F0C5FE05F03AFE54F834
:102150000C3C059354F8103C049354F8143C03933E
:1021600054F8183C029354F81C3C019354F8203C5A
:10217000009354E90A2354E90C01FCF7DBF954F805
:10218000303C5E65D9E7AE4204F13004DFD3FCF7A2
:1021900005FB844CAC4214D96822D2E7D4E90A2367
:1021A000B3F1FF3F08BFB2F1FF3F05D052EA030190
:1021B000206803D1E6F750F93034EBE7FEF7EAFF89
:1021C000FAE7EBD3FFF756FF4FF4D0117948DCF76D
:1021D00085F900217748DCF7D9F94FF4D01176481A
:1021E000DCF77CF901217448DCF7D0F900210220EA
:1021F000E6F770F94FF0FF3370484FF0FF3205F00B
:10220000C0FE6F4B1B7843B9EAF710FB01226D4902
:102210001046FDF7E5FEDCF7B1FF6B4B674893F81E
:10222000644004F03BF8002C52D0EAF7B1F90546BF
:10223000002841D0002540F2E936EAF7A9F920B399
:10224000E9F762FCB04271F1000103DB00210420D8
:10225000E6F740F9E9F758FC41F28933984271F109
:10226000000163DB0620F3F799FD38B1574B43615A
:1022700002230374002343748374C37454494FF4DA
:102280008652FCF7E1FFD8F7BDF8E9F73DFC3228AC
:1022900071F1000102DA0DB104F022F9E9F734FC22
:1022A00041F28933984271F10001B4BF0620012048
:1022B0000021E6F70FF9E4B1C82C28BFC824643C1C
:1022C000E4B26420EAF7EAFD002C08BFFF2414E022
:1022D000EAF75EF940B1EAF75BF9014620BB062058
:1022E000E6F7F8F8012504E0EAF752F90546002878
:1022F000A0D16420EAF7D2FDFF24364E3378CBB16B
:1023000035B93C20D7F714FE29460120E6F7E2F85C
:10231000042C13D8022C2ED81AD02F4A137B23F06A
:102320000103137306B070BD012584E7012003F09B
:10233000BDFE82E70120D7F7FBFDDFE7073CE4B2F3
:10234000012CEAD80620F3F729FD00B3234B17E050
:102350000620F3F723FD30B1214B436100230474C1
:1023600043748374C3741F494FF48652FCF76CFFA7
:10237000D8F748F8D1E70620F3F710FD38B11A4B2B
:10238000436102230374002343748374C3741549A7
:102390004FF48652FCF758FFFFF75CFCBDE700BF27
:1023A000E8B20020688C0400488E040065A4050093
:1023B0003B860500E8A90400E0A904000809002004
:1023C00000B3002064F0032000F0032070C8040074
:1023D000F4900400E0B20020E8480020B6A1050017
:1023E00090A10500AC910400A8A1050070B5EFF321
:1023F00005833BB12B494FF48E622B4804F06AFDF4
:1024000005F0DFFCEFF31186402383F31288BFF35E
:102410006F8F2648FAF722FE10B988222449ECE78C
:10242000244C2248FAF73EFEA168206A0B688142DC
:1024300014BF1A46002249680B605960A368216ADC
:102440002AB91D4AC3E900210B6023620CE093F90D
:102450000E0092F90E50A8421AD0854218DD51683C
:10246000C3E900210B605360E569134B9D4200D026
:1024700005B9E568A3689D4202D02846FEF712FF21
:102480000A48A561FAF7F8FD30B94FF4B772C5E70D
:102490008A42D6D01268D3E73046BDE87040FCF7D8
:1024A000DBB800BFF42B050065A40500406F0020D9
:1024B00082CE0400446F0020606F00202DE9F041BF
:1024C00006460C46EFF305873FB125494FF491626C
:1024D000244804F0FFFC05F074FC50EA010304D129
:1024E000FFF784FF0020BDE8F081EFF3118840235F
:1024F00083F31288BFF36F8F1B48FAF7AFFD10B953
:1025000088221A49E4E71A4D1748FAF7CBFD194B10
:10251000A8681860FFF75EFA23463246A868FEF7FF
:1025200039FEAA68537B43F00403044653730E48F4
:10253000FAF7A2FD10B94FF4B772E2E74046FCF794
:102540008BF8AB68D3E90A23B3F1004F08BFBA4256
:10255000C8D1FCF787F9201A20EAE070C3E700BF72
:10256000F42B050065A40500406F002082CE040016
:10257000446F0020A074002070B505460E46EFF3AE
:1025800005843CB11248134940F2B24204F0A2FC67
:1025900005F017FCFFF792FFB6F1FF3F08BFB5F15A
:1025A000FF3F0246284611D04FF47A7147F6FF7379
:1025B000C2FB0134D80B40EA4440B0F1004F4FEA6F
:1025C000D43474F1000428BF6FF0004070BD00BF28
:1025D00065A40500F42B05002DE9F84F05460028F9
:1025E00000F0948050F8046C06F11407EFF31188A2
:1025F000402383F31288BFF36F8F3846FAF72EFD1E
:1026000010B98822424912E03846FAF74BFD346887
:10261000083D2D1B4FEAD50925F0070504EB050BF6
:10262000BBF802A01AF0010F06D1AF2239493A488F
:1026300004F050FC05F0C5FB4946204604F0A3FB1E
:10264000484434F83030C01A814501D0B722EDE754
:102650002AF0010A4946ABF802A0204604F093FB99
:1026600009EB000104EBC1035B88DA070CD42046B8
:1026700004F0ABFB4946204604F085FB494609EBD4
:102680000002204604F0D5FB615BA9EB010104EBDD
:10269000C1035B88DB070CD4204604F096FB615B2A
:1026A0004A46A9EB0101204604F0C3FB635BA9EB9A
:1026B00003092046494604F095FBF46806F10C0531
:1026C000A54208BF002400233CB9ABB93846FAF74D
:1026D000D3FCB8B94FF49A7294E72046FCF702F89D
:1026E00004F11800FEF792FD2046FEF709FFF4689A
:1026F000A5424FF00103E7D141463846BDE8F84F07
:10270000FCF71EB888F31188BFF36F8FBDE8F88F10
:1027100082CE04004E97050065A405002DE9F34123
:10272000014616461D4600F10808EFF311874023C5
:1027300083F31288BFF36F8F4046FAF78FFC30B9EE
:1027400088221C481C4904F0C5FB05F03AFB4046B2
:10275000FAF7A8FC0C68B4B123684A6823F00303B5
:10276000944208BF4B600B6023689B0704D020464F
:102770006568FFF731FF2C464046FAF77DFC88B9C3
:102780004FF49A72DDE756EA0503F6D001F10C0228
:10279000CDE900653946FFF761F938B9074B9B6809
:1027A0001C6903E087F31188BFF36F8F204602B0E6
:1027B000BDE8F08165A4050082CE0400446F0020CE
:1027C0002DE9F74F0446EFF31189402686F312886E
:1027D000BFF36F8F364D2846FAF740FC30B9882298
:1027E0003448354904F076FB05F0EBFAA5F10C0707
:1027F0002846FAF757FCBB685C4003EA0102214017
:10280000019283EA010AEFF3118B86F31288BFF37A
:102810006F8F2A48FAF722FC0028E0D02748FAF701
:1028200041FC55F80C4C0026BC42354622D12348C9
:10283000FAF722FC08BB4FF49A72D1E7D4E91902E7
:10284000D1070AEA000301D598420CD15BB15207C7
:102850002566636684F86C8004F1180048BF1E4347
:10286000FEF7D4FC25467B68A342E0D02468002C08
:10287000E4D1DCE74FF00108F9E78BF31188BFF3EF
:102880006F8F4DB10024C5F8A84028462D6E002159
:10289000FFF75EF8002DF6D105482AEA06064946FC
:1028A000BE60FBF74DFF019803B0BDE8F08F00BF9D
:1028B000B409002065A4050082CE0400406F00200A
:1028C0002DE9F745064611461D46EFF305832BB16A
:1028D00052EA050302D0812241490EE0EFF311884C
:1028E0004FF0400A8AF31288BFF36F8F3D4F38468E
:1028F000FAF7B4FB30B988223B493C4804F0EAFAC5
:1029000005F05FFAA7F108043846FAF7CBFB626AD4
:1029100023699A424DD2EFF311838AF31288BFF3F1
:102920006F8F83F31188BFF36F8F13B93049A622DD
:10293000E3E757F8085CA5421AD0CDB12846FBF76B
:10294000E1FD05F11800FEF761FCE26828693146F7
:10295000002405F04BFE2846C5F8A840FEF7D0FD40
:1029600041463846FBF7ECFE204603B0BDE8F08553
:10297000206A6369984202D3A369984201D39C22DA
:10298000AAE7E268314605F031FE236AE2681344A3
:10299000A2692362934204BF63692362636A0133BD
:1029A000636200240F48FAF767FB98B94FF49A72F4
:1029B000A2E751EA05030AD00E4B9B6822461E612E
:1029C000CDE900154146FFF749F80446CCE76FF022
:1029D0002204E7E788F31188BFF36F8FC4E700BFD5
:1029E000C8A105002409002082CE040065A40500CA
:1029F000BFCE0400446F0020F7B5064615461946C1
:102A0000EFF3058333B152EA010303D04FF48A7226
:102A100046490CE0EFF31187402383F31288BFF39C
:102A20006F8F4348FAF71AFB30B988224149424870
:102A300004F050FA05F0C5F93D48A0F10804FAF792
:102A400031FB636A002B53D0E268E169304605F040
:102A5000CDFDE369E2681344A269E361934204BFD8
:102A60006369E361636A013B6362EFF311834022B0
:102A700082F31288BFF36F8F83F31188BFF36F8FD8
:102A800013B92E49A622D2E72568A5423ED0002DD3
:102A90003DD02846FBF736FD05F11800FEF7B6FBE2
:102AA000206A6369984202D3A369984202D34FF423
:102AB0009772ADE72969E26805F098FD236AE2683C
:102AC0001344A2692362934204BF63692362636A69
:102AD0000133636200242846C5F8A840FEF710FDC4
:102AE00013483946FBF72CFE2546284603B0F0BDB7
:102AF00055EA010312D0124B9B6822461E61CDE9B4
:102B000000513946FEF7AAFF0546EEE700250848C2
:102B1000FAF7B2FA28B94FF49A7287E76FF02205F4
:102B2000F5E787F31188BFF36F8FDEE7C8A10500D3
:102B30002409002082CE040065A40500BFCE040055
:102B4000446F002030BFFFF7FDBF00BFEFF30880E8
:102B5000EFF3098101B57246F4F734FF01BD00BF00
:102B6000002080F31488BFF36F8F0F4880F308882C
:102B7000F5F756FE00200D490860BFF34F8FF4F7BC
:102B80005DF8402080F3118809484FF4086140182F
:102B900080F30988EFF314800221084380F314883E
:102BA000BFF36F8FF4F73EF98006012094ED00E04B
:102BB0000007012022498A6882F8EDE04FF03000DA
:102BC0001044EFF3098C80E8F01F1EF0100F03D1C2
:102BD00002F1AC0080EC108A402080F31288BFF331
:102BE0006F8F184F4FF000668A698A603E6092F9D5
:102BF000EDE0D2F8A4000023C2F8A43080F31188DD
:102C00001EF0100F03D00023E1EE103A03E002F1B2
:102C1000AC0090EC108AEFF3148323F0040383F3E9
:102C20001488BFF36F8F04B51046F4F77BF8BDE846
:102C3000044002F1300090E8F01F8CF309887047DF
:102C4000446F002004ED00E01EF0040F0CBFEFF312
:102C50000880EFF30980816911F8021C0229FFD076
:102C600001B5724604F083FA01BD00BF08B5094BF7
:102C7000C3F1005303F57C33B3F5006F08D2064966
:102C80000648922204F026F90348922104F019F92B
:102C9000002008BD0026012035A4050065A405001C
:102CA000014B1860704700BF20050020F8B5084FA1
:102CB00006460D460024AC4208DA3B6898470A28CD
:102CC000305504F1010401D00D28F4D12046F8BD9F
:102CD0001C050020F8B50A4F0D46461EC0F1010440
:102CE000A3199D4201DC2846F8BD73780A2B02D156
:102CF0003B680D2098473B6816F8010F9847EFE7AF
:102D00002005002010B5074C2368C2180648C0F102
:102D1000005101F57C318A423ABF2260C0184FF061
:102D2000FF3010BD447500200026012010B5044678
:102D300050B90E490E4840F2971204F0CBF840F219
:102D400097110A4804F0BDF8142001F03BFC206004
:102D500040B90649064840F29F1204F0BBF840F221
:102D60009F11EEE7BDE8104004F0E2BF35A4050076
:102D700065A4050010B550B909490A4840F2C712C8
:102D800004F0A8F8064840F2C71104F09AF84FF092
:102D9000FF32BDE810404FF0FF33FEF7B3BE00BF77
:102DA00035A4050065A4050008B550B907490848D1
:102DB00040F2E31204F08EF8044840F2E31104F00C
:102DC00080F8BDE80840FEF7C7BB00BF35A405008A
:102DD00065A4050038B510EE105A25F00044B4F192
:102DE000A14FF0EE407A10D3B4F1FF4F04D970EE4A
:102DF000007AB0EE670A38BDDFED4D7A9FED4D7A6F
:102E0000002DC8BFF0EE477AF3E74B4B9C4210D839
:102E1000B4F1445F0AD29FED497A30EE077AF7EEBB
:102E2000006AB4EEE67AF1EE10FAE2DC4FF0FF331E
:102E300013E005F0C7F8424B9C424FD8A3F5D003EE
:102E40009C4241D8F0EE007ABFEE007AA0EE277ADD
:102E5000002330EE270AC7EE007A5A1C27EEA76A35
:102E60009FED387ADFED385A9FED385A66EE066AE4
:102E7000E6EE875A9FED367AA5EEA67ADFED355A53
:102E8000E7EE265A9FED347AA5EEA67ADFED335AA7
:102E9000E7EE265A9FED327AA6EE875A9FED317AF9
:102EA000A5EE267A9FED305AA7EE265A9FED2F7A8F
:102EB000A5EE267A27EE267AA5EE867A27EE877A81
:102EC00021D177EEC77A94E7F7EE007A30EE677A91
:102ED00030EE270A0123C7EE007ABEE7244B9C425E
:102EE0000BD8F7EE087AB7EE007AA0EE277A022325
:102EF00070EE676AC6EE877AAFE7BFEE007AC7EE7C
:102F0000007A0323A9E71B4A1B4902EB830201EB6A
:102F10008303D3ED006A37EE667A002D37EE677AC9
:102F2000D2ED007A77EEC77AB8BFF1EE677A60E744
:102F3000DB0FC9BFDB0FC93FFFFFDF3ECAF249719C
:102F4000FFFF973FD769853C59DA4B3D6BF16EBD6A
:102F5000356B883D6E2EBA3D2549123EABAAAA3E7E
:102F600021A215BD95879DBD388EE3BDCDCC4CBE4D
:102F7000FFFF1B4018AA040008AA040010EE103A34
:102F800007B51E4A23F00043934206D8DFED1C0A22
:102F900003B05DF804EB00F03BBEB3F1FF4F04D388
:102FA00030EE400A03B05DF804FB684600F000FD17
:102FB00000F00300012809D0022810D0B0B9DDEDDF
:102FC000010A9DED000A00F023FEEBE7DDED010AAA
:102FD0009DED000A01F0F2F8B1EE400AE2E7DDED06
:102FE000010A9DED000A00F013FEF5E7DDED010A90
:102FF0009DED000A012001F0E1F8D3E7D80F493F29
:103000000000000010EE103A07B51F4A23F00043FD
:10301000934207D8DFED1D0A002003B05DF804EBF2
:1030200001F0CCB8B3F1FF4F04D330EE400A03B047
:103030005DF804FB684600F0BBFC00F003000128CB
:103040000AD002280FD0C0B9DDED010A9DED000ABB
:10305000012001F0B3F8EAE7DDED010A9DED000A79
:1030600000F0D6FDE3E7DDED010A9DED000A012049
:1030700001F0A4F8B1EE400AD9E7DDED010A9DEDBB
:10308000000A00F0C5FDF5E7D80F493F0000000039
:1030900010EE103A07B5124A23F00043934207D8C6
:1030A000DFED100A012003B05DF804EB01F0CEB8AB
:1030B000B3F1FF4F04D330EE400A03B05DF804FBD8
:1030C000684600F075FC400000F00200DDED010AEA
:1030D0009DED000AC0F1010001F0B8F8EDE700BF76
:1030E000DA0F493F0000000038B52DED028B55EC9A
:1030F000104B00F0F5F8154BB0EE408AF0EE608A08
:1031000093F90030013319D022462B462046294638
:10311000C9F7BAFE90B90022002320462946C9F714
:103120008BFE58B104F04CFF2123036000220023E2
:1031300010461946C9F738FD41EC180BB0EE480AA5
:10314000F0EE680ABDEC028B38BD00BF010800201C
:1031500008B52DED028BB0EE408A00F079F9134BE3
:1031600093F900300133F0EE408A1AD0B4EE488A69
:10317000F1EE10FA15D6B0EE480A04F023FFF7EE90
:10318000007AB4EEE70AF1EE10FA0ADD04F018FF57
:10319000BDEC028B21230360BDE80840044801F028
:1031A00079B9B0EE680ABDEC028B08BD01080020B9
:1031B0005425050008B52DED028BB0EE408A00F0D5
:1031C0003FFA134B93F900300133F0EE408A1AD0E6
:1031D000B4EE488AF1EE10FA15D6B0EE480A04F0C3
:1031E000F1FEF7EE007AB4EEE70AF1EE10FA0ADD2E
:1031F00004F0E6FEBDEC028B21230360BDE808402D
:10320000044801F047B9B0EE680ABDEC028B08BD76
:10321000010800205425050008B52DED028BF0EEC5
:10322000408A00F0F3FA164B93F900300133B0EE08
:10323000408A11D0B0EE680A04F0CEFE60B1DFED36
:10324000117AF4EEE78AF1EE10FA0ADD04F0B8FE26
:103250009FED0D8A22230360B0EE480ABDEC028B7D
:1032600008BDDFED0A7AF4EEE78AF1EE10FAF3D545
:1032700004F0A6FE22239FED068A0360ECE700BF60
:10328000010800208071B1420000807FB5F1CFC2FB
:103290000000000008B52DED028BB0EE408A04F06E
:1032A00098FE0D4B93F90030013311D0B4EE488AEB
:1032B000F1EE10FA0CD6DFED098AB4EEE88AF1EEF1
:1032C00010FA05D504F07CFE88EEA80A21230360DD
:1032D000BDEC028B08BD00BF01080020000000000B
:1032E0002DE9F041594A55EC104BAA432B46204694
:1032F0000FD122462946C9F72DFB02460B46204630
:103300002946C9F771F904460D4645EC104BBDE856
:10331000F081002D0DDC25F000422243F5D095B15F
:1033200022462946C9F75EF902460B46C9F73CFC1E
:10333000E9E72A1515D1002109E0C30A153A40052D
:10334000002BFAD0F7E72A46FAE75B000131DD02ED
:10335000FBD54C1E121BC1F1200420FA04F42343B8
:103360008840C3F31303D40743F480135CBF5B00AE
:1033700003EBD073A2F2FF3558BF40005B0000267C
:103380006D1003EBD07347004FF0160EB0464FF4AC
:10339000001208EB02019942DEBF5B1A02EB010842
:1033A000B6185B00BEF1010E03EBD7734FEA520271
:1033B0004FEA4707EDD1F44620204FF000419845F1
:1033C00001EB0E022FDB0BD1BA4209D8002A01EB28
:1033D000020E02DABEF1000F2CDA0023BF1A8C4471
:1033E0005B00013803EBD7734FEA51014FEA4707FF
:1033F000E5D13B4308D0BCF1FF3F13BF0CF1010303
:103400000136844623F0010C72104FEA5C03F10789
:1034100002F17F5202F5001248BF43F0004302EB75
:10342000055118466FE7002A01EB020E0BDABEF1D8
:10343000000F08DB08F10104BA42A3EB080300D92E
:10344000013BA046CAE74446F6E700BF0000F07F14
:1034500008B510EE103A23F00042B2F17E5F2DED78
:103460000C8B0AD19FED650ADFED657A002BC8BF92
:10347000B0EE670ABDEC0C8B08BD04D930EE408A73
:1034800088EE080AF6E7B2F17C5F3CD2B2F10C5F3D
:1034900040F2B18060EE007ADFED5A6A9FED5A7A11
:1034A0009FED5A6AA7EEA67ADFED596AE7EE276A22
:1034B0009FED587AA6EEA77ADFED576AE7EE276A06
:1034C0009FED567AA6EEA77ADFED556AA7EEA66ABB
:1034D000DFED546AE6EE276A9FED536AA6EEA76A0F
:1034E000F7EE006AE6EE276A27EE277ADFED4F7ADD
:1034F00087EE266AE0EE467A70EE677A9FED4C0A18
:1035000030EE670AB6E7002BDFED3EDADFED3ECAAC
:103510009FED3FCADFED3FBA9FED3FBADFED3F8A37
:103520009FED3FDADFED39AA9FED3EAADFED3E9A2F
:10353000B7EE009AF6EE007A28DA30EE098A28EE25
:10354000270AE0EE2DCAE0EE0DAAACEE80CAAAEE84
:1035500080AAECEE00BAEAEE009AABEE80BAA9EED1
:10356000809AEBEE008A68EE808A04F032FD88EEE5
:10357000897ADFED307AE0EE077AB0EE007A77EE06
:10358000807A9FED2D0AA7EEC70A73E739EE408ACD
:1035900028EE278AB0EE480A04F01BFDE8EE2DCA9B
:1035A000E8EE0DAAACEE88CAAAEE88AAECEE08BA3C
:1035B00010EE103AABEE88BA23F47F6323F00F03CA
:1035C000EAEE089A07EE903AEBEE088AB0EE486A07
:1035D000A7EEE76AA9EE889A70EE276A68EE888AF5
:1035E00086EE267AC8EE896AA0EE267A37EE870A3A
:1035F00030EE000A3EE79FED110A3BE7DB0F494042
:103600000000000008EF1138047F4F3A613330BFEB
:10361000461124BDA80A4E3E90B0A6BEABAA2A3ED3
:103620002EC69D3D2D57014039D119C06821A233C6
:10363000DA0FC93F6821A2B3DA0F4940DB0FC93F57
:1036400038B510EE105A25F00044B4F17E5F2DED30
:10365000048B0CD1DFED5D7A9FED5D7A60EE277A09
:10366000E0EE077AB0EE670ABDEC048B38BD04D9F2
:1036700070EE407A87EEA70AF6E7B4F17C5FF7EECA
:10368000008A0BD2B4F1485F52D2DFED527A70EE6D
:10369000277AF4EEE87AF1EE10FAE5DC04F092FC19
:1036A00038EEC08AF6EE007A28EE278A9FED4A7A35
:1036B000DFED4A7A9FED4A9AA8EE277ADFED497A44
:1036C000E7EE087A9FED487AA7EE887ADFED477A31
:1036D000E7EE087A9FED467AA7EE889ADFED457A05
:1036E000E8EE077A9FED447AA7EE887ADFED437A19
:1036F000E7EE087AB0EE480AE7EE888A04F069FC43
:103700003F4B29EE089A9C4289EE286AF0EE006A47
:103710003DD9A0EE060ADFED3B7AE0EE267A9FED7A
:103720002C0A30EE670A002DD8BFB1EE400A9BE7A5
:1037300060EE007ADFED296A9FED277A9FED2C6A13
:10374000A7EEA67ADFED276AE7EE276A9FED267AD5
:10375000A6EEA77ADFED256AE7EE276A9FED207ACD
:10376000A6EEA77ADFED236AE7EE866A9FED226A6E
:10377000A6EEA76ADFED216AE6EE276A27EE277A32
:10378000E6EEA78AC7EE287AA0EE270A6CE710EECD
:10379000103A23F47F6323F00F0307EE103AA7EEED
:1037A000478A70EE005A30EE070ADFED087A88EE9D
:1037B000005A9FED150AE5EE667AD5EE867AB0EEF0
:1037C000406AA7EE666A77EEC67AAAE72EBD3BB3DB
:1037D000DB0FC93FCAF24971047F4F3A08EF113835
:1037E000ABAA2A3E461124BDA80A4E3E90B0A6BE02
:1037F0002EC69D3D613330BF2D57014039D119C0D0
:103800009999793F2EBD3B33DB0F493F10EE102ACB
:1038100022F00043B3F1FF4F02D930EE000A7047A7
:103820004FEAD27106D1DFED507A002918BFB0EE11
:10383000670A70474D48824204DD9FED4D0A20EE35
:10384000000A7047002A03DA4A4A934200F288804D
:10385000494A9342F7EE005A52D9484A93424FEAF6
:10386000810234D8464B134493ED007A454B134400
:1038700030EE477AC1F10102D3ED007A521A37EEE9
:10388000670A20EE006A9FED405ADFED406AE6EEDF
:10389000056A9FED3F5AA6EE865ADFED3E6AE5EED9
:1038A000066A9FED3D5AA6EE865AF0EE406AE5EEB6
:1038B000466AB0EE006A20EE265A92BB76EEC66AE1
:1038C000C5EE267A37EEC00A35EEC00A7047334B94
:1038D0009FED337ADFED336A1344D3ED007AE0EEE7
:1038E000077AB0EE407AFDEEE77A17EE902AF8EE0E
:1038F000E77AA7EEE67ADFED2C6A67EEA67ABEE7F6
:10390000B3F1465F0BD2DFED1A6A70EE266AF4EE71
:10391000E56AF1EE10FA02DD30EE250A704700226A
:10392000AFE736EE666A12F17D0FC5EE066AB8BFE4
:10393000643277EEE67A77EEC77A75EEE77A17EEBD
:10394000903AABBF03EBC25303EBC25300EE103A05
:10395000DFED167ABCBF00EE103A20EE270A704762
:103960009FED010A704700BF000000001772B142CE
:10397000CAF24971B5F1CF421872B13E9115853F37
:1039800030AA040028AA04004CBB31330EEADDB58E
:1039900055B38A38610B36BBABAA2A3E38AA04005D
:1039A0003BAAB83F8071313FD1F717370000800D37
:1039B000F0B510EE106A884B26F000459D4287B0A6
:1039C000044605D8002380ED000A4360002022E071
:1039D000824B9D423AD826F00043002E9FED807A1C
:1039E000804A23F00F0318DD934270EE477A09BF37
:1039F0009FED7D7ADFED7D6ADFED7D6A77EEC77A38
:103A000037EEE67A77EEC77A80ED007A77EEE67ADF
:103A1000C0ED017A012007B0F0BD934270EE077A45
:103A200009BF9FED717ADFED716ADFED716A77EEA4
:103A3000877A37EEA67A77EEC77A80ED007A77EE4E
:103A4000A67AC0ED017A4FF0FF30E4E7694B9D4262
:103A500073D804F0B7FA9FED687AF6EE007AE0EEDC
:103A6000077AFDEEE77AB8EEE77A17EE900ADFED17
:103A70005C7AA7EE670A1F28DFED5C7A67EE277A8B
:103A8000B1EE476A70EE676A16EE901A09DC5B4A7F
:103A9000471E26F0004352F8272023F0FF039342ED
:103AA00007D1C1F3C752C2EBD552082A4FEAE553FA
:103AB00014DC216094ED007A30EE470A002E30EEDF
:103AC000670A84ED010AA6DAB1EE477AB1EE400A40
:103AD00084ED007A84ED010A40429CE7DFED425A12
:103AE000F0EE406AE6EE256A70EE667AE6EE257A3A
:103AF000DFED3F5AD7EE257A76EEE75A15EE902A9B
:103B0000C2F3C7515B1A192B04DCC4ED005AB0EEA6
:103B1000660ACFE7DFED3A5AB0EE660AA6EE250A4E
:103B200076EEC07ADFED376AE6EE257AD7EE267AB2
:103B300030EE677A84ED007ABCE7B5F1FF4F06D32B
:103B400070EE407AC0ED017AC0ED007A3EE7EA15EA
:103B5000863AA5EBC25307EE903ABDEEE77ADFED69
:103B60002A6AB8EEC77A77EEC77A8DED037A67EEE8
:103B7000A67ABDEEE77AB8EEC77A77EEC77A8DED12
:103B8000047A67EEA67AF5EE407AF1EE10FACDED02
:103B9000057A1ED1B5EE407AF1EE10FA0CBF012382
:103BA00002231A4901910221009103A8214600F045
:103BB00087F8002EBFF62FAFD4ED007AF1EE677ACA
:103BC000C4ED007AD4ED017AF1EE677AC4ED017AA2
:103BD00082E70323E5E700BFD80F493FE3CB164058
:103BE000800FC93FD00FC93F0044353743443537B4
:103BF00008A3852E800F494384F9223F40AA040080
:103C000000A3852E32318D2400008043C0AA040019
:103C100010EE103A23F00043B3F1485FF0EE406A33
:103C2000B7EE000A04D2FDEEE67A17EE902A42B310
:103C300026EEA67ADFED1A7A9FED1A6A1A4AA7EEE7
:103C4000276A9342DFED197AE6EE077A9FED186A4C
:103C5000A7EE876ADFED177AE6EE077A9FED166A20
:103C6000A7EE876A60EEE60A26EE076AF6EE007AAD
:103C7000E7EE060A67EE277A04D877EEE07A30EEB0
:103C8000670A70470D4A93429ABF03F17F4307EEDC
:103C9000103AB5EE027A30EE470A77EEC77AECE7D3
:103CA0004ED747ADF6740F319999993E7CF293B493
:103CB000010DD037610BB6BAABAA2A3D0000483FD0
:103CC0002DE9F04F2DED048BD9B090469B46669AB6
:103CD000BE4BDDF89CC153F822A0019018F1040FEF
:103CE0000F460BF1FF3325DBB8F1030248BF08F1A3
:103CF0000402D210551CE900D41A9FEDB87A029143
:103D0000A8EBC5050AEB03060DF170090CEB840E58
:103D10000021B14210DD1CA901EB8B010DF5887962
:103D20000026564526DCDDF804E0DFEDAC7A0C46D3
:103D3000002016E00022DDE7CC425DBF5EF82100E6
:103D400007EE900AF8EEE77AF0EE477AE9EC017AAE
:103D50000131DEE7FEEC016A94ED007AE6EE877A47
:103D600001309842A4F10404F4DDE9EC017A013653
:103D70000431D6E708A901EB8A010CEB8202DFEDE2
:103D8000968A9FED949A049103925446A20005925C
:103D900058AA02EB840212ED140A44A908AA01EB06
:103DA0008401164620460028A1F104014EDC284675
:103DB000CDE9063200F074FBB0EE408AB4EE000AA2
:103DC00028EE000A00F022FBF2EE007AA0EE678AED
:103DD000002DDDE90632FDEEC87A17EE909AF8EE76
:103DE000E77A38EE678A43DD601E08A9C5F1080C42
:103DF00051F8206046FA0CF1894401FA0CF1761A68
:103E000008A941F82060C5F107010E41002E3EDDF2
:103E10004FF0000C09F10109604664456ADC002D91
:103E200005DD012D00F08380022D00F08B80022E35
:103E30002DD1B7EE000A30EE488A40B328460693EB
:103E400000F02EFB069B38EE408A20E060EE287AD8
:103E50000138FDEEE77AF8EEE77AA7EEC90ABDEE83
:103E6000C00AA6EC010A91ED000A37EE800A9AE733
:103E700005D1611E08A850F821603612C6E7F6EE9B
:103E8000007AB4EEE78AF1EE10FA31DA0026B5EEE8
:103E9000408AF1EE10FA40F0A380611E00205145E7
:103EA00057DA002871D0013C08AB083D53F82430A4
:103EB000002BF8D02846B7EE000A00F0F1FA631C98
:103EC00044AA9FED457A990002EB83022346002B1A
:103ED00080F2B4802346002BC0F2D28044AA02EBC9
:103EE0008305DFF8ECC0DFED3D7A0020E21ABCE08C
:103EF00002268DE796465EF8041B60B981B10CF18D
:103F0000010CC1F5807164454EF8041C0DDDDEF82E
:103F1000001002F1080EC1F1FF014EF8041C01214E
:103F20000CF1010C7246084677E7012077E7611E25
:103F300008AA52F8212002F07F020DF1200C4CF863
:103F4000212074E7611E08AA52F8212002F03F02E6
:103F5000F3E708AA52F82120013910439FE7013204
:103F600051F8040D0028FAD0059901F5B0716944A3
:103F700004EB0B000DF1700C661C4C390CEB80004F
:103F80002244B24204DA144600E704990122E7E72A
:103F9000039CDDF804C054F82640059407EE904ACF
:103FA000F8EEE77A0024E0EC017ADFED0C7A864641
:103FB0009C4203DDE1EC017A0136E2E7FCEC016AA8
:103FC0003EED017A0134E6EE877AF1E704AE0400B3
:103FD000D8AD0400000080430000803B00000000DA
:103FE000029BB0EE480AA3EB080000F059FA1FED5F
:103FF000077AB4EEC70AF1EE10FA19DB5FED0A7A20
:1040000060EE277A08AAFDEEE77A0835F8EEE77A3F
:10401000A7EEC70AFDEEE77ABDEEC00A10EE103A31
:1040200042F8243017EE903A013442F8243041E748
:10403000BDEEC00A08AA10EE103AF6E708A850F83C
:104040002300019007EE900AF8EEE77A013B67EE55
:10405000807A20EE070A62ED017A38E7FCEC016A0B
:10406000B5EC017AE6EE877A0130504501DC8242F8
:10407000F4DA58A800EB820242ED287A013B2AE7E5
:10408000669B022B09DC002B2BDC44D009F00700D7
:1040900059B0BDEC048BBDE8F08F669B032BF5D1C6
:1040A00030AA0B1F13441A4620460028A2F104022E
:1040B00052DC2246012AA3F104035DDC30AB5FED44
:1040C000397A0B44012C67DCDDED306A9DED317AE5
:1040D000002E67D1C7ED006A87ED017AC7ED027A3D
:1040E000D4E730AB1FED437A0B442246002A24DA92
:1040F0004EB3F1EE477AC7ED007ADDED307A77EE18
:10410000C77A31AA01239C4220DA0EB1F1EE677A18
:10411000C7ED017ABAE730AB5FED507A0B44002C63
:1041200005DA0EB1F1EE677AC7ED007AAEE733ED4E
:10413000017A013C77EE877AF1E773ED017A013A73
:1041400037EE277AD2E7F0EE477AD4E7B2EC017A7D
:10415000013377EE877AD6E7D2ED007AD2ED016AA5
:1041600037EEA67A013877EEC77A82ED007A77EEDD
:10417000A67AC2ED017A98E7D3ED007AD3ED016A11
:1041800037EEA67A013A77EEC77A83ED007A77EEBA
:10419000A67AC3ED017A8DE733ED017A013C77EE23
:1041A000877A8FE7F1EE666AB1EE477AC7ED006A6B
:1041B00087ED017AF1EE677A90E700BF10EE103AD2
:1041C00023F00043B3F1485F04D2FDEEC07A17EE4E
:1041D000903A5BB320EE007ADFED157A9FED156A19
:1041E000A7EE276ADFED147AE6EE077A9FED136AF1
:1041F000A7EE876ADFED127A60EE076AE6EE077ACD
:1042000030B99FED106AA7EE276AA6EE260A70471E
:1042100067EEE67AB6EE006AE0EE867AD7EE870AB7
:10422000DFED097AE6EEA70A30EE600A704700BFBC
:10423000D3C92E2F342FD7B21BEF3836010D50B90A
:104240008988083CABAA2ABEABAA2A3E08B510EE64
:10425000103A23F00042B2F1465FF0EE407A17D2F6
:10426000BDEEC07A17EE101A41BB431C134308D1B0
:1042700003F0A8FEB7EE007AC7EE007AB0EE670A48
:1042800008BD0128FAD0BFEE007AC7EE007AF5E744
:104290004C498A4212D3002B9FED4B7AB8BFF1EE06
:1042A000407A37EE677ADFED497AB8BFF1EE600AFF
:1042B00077EEE07ADFED460A77EE877A67EEA76A57
:1042C000DFED445A9FED446A9FED445A3D4926EE86
:1042D000A67A8A42A7EE256ADFED415AE6EE075A32
:1042E0009FED406AA5EE876ADFED3F5AE6EE075A7A
:1042F0009FED3E6AA5EE876ADFED3D5AE7EE055A6F
:104300009FED3C5AA5EE875ADFED3B5AE5EE075A82
:104310009FED3A5AA5EE875ADFED395AE5EE075A76
:10432000B0EE467AA5EEA67A27EEA65AB0EE606AFF
:10433000A7EE056A9FED337AE6EE260AE5EE070A58
:1043400037EEA06A1DD307EE100AB8EEC77A26EE44
:10435000065A36EE076A9B17C5EE065A03F00203AB
:10436000C3F1010306EE903A35EEE06AF8EEE66A34
:1043700077EEC67AB0EE006AA7EEC67A66EE877A66
:104380007CE701281BD0204B16EE102A1A4005EEC0
:10439000902A75EEE77AB7EE007A70EEE70AFFEE44
:1043A000007AC7EE866A16EE902A134007EE903A1E
:1043B000A5EEA77AA0EEA77AE7EE267A5EE7F0EE02
:1043C000467A5BE740A12C3FDA0F493F6821223350
:1043D000000000005FAE9BB745F4A3388453D93783
:1043E000C8261A3A16696B3BA427B33C8988083E55
:1043F0007AC09538B937813948DEBE3A1F37113C4B
:10440000D10D5D3DABAAAA3E00F0FFFF10EE103AC1
:10441000C3F3C7527F3A162A23F000412BDC002A4F
:1044200012DADFED197A30EE270AB5EEC00AF1EEA6
:1044300010FA06DD002B24DA0029144B08BF4FF0D8
:10444000004300EE103A7047114911410B42FAD077
:10445000DFED0D7A30EE270AB5EEC00AF1EE10FA64
:10446000EFDD002BBEBF4FF4000040FA02F29B18B4
:1044700023EA0103E5E7B1F1FF4FE4D330EE000A90
:1044800070470023DDE700BFCAF24971000080BF1A
:10449000FFFF7F009FED010A704700BF0000C07F53
:1044A00010EE103A33F000422AD0B2F1FF4F02D39F
:1044B00030EE000A704713F0FF4F22D1224BDFEDA0
:1044C000237A984220EE270A16DB10EE103AC3F347
:1044D000C752193A1044FE2815DDDFED1D7ADFEDD5
:1044E0001D6A10EE103AB0EE677A002BB8BFF0EEFE
:1044F000667A27EE870A7047DFED177A27EE800A83
:104500007047D20DE6E7002806DD23F0FF4343EABB
:10451000C05300EE103A704710F1160F09DADFEDC4
:104520000E7ADFED0E6A10EE103AB0EE677A002BCD
:10453000DCE7193023F0FF4343EAC0539FED080A3C
:1045400007EE903ADAE700BFB03CFFFF0000004CF6
:10455000CAF24971CAF249F16042A20D6042A28DCD
:10456000000000331FB514461A46094B1B68054668
:10457000D86854B9074B1C46CDE9013400912B464D
:10458000054900F00DF8F2F711FE044BF4E700BF07
:1045900024050020542505008AA405007DA40500FB
:1045A0000EB403B5014603AB054853F8042B00686D
:1045B000019300F0B3F802B05DF804EB03B070476C
:1045C00024050020024B0146186800F04DB800BFDA
:1045D0002405002038B50546002941D051F8043C97
:1045E0000C1F002BB8BFE41801F0E6F81D4A136851
:1045F00033B9636014602846BDE8384001F0E2B882
:10460000A34208D9206821188B4201BF19685B6852
:1046100009182160EDE71A465B680BB1A342FAD98D
:1046200011685018A0420BD12068014450188342F1
:104630001160E0D118685B68536008441060DAE7E5
:1046400002D90C232B60D6E7206821188B4204BFC7
:1046500019685B68636004BF091821605460CAE789
:1046600038BD00BF4C750020F8B5CD1C25F0030502
:1046700008350C2D38BF0C25002D064601DBA9425C
:1046800003D90C2333600020F8BD01F095F82149CF
:104690000A6814469CB9204F3B6823B9214630462E
:1046A00000F096FA38602946304600F091FA431C33
:1046B00023D10C233360304601F084F8E3E723680C
:1046C0005B1B17D40B2B03D923601C44256004E02B
:1046D0006368A2420CBF0B605360304601F072F871
:1046E00004F10B00231D20F00700C21A1CBF1B1A87
:1046F000A350C9E722466468CCE7C41C24F0030435
:10470000A042E3D0211A304600F062FA0130DDD138
:10471000CFE700BF4C750020487500202DE9F04F11
:104720000D469DB014469846064618B183690BB9EC
:1047300000F054FD874B9D421BD175686B6ED90705
:1047400005D4AB899A0502D4A86DFEF713FBAB899B
:104750001B0701D52B69EBB92946304600F054FC04
:10476000C0B16B6EDC070ED54FF0FF301DB0BDE859
:10477000F08F794B9D4201D1B568DFE7774B9D42C1
:1047800008BFF568DAE7AB899805EDD4A86DFEF7A8
:104790000BFBE9E70023099320238DF82930CDF89E
:1047A0000C803023DFF8B8818DF82A304FF00109F2
:1047B00023469A4613F8012B0AB1252AF9D1BAEB00
:1047C000040B0BD05B4622462946304603F025FCFD
:1047D000013000F0A680099A5A4409929AF80030F4
:1047E000002B00F09E8000234FF0FF32CDE905231F
:1047F0000AF1010A049307938DF853301A93544633
:10480000574814F8011B0522C7F77AFD049BD0B95D
:10481000D90644BF20228DF853201A0744BF2B220B
:104820008DF853209AF800202A2A14D0079A54466B
:1048300000204FF00A0C214611F8013B303B092BB8
:104840004AD970B914E0A0EB080009FA00F0184347
:104850000490A246D3E7039A111D12680391002A1F
:1048600001DB079204E0524243F0020307920493F3
:1048700023782E2B0AD163782A2B32D1039B1A1D61
:104880001B68039243EAE37302340593DFF8E0A068
:10489000217803225046C7F733FD38B1049BA0EBC3
:1048A0000A004022824013430134049314F8011B90
:1048B0002C488DF828100622C7F722FD00283FD08B
:1048C000294B1BBB039B073323F0070308330393D8
:1048D000099B3B4409936BE70CFB02320C46012019
:1048E000A9E700230134059319464FF00A0C20462E
:1048F00010F8012B303A092A03D9002BC6D00591B4
:10490000C4E70CFB012104460123F0E703AB00934D
:104910002A46164B04A93046AFF300800746781CA0
:10492000D6D16B6ED90705D4AB899A0502D4A86D90
:10493000FEF73AFAAB895B063FF516AF099815E723
:1049400003AB00932A46094B04A9304600F012F845
:10495000E4E700BF7CAE04005CAE04003CAE0400A3
:10496000BAA50500C4A50500000000001B800400D6
:10497000C0A505002DE9FF470F7E0C9D782F9146BD
:1049800080460C469A4601F1430207D8622F0AD8A6
:10499000002F00F0E080582F00F0BB8004F14206A9
:1049A00084F842703AE0A7F16303152BF6D801A111
:1049B00051F823F00D4A0400214A04009D490400E7
:1049C0009D4904009D4904009D490400214A0400BA
:1049D0009D4904009D4904009D4904009D4904002F
:1049E0003D4B0400B14A0400F34A04009D49040011
:1049F0009D4904005F4B04009D490400B14A040036
:104A00009D4904009D490400FB4A04002B681A1DBF
:104A10001B682A6004F1420684F842300123ABE0AF
:104A2000236829681F0601F10400286001D50D687C
:104A300003E05E06FBD5B1F900506168002D7ADA1B
:104A40002D20002984F84300A1602DDA5E486D42D4
:104A50000A231646B5FBF3F103FB1157C75D06F8B1
:104A6000017D2F46BB420D46F4D9082B0BD123689C
:104A7000DF0708D5236961689942DEBF302306F855
:104A8000013C06F1FF36921B2261CDF800A04B4697
:104A900003AA2146404603F0D2FA013071D14FF00B
:104AA000FF3004B0BDE8F08723F004032360CDE7B6
:104AB0002B682068191D2960050601D51D6802E0D4
:104AC0004106FBD51D8840486F2F14BF0A230823D9
:104AD000002184F843106668A660002EB9DB2168C7
:104AE00021F004012160002DB3D1002EB1D1164672
:104AF000BBE7236843F0200323603448782784F819
:104B00004570296823680E1D2E601E0603D50D68AA
:104B100004E02D48F3E75D06F9D50D88D90744BFB9
:104B200043F0200323600DB11023D1E7236823F065
:104B300020032360F8E724480A23CCE72B68266883
:104B40006169181D286035061B6801D5196002E0EF
:104B50007006FBD5198000232361164695E72B6864
:104B60001A1D2A601E68626800213046C7F7C8FB1C
:104B700008B1801B606063682361002384F84330C0
:104B800083E72369324649464046D047013086D004
:104B900023689B0714D4E068039B9842B8BF18466B
:104BA0007FE70123324649464046D04701303FF473
:104BB00076AF0135E36803995B1AAB42F1DCEAE7B3
:104BC000002504F11906F5E7CBA50500DCA50500D5
:104BD00038B5064D0023044608462B60FEF792F8D0
:104BE000431C02D12B6803B1236038BD50750020EF
:104BF0002DE9F041DFF8A880254B0A462DED028B08
:104C00000146D8F80000D3F7CBF855EC104B2246FC
:104C10002B4620462946C8F737F990B1002D1D488C
:104C200009DAFFF737FCB1EE408AB0EE480ABDEC76
:104C3000028BBDE8F081BDEC028BBDE8F041FFF7CF
:104C400029BC20462946C8F77DF908EE100ADFED99
:104C5000127AB0EEC87AB4EE677AF1EE10FAE4DDBB
:104C600025F000470D4B4FF0FF3220463946C8F77C
:104C70000BF940B9094B4FF0FF3220463946C8F7CF
:104C8000E5F80028D1D0D8F8003022221A60CCE70D
:104C90008805002054250500FFFF7F7FFFFFEF7F81
:104CA00024050020164B2DE9F0411F68BC6D054618
:104CB0000E46ECB95020FFF785FC0246B86520B9D6
:104CC000104B11485721FFF74DFCC0E90044C0E9E3
:104CD0000244C0E90444C0E90A44C0E90C44C0E904
:104CE0000E44C0E91044C0E9124484610477446270
:104CF000BA6D314628460123BDE8F04103F036BACB
:104D000024050020F3A505000AA60500242B2DE9A3
:104D1000F0478646904601D8012B06D103F050F9A2
:104D2000162303600020BDE8F08736480D462A466A
:104D300015F8014B065D16F00806F8D12D2C24D18C
:104D40002C780126951C2BBB302C30D00A2306F181
:104D5000004C0CF1FF3C0022BCFBF3F9104603FBB6
:104D600019CAA4F13007092F28D83C46A34234DDE4
:104D7000571C07D081452DD301D1A2452ADB00FB6A
:104D80000340012215F8014BEBE72B2C04BF2C78D4
:104D9000951CD8E7102BDAD1302CD8D12A7802F024
:104DA000DF02582AD3D16C7810230235CFE72B7855
:104DB00003F0DF03582BF6D00823C8E7A4F141071E
:104DC000192F01D8373CD1E7A4F16107192F04D876
:104DD000573CCBE74FF0FF32D4E7531C08D12223D6
:104DE000CEF800306046B8F1000F9CD0691E06E096
:104DF00006B14042B8F1000F95D0002AF6D1C8F8AC
:104E0000001090E7BAA4050013460A46014602487E
:104E10000068FFF77BBF00BF240500202DE9F74F96
:104E200091464A4A01908A461E460D462B4615F881
:104E3000014B175D17F00807F8D12D2C42D12C78C3
:104E400001279D1C002E42D1302C4DD00A264FEA5E
:104E5000E67B32465B464FF0FF304FF0FF31C8F73C
:104E6000C1F83246009088465B464FF0FF304FF065
:104E7000FF31C8F7B7F8002318461946A4F1300CE3
:104E8000BCF1090F37D86446A64245DDB3F1FF3FB8
:104E900015D0009B834278EB01033AD3009B8845F1
:104EA00008BF834201D1A24233DB714300FB0B11E7
:104EB000A6FB00031944201841EBE471012315F807
:104EC000014BDBE72B2C04BF2C789D1CBAE7102E7E
:104ED000BDD1302CBBD12B7803F0DF03582BB6D1DA
:104EE0006C7810260235B2E72B7803F0DF03582BDD
:104EF000F6D00826ABE7A4F1410CBCF1190F01D89C
:104F0000373CC1E7A4F1610CBCF1190F04D8573C40
:104F1000BAE74FF0FF33D2E75A1C0AD10199222297
:104F20000A6018461946B9F1000F0AD103B0BDE86E
:104F3000F08F17B1404261EB4101B9F1000FF5D09C
:104F40000BB105F1FF3AC9F800A0EFE7BAA40500DC
:104F500013460A46014602480068FFF75FBF00BFDC
:104F600024050020F8B50E461446054618B183699D
:104F70000BB900F033F9214B9C4210D16C68A36946
:104F8000A360A3891A0701D5236993B9214628464E
:104F900000F03AF868B14FF0FF373846F8BD184BCB
:104FA0009C4201D1AC68EAE7164B9C4208BFEC6812
:104FB000E5E723692068C01A6369F6B28342374681
:104FC00005DC2146284600F08BF80028E3D1A368D1
:104FD000013BA36023685A1C22601E706369013084
:104FE000834204D0A389DB07D7D50A2ED5D1214629
:104FF000284600F075F80028CFD0CCE77CAE04003E
:105000005CAE04003CAE0400314B70B51D68064632
:105010000C4625B1AB6913B9284600F0DFF82D4BDB
:105020009C420ED16C68B4F90C301A072CD4DD0602
:1050300011D40922326043F04003A3814FF0FF30C6
:105040003DE0254B9C4201D1AC68ECE7234B9C42F0
:1050500008BFEC68E7E7580712D5616B41B104F16E
:105060004403994202D03046FFF7B4FA0023636349
:10507000A38923F02403A3810023636023692360B1
:10508000A38943F00803A38123694BB9A38903F4DF
:105090002073B3F5007F03D02146304600F04CFB6F
:1050A000B4F90C3013F001020AD00022A260626948
:1050B0005242A261226942B913F08000BBD170BD97
:1050C000990758BF6269A260F4E70020F7E700BFC4
:1050D000240500207CAE04005CAE04003CAE04005D
:1050E00038B50B6905460C4613B90025284638BD6E
:1050F00018B183690BB900F071F8144B9C421BD1B5
:105100006C68B4F90C30002BEFD0626ED00704D479
:10511000990502D4A06DFDF72DFE2846214603F027
:105120004DF8636EDA070546E0D4A3899B05DDD40C
:10513000A06DFDF739FED9E7054B9C4201D1AC6863
:10514000DFE7044B9C4208BFEC68DAE77CAE040062
:105150005CAE04003CAE0400002310B50446C0E978
:105160000033C0E90433836081814366C281836177
:10517000194608225C3003F061FA054B6362054B67
:10518000A362054BE362054B2462236310BD00BF9D
:10519000298804004B88040083880400A788040041
:1051A000014903F0A5B800BFE15004000148FDF734
:1051B000E1BD00BF900800200148FDF7F5BD00BF2C
:1051C000900800200148FDF7D5BD00BFA4080020CD
:1051D0000148FDF7E9BD00BFA408002010B5044652
:1051E000FFF7F0FFA3691BB1BDE81040FFF7F0BF68
:1051F000C4E912332365134B134A1B68A262A3420E
:1052000004BF0123A361204600F020F8606020461F
:1052100000F01CF8A060204600F018F80022E060C2
:1052200004216068FFF798FFA06801220921FFF7B9
:1052300093FFE06802221221FFF78EFF0123A36192
:10524000D2E700BF10AE0400A1510400F8B5074634
:10525000FFF7ACFF1E4B1E68B36913B93046FFF76A
:10526000BDFF4836D6E90134013B03D533680BB3A3
:105270003668F7E7B4F90C50D5B9164BE36004F182
:1052800058006566FDF752FDFFF796FFC4E901552A
:10529000C4E904552560A5610822294604F15C0093
:1052A00003F0CCF9C4E90D55C4E912552046F8BD08
:1052B0006834D9E70421384603F004F80446306026
:1052C0000028D5D1FFF778FF0C233B60EEE700BF45
:1052D00010AE04000100FFFF2DE9F04F8BB08B46AC
:1052E0000693AD4B02901B68039318469046C8F78F
:1052F00078F8039B0190034413F8013C0793DBF813
:1053000000309A1C174612F8010B3028FAD0FB1A0D
:10531000A3F1020A03F05CF80446002839D1019A8F
:105320000399384603F0C3FA0546002865D1019B6E
:10533000F85CFE1803F04CF8002860D0334618786B
:1053400030281F4603F10103F9D003F041F8B0FA09
:1053500080F4640935464FF0010A3A461646013298
:10536000307803F035F80028F8D1019A03993046D7
:1053700003F09DFA80B94DB9019BF5182A461646EF
:105380000132307803F024F80028F8D1AD1BAD00CD
:1053900004E000242546E0E7002DF7D1337803F040
:1053A000DF03502B38D173782B2B2AD02D2B2CD008
:1053B000711C4FF00009087803F00AF8431EDBB2B5
:1053C000182B29D8A0F1100211F8010F03F000F8F2
:1053D000431EDBB2182B1BD9B9F1000F00D052428B
:1053E0001544CBF80010CCB1BAF1000F0CBF062663
:1053F000002630460BB0BDE8F08F3E46254601241E
:10540000CCE74FF00009B11CD5E74FF00109FAE7EE
:105410000A2303FB0200D5E73146E2E7F31B013B19
:105420002146072B0ADC029800F0D2F9044640B965
:105430005A4B0246DE215A48FFF794F801315B10BF
:10544000EFE7019B00F114094FF0000BC3F10103DA
:10545000CDF81090DA460893B74238D3049E46F848
:1054600004ABA6EB0906B6102661504603F0EEF831
:105470007601D8F80070361ABE4260DDF61B314660
:10548000204603F0A2F9824678B1731E591103F049
:105490001F0259F821104FF0010A0AFA02F20A42DB
:1054A00003D0534542DC4FF0020A3146204602F059
:1054B0003EFF3544D8F80830AB424EDA0298214618
:1054C00000F0C6F9149A00231360A32691E7731E17
:1054D000079A059316F8013C934217D0BBF1200FB1
:1054E00006D1049B43F804AB4FF0000A0493D34663
:1054F00016F8010C02F06CFF00F00F0000FA0BF040
:10550000059B4AEA000A0BF1040B0DE0059B089A83
:105510001344BB42E2D31846019A0399099303F05E
:10552000C6F9099B0028D9D11E4695E7B11E204631
:1055300003F04BF90028B6D04FF0030AB5E709DABB
:10554000BE1B21460298324600F04EFBAD1B0446BE
:1055500000F114094FF0000AACE7D8F80430AB4270
:105560006FDD5D1BAF4234DCD8F80C30022B28D045
:10557000032B2AD0012B1BD1AF4219D1012F11D1FE
:10558000069AD8F80430136001232361C9F800306B
:10559000149B62261C602CE79CAE040068A60500E4
:1055A00079A60500791E204603F00FF90028E7D1FF
:1055B0000298214600F04CF9149A002313605026FB
:1055C00017E7159B002BF3D1DAE7159B002BD7D1FA
:1055D000EEE76E1EBAF1000F30D126B131462046FB
:1055E00003F0F3F882467211012359F8222006F0E5
:1055F0001F06B34013422946204618BF4AF0020A4C
:105600007F1B02F094FED8F804500226BAF1000F76
:1056100047D0D8F80C30022B15D0032B17D0012B14
:1056200009D11AF0020F06D0D9F800304AEA030A6D
:105630001AF0010F0ED146F0100632E04FF0010AC9
:10564000D1E70126E2E7159BC3F101031593159BF2
:10565000002BF0D0D4F810B004F114034FEA8B0AF9
:1056600003EB8B014FF0000C184653F8042BB2F1FA
:10567000FF3F1BD001320260022E04F114033CD123
:10568000D8F80020013ABA4209D17911012253F821
:10569000213007F01F0702FA07F71F423AD146F000
:1056A0002006149B1C60069B1D60A2E6994243F8ED
:1056B00004CCD9D8A3689B4517DB616802980131F7
:1056C00000F086F8814618B91A4B02468421B2E6EA
:1056D0002269023204F10C0192000C3002F086FFC4
:1056E0002146029800F0B4F84C4623695A1C04EB9A
:1056F0008303226101225A61BEE722695A450BDD0C
:105700000121204602F013FED8F808300135AB42E3
:10571000FFF6D4AE0126C2E717F01F07FAD05344B4
:10572000C7F1200753F8040C02F090FFB842E7DB02
:10573000F0E700BF68A605008B89F7B59D07064610
:105740000C4607D504F147032360236101236361FD
:1057500003B0F0BD01AB6A4602F010FF009F0546A2
:1057600039463046FEF780FF48B9B4F90C309A0547
:10577000EED423F0030343F00203A381E2E70D4BD1
:10578000B362A389206043F08003A381019BC4E935
:1057900004075BB1B4F90E10304600F021FC28B1CB
:1057A000A38923F0030343F00103A381A3891D43CD
:1057B000A581CDE7A15104000148FDF7DBBA00BF88
:1057C0007C0800200148FDF7EFBA00BF7C080020EC
:1057D00070B5466A04460D4676B91020FEF7F2FE13
:1057E0000246606220B9184B18486621FEF7BAFEDF
:1057F000C0E901660660C660666AF36883B1636AE1
:10580000DB6853F82500B8B9012101FA05F6721DCD
:105810009200204602F0FAFF60B1C0E901560EE0A6
:1058200021220421204602F0F1FF636AF060DB6868
:10583000002BE4D1002070BD026843F8252000232E
:10584000C0E90333F7E700BFF3A50500E3A60500B1
:1058500070B5466A05460C4676B91020FEF7B2FED2
:105860000246686220B9094B09488A21FEF77AFE90
:10587000C0E901660660C6603CB16B6A6268DB68BD
:1058800053F82210216043F8224070BDF3A50500B3
:10589000E3A605002DE9F0410D6907460C461E46BA
:1058A00001F1140C0020DCF8003099B202FB016118
:1058B0001E0C0B0C02FB063389B2013001EB0341D5
:1058C00085424CF8041B4FEA1346ECDC0EB3A36888
:1058D000AB4219DC616838460131FFF779FF804639
:1058E00028B902460C4B0D48B521FEF73BFE226954
:1058F000023204F10C0192000C3002F077FE2146D6
:105900003846FFF7A5FF444604EB850301355E6189
:1059100025612046BDE8F08168A60500E3A60500E4
:105920002DE9F8430C4615461F4609220833064662
:1059300093FBF2F3002101229A4209DB3046FFF784
:1059400047FF40B90246194B1948CE21FEF70AFE1F
:1059500052000131F0E7089B4361092D4FF001032C
:10596000036116DD04F10909C8462C4418F8013B0F
:105970000146303B0A223046FFF78CFFA045F5D1A7
:10598000A5F108044C442D1B6319BB4204DBBDE8A0
:10599000F8830A340925F6E714F8013B0146303B49
:1059A0000A223046FFF776FFEEE700BF68A6050043
:1059B000E3A6050010B50C460121FFF709FF0246DA
:1059C00028B9054B05484FF4A071FEF7CBFD012324
:1059D0004461036110BD00BF68A60500E3A6050091
:1059E0002DE9F04F14460A6923699A42A8BF23465D
:1059F0000F46A4BF0C461F46D4F810A0D7F810904D
:105A0000A36861680AEB0906B34285B0B8BF0131EB
:105A1000FFF7DEFE30B90246444B454840F25D11C7
:105A2000FEF7A0FD00F1140505EB86082B460022C9
:105A3000434521D307F1140104F1140202EB8A0259
:105A400001EB89030293131B153B23F0030304337B
:105A500004F11507BA4238BF04230193029B039156
:105A60008B420CD8002E03DD58F8043D002B5BD090
:105A7000066105B0BDE8F08F43F8042BD8E7B1F814
:105A800000A0BAF1000F24D004F1140EA9464FF083
:105A9000000C5EF8047BD9F800301FFA87FB9BB23C
:105AA0000AFB0B334FEA174BD9F8007063444FEAF7
:105AB000174C0AFB0BC707EB13479BB243EA07439C
:105AC000724549F8043B4FEA174CE2D8019B45F870
:105AD00003C0039BB3F802900431B9F1000F21D049
:105AE0002B6804F1140CAE464FF0000ABCF800B06D
:105AF000BEF8027009FB0B7757449BB243EA074399
:105B00004EF8043B5CF8043B4FEA134ABEF8003001
:105B100009FB0A3303EB174362454FEA134AE5D802
:105B2000019FEB51043599E7013E9BE768A605000C
:105B3000E3A605002DE9F843154612F003020746D7
:105B40000E4607D0254C013A002354F82220FFF7D7
:105B5000A1FE0646AD103DD07C6A7CB91020FEF750
:105B600031FD0246786228B91D4B1E484FF4D771AB
:105B7000FEF7F8FCC0E901440460C460D7F8248053
:105B8000D8F808404CB940F271213846FFF712FFAF
:105B90000023C8F80800044603604FF00009EB0733
:105BA0000AD5314622463846FFF71AFF314680466D
:105BB0003846FFF74DFE46466D100BD0206838B9C9
:105BC000224621463846FFF70BFF2060C0F80090C0
:105BD0000446E4E73046BDE8F88300BFA8AE040001
:105BE000F3A50500E3A605002DE9F0470C4649683A
:105BF000236903EB6218A368074691464FEA621ACD
:105C000008F10106B3420BDB3846FFF7E1FD05461C
:105C100048B90246284B294840F2D911FEF7A2FCA8
:105C200001315B00EEE7002300F1140100F11002E6
:105C30001846534533DB20692AEAEA7A04F1140353
:105C400019F01F0901EB8A0103EB800C2BD0C9F17D
:105C5000200E8A460022186800FA09F010434AF81C
:105C6000040B53F8042B9C4522FA0EF2F3D8ACEB4C
:105C70000403153B23F00303043304F115008445AA
:105C800038BF0423CA500AB108F10206013E384663
:105C90002E612146FFF7DCFD2846BDE8F08742F87B
:105CA000040F0133C5E7043953F8042B41F8042FDE
:105CB0009C45F9D8EAE700BF68A60500E3A6050001
:105CC0002DE9F74F8946064611464846144602F02C
:105CD0000CFD051E12D129463046FFF779FD02461C
:105CE00028B93F4B40F232213E48FEF73BFC0123EE
:105CF000C0E90435104603B0BDE8F08FBCBF4B4689
:105D0000A1463046D9F80410BABF1C46012500252B
:105D1000FFF75EFD024618B9314B4FF41071E3E70F
:105D2000D9F810702669C56009F1100309F114054E
:105D300004F1140E00F1140B05EB87080EEB860638
:105D40000193D9464FF0000C019B5EF8040B53F809
:105D500004AF01931FFA8AF3194683B2CB1A000CE1
:105D60006344C0EB1A4000EB23409BB243EA00437C
:105D7000764549F8043B4FEA204CE5D8331B153BE8
:105D800023F0030315340433A64238BF04231D4413
:105D90005B441E462C4644450ED308F10301491BC3
:105DA00021F00301033DA84538BF00210B4453F8FF
:105DB000041D91B117619DE754F8041BE646080CD9
:105DC0001CFA81FC714400EB2C4089B241EA00418D
:105DD00046F8041B4FEA204CDDE7013FE7E700BF30
:105DE00068A60500E3A6050082B08DED000B019AC0
:105DF0000F4B1340A3F15073002B08DC5B42B3F14F
:105E0000A07F4FEA235204DA4FF40023134100220B
:105E100008E0A2F114031E2BDABF4FF00042DA4073
:105E2000012200231946104641EC100B02B07047C6
:105E30000000F07F2DE9F041066900F1140808EB3D
:105E40008606371F56F8042C104602F0FFFBC0F1FF
:105E500020030A280B601B4915DCC0F10B0C22FA49
:105E60000CF3B84543EA010534BF56F8083C00235B
:105E7000153002FA00F023FA0CF303431C4645ECFC
:105E8000104BBDE8F081B8453ABF56F8083CA6F182
:105E9000080700230B3812D0C0F1200123FA01F4C7
:105EA00082402243474542F07F558CBF57F8042C6F
:105EB00000228340CA4045F440151343DEE742EA1E
:105EC0000105DBE70000F03F2DE9F7430F46012114
:105ED00059EC108B1646FFF77BFC044630B902469E
:105EE000234B244840F20A31FEF73CFBC9F30A5524
:105EF000C9F313030DB143F480130193B8F1000308
:105F000023D06846009302F0C3FBDDE90012D0B154
:105F1000C0F1200302FA03F30B43C2406361019214
:105F2000019BA361002B0CBF012202222261A5B1BB
:105F3000A5F2334505443D60C0F135003060204690
:105F400003B0BDE8F0836161EAE701A802F0A0FBBD
:105F5000019B636120300122E8E704EB8203A0F299
:105F600032403860186902F071FBC0EB4210E5E77F
:105F700068A60500E3A6050038B5074D04460846A7
:105F8000114600222A601A4602F007F8431C02D18B
:105F90002B6803B1236038BD5075002038B5064D1D
:105FA0000023044608462B6001F0FBFF431C02D18E
:105FB0002B6803B1236038BD5075002038B5074DFC
:105FC00000230446084611462B6001F0F4FF431CF1
:105FD00002D12B6803B1236038BD00BF507500208B
:105FE00038B5064D0023044608462B6001F0DEFF5D
:105FF000431C02D12B6803B1236038BD50750020CB
:1060000038B5074D04460846114600222A601A4654
:1060100001F0CAFF431C02D12B6803B1236038BDD5
:106020005075002038B5074D044608461146002239
:106030002A601A4601F0ADFF431C02D12B6803B160
:10604000236038BD5075002010B51C460AB90020E9
:1060500010BDD2F713FD0028F9D0DDE90223C4E911
:106060000023F5E70420E1F78FBFD3F7F7BB034622
:10607000BFF35B8F53E8000F421C43E80021002967
:10608000F8D1BFF35B8F7047BFF35B8F0068BFF33E
:106090005B8F70470346BFF35B8F53E8000F43E805
:1060A0000012002AF9D1BFF35B8F704738B5002189
:1060B00020EAE0744FF4004540F2E7304FF47A7282
:1060C0000023C4FB0501C6F78DFFBDE83840FCF78F
:1060D00053BAF8F7C7BB08B5FFF7FBFF4FF47A7266
:1060E000A0FB020302FB0131C00B40EA4140C90B97
:1060F00008BD10B54268046883688B600C604A6014
:1061000010BD08B5FFF7E7FF08BD08B5D4F750F894
:106110000A20FFF7CBFFBDE80840FAF75DB8FBF7B0
:1061200007BFFBF70DBB90ED010A90ED007AD0EDB3
:10613000027A20EE000A07EE070A07EEA70A704768
:106140001FB50246084601A9D7F7C6FAB8B1D2ED85
:10615000007A9DED017A77EE877A9DED027AC2EDA5
:10616000007AD2ED017A77EE877A9DED037AC2ED5F
:10617000017AD2ED027A77EE877AC2ED027A05B023
:106180005DF804FB0120E0F79FBE1FB5037E8BB9CD
:10619000CDE90133039301AB01F10C00F1EC017A7D
:1061A000B3EC017A77EEC77A8142E2EC017AF5D15D
:1061B00004B010BD01AB00F10C04B6EE007AF0ECB7
:1061C000017AD0ED026A77EEA67AA04267EE877A6E
:1061D000E3EC017AF3D1DEE730B585B0D7F754FAB6
:1061E000F6EE007AB4EEE70AF1EE10FA0D46144628
:1061F00006DA2146284605B0BDE83040D7F76CBA2C
:1062000001AAFFF7C2FF214601A8D7F765FA0028C7
:10621000EFD005B030BDD4F7F5B8D4F701B930B53B
:10622000027E04460B465AB907C984E8070093E882
:10623000070004F10C05012385E80700237630BD33
:1062400001F10C02F3EC017AB4EC017AF4EEC77AB6
:10625000F1EE10FA48BF44ED017A53ED017A94ED66
:10626000027AF4EEC77AF1EE10FAC8BFC4ED027AF2
:106270009342E7D1E3E738B5D7F706FAF6EE007AAE
:10628000B4EEE70AF1EE10FA144603DBBDE838403D
:10629000FFF77BBF07C984E8070038BDFBF75CB98F
:1062A0000120DAF7B9BB0220DAF7B6BB704708B5B0
:1062B0004FF0FF310320FCF783FA002008BD30B413
:1062C0000C460146134651F8040B826815682246B5
:1062D000AC4630BC60478368DB690BB101221847CC
:1062E0006FF057007047DBF79DBFDBF7A1BFDBF70F
:1062F000A9BF4FF0FF30704770474FF0FF30704735
:10630000002070474FF0FF30704770477047002003
:106310007047002070474FF0FF3070474FF0FF305C
:1063200070474FF0FF30704770474FF0FF307047B5
:1063300070470020704770474FF08043D3F818240F
:10634000D3F8183403F003030360C2F3004070472E
:10635000704730B589B0054620220C4668460021BA
:1063600002F06CF92022694605F10900E6F778FE93
:10637000BDF8002042B1DDE902010023C6F732FE7C
:10638000C4E9000109B030BD00200146FAE730B58C
:1063900089B0054620220C466846002102F04EF9DD
:1063A0002022694605F10900E6F75AFEBDF80030E3
:1063B0002BB1DDE90401C4E9000109B030BD0020C2
:1063C0000021FAE730B589B0054620220C46684620
:1063D000002102F033F92022694605F10900E6F7B1
:1063E0003FFEBDF800302BB1DDE90601C4E9000134
:1063F00009B030BD00200021FAE740B1C3685878E9
:1064000010F001001EBF1878B0FA80F04009704704
:1064100010B504460868FFF7F0FF20B12046BDE83C
:106420001040E1F725B910BD10B502460144002027
:106430008A4200D110BD12F8013B0824584010F0E8
:10644000800F4FEA400318BF83F00703013CD8B226
:10645000F5D1EDE70068704710B484682468A4465D
:106460005DF8044B604710B484686468A4465DF826
:10647000044B60472DE9F04104460D4616468768F7
:10648000FB689847BB682BB1324629462046BDE8D9
:10649000F04118476FF05700BDE8F08108B58368F8
:1064A000DB689847006808BD07B500230093012208
:1064B0001946F7F799FC03B05DF804FB43090AD0CD
:1064C000012B0BD14FF6FF7300F01F0023FA00F0F1
:1064D00000F0010070474FF0FF33F5E700207047F0
:1064E0000320E1F751BD2DE9F341019001A8DDE959
:1064F00008580C4617461E46E2F7E8F9019B391E7C
:1065000018BF012100EB8300231E18BF0123002EBA
:1065100043EA410314BF0C210021002D43EA01038B
:1065200014BF4FF4E0610021B8F1000F43EA01030A
:10653000D0F8002714BF4FF4403100210B4322EA6A
:10654000030304B124780FB13F787F001C430EB1E0
:106550003678B6003C438DB1297809023443B8F14E
:10656000000F03D098F800804FEA0848214341EA21
:106570000801C0F8001702B0BDE8F0812946EDE738
:106580001FB50DF10F03019300238DF80F10009339
:106590001A461946FFF7A7FF05B05DF804FB012076
:1065A000E2F7E2B913B58DF80400C0F303208DF8CB
:1065B0000500022201A96020F7F776FB04220446B9
:1065C00065210020DEF7DEFD044301D0E3F776FB12
:1065D000332002B010BD13B58DF80400C0F30320C2
:1065E0008DF80500022201A96020F7F75DFB042267
:1065F000044665210020DEF7C5FD044301D0E3F722
:10660000B5FB332002B010BD13B50222ADF8040073
:1066100001A91E20F7F748FB02220446162100209C
:10662000DEF7B0FD044301D0E3F7F8FB332002B0FE
:1066300010BD13B500238DF807304FF47A740DF1B7
:106640000701182001F056FC013C03D09DF80730EB
:10665000DB07F4D4B4FA84F04009404202B010BD24
:1066600010B50446E4F754FF4CB118223021002045
:10667000DEF788FD08B1E3F7EDFB002010BD2246F0
:1066800030212046F4E737B540BA0D46ADF8040096
:1066900001A902227C20F7F707FB04460520E5F755
:1066A0004DFA2A467E210020DEF756FD04430520E0
:1066B000E5F744FA204603B030BD13B540BAADF853
:1066C00004008DF80610032201A97C20F7F7ECFAEC
:1066D00004460520E5F732FA204602B010BD91EDE0
:1066E000016AD0ED017AD0ED006A91ED007A67EE93
:1066F000867A56EE877AD0ED026A91ED027A46EEFE
:10670000C77AD0ED036A91ED037A46EEC77AC2EDFF
:10671000007A91ED016AD0ED007AD0ED016A91ED39
:10672000007A67EE867A46EE877AD0ED036A91EDBD
:10673000027A46EEC77AD0ED026A91ED037A46EE10
:10674000877AC2ED017A91ED016AD0ED037AD0ED3E
:10675000026A91ED007A67EE867A46EE877AD0ED8E
:10676000006A91ED027A46EE877AD0ED016A91EDEA
:10677000037A46EEC77AC2ED027AD0ED027A91ED45
:10678000016AD0ED036A91ED007A67EE867A56EEE3
:10679000877AD0ED016A91ED027A46EE877AD0EDE4
:1067A000006A91ED037A46EE877AC2ED037A70476C
:1067B00000B52DED028B83B001AB0422B0EE408A10
:1067C000F1F75CFFDDED017AB0EEE70AF7EE007A53
:1067D000B4EEE70AF1EE10FA0FDCFCF7B9FC30EE8C
:1067E000000AB4EEC80AF1EE10FA4CBF01200020F6
:1067F00003B0BDEC028B5DF804FB0120F8E730B577
:1068000085B005460C4601AAF7F7CEFA2B4601A93A
:1068100004F10C000322F1F731FF2B1D01A904F153
:1068200018000322F1F72AFF05F10803032201A94A
:1068300004F12400F1F722FF05B030BD83784278DF
:106840001B0443EA0223027843EA020080F40000BA
:10685000A0F500007047704707B5022301AA202168
:106860000020DEF763FC20B1E8F7C8FF03B05DF855
:1068700004FBBDF9043000EE103ABAEECC0AF3EE98
:10688000097A30EE270AF1E707B5022301AA6E2143
:106890000120DEF74BFC20B1E9F7ECF803B05DF81E
:1068A00004FBBDF9043000EE103ABAEEEE0AF3EE46
:1068B000097A30EE270AF1E707B5022301AA2E2153
:1068C0000120DEF733FC20B1E9F72CF903B05DF8C5
:1068D00004FBBDF9043000EE103ABAEEEE0AF3EE16
:1068E000097A30EE270AF1E7F7B50C460646FFF7BE
:1068F000F2FB251841EBE474002701220DF107019A
:1069000007208DF80770EBF7CDFA50B99DF80730E6
:10691000D90611D4DA0706D4B6EB531F18BF6FF0AF
:10692000040003B0F0BDFFF7D6FBA842A14106DA90
:106930000120FFF7BBFBE0E76FF00400F1E76FF029
:106940007300EEE710B50246044606210120DEF78B
:1069500019FC48B9012C204608BF2821BDE8104089
:1069600018BF1421FFF7C0BF10BD08B52022602159
:106970000120DEF707FC18B9BDE80840EEF70EB8B5
:1069800008BD10B52DED028B0446B0EE408AEEF73F
:1069900097F840B9B0EE480ABDEC028B2046BDE83E
:1069A0001040EAF723BABDEC028B10BD10B52DEDF7
:1069B000028B0446B0EE408AEEF778F940B9B0EEAB
:1069C000480ABDEC028B2046BDE81040EAF750BBF8
:1069D000BDEC028B10BD30B50C688B6814B14A68F1
:1069E0009A4202DC01338B6030BD013A9A4214BFF7
:1069F00005460025E5548B68F4E7D0E9002130B561
:106A00004FF03333A2FB0324D51843EB0405A1FB5D
:106A10000313521844EB0304521944F1000289187D
:106A200043F10003C0E9001330BD10B50A68002A25
:106A300003460FDD013A0A601A6844680A20A2FB87
:106A4000001200FB0422100F22F07042C3E9001272
:106A5000303010BD3020FCE72DE9F0410746884674
:106A600015461E461446B44205D30EB1601B08E01D
:106A70002378002BFAD014F8010B4146B8470028C0
:106A8000F1DABDE8F081838B13F0070305D10368C9
:106A9000002B0CBF002003207047022B05D1C08BB8
:106AA000B0FA80F0400980007047012B05D10368DF
:106AB000002B0CBF00200520704700207047037892
:106AC0005B075FBF03684288C3F34A2303EB1210DE
:106AD0005DBF173020F007008008002070470020BD
:106AE0007047F8B506460D4614461F4604B9F8BD72
:106AF000214628463A46B047241A0544F6E710B521
:106B0000426881680446D2E900230068FFF7E9FF84
:106B1000636800221A6010BD43681B685B68002030
:106B20001961704770B515460C4669B1D2E9013656
:106B30009B1B99420AD813680A460146981901F02E
:106B400055FDAB682344AB60204670BD6FF01B0061
:106B5000FBE700F06FBE70B50D4604464618B44220
:106B600001D1284670BD14F8010BF6F7F1FBF6E7EA
:106B7000D0ED017A91ED015A90ED004A91ED006A55
:106B8000D0ED025AD1ED023AD0ED036AD1ED034ABD
:106B900027EE857A14EE067A05EEE37A06EEE47ABD
:106BA00082ED007A26EE277A04EE057A05EEA47AC5
:106BB00003EEE67A82ED017A27EEA47A67EEA37AF5
:106BC00014EE237A44EE247A06EE257A45EE657AB1
:106BD00005EE267A46EE267A82ED027AC2ED037A37
:106BE0007047D0ED027AD0ED035AD0ED016AD0EDB6
:106BF000001AD1ED012A91ED002A91ED023A77EECB
:106C0000A74A35EEA57A64EEA74AB7EE006A2DEDE5
:106C1000048B67EEA63A65EEA18A27EE257AB0EEE0
:106C2000465A36EE646A25EEA64A27EEA10A72EEAF
:106C3000A20A67EEA57A76EE475A33EEE86A33EE9B
:106C4000038A26EE206A05EE826A36EEA69A70EE78
:106C5000045A09EE665A05EE886A66EEA16A35EEB8
:106C6000477A82ED006A37EEE66A77EEA67A32EE70
:106C7000021A73EEA83A34EE404A27EE227A67EE03
:106C8000A07A03EE817A44EE017A35EE645A06EE7C
:106C9000087ABDEC048B45EE037A82ED017AC2EDF1
:106CA000027A7047D0ED015AD1ED036AD1ED000AA6
:106CB00091ED061A91ED047AD1ED057A91ED023A43
:106CC000D1ED011A91ED072A91ED084A90ED046A81
:106CD00090ED050AD0ED063AD0ED072AD0ED084A2E
:106CE0002DED048B90ED009AD0ED028A90ED038A91
:106CF00025EEA65A09EE205A08EE815A82ED005A76
:106D000025EE875A65EEA75A49EE035A48EE845A93
:106D100009EE215AC2ED025A66EE865A40EE885AB2
:106D200041EE005A66EEA26AC2ED035A67EE065AB9
:106D300027EE866A27EE227A67EEA27A41EE885A1B
:106D400003EE086A40EEA36A01EEA37A43EE237ACB
:106D500008EE825ABDEC048B42EE005A04EE006A43
:106D600041EE246A02EE247A44EE247A82ED015A3E
:106D7000C2ED045A82ED056AC2ED066A82ED077A19
:106D8000C2ED087A704700EBC100408840087047A8
:106D900010B500EBC104E388994202F104010AD165
:106DA000012303FA02F2C36823EA0203C36000234B
:106DB00040F8213010BDA28840F8213000EBC2011C
:106DC00000EBC300CB808280F4E708B50346FFF7F1
:106DD000DAFFB0FA80F2C2F11F021846BDE808409F
:106DE000FFF7D6BFF8B50346FFF7CDFFB0FA80F046
:106DF000C0F11F0003EB800CCA00DCF81060171D07
:106E00000C4606328DB256B9012101FA00F0D9685C
:106E10000143D960CCF81040DD539D52F8BDF1001C
:106E20000431585AD85303EBC0009E52C5805D52BE
:106E3000F4E738B50346FFF7A6FF0D4604461146B2
:106E40001846FFF7A0FF03EBC50504446000688007
:106E50001846FFF798FF014423F8314038BD70B55C
:106E6000002502462846144614F8013B0BB9184683
:106E700009E098B18D4207D1702B04D0A3F14002F4
:106E80003A2A0BD8002070BDA3F140063A2E05D84F
:106E900053780135941C002BE9D00020252B08BF26
:106EA00080F001002246DEE70FB407B504A951F8CF
:106EB000040B0191F9F71AFE03B05DF804EB04B07E
:106EC0007047002383F31188BFF36F8F04231846A4
:106ED00002DF70470FB407B504A951F8040B019104
:106EE000F9F704FE03B05DF804EB04B07047044604
:106EF00008B5084611461A46A047EEF767FADFF7CD
:106F000001FE10B5044650182269636AD20702D503
:106F1000013B184010BD984228BFC01AFAE710B5CF
:106F200004460A46C168FFF7ECFF2369E06023F0DE
:106F30000803236110BD704780EA1020C0EBC01326
:106F400000EB8303C3EB0313A0EB830083B2C0F316
:106F5000C810584000EB8013C0EB031303EBC303CE
:106F600000EB4300C0EB800080EA502000F07F007F
:106F700070470346BFF35B8F53E8000F421E43E8A0
:106F800000210029F8D1BFF35B8F704710B503468D
:106F9000BFF35B8F53E8000F40EA010243E800248F
:106FA000002CF7D1BFF35B8F10BD10B50346BFF3C4
:106FB0005B8F53E8000F00EA010243E80024002C35
:106FC000F7D1BFF35B8F10BD70B5C56904460E469F
:106FD0000DB103232B71E3690BB1DB6873B9032196
:106FE0002046B047002802DA10F1860F0BD10121AC
:106FF00055B920463346BDE870401847DB691B7918
:10700000002BECD0002070BD29712046B047002332
:107010002B71F8E7002930B40BDB84688C4208D967
:10702000641AA34205D84468C068214430BCFFF705
:1070300013BA6FF0150030BC704708B5C06883689C
:10704000DB689847407908BD08B5FBF77BFDBDE8D4
:107050000840EFF7D1BD61B662B680F31188BFF387
:107060006F8F704772B6002383F31188BFF36F8F61
:10707000BFF34F8F30BF62B6BFF36F8F70472028CA
:1070800009D9B0F1004F08D80138B0FA80F0C0F14A
:107090001F0040007047082070473E20704707B52A
:1070A000019001A8E1F712FC019A01239340C0F876
:1070B000083503B05DF804FB07B5019001A8E1F7BE
:1070C00005FC019A01239340C0F80C3503B05DF82C
:1070D00004FB07B505230122114600931A20002363
:1070E000F6F782FE1A20FFF7DAFF0122072300934A
:1070F000114600231420F6F777FE1420FFF7DCFF7B
:10710000002003B05DF804FB10B5014604460722D9
:10711000FF20F0F76BF8E07110BD1FB5012001A949
:10712000EFF7AEFC18B1002005B05DF804FB019844
:1071300002A9F1F743FA0028F5D19DF80830032B96
:1071400005D09DF80B00431E58425841ECE7012042
:10715000EAE70A2838B504460D4602D10D20F0F7BB
:1071600077F829462046F0F773F8002038BD08B5B7
:1071700001460068F0F786FA08B500210120F0F713
:1071800081FA00207047F8B5069F0469C9B2EFF391
:107190001186402585F31288BFF36F8F0C25694354
:1071A0000C44A56C05F0070CBCF1010F0BD1A764D2
:1071B00086F31188BFF36F8FC4E9102343685B58CF
:1071C00098470020F8BD05F0C005AF4286F311884E
:1071D000BFF36F8F0CBF6FF077004FF0FF30F1E718
:1071E00013B580240094FFF7CEFF02B010BD0069F4
:1071F000CBB200EB4310002110474FF08052002823
:107200001369526908DB5343984205D21B1A99420D
:107210008CBF002001207047002070474FF0805243
:107220000020136952695343C1E900307047436835
:107230005B68D3F810350B600020704743685B68CB
:1072400002EA010021EA0201C3F80805C3F80C159F
:107250000020704743685B680020C3F8081570473A
:1072600043685B680020C3F80C15704743685A6890
:10727000D2F8043521EA03000B40C2F80805C2F831
:107280000C350020704700207047704743685B6BE7
:107290000020C2E90030704703690020C3E9020002
:1072A000C3E900337047436858687047036900209A
:1072B000C3E90200C3E90033704743685868704768
:1072C00010B4436802691B68D3F80413C90517D5C5
:1072D000D3F82011A1B1EFF31181402484F3128877
:1072E000BFF36F8FD3F8204134B10024C3F820419D
:1072F000D3F820410124DC6081F31188BFF36F8F44
:107300001168D3F8584171B184B100244C611168FF
:10731000C97B19B94FF48001C3F8081311688C7B3D
:1073200024B100238B735DF8044B7047D3F824110C
:1073300021B10021C3F82411D3F824311268136855
:10734000002BF0D051685DF8044B184743681B6868
:10735000D3F88004C3F88004704742681368D3F8F8
:10736000580140B95268D20706D4D3F8200100383A
:1073700018BF0120704701207047C36910B5002471
:107380000BB11C797CB943681B68C3F84415C3F87A
:107390004825C3F82041D3F82021C3F85841D3F839
:1073A000582101229A6010BD42681368D3F8100179
:1073B00050B1D269002012780A70C3F81001D3F8D6
:1073C000102101221A6070474FF0FF307047002AE9
:1073D0000FDD42681368D3F8100158B10020C3F8DC
:1073E0001001D269D3F8100112780A7001201860D8
:1073F00070470020704710B543681C680369EFF3BD
:107400001180402282F31288BFF36F8F1A68D17BFC
:1074100039B991731B680122DA734FF48003C4F801
:10742000043380F31188BFF36F8F10BD03691A68AE
:10743000D17B21B1012191731B680022DA7370475F
:10744000026911680346C87B40B15B681B68D3F8CA
:10745000580118B100234B6113689889704743683D
:107460001B68D3F81001003818BF0120704743682B
:107470001B68D3F80423D2065CBF1022C3F8042390
:10748000704743681B68D3F80423D20644BF102218
:10749000C3F80823704743681B684FF40072C3F8B1
:1074A0000423704743681B684FF40072C3F8082335
:1074B000704738B543681D68D5F804335B0204464D
:1074C00005D4D5F8040310F0100006D138BDFFF73D
:1074D000B7FF0028F5D00120F8E72046FFF7BFFFEF
:1074E000003818BF0120F1E70120704703691868D0
:1074F00001601B685A6070474FF0FF3070470368A7
:1075000093FAA3F318061A0A40EA136002F47F42C2
:107510001B02104303F47F03184370470346002007
:10752000184710B50368CB40DB0714D401238B4008
:107530000268BFF35B8F43EA020150E8004F9442B8
:1075400004D140E8001CBCF1000FF6D1BFF35B8F03
:10755000EED1002010BD6FF01500FBE710B504461A
:107560000846F0F763FC04EB4004A08AC0F3401027
:1075700010BD10B504460846F0F758FC04EB400473
:10758000A08A10F01C0018BF012010BD10B50446E1
:107590000846F0F74BFC04EB4004A08AC0F340001F
:1075A00010BD70B5044608461646F0F73FFC08309B
:1075B0000D4634F81030DA0509D5C3F3432304EB44
:1075C000C302314654F83330526828469847A368BE
:1075D0002BB1E26831462846BDE87040184770BDBF
:1075E00003212F20EFF78ABB0A2810B5044602D1E9
:1075F0000D20F5F7ADFEE0B2F5F7AAFE204610BD6E
:1076000038B50C46204619461546FFF7F6FD20B959
:107610002046BDE83840F0F745BC21B10A4628466F
:10762000214600F0E3FF002038BDF8B50669336855
:107630009C89BFF35B8F9442A8BF14460546143360
:10764000012253E8000F002803D143E80027002F50
:10765000F7D1BFF35B8F0CBF134600231ED13368F5
:107660002246986800F0C2FFEFF31187402383F3AE
:107670001288BFF36F8F2846FFF76FFE336838B963
:107680005861044687F31188BFF36F8F2046F8BD19
:10769000996822462846FFF770FEF3E71C46F5E797
:1076A00000694FF0FF324FF0FF3300F06ABC08B5BD
:1076B000C5F74EFE002008BD38B50C460123114623
:1076C00022460546FFF7A6FC00280EDB2846FFF7FA
:1076D000B4FC2378834206D0012B14BF022301237C
:1076E0002370002038BD0323FAE70120FAE707B52D
:1076F00081681839012301AA21F007018DF80430AF
:10770000F9F748FA03B05DF804FB08B54368186858
:10771000FEF773FE00280CBF6FF01200002008BDBA
:1077200038B504460D46FFF719FFC8B12046FFF7EC
:107730002DFFA8B90846F0F779FB04EB400021685B
:10774000828A0123520B9340C1F80833236803EB6C
:107750008203D3F8102522F00302C3F8102538BDA8
:1077600028460021BDE83840FEF70ABF38B5456815
:107770000446FFF795FF6A682868002100F05EFF65
:107780002069FEF78BFD002038BDFFF7EFBF2DE924
:10779000F041D0F804801F4604460E461546FFF718
:1077A0007FFFD8F800103A463144284600F01EFF0B
:1077B0002069FEF773FD0020BDE8F081FFF7E7BF09
:1077C0002DE9F041D0F804801F4604460D461646C8
:1077D000FFF766FFD8F800003A463146284400F02B
:1077E00005FF2069FEF75AFD0020BDE8F081FFF794
:1077F000E7BF10B5A2F58074A4080123A3400B4293
:107800001EBF00238350835810BD70B5A2F580744D
:10781000A408012606FA04F4054614EA010008D07B
:10782000A85830B10021A950AA581A6822431A60FA
:10783000304670BD08B5F0F797FC08BD0021FEF793
:1078400029BC042806D8DFE800F007030507030079
:10785000A0207047002070474FF49670704710B515
:1078600002461168B1B1BFF35B8FB1FA81F3C3F186
:107870001F000123834021EA030352E8004F8C429A
:1078800004D142E8003CBCF1000FF6D1BFF35B8F9E
:10789000E7D110BD6FF00B00FBE737B500230446BE
:1078A0000D4601934FF4887201ABFFF7AEFF2946F6
:1078B0004FF48A722046FFF7A8FF29464FF48E72D4
:1078C0002046FFF7A2FF29464FF482722046FFF7B9
:1078D0009CFF29464FF484722046FFF796FF294605
:1078E0004FF486722046FFF790FF4FF48C722946C2
:1078F0002046FFF78AFF019803B030BD8022F1F7E0
:107900001DB92DE9F047002504468846D7B22E461A
:107910004FF00109AA46BD420CD1D4F87C3133B1F5
:107920000023C4F87C31D4F87C3146F00046304660
:10793000BDE8F0872846F1F7FDFDA0F580739B08B0
:1079400009FA03F318EA030F05D022581AB144F8D4
:1079500000A022581E430135EDB2DCE71046FEF7C9
:10796000E0BB38B54FF080440223C4F8083301234C
:10797000E3600023C4F80431D4F8043142F21075F6
:10798000D4F81834DB0304D50120E4F7D7F8013D1F
:10799000F6D138BD10B40029036909DC1C68944293
:1079A00001D11C794CB91A605DF8044BF3F7DEB8CD
:1079B0006FF015005DF8044B70476FF07700F9E742
:1079C00010B504460068D0B1037DC3B149B10121AF
:1079D0000830D6F7DBFD2368BDE810401869E4F7EE
:1079E000ADB812B98388DB0409D40069E4F7A6F8BE
:1079F00020680021BDE810400830D6F7C7BD10BD93
:107A000010B5012200210446FFF7DAFFA36933B95C
:107A1000636004F11000BDE81040FEF782BB10BDAA
:107A200010B50069C36A8B420AD1826A93420AD1B7
:107A300090F8844054B92830FFF7E2FF204610BD8B
:107A40006FF07700FBE76FF01500F8E76FF00F00BD
:107A5000F5E738B505690446A96505F14800FEF764
:107A600060FB002285F8842020691146BDE838407B
:107A70002830FFF7A5BF012970B50C4606D1436831
:107A8000586B0021F3F7D8FF002070BD61B905697C
:107A9000466895F8853023B12846F7F7DFFA85F870
:107AA0008540706B0121EDE76FF08500EDE701295E
:107AB0002DE9F84305460E461FD1476805693C6825
:107AC000F8680021F3F7B8FF0823C4F800353B7AC3
:107AD00083B9FA69C4F83425C4F83865C4F810319C
:107AE000D4F8103126602B6823B11B7C13B110230E
:107AF000C4F804330020BDE8F883002963D1D0F82E
:107B00000480D8F80040D4F84C3123B302691168DE
:107B100051B1D4F80433C3F300130B7413681B7C06
:107B200013B11023C4F8083301236360D4F844313F
:107B3000002BFBD00023C4F84C31D4F84C21C4F8FE
:107B40004431D4F84421C4F81031D4F81021C4F8D9
:107B50002431D4F824316A68D2E9006313F00109B2
:107B600017D14FF48073C6F808334FF47A7728465C
:107B7000FFF7F3FB20B90120E3F7E0FF013FF6D167
:107B8000D6F858312BB9C6F82031D6F82031012368
:107B9000F3604FF47A75D6F8583123B90120E3F732
:107BA000CDFF013DF7D1B9F1000F03D14FF4807340
:107BB000C6F80433D8F80C000121F3F73DFF002389
:107BC000C4F8003596E76FF0850094E70129F7B512
:107BD000044633D143680669186B0021F3F72CFF84
:107BE00000273D46336805F5AC7253F82230002B70
:107BF0000EDB01A80193E0F769FE019AD0F8043585
:107C0000D34013F001031CBF0123AB403B43DFB261
:107C10000135042DE6D1002301206268116A00FAC3
:107C200003F23A420CBF01220022D20321F81320B2
:107C30000133042BF1D1002003B0F0BD91B90469E8
:107C400045682046F6F770FF2046F2F765F90028F0
:107C5000FAD00023A361A383A377286B0121F3F754
:107C6000EBFEE8E76FF08500E6E710B50321044678
:107C70001C20EFF743F82046BDE81040F4F7D2B8D7
:107C800010B5032104462120EFF738F82046BDE85F
:107C90001040F4F7C7B8431C01D0FEF705BC70478D
:107CA0002DE9F341002304460D460193904601ABB4
:107CB0004FF4A672FFF7A9FD01AB4FF4827229467B
:107CC0002046FFF7A2FD01AB07464FF48C72294610
:107CD0002046FFF79AFD064630B1B8F1000F1DD0DF
:107CE00017B1D4F83C353E4601AB4FF488722946B3
:107CF0002046FFF78AFD30B1B8F1000F03D016B966
:107D00000FB1D4F83C3501AB4FF4907229462046B0
:107D1000FFF77BFD019802B0BDE8F0814646E3E73E
:107D2000D0E9003213605A600023C0E90033704785
:107D300003460020C3E90200C3E90033704710B5D1
:107D40000B6813B91360184605E003685C681CB142
:107D500014600368186810BD083303600B68013BAA
:107D60000B60EDE7F7B51446002382682360A3603B
:107D700053690D4601AA69469847019B5A1E019214
:107D80001BB96FF0150003B0F0BD009AA1685668EA
:107D9000206866607DB94B421768BB4228BF3B46EE
:107DA000194403FB06002060A16011688B4206D3D2
:107DB00008320092E1E72B1AB3FBF6F3ECE7002060
:107DC000E1E7002383F31188BFF36F8F0423184684
:107DD00002DF704770B54B7F04460D467BB101232F
:107DE00043616426002202212046FFF759FF20B993
:107DF0000120E3F7A3FE013EF4D100236B77AB7FB4
:107E00005B0718D5F0F7D2F9B0B14FF0FF3200237D
:107E1000D4F80805D4F80C15C4F80035C4F80825C2
:107E2000C4F80C250922C4F80025C4F80035C4F8AC
:107E30000805C4F80C1570BDC4F80005FBE7F7B5DC
:107E40000D4617461AB30E46A2238DF804308DF85E
:107E5000050016F8013B8DF80630032201A97C20AD
:107E6000F5F722FF04460420E3F768FE3D44AE42E6
:107E700002D1204603B0F0BD16F8012B7E21002070
:107E8000DDF780F904430420E3F758FEEFE74FF0F5
:107E9000FF34EEE707B501228DF807100DF1070159
:107EA000FFF7CDFF03B05DF804FB73B50C46164633
:107EB000EAB1A2238DF80500022201A97C208DF8E9
:107EC0000430F5F7F1FE05460420E3F737FE2644BB
:107ED00022467E210020DDF73FF9013405430420CE
:107EE000E3F72CFEB442F3D1284602B070BD4FF048
:107EF000FF35F9E70122FFF7D8BF73B51646421CDC
:107F000004460D460CD0012902D15BB1FFF7C7F83A
:107F1000032300932A46334629462046F5F764FF9B
:107F200002B070BDFFF7C8F8F2E701211838F9F781
:107F30000FBD38B504460D46F9F74CFD637B43F0A1
:107F400002036373E5B1A5602B689D4209D16B689C
:107F5000C4E900531C606C6012E06A689A42F6D073
:107F60001B68002BF3D094F90E2093F90E108A426F
:107F7000F3D09142F1DD5A68C4E9003214605C60CC
:107F800038BDF9F7BFBD7047002070474FF0FF3094
:107F9000704708461146FAF789BE08461146FAF7B7
:107FA00099BE4FF0FF307047002070470228CCBFC9
:107FB0000020012070474FF400534B6000207047B1
:107FC000F5F72EB810EE103A23F0004300EE103A09
:107FD0007047B1EEC00A704710EE103A23F000402F
:107FE000B0F1FF4FACBF0020012070479368013B08
:107FF000002B10B4936008DA9469A34201DB0A29CC
:1080000003D15DF8044BFCF7ADBF1368581C10603A
:10801000197008465DF8044B7047F8B506460F46E0
:108020001446D518AC4201D1002007E014F8011B1A
:108030003A463046FFF7DAFF431CF3D1F8BD2DE98D
:10804000F047164698468A680B69DDF820909342FF
:10805000B8BF1346336091F8432007460C460AB177
:10806000013333602368990642BF336802333360BB
:10807000256815F0060506D104F1190AE36832688F
:108080009B1AAB4226DC94F843302268003B18BFB1
:10809000012392062BD404F1430241463846C847D7
:1080A00001301ED02368226903F00603042B02BFAF
:1080B000E5683368ED1AA3680CBF25EAE57500256D
:1080C0009342C4BF9B1AED1800261A34B5421AD148
:1080D000002008E00123524641463846C847013097
:1080E00003D14FF0FF30BDE8F0870135C6E7E11856
:1080F0005A1C302081F84300224494F8451082F83D
:1081000043100233C7E70123224641463846C84799
:108110000130E6D00136D9E710B5024601448A4263
:10812000134603D01C780132002CF8D1181A10BD68
:1081300070B504460D4645EC104B1646FDF754FE4F
:1081400051EC100B7EB1C5F30A53C3F16B03002B46
:1081500009DD1B0503F17F55002405F54015224676
:108160002B46C4F7F7FB41EC100B70BDF0B504468D
:1081700008B9146844B1204614F8015B0F4617F89B
:10818000016B1EB965B91560002005E0B542F6D156
:10819000002BF0D114600370F0BD1C460CE015B943
:1081A00014F8013B0E4616F8015BAB42F7D1002BE9
:1081B000F3D0002304F8013C1460EDE7B1F90C2082
:1081C0002DE9F041170705460C4656D44B68002BA5
:1081D00002DC0B6C002B3DDDE66A002E3AD000235A
:1081E00012F480522F68216A2B6025D0626DA3891A
:1081F000580705D56368D21A636B0BB1236CD21A8A
:10820000216AE66A00232846B047411C24D0002397
:10821000636023692360A389DA0400D56065616B1C
:108220002F60B9B104F14403994202D02846FCF70B
:10823000D1F9002363630DE001232846B047461CB3
:108240000246D4D12B68002BD1D01D2B01D0162B88
:108250002BD12F6000202FE02A68B4F90C3042B1F6
:108260001D2A01D0162A22D10023636023692360CE
:10827000D5E7626022692260CEE70F69002FE9D05E
:1082800093070E6808BF4B690F6018BF0023A6EB69
:1082900007088B60B8F1000FDCDD216AA66A43464F
:1082A0003A462846B047002808DCB4F90C3043F0C1
:1082B0004003A3814FF0FF30BDE8F0810744A8EBF5
:1082C0000008E7E770B568234D1E5D430E4605F1D3
:1082D0007401FCF7C9F9044640B10021C0E9001659
:1082E0000C30A06005F1680200F0A8F9204670BDCE
:1082F0002DE9F8430646884600F148040027D4E9F2
:108300000195B9F1010905D52468002CF7D138464B
:10831000BDE8F883AB89012B07D9B5F90E300133DD
:1083200003D029463046C04707436835E9E703696B
:10833000B3EB611F2DE9F0434FEA611204DC002327
:1083400003610023436130E000F1140411F01F01C8
:1083500004EB830604EB82050CD100F110072946DB
:10836000B14230D39B1A9B00EA1E964238BF0023CD
:10837000234415E054F82270C1F12008CF4005F1E4
:10838000040EA1467645F44611D89A1A9200043A92
:108390000135AE4238BF0022A318A75007B10433FD
:1083A0001A1B9210A3420261CBD0BDE8F083DCF827
:1083B00000C00CFA08FC4CEA070749F8047B5EF899
:1083C000047BCF40DEE751F804CB47F804CFC7E782
:1083D000A0F13003092B02D82038C0B27047A0F1B9
:1083E0006103052B01D84738F7E7A0F14103052BBE
:1083F00001D82738F1E700207047C2F10802920047
:1084000070B5C2F120064368046803FA06F52C43F0
:10841000D340046040F8043F8842F4D370BD30B5C7
:108420000368013311F8014B14B90360012030BD1A
:1084300013F8012BA2F14105192D98BF2032A24259
:10844000F0D00020F3E72DE9F04F0B6801685E11D2
:1084500002EB860613F01F0387B018BF0436002511
:10846000371F82469046019346F8045CB9463C4665
:108470000295AB464A784B1C039342B310460591D4
:108480000492FFF7A5FF002851D1049A0599202AEC
:1084900018D8029B9B4513DD4C4506D2072D04DC02
:1084A0002A4649462046FFF7A8FF444552D90023F3
:1084B000A4F1040944F8043CCDF808B04C461D462C
:1084C0000399D7E7292A57D10231CAF80010BBF126
:1084D000000F51D04C4506D2072D04DC2A464946F0
:1084E0002046FFF78AFF444536D9A8F10402234607
:1084F00053F8041B42F8041F9F42F9D23B1B23F0A0
:10850000030304330134033EB44288BF04234344CD
:10851000002243F8042B9F42FBD23B681BB947451E
:1085200028D101233B60052007B0BDE8F08F01355D
:10853000082D0BF1010B06DD4445C1D9002344F899
:10854000043C0125043C226800F00F0040EA0210C0
:108550002060B5E70825B3E7019B002BDDD0C3F110
:1085600020034FF0FF32DA4056F8043C134046F83F
:10857000043CD2E7043FD0E70420D5E770B50C46B1
:10858000B1F90E10002996B015461E460DDAA389E2
:1085900013F0800F4FF0000114BF40234FF48063AD
:1085A000002031602B6016B070BD6A46FDF706FDF5
:1085B0000028ECDB019901F47041A1F50053594208
:1085C00059414FF48063EBE782B001B901A942B190
:1085D0004BB113780B601278101E18BF012002B047
:1085E00070471046FBE76FF00100F8E70A4491423C
:1085F00000F1FF3300D1704710B511F8014B03F8BB
:10860000014F9142F9D110BD884210B501EB02042F
:1086100002D98442234607D8431EA14208D011F84C
:10862000012B03F8012FF8E7024401468A4200D1EA
:1086300010BD13F8014D02F8014DF7E7024403465F
:10864000934200D1704703F8011BF9E7B0F5803F72
:10865000034636BF030400201020B3F1807F3CBFE7
:108660001B020830B3F1805F3CBF1B010430B3F143
:10867000804F03D3002B0ADB013070479B0001D5EC
:10868000023070475B0001D50330704720207047EF
:108690000368024613F007000BD0D90721D49807CE
:1086A00049BF5B089B08012013605CBF1360022078
:1086B000704799B209B91B0C1020D9B209B908301A
:1086C0001B0A190704BF1B090430990704BF9B0844
:1086D0000230D90703D45B0800F1010003D0136016
:1086E000704700207047202070470A6903460069E0
:1086F000801A30B50ED11433143103EB820401EB30
:10870000820154F8045D51F8042D954203D005D23E
:108710004FF0FF3030BDA342F3D3FBE70120F9E770
:108720002DE9F04F85B0CDE9001002A9FDF782FBDD
:10873000009803A955EC104BFDF77CFB019B1969D0
:10874000009B1B69C91ADDE902329B1A5BEC10AB76
:1087500003EB4113002BCEBF2A46C3EB03335A462B
:108760002F46D946CCBF02EB035702EB03594B46C9
:10877000524620463946C4F717FA41EC100B05B0B3
:10878000BDE8F08F013970B549111469013102F16A
:10879000140300EB810103EB8404051FA3420CD3F7
:1087A000A31A113B23F003031132A24288BF002316
:1087B00018440023884205D370BD53F8046B45F874
:1087C000046FEBE740F8043BF4E700F114020069A2
:1087D0004B11984210B511DB0ADD11F01F0107D0D3
:1087E00052F8234024FA01F000FA01F18C420BD137
:1087F00002EB8303934203D8002010BD0346F7E742
:1088000053F8041D0029F5D00120F6E738B502FB26
:1088100001F52946FBF728FF044618B12A46002136
:10882000FFF70CFF204638BD10B50C46B1F90E100D
:10883000FDF7F8FB0028ABBF636DA3891B1823F479
:108840008053ACBF6365A38110BD2DE9F0411F4685
:108850008B89DB0505460C46164605D5B1F90E1089
:1088600002230022FDF7CCFBA389B4F90E1023F4F8
:108870008053A38132463B462846BDE8F041FDF7D0
:108880007BBB10B50C46B1F90E10FDF7B9FB431CCC
:10889000A38915BF606523F4805343F48053A381FB
:1088A00018BFA38110BDB1F90E10FDF777BB10B54D
:1088B0006AB10139841810F8012B11F8013F9A426E
:1088C00003D1A04201D0002AF5D1D01A10BD104624
:1088D000FCE70346084641B1FF2A04D98A221A6000
:1088E0004FF0FF3070470A700120704710B5013912
:1088F0000244904201D1002005E0037811F8014FB5
:10890000A34201D0181B10BD0130F2E710B50139A8
:10891000034632B111F8014F03F8014B013A002C24
:10892000F7D11A440021934200D110BD03F8011B76
:10893000F9E70000EC4AFC7F01000000F54F03005E
:1089400000000000ED99020000000000B14F03009C
:108950000000000000000000648A040039EA0300FF
:108960000000000000000000A48A040000000000D5
:10897000848A0400D370040000000000AF76040075
:108980000000000000000000C48A04000000000095
:10899000E48A0400458103000000000015900300F4
:1089A0000000000055500300000000006D2C040082
:1089B0000000000000000000048B04000000000024
:1089C000248B040000000000648B04000000000001
:1089D000448B040000000000E48B04000000000051
:1089E000C48B040000000000048C040000000000A0
:1089F000848B040000000000A48B04000000000031
:108A0000248C040000000000448C0400AF620400C9
:108A10000000000015530300000000009D8F0100BE
:108A20000000000069F1010000000000DD76020096
:108A3000000000007579020000000000C5B70200C8
:108A400000000000B1B702000000000075B702008E
:108A50000000000055D1020000000000D9B702005C
:108A6000000000008EDB0400F0930400D08E0400B0
:108A700004080020344C0020118C0300000000008A
:108A800000000000F42C05006C9804006C8E0400BB
:108A90000A080020046F00205D950300000000001C
:108AA0006C010020022D0500A49804006C8E0400C7
:108AB0000C080020106F00205D95030000000000EE
:108AC0000C0200203018050044970400088F0400B1
:108AD0000808002050010020E1BC03000000000055
:108AE000400100205652050000000000C08E040026
:108AF00016080020FC030020E9920300000000009B
:108B0000000000005B89050058A00400988E040056
:108B100018080020F4720020997204000000000080
:108B2000000000006E89050060A00400988E04001B
:108B30001A08002008730020997204000000000049
:108B4000000000007E94050068A10400A88E0400C7
:108B50001E080020A0730020AD7204000000000079
:108B6000000000007E94050070A10400A88E04009F
:108B700020080020B4730020AD7204000000000043
:108B800000000000ABDB040000000000548E040075
:108B90000608002000000000317D030000000000F6
:108BA00000000000102D0500B8980400B88E0400E5
:108BB0000E0800202C02002085BB030000000000EE
:108BC0001C02002060420500F49D0400908E040009
:108BD0001008002008030020817C04000000000031
:108BE000F80200209242050000000000488E0400B8
:108BF00014080020000000005DA403000000000035
:108C0000580300209F420500489E0400908E0400F7
:108C100012080020380300206B7C040000000000D4
:108C2000280300209D94050078A10400EC8E040028
:108C300022080020C87300200B7704000000000009
:108C4000000000008189050068A004000000000009
:108C50001C0800201C730020716603000000000047
:108C600000000000FFFFFFFF9037002000F8002009
:108C700000040000E5D40200000000000000000035
:108C80000000000006000000000000004552050042
:108C90000000000000000000F024002000CB0020B5
:108CA0000010000009F300000000000000000000B8
:108CB000000000000800000002000000DF170500AF
:108CC00000000000000000001011002080BD002006
:108CD000000800002DB601000000000000000000A8
:108CE000000000000400000002000000D7DB0400C8
:108CF0000000000000000000E025002080DB0020D4
:108D00000008000079FA01000000000000000000E7
:108D10000000000006000000000000001018050020
:108D20000000000000000000D833002080F4002084
:108D300080000000516304000000000000000000FB
:108D40000000000006000000000000003C4205009A
:108D500000400000000000002010002000B90020AA
:108D60000004000089CD01000000000000000000A8
:108D700000000000050000000000000074DB04009B
:108D80000000000000000000D034002080F500202A
:108D900000020000AD85020000000000000000009D
:108DA0000000000006000000000000005242050024
:108DB0000000000000000000E832002000F0002069
:108DC000000400007190020000000000000000009C
:108DD0000000000009000000000000002C42050017
:108DE0000000000000000000582A002000E40020DD
:108DF00080010000C96E02000100000000000000B8
:108E0000000000000700000000000000DE2C05004C
:108E10000000000000000000F831002080EE00207B
:108E20000001000055880200000000000000000062
:108E30000000000006000000000000000D420500D8
:108E40000000000000000000416703002DA00300A7
:108E5000580200000176040041A5030079A6030032
:108E6000297D03001D720400197D0300259B03006A
:108E70002F7204003D7204005572040061720400F8
:108E80006D720400A59D0300BD8C0300000000006E
:108E900045B803008D720400A77204008F770400A8
:108EA000C17704006D770400BB720400BD77040035
:108EB000EF7704008B7704000DC30300217A0400D0
:108EC00049910300F9740400E591030099920300AD
:108ED00011810300FD780400E1710400000000002E
:108EE000358A030000000000000000006DAB0300A5
:108EF0000000000000000000F57C030000000000FE
:108F00009579040000000000A9730400D1AA0300B1
:108F10004D7304002B760400CF730400F773040034
:108F20002D740400417404006F7404008374040001
:108F3000417404005F74040097740400A574040075
:108F4000B3740400E9740400ED7404000000000030
:108F500000000000802D0500040000008A4205008A
:108F600002000000FEDB040004000000D41B05002A
:108F700004000000882D05000400000017520500C1
:108F80000400000020520500040000000E520500FD
:108F9000040000008F2D050004000000972D05003F
:108FA00004000000B72D050004000000BF2D0500DF
:108FB000040000000652050004000000CADC0400A2
:108FC00004000000DADC0400040000003E7C050020
:108FD00004000000FB2D050004000000582D0500D2
:108FE00003000000612D05000300000031A2050010
:108FF000030000004C890500020000007A420500D1
:1090000003000000D9A205000300000008180500B5
:10901000030000000018050003000000B61705005B
:1090200003000000F517050003000000D617050037
:10903000030000003E2D050003000000C5170500D9
:109040000300000033E4040003000000C4A2050094
:109050000300000061A2050003000000A6940500C3
:10906000030000006D42050003000000ECDB04007B
:1090700003000000EAA1050003000000685205009B
:1090800003000000C5DB040003000000AEA20500E1
:1090900003000000CFDB0400030000009DDB0400A0
:1090A000030000009B89050003000000184C050028
:1090B000030000003EA20500030000009394050099
:1090C0000300000029180500020000006FA205003F
:1090D000030000003223050003000000D5A20500B4
:1090E0000300000015A20500030000001EA20500F9
:1090F000030000005C8605000300000055A2050087
:1091000003000000B7A205000300000097890500D6
:1091100003000000A78905000300000027A2050046
:1091200003000000D2360500030000001E420500C7
:10913000030000008A9405000300000073A20500EC
:10914000030000008DA20500030000008D890500CA
:109150000300000022180500030000002D2D05006B
:1091600003000000FEA1050003000000F2A10500BD
:10917000030000001D2D050004000000EAA2050008
:109180000400000048A205000300000051A20500F1
:109190000300000060940500030000008F780500C4
:1091A000030000000AA20500030000001488050067
:1091B0000300000029520500030000006FDB0400DB
:1091C000030000003B520500030000006E94050000
:1091D000030000003252050003000000A5A20500B4
:1091E00003000000C4A904000C0500204133050061
:1091F00001000000FFFFFFFFFFFFFFFFFFFFFFFF7A
:109200000000803F0000000000000000000000009F
:109210000000803F0000000000000000000000008F
:109220000000803F000000000000807F0000807F81
:10923000000000000100000000000000010200002A
:10924000580203000020000000000000D8ECF0F4F9
:10925000F8FC0002030405060708000000000000F7
:1092600000000000000000000000000000000101FC
:1092700001010202020203030303040404040505BE
:1092800005050606060809000000000000000000B1
:1092900000000000000000000000000101010102C8
:1092A0000202020303030304040404050505050682
:1092B000060708090A0B0C0D00100200FA00000056
:1092C000000000000000000000000000000000009E
:1092D0000338FDD870470000BC89D897B2D29C3CB7
:1092E00033A7A8D523F649393DA7F444FD0FA5328D
:1092F0009D978CCF08BA5B25436FAC642806681134
:109300000080E03779C34143176E05B5B5B8934681
:10931000F5F93FE9034F384D321D30F94877825A4D
:109320003CBF737FDD4F1575000000000000F03F6B
:109330000000000000002440000000000000594030
:109340000000000000408F40000000000088C34083
:1093500000000000006AF8400000000080842E41F8
:1093600000000000D01263410000000084D7974144
:109370000000000065CDCD41000000205FA002424A
:10938000000000E876483742000000A2941A6D42BF
:10939000000040E59C30A2420000901EC4BCD642B2
:1093A00000003426F56B0C430080E03779C341435D
:1093B00000A0D8855734764300C84E676DC1AB43D3
:1093C000003D9160E458E143408CB5781DAF1544F1
:1093D00050EFE2D6E41A4B4492D54D06CFF08044CC
:1093E000F64AE1C7022DB544B49DD9794378EA44E1
:1093F000658A03002DAA030082DB040071A9030023
:1094000001AA030088DB0400F7DB0400FEDB040094
:1094100005DC04000CDC04001EDC040027DC040076
:1094200030DC04003ADC040052DC04005EDC0400A2
:1094300068DC040074DC040089DC040091DC0400B6
:10944000B7DC0400CADC0400D2DC0400DADC04006F
:10945000E2DC04000100000091AF0400599001001B
:1094600002000000B4AF04008D9001000300000072
:10947000D8AF0400C59001000400000000C3040040
:109480006D9F010005000000FFAF0400FD9001008A
:10949000060000001EB00400359101001800000015
:1094A00042B004006D9101001900000064B0040096
:1094B000A99101001A00000085B00400E1910100AB
:1094C00025000000A7B0040019920100260000004A
:1094D000CDB00400519201000700000070AF0400FD
:1094E000219001000800000022B0040069A40100DE
:1094F00009000000FFDC0400F992010021000000D7
:1095000003DD04002D9301000A0000000BDD0400C0
:1095100025A201000B00000017DD040035A30100A7
:109520000C00000012CE040091B001000D000000FC
:1095300077CE04001DB101002400000025DD0400E9
:109540003DD601000E000000A3B1040061930100AC
:109550000F000000C7B10400A1930100100000003B
:10956000EBB10400D9930100120000000FB2040017
:109570000D9401001300000034B204004194010076
:10958000140000005BB20400799401001100000097
:1095900018BE0400619701001500000083B20400AA
:1095A000B19401001600000055BE0400A59701000B
:1095B000170000007CBE0400DD9701001B000000C6
:1095C000F4B00400899201001C00000016B10400F0
:1095D000C19201001D0000006ECA0400C1A4010078
:1095E0001E00000090CA0400F9A401001F00000042
:1095F00021AF0400B18F01002000000048AF04003B
:10960000E98F01002200000017CF0400B5B501006A
:109610002300000041CF0400F1B50100300000003C
:10962000F7CC040089AE0100310000006BC20400D9
:109630007D9E0100320000002FDD0400C5A0010066
:10964000330000003CDD0400FDA001004BDD040000
:109650004FDD040054DD040058DD04005DDD04002E
:1096600061DD040066DD04006ADD04006FDD0400D6
:1096700074DD04007ADD04007FDD0400542505005C
:109680000F28050085DD040031ED040087DD0400AE
:1096900089DD0400542505008BDD04008FDD040006
:1096A00094DD040099DD0400A3DD0400A9DD0400BD
:1096B000AEDD0400B4DD0400BBDD0400C0DD040049
:1096C000C5DD0400C9DD04009EDD0400CEDD04001C
:1096D000D8DD0400DEDD0400E3DD0400E9DD040084
:1096E000F0DD0400F5DD04000D010000E589010056
:1096F0000E000000C58A01000D010000858C0100EC
:1097000002010000358A01000E00000051B1010085
:1097100008010000E98E0100098000000A800001B4
:10972000090000000A000001209704000200000068
:109730001897040002010000002000402897040050
:1097400002000000002000400100000000000000B6
:10975000389704000000D601000000002AB2002063
:1097600029B200203E180500F9940100AC4805001C
:10977000C1D60000221805008D990100431805008C
:1097800069AF01004A1805004D970100DB4705004D
:1097900065600400DB41050035EA0100C52C0500C9
:1097A0008561040032020500A1620400DA17050099
:1097B0004DD701008F020500ED0B02005318050084
:1097C000A7620400C1170500191D020020CA040089
:1097D0000DD901005A18050017620400E1C9040000
:1097E0001B62040064180500D5F101005F18050034
:1097F00075F201006C18050009DA01005DA2050090
:1098000079DA0100992C0500A5DA01002C18050071
:10981000F5E601009EDD04000DF10100721805005F
:10982000EDF201007818050041D701001ECA0400BE
:10983000951F02006FDB0400BDDA0100D9FC0400B3
:1098400029DB01007E180500831805009A18050021
:10985000AB1805002F800006028000051D80000463
:109860002F000006020000051D000004FFFF00009D
:10987000000300507C0100200000000001000000F7
:1098800060980400030000005498040003010000E5
:10989000A48A04001F00010000F002408098040028
:1098A00002000000FFFFFFFF000000507C010020CD
:1098B000000000000000000000366E010000000003
:1098C0000000000000000000FFFFFFFF0000FF009D
:1098D0000000000000000000FFFFFFFF0200000189
:1098E00001000000E1750400FFFF000098980400EB
:1098F00000000000FFFFFFFF00000000AD69040052
:10990000990E0300DD0E0300D94503003546030020
:10991000FD4C030025F702000607000083690400E0
:10992000A50B0300E90B030079440300D5440300B1
:10993000114B0300B9F60200060900000D0B0300ED
:10994000D50803000D090300094303005D4303002C
:10995000B968040085F6020007070000FD4903000E
:10996000A54A0300A526030057680400B5FC0200C1
:109970008968040051F6020007070000550803003B
:10998000CD06030001070300B941030005420300AF
:10999000ED71020011F6020007070000A5060300A2
:1099A0001D0503005105030069400300B540030095
:1099B000ED710200D1F5020007070000B93B03007A
:1099C000FD38030075390300E1040300353F03004F
:1099D000491F0300A5F50200030F00002125030025
:1099E000FD0203003103030015370300C9370300EC
:1099F000ED7102004DF1020006080000D5020300DF
:109A000089010300BD01030091350300DD3503002A
:109A1000D916030005F102000C0C0000E91F030039
:109A200039200300B55F0300996303000D61030053
:109A3000ED710200954E030006060000A912030016
:109A40001D11030065110300354703008147030022
:109A5000ED71020091F702000606000011180300E4
:109A6000DD240300F1EF0200611403001929030053
:109A7000412A03000D1D03001D1E03005968040048
:109A8000E51303007D2C0300A12B0300110103004B
:109A900015170300DD2403000DEF020015FD020081
:109AA000991B0300412A03000D1D03001D1E030026
:109AB00059680400E513030031240300E92703007B
:109AC000990003009DA50200DD240300299B0200EC
:109AD00051A102009120030075EE02000D1D03004C
:109AE0001D1E030059680400611303009123030045
:109AF000176304001101030031DE020031E40200AB
:109B0000199B020061BB0200C5AD020029B502002D
:109B100001AF020081AF020001B00200096604003B
:109B200031B40200A1E902006166040009DB020011
:109B300015A10200099B020049BE020069AB0200A8
:109B40007DB2020085AC020005AD020085AD0200C9
:109B5000D765040051DD0200176304001D63040093
:109B6000F5D70200D9A00200F99A020085C00200D0
:109B70000DA9020049B1020029AA0200A9AA020007
:109B800029AB0200A565040029DA0200176304006E
:109B90001D63040021ED02008D9E0200299A02003F
:109BA000C59E020051A6020049B0020051A7020062
:109BB000E9A7020099A80200B1B3020079EA020005
:109BC000176304001D63040006000000000000008D
:109BD0000100000002000000090000000A0000006F
:109BE0000300000004000000050000000800000061
:109BF00007000000070000000B0000000C00000040
:109C00000D0000000E0000000F000000100000001A
:109C10001100000012000000050000000600000016
:109C20000A00000004000000060000000A00000016
:109C30000400000001000000060000000A0000000F
:109C400004000000070000000800000009000000F8
:109C50000B0000000C000000030000000E000000DC
:109C6000000000000E0000000D0000000F000000CA
:109C7000110000001200000010000000130000009E
:109C800003000000020000002363040029630400B5
:109C90002B6304003163040033630400ED710200A0
:109CA00037630400FFFF0000889C04003C9A040016
:109CB0001C9A0400889C0400889C0400889C040072
:109CC000FC990400DC990400BC9904009C990400F0
:109CD0007C990400889C0400889C04005C99040022
:109CE0003C990400889C0400889C04001C99040092
:109CF000889C0400FC980400F3620400AD62040038
:109D0000F9620400FB6204000163040005630400BF
:109D10000B6304000D630400E17102000F63040093
:109D200013630400176304001D630400F89C04001F
:109D3000949B0400F89C0400F89C0400F89C040028
:109D4000F89C0400F89C0400609B04002C9B040019
:109D5000F89A0400F89A0400F89C0400C49A0400DD
:109D6000C49A0400909A0400909A0400F89C04009D
:109D70005C9A04005C9A04004F2D0500582D0500E4
:109D8000612D0500692D0500712D0500782D050058
:109D9000802D0500D41B0500882D05008F2D0500A2
:109DA000972D05009F2D0500A72D0500AF2D05005F
:109DB000BF2D0500C72D0500D22D0500DC2D0500A7
:109DC000F12D0500FB2D0500FF810000FF010000C3
:109DD000CC9D040001000000C89D040001010000AA
:109DE00000100240D09D0400020000000880001610
:109DF0000820001600000000000000000000000025
:109E0000000000000000000000040000E803020160
:109E1000010100009E770020040000000000000007
:109E200000000000E09D04000024F400F09D040008
:109E300001000000EC9D04000101000000C0014091
:109E40002C9E040002000000000000000000000042
:109E500000000000000000000000000000040000FE
:109E6000E803020101010000A677002004000000C1
:109E700000000000000000003C9E04000024F400EC
:109E8000A48A040014000600A48A04001A0000003A
:109E9000848A040009000000102700001027000039
:109EA000102700001027000010270000A48A0400DB
:109EB00008000200F4010000E8030000A40600000E
:109EC000C4090000A00F000018150000A81600002B
:109ED00038180000C8190000F41A0000841C0000A3
:109EE000B01D0000DC1E000008200000342100002E
:109EF000FC21000028230000F023000010270000B0
:109F00001027000010270000102700001027000075
:109F100030750000983A000060EA00001027000049
:109F2000848A04000D0000008DE40200CDE60200EA
:109F30000F0000000000C845000048450000C8446C
:109F4000000048440000C843000048430000C842E5
:109F5000000048420000C841000048410000FA46A5
:109F600000007A460000FA4500007A450000FA44F5
:109F700000007A440000FA43000048430000C84251
:109F8000000048420000C841000048410000484528
:109F90000000C844000048440000C8430000484393
:109FA0000000C842000048420000C8410000C84408
:109FB000000048440000C843000048430000C84275
:109FC000000048420000C841000048410000C8406D
:109FD000000048400000C83F0000483F221805002C
:109FE00068520500ECDB0400D23605006C52050017
:109FF000322305008F78050033E40400C52C0500EA
:10A00000848A04000B000600A48A040006001100E4
:10A0100009310300A5320300080000000000F045EC
:10A02000000070450000F044000070440000F04360
:10A03000000070430000F042000070420000F04158
:10A04000000070410000F0400000F03F952D03003B
:10A050002D2F030008000000200500400100000033
:10A060001C05004001000000248B040000000000DB
:10A0700001000000000000000000000000000000DF
:10A08000000000000000000000C00000848B0400FD
:10A090000100000000C0000000100700848B0400D5
:10A0A0000200000000D0070000100700848B0400AD
:10A0B0000300000000E00E0000600000848B04003C
:10A0C0000400000000400F0000C00000848B04006A
:10A0D000000000006410B71DC8206E3BAC30D926CC
:10A0E0009041DC76F4516B6B5861B24D3C71055078
:10A0F0002083B8ED44930FF0E8A3D6D68CB361CBA0
:10A10000B0C2649BD4D2D38678E20AA01CF2BDBD53
:10A11000000000200000000000000B06AA890500D6
:10A12000B8890500CC890500DB890500E7890500B1
:10A130003D5403000000000000000000000000008B
:10A1400000000000F4890500F8890500FC8905007D
:10A15000008A050000000000048A05000C8A050042
:10A16000000000000000000000F0032000100000CC
:10A170007C7F002004000000C48B0400000000006D
:10A180003577000000000000000000000000000023
:10A19000920E493CB10AC93C2BC3163D2EFB483DEB
:10A1A000752B7B3D04A9963D80B6AF3D36BDC83DBD
:10A1B0002FBCE13D73B2FA3D87CF093E8340163E86
:10A1C000B5AB223EA2102F3ECF6E3B3EC2C5473EEE
:10A1D0000115543E135C603E7F9A6C3ECCCF783EB6
:10A1E000C07D823E938E883E229A8E3E32A0943E5F
:10A1F00086A09A3EE59AA03E128FA63ED47CAC3E45
:10A20000EF63B23E2A44B83E491DBE3E15EFC33E41
:10A2100053B9C93ECA7BCF3E4136D53E80E8DA3ECF
:10A220004F92E03E7533E63EBBCBEB3EEA5AF13E41
:10A23000CBE0F63E275DFC3EE4E7003F3D9C033F5C
:10A24000824B063F9BF5083F6B9A0B3FDA390E3F76
:10A25000CDD3103F2A68133FD9F6153FC07F183F72
:10A26000C6021B3FD17F1D3FCBF61F3F9967223FA0
:10A2700025D2243F5636273F1594293F4AEB2B3FE2
:10A28000DE3B2E3FBB85303FC9C8323FF304353F2C
:10A29000233A373F4268393F3B8F3B3FF9AE3D3F62
:10A2A00067C73F3F70D8413F01E2433F03E4453F6A
:10A2B00065DE473F12D1493FF8BB4B3F029F4D3F00
:10A2C000207A4F3F3D4D513F4918533F31DB543FBA
:10A2D000E595563F5348583F6AF2593F1A945B3F01
:10A2E000532D5D3F05BE5E3F2146603F97C5613FF0
:10A2F0005A3C633F59AA643F880F663FD86B673F5B
:10A300003CBF683FA7096A3F0C4B6B3F5E836C3FC5
:10A3100093B26D3F9ED86E3F73F56F3F0809713F52
:10A320005213723F4714733FDD0B743F0BFA743FB7
:10A33000C6DE753F07BA763FC58B773FF853783F47
:10A340009812793F9DC7793F02737A3FBE147B3FD5
:10A35000CDAC7B3F283B7C3FC9BF7C3FAC3A7D3FC7
:10A36000CCAB7D3F23137E3FB0707E3F6DC47E3FFC
:10A37000580E7F3F6D4E7F3FAB847F3F0FB17F3FD5
:10A3800097D37F3F43EC7F3F11FB7F3F0000803F2F
:10A3900011FB7F3F43EC7F3F97D37F3F0FB17F3F60
:10A3A000AB847F3F6D4E7F3F580E7F3F6DC47E3F35
:10A3B000B0707E3F23137E3FCCAB7D3FAC3A7D3FF8
:10A3C000C9BF7C3F283B7C3FCDAC7B3FBE147B3F6D
:10A3D00002737A3F9DC7793F9812793FF853783FCF
:10A3E000C58B773F07BA763FC6DE753F0BFA743FE1
:10A3F000DD0B743F4714733F5213723F0809713FDE
:10A4000073F56F3F9ED86E3F93B26D3F5E836C3F96
:10A410000C4B6B3FA7096A3F3CBF683FD86B673F57
:10A42000880F663F59AA643F5A3C633F97C5613F16
:10A430002146603F05BE5E3F532D5D3F1A945B3F52
:10A440006AF2593F5348583FE595563F31DB543F38
:10A450004918533F3D4D513F207A4F3F029F4D3F9A
:10A46000F8BB4B3F12D1493F65DE473F03E4453F10
:10A4700001E2433F70D8413F67C73F3FF9AE3D3FE0
:10A480003B8F3B3F4268393F233A373FF304353F28
:10A49000C9C8323FBB85303FDE3B2E3F4AEB2B3FE6
:10A4A0001594293F5636273F25D2243F9967223FEE
:10A4B000CBF61F3FD17F1D3FC6021B3FC07F183F19
:10A4C000D9F6153F2A68133FCDD3103FDA390E3F36
:10A4D0006B9A0B3F9BF5083F824B063F3D9C033F29
:10A4E000E4E7003F275DFC3ECBE0F63EEA5AF13E52
:10A4F000BBCBEB3E7533E63E4F92E03E80E8DA3E62
:10A500004136D53ECA7BCF3E53B9C93E15EFC33E57
:10A51000491DBE3E2A44B83EEF63B23ED47CAC3EF9
:10A52000128FA63EE59AA03E86A09A3E32A0943EA7
:10A53000229A8E3E938E883EC07D823ECCCF783E5E
:10A540007F9A6C3E135C603E0115543EC2C5473E87
:10A55000CF6E3B3EA2102F3EB5AB223E8340163E4F
:10A5600087CF093E73B2FA3D2FBCE13D36BDC83DF1
:10A5700080B6AF3D04A9963D752B7B3D2EFB483D33
:10A580002BC3163DB10AC93C920E493C00000000A5
:10A59000920E49BCB10AC9BC2BC316BD2EFB48BDE7
:10A5A000752B7BBD04A996BD80B6AFBD36BDC8BDB9
:10A5B0002FBCE1BD73B2FABD87CF09BE834016BE82
:10A5C000B5AB22BEA2102FBECF6E3BBEC2C547BEEA
:10A5D000011554BE135C60BE7F9A6CBECCCF78BEB2
:10A5E000C07D82BE938E88BE229A8EBE32A094BE5B
:10A5F00086A09ABEE59AA0BE128FA6BED47CACBE41
:10A60000EF63B2BE2A44B8BE491DBEBE15EFC3BE3D
:10A6100053B9C9BECA7BCFBE4136D5BE80E8DABECB
:10A620004F92E0BE7533E6BEBBCBEBBEEA5AF1BE3D
:10A63000CBE0F6BE275DFCBEE4E700BF3D9C03BF58
:10A64000824B06BF9BF508BF6B9A0BBFDA390EBF72
:10A65000CDD310BF2A6813BFD9F615BFC07F18BF6E
:10A66000C6021BBFD17F1DBFCBF61FBF996722BF9C
:10A6700025D224BF563627BF159429BF4AEB2BBFDE
:10A68000DE3B2EBFBB8530BFC9C832BFF30435BF28
:10A69000233A37BF426839BF3B8F3BBFF9AE3DBF5E
:10A6A00067C73FBF70D841BF01E243BF03E445BF66
:10A6B00065DE47BF12D149BFF8BB4BBF029F4DBFFC
:10A6C000207A4FBF3D4D51BF491853BF31DB54BFB6
:10A6D000E59556BF534858BF6AF259BF1A945BBFFD
:10A6E000532D5DBF05BE5EBF214660BF97C561BFEC
:10A6F0005A3C63BF59AA64BF880F66BFD86B67BF57
:10A700003CBF68BFA7096ABF0C4B6BBF5E836CBFC1
:10A7100093B26DBF9ED86EBF73F56FBF080971BF4E
:10A72000521372BF471473BFDD0B74BF0BFA74BFB3
:10A73000C6DE75BF07BA76BFC58B77BFF85378BF43
:10A74000981279BF9DC779BF02737ABFBE147BBFD1
:10A75000CDAC7BBF283B7CBFC9BF7CBFAC3A7DBFC3
:10A76000CCAB7DBF23137EBFB0707EBF6DC47EBFF8
:10A77000580E7FBF6D4E7FBFAB847FBF0FB17FBFD1
:10A7800097D37FBF43EC7FBF11FB7FBF000080BF2B
:10A7900011FB7FBF43EC7FBF97D37FBF0FB17FBF5C
:10A7A000AB847FBF6D4E7FBF580E7FBF6DC47EBF31
:10A7B000B0707EBF23137EBFCCAB7DBFAC3A7DBFF4
:10A7C000C9BF7CBF283B7CBFCDAC7BBFBE147BBF69
:10A7D00002737ABF9DC779BF981279BFF85378BFCB
:10A7E000C58B77BF07BA76BFC6DE75BF0BFA74BFDD
:10A7F000DD0B74BF471473BF521372BF080971BFDA
:10A8000073F56FBF9ED86EBF93B26DBF5E836CBF92
:10A810000C4B6BBFA7096ABF3CBF68BFD86B67BF53
:10A82000880F66BF59AA64BF5A3C63BF97C561BF12
:10A83000214660BF05BE5EBF532D5DBF1A945BBF4E
:10A840006AF259BF534858BFE59556BF31DB54BF34
:10A85000491853BF3D4D51BF207A4FBF029F4DBF96
:10A86000F8BB4BBF12D149BF65DE47BF03E445BF0C
:10A8700001E243BF70D841BF67C73FBFF9AE3DBFDC
:10A880003B8F3BBF426839BF233A37BFF30435BF24
:10A89000C9C832BFBB8530BFDE3B2EBF4AEB2BBFE2
:10A8A000159429BF563627BF25D224BF996722BFEA
:10A8B000CBF61FBFD17F1DBFC6021BBFC07F18BF15
:10A8C000D9F615BF2A6813BFCDD310BFDA390EBF32
:10A8D0006B9A0BBF9BF508BF824B06BF3D9C03BF25
:10A8E000E4E700BF275DFCBECBE0F6BEEA5AF1BE4E
:10A8F000BBCBEBBE7533E6BE4F92E0BE80E8DABE5E
:10A900004136D5BECA7BCFBE53B9C9BE15EFC3BE53
:10A91000491DBEBE2A44B8BEEF63B2BED47CACBEF5
:10A92000128FA6BEE59AA0BE86A09ABE32A094BEA3
:10A93000229A8EBE938E88BEC07D82BECCCF78BE5A
:10A940007F9A6CBE135C60BE011554BEC2C547BE83
:10A95000CF6E3BBEA2102FBEB5AB22BE834016BE4B
:10A9600087CF09BE73B2FABD2FBCE1BD36BDC8BDED
:10A9700080B6AFBD04A996BD752B7BBD2EFB48BD2F
:10A980002BC316BDB10AC9BC920E49BC00000080A1
:10A9900008000000030000000400000000FF0000A9
:10A9A000A17C0300A98B030000000000576B04008A
:10A9B000FC740020DFB3002001000000ACA90400FB
:10A9C00008750020914F030071530300556A03007E
:10A9D000E957030000000000196B040000000000AC
:10A9E000848A040009000000A48A04001400060000
:10A9F0003C890400448904009C890400A489040063
:10AA00000C8A0400648A04006937AC31682122335F
:10AA1000B40F14336821A2333863ED3EDA0F493F97
:10AA20005E987B3FDA0FC93FD1F71737D1F717B7D9
:10AA30008071313F807131BF0000003F000000BFD6
:10AA4000000FC93F000F494000CB9640000FC9409E
:10AA50000053FB4000CB164100ED2F41000F494150
:10AA60000031624100537B41003A8A4100CB96415C
:10AA7000005CA34100EDAF41007EBC41000FC94125
:10AA800000A0D5410031E24100C2EE410053FB413C
:10AA900000F20342003A0A420083104200CB164201
:10AAA00000141D42005C234200A5294200ED2F4204
:10AAB00000363642007E3C4200C74242000F494207
:10AAC000A2000000F9000000830000006E000000FA
:10AAD0004E000000440000001500000029000000A6
:10AAE000FC0000002700000057000000D10000001B
:10AAF000F500000034000000DD000000C000000090
:10AB0000DB000000620000009500000099000000DA
:10AB10003C000000430000009000000041000000E5
:10AB2000FE0000005100000063000000AB000000C8
:10AB3000DE000000BB000000C50000006100000056
:10AB4000B7000000240000006E0000003A00000082
:10AB5000420000004D000000D2000000E0000000B4
:10AB600006000000490000002E000000EA0000007E
:10AB700009000000D1000000920000001C0000004D
:10AB8000FE0000001D000000EB0000001C000000A3
:10AB9000B100000029000000A70000003E000000F6
:10ABA000E80000008200000035000000F500000011
:10ABB0002E000000BB0000004400000084000000E4
:10ABC000E90000009C00000070000000260000006A
:10ABD000B40000005F0000007E00000041000000A3
:10ABE0003900000091000000D6000000390000008C
:10ABF000830000005300000039000000F400000052
:10AC00009C000000840000005F0000008B0000003A
:10AC1000BD000000F9000000280000003B0000001B
:10AC20001F000000F800000097000000FF00000077
:10AC3000DE00000005000000980000000F0000008A
:10AC4000EF0000002F000000110000008B0000004A
:10AC50005A0000000A0000006D0000001F00000004
:10AC60006D000000360000007E000000CF000000F4
:10AC700027000000CB00000009000000B700000022
:10AC80004F000000460000003F000000660000008A
:10AC90009E0000005F000000EA0000002D000000A0
:10ACA0007500000027000000BA000000C700000087
:10ACB000EB000000E5000000F10000007B00000058
:10ACC0003D0000000700000039000000F700000010
:10ACD0008A0000005200000092000000EA0000001C
:10ACE0006B000000FB0000005F000000B1000000EE
:10ACF0001F0000008D0000005D0000000800000043
:10AD00005600000003000000300000004600000074
:10AD1000FC0000007B0000006B000000AB000000A6
:10AD2000F0000000CF000000BC0000002000000088
:10AD30009A000000F4000000360000001D00000032
:10AD4000A9000000E3000000910000006100000085
:10AD50005E000000E60000001B000000080000008C
:10AD60006500000099000000850000005F00000001
:10AD700014000000A0000000680000004000000077
:10AD80008D000000FF000000D800000080000000DF
:10AD90004D0000007300000027000000310000009B
:10ADA000060000000600000015000000560000002C
:10ADB000CA00000073000000A8000000C9000000E5
:10ADC00060000000E20000007B000000C000000006
:10ADD0008C0000006B0000000000C93F0000F0394B
:10ADE0000000DA370000A2330000842E0000502B50
:10ADF0000000C2270000D0220000C41F0000C61BB4
:10AE000000004417040000000700000009000000D3
:10AE10002805002034000000CEFBFFFFCB0300001C
:10AE2000010000000000000035000000CEFBFFFF25
:10AE3000CB03000001000000000000000000000043
:10AE40000000000000000000000000000000000002
:10AE500000000000000000000000000000000000F2
:10AE600000000000000000000000000000000000E2
:10AE700000000000000000000000000000000000D2
:10AE800000000000000000000000000000000000C2
:10AE90000000000000000000000000000F28050076
:10AEA00054250500020800200500000019000000DC
:10AEB0007D000000102714053421F604581BE2041D
:10AEC0007C15CE04A00FBA04C409A604B0047E0405
:10AED00058024C042C01E8030000A20377C295F34A
:10AEE00060D2EF7F3552500F2CB67980656E61626B
:10AEF0006C65640054444D412025732061742072B8
:10AF0000756E74696D6500457865637574696E6703
:10AF10002072656D6F746520636F6D6D616E643A4C
:10AF200020544553545F4D4F44455F4F4E00457884
:10AF300065637574696E672072656D6F74652063F3
:10AF40006F6D6D616E643A20544553545F4D4F44AC
:10AF5000455F4F464600457865637574696E6720A6
:10AF600072656D6F746520636F6D6D616E643A20FC
:10AF70005245424F4F5400457865637574696E675A
:10AF80002072656D6F746520636F6D6D616E643ADC
:10AF90002053485554444F574E00457865637574A7
:10AFA000696E672072656D6F746520636F6D6D618A
:10AFB0006E643A2043414C49425241544500457821
:10AFC00065637574696E672072656D6F7465206363
:10AFD0006F6D6D616E643A205349585F5349444523
:10AFE0005F43414C00457865637574696E672072F4
:10AFF000656D6F746520636F6D6D616E643A20538B
:10B0000043414E00457865637574696E67207265CB
:10B010006D6F746520636F6D6D616E643A204D4194
:10B02000475F434C45415200457865637574696ECE
:10B03000672072656D6F746520636F6D6D616E64FE
:10B040003A204D41475F43414C0045786563757434
:10B05000696E672072656D6F746520636F6D6D61D9
:10B060006E643A204D41475F4F4E004578656375E9
:10B0700074696E672072656D6F746520636F6D6DA6
:10B08000616E643A204D41475F4F46460045786502
:10B09000637574696E672072656D6F746520636F88
:10B0A0006D6D616E643A204D41475F4155544F5F6D
:10B0B0004F4E00457865637574696E672072656DE3
:10B0C0006F746520636F6D6D616E643A204D41470A
:10B0D0005F4155544F5F4F46460045786563757430
:10B0E000696E672072656D6F746520636F6D6D6149
:10B0F0006E643A205443414C5F4F4E00457865637F
:10B100007574696E672072656D6F746520636F6D0D
:10B110006D616E643A205443414C5F4F4646004592
:10B120007865637574696E672072656D6F746520EC
:10B13000636F6D6D616E643A204446552028656EDC
:10B1400074657220626F6F746C6F61646572290040
:10B15000457865637574696E672072656D6F746597
:10B1600020636F6D6D616E643A204446555F4F54A5
:10B17000412028656E746572204F544120626F6FC4
:10B18000746C6F61646572290045786563757469D4
:10B190006E672072656D6F746520636F6D6D616E93
:10B1A000643A2052455345545F5A524F00457865E2
:10B1B000637574696E672072656D6F746520636F67
:10B1C0006D6D616E643A2052455345545F4143436F
:10B1D00000457865637574696E672072656D6F747C
:10B1E0006520636F6D6D616E643A2052455345541E
:10B1F0005F42415400457865637574696E672072DB
:10B20000656D6F746520636F6D6D616E643A205279
:10B21000455345545F5443414C004578656375740C
:10B22000696E672072656D6F746520636F6D6D6107
:10B230006E643A205443414C5F4155544F5F4F4E2A
:10B2400000457865637574696E672072656D6F740B
:10B250006520636F6D6D616E643A205443414C5FAD
:10B260004155544F5F4F4646004578656375746994
:10B270006E672072656D6F746520636F6D6D616EB2
:10B28000643A20465553494F4E5F5245534554004A
:10B29000526573657474696E6720667573696F6E45
:10B2A0002028696E76616C69646174696E672071CB
:10B2B00075617465726E696F6E292E0A004675732A
:10B2C000696F6E20726573657420636F6D706C6555
:10B2D00074652E0A000A3D3D3D20417661696C612E
:10B2E000626C6520436F6D6D616E6473203D3D3D02
:10B2F0000A0A0044657669636520496E666F726D5F
:10B300006174696F6E3A0A002020696E666F2020B2
:10B31000202020202020202020202020202020202D
:10B3200020202020204765742064657669636520AD
:10B33000696E666F726D6174696F6E0A00202073AA
:10B34000656E736F72202020202020202020202076
:10B350002020202020202020202047657420736595
:10B360006E736F7220726174657320616E64206306
:10B37000616C6962726174696F6E20646574616981
:10B380006C0A002020757074696D652020202020D3
:10B3900020202020202020202020202020202020AD
:10B3A0004765742064657669636520757074696D9E
:10B3B000650A002020626174746572792020202063
:10B3C000202020202020202020202020202020207D
:10B3D000476574206261747465727920696E666F66
:10B3E000726D6174696F6E0A0053656E736F7220BF
:10B3F0004D616E6167656D656E743A0A0020207359
:10B4000063616E202020202020202020202020206A
:10B41000202020202020202020205265737461727B
:10B42000742073656E736F72207363616E0A0020FF
:10B430002063616C69627261746520202020202085
:10B4400020202020202020202020202043616C6903
:10B4500062726174652073656E736F72205A524F09
:10B460000A002020362D73696465202020202020CA
:10B4700020202020202020202020202020202043A9
:10B48000616C69627261746520362D736964652030
:10B49000616363656C65726F6D657465720A002027
:10B4A000206D6167202020202020202020202020C7
:10B4B00020202020202020202020202053686F776B
:10B4C000206D61676E65746F6D657465722073744D
:10B4D000617475730A0020206D6167206F6E7C6F48
:10B4E00066662020202020202020202020202020D0
:10B4F000202020456E61626C652F64697361626C07
:10B5000065206D61676E65746F6D657465720A00A4
:10B5100020206D6167206175746F206F6E7C6F668F
:10B52000662020202020456E61626C652F6469735F
:10B5300061626C65206F6E6C696E65206D61676E0F
:10B5400065746F6D657465722063616C69627261A8
:10B5500074696F6E0A0020206D616720636C6561FD
:10B560007220202020202020202020202020202089
:10B57000202020436C656172206D61676E65746F79
:10B580006D657465722063616C6962726174696F64
:10B590006E0A0020206D61672063616C20202020EE
:10B5A000202020202020202020202020202020209B
:10B5B0005374617274206D61676E65746F6D65742C
:10B5C00065722063616C6962726174696F6E0A00F2
:10B5D000202073656E73203C783E2C3C793E2C3CD9
:10B5E0007A3E202020202020202020202053657417
:10B5F000206779726F2073656E73697469766974F8
:10B600007920286465672064696666206F766572B4
:10B6100020257520726576290A00202073656E73D7
:10B62000206175746F203C787C797C7A3E205B7257
:10B6300065765D202020204175746F2D63616C69F3
:10B640006272617465206779726F2073656E7369C9
:10B65000746976697479206279207370696E6E6995
:10B660006E67202864656661756C7420257520728C
:10B670006576290A00202073656E732072657365F4
:10B680007420202020202020202020202020202066
:10B6900020205265736574206779726F2073656E20
:10B6A00073697469766974792063616C6962726127
:10B6B00074696F6E0A0020207463616C203C6F6EA9
:10B6C0007C6F66667C7374617475737C64756D7071
:10B6D0007C746573742074656D707C72656D6F76B3
:10B6E0006520696E6465787C6175746F206F6E7C0F
:10B6F0006175746F206F66663E2054656D7065726B
:10B7000061747572652063616C6962726174696FDE
:10B710006E0A00436F6E6E656374696F6E3A0A005D
:10B720002020736574203C616464726573733E20ED
:10B73000202020202020202020202020204D616E4D
:10B7400075616C6C792073657420726563656976C8
:10B7500065720A002020706169722020202020205C
:10B7600020202020202020202020202020202020D9
:10B7700020456E7465722070616972696E67206D14
:10B780006F64650A002020636C65617220202020B0
:10B7900020202020202020202020202020202020A9
:10B7A0002020436C6561722070616972696E672048
:10B7B000646174610A00202074646D61203C6F6EC6
:10B7C0007C6F66663E202020202020202020202024
:10B7D000202020456E61626C652F64697361626C24
:10B7E000652054444D41207363686564756C696ECF
:10B7F000670A002020726164696F203C6F6E7C6F65
:10B8000066663E202020202020202020202020208E
:10B8100053746F702F726573746172742045534254
:10B8200020726164696F2028646961676E6F737448
:10B83000696320412F4220666F7220494D55206E6A
:10B840006F697365290A005246204368616E6E6510
:10B850006C3A0A0020206368616E6E656C203C3192
:10B860002D3130303E20202020202020202020207C
:10B8700020536574205246206368616E6E656C20AB
:10B8800028736176656420746F204E5653290A0030
:10B89000202020204578616D706C653A20636861D6
:10B8A0006E6E656C203235202020202020205365CC
:10B8B00074205246206368616E6E656C20746F2040
:10B8C00032350A002020636C6561726368616E6EB8
:10B8D000656C2020202020202020202020202020D7
:10B8E00020436C656172205246206368616E6E650C
:10B8F0006C20287573652064656661756C74290A0F
:10B900000053797374656D3A0A002020736875746A
:10B91000646F776E202020202020202020202020EF
:10B9200020202020202020506F776572206F6666CF
:10B9300020746865206465766963650A002020725A
:10B9400065626F6F7420202020202020202020207E
:10B9500020202020202020202020536F6674207279
:10B960006573657420746865206465766963650A2B
:10B970000020206466752020202020202020202008
:10B980002020202020202020202020202020456E44
:10B990007465722044465520626F6F746C6F6164E9
:10B9A00065720A004F746865723A0A002020706957
:10B9B0006E672020202020202020202020202020F2
:10B9C000202020202020202020466C617368204CFD
:10B9D0004544202873616D652061732072656D6F29
:10B9E00074652050494E4720636F6D6D616E642908
:10B9F0000A0020206D656F77202020202020202045
:10BA00002020202020202020202020202020204D09
:10BA1000656F77210A0020206E7673202020202079
:10BA20002020202020202020202020202020202016
:10BA300020202053686F77204E565320757361671E
:10BA40006520737461746973746963730A002020DC
:10BA500068656C70202020202020202020202020BD
:10BA6000202020202020202020202053686F7720B5
:10BA7000746869732068656C70206D6573736167A5
:10BA8000650A0020206465627567205B64757261D9
:10BA900074696F6E5D20202020202020202020202F
:10BAA00053746172742073656E736F722064656283
:10BAB0007567206D6F6465206174204649464F208C
:10BAC000726174652028312D3630732C20646566D0
:10BAD00061756C74203173290A00202072616E67D1
:10BAE0006520202020202020202020202020202011
:10BAF0002020202020202053686F772073656E73EC
:10BB00006F722072616E67652073746174697374FB
:10BB100069637320286D696E2F6D61782076616C82
:10BB2000756573290A00202072616E676520726551
:10BB30007365742020202020202020202020202019
:10BB400020202052657365742073656E736F7220B8
:10BB500072616E676520737461746973746963736D
:10BB60000A00446562756720436F6D6D616E647392
:10BB70003A0A0020207265736574207A726F202063
:10BB800020202020202020202020202020202020B5
:10BB90005265736574205A524F2063616C696272FA
:10BBA0006174696F6E0A002020726573657420618C
:10BBB00063632020202020202020202020202020FF
:10BBC00020202020526573657420616363656C6575
:10BBD000726F6D657465722063616C696272617405
:10BBE000696F6E0A00202072657365742073656E3C
:10BBF00073202020202020202020202020202020F2
:10BC000020205265736574206779726F2073656EAA
:10BC100073697469766974792063616C69627261B1
:10BC200074696F6E0A0020207265736574207463F6
:10BC3000616C202020202020202020202020202077
:10BC400020202052657365742074656D7065726183
:10BC5000747572652063616C6962726174696F6E7C
:10BC60000A0020207265736574206D6167202020B2
:10BC70002020202020202020202020202020205292
:10BC800065736574206D61676E65746F6D6574654D
:10BC9000722063616C6962726174696F6E0A002060
:10BCA000207265736574206261742020202020203A
:10BCB0002020202020202020202020205265736575
:10BCC00074206261747465727920747261636B654B
:10BCD000720A002020726573657420616C6C2020EC
:10BCE0002020202020202020202020202020202054
:10BCF000436C65617220616C6C2073657474696E4D
:10BD000067730A00427574746F6E2046756E6374B3
:10BD1000696F6E73202863757272656E7420627528
:10BD2000696C64293A0A00202053686F727420708D
:10BD30007265737320283178293A20202020202032
:10BD4000202020205265626F6F742028626C6F6320
:10BD50006B656420696E2074657374206D6F646513
:10BD6000290A002020486F6C6420287E3173293A0C
:10BD700020202020202020202020202020202020C3
:10BD8000506F776572206F66663B206B656570202B
:10BD9000686F6C64696E67207E357320746F2072E3
:10BDA000657365742070616972696E670A0020208E
:10BDB000447572696E67204F54413A20202020203C
:10BDC0002020202020202020202020427574746F05
:10BDD0006E20616374696F6E732061726520626C9E
:10BDE0006F636B65640A005368757474696E6720CD
:10BDF000646F776E206465766963652E0A00457806
:10BE000065637574696E672072656D6F7465206314
:10BE10006F6D6D616E643A2050494E470050696EF7
:10BE2000672072656365697665642120466C61737D
:10BE300068696E67204C45442E0A00457865637535
:10BE400074696E672072656D6F746520636F6D6DC8
:10BE5000616E643A205443414C5F424F4F545F4FF0
:10BE60004E00457865637574696E672072656D6F05
:10BE7000746520636F6D6D616E643A205443414C6C
:10BE80005F424F4F545F4F4646006573625F737465
:10BE90006172745F7478206661696C65643A20250C
:10BEA000640025733A20436C6F636B207265717573
:10BEB000657374206661696C65643A2025640025A9
:10BEC000733A20436C6F636B20636F756C64206EF4
:10BED0006F7420626520737461727465643A202502
:10BEE000640025733A204661696C656420746F2094
:10BEF00071756575652070616972696E672062751C
:10BF000072737420737465702025753A202564005F
:10BF100025733A204661696C656420746F207374E0
:10BF20006172742070616972696E672062757273E4
:10BF30007420737465702025753A202564004E6F57
:10BF40007420736561726368696E67001B5B3338C8
:10BF50003B353B3139363B316D4E6F6E651B5B3087
:10BF60006D00616374697665003D3D3D2053656EEB
:10BF7000736F722064657461696C203D3D3D0A00F9
:10BF8000494D553A202573207C204D61673A202584
:10BF90007320282573290A000A52617465733A0ACE
:10BFA0000020204779726F204F44523A20202020F1
:10BFB000252E326620487A0A002020416363656C92
:10BFC000204F44523A202020252E326620487A0AFB
:10BFD0000020204D6167204F44523A20202020202D
:10BFE000252E326620487A0A0020204D616720669F
:10BFF0006565643A202020207E252E316620487A0F
:10C000000A0020204D6167204F44523A2020202012
:10C01000206E2F610A0020204D61672066656564EF
:10C020003A202020206D6561737572696E672E2E2F
:10C030002E0A002020467573696F6E207261746548
:10C040003A20252E326620487A0A0020204C6F6F55
:10C05000703A20202020202020207E252E316620AE
:10C060006D730A0020204C6F6F703A202020202032
:10C070002020206E2F610A000A416363656C65729F
:10C080006F6D65746572206D61747269783A0A002B
:10C09000252E356620252E356620252E3566202551
:10C0A0002E35660A000A416363656C2063616C6922
:10C0B00062726174696F6E3A0A0020204F6666737F
:10C0C00065743A205B252E35662C20252E35662C8E
:10C0D00020252E35665D0A0020205363616C653A89
:10C0E000205B252E35662C20252E35662C20252E0E
:10C0F00035665D0A004D61676E65746F6D657465C8
:10C1000072206D61747269783A0A004D616720632C
:10C11000616C3A202573207C206E6F726D5F6376B0
:10C120003D252E3366207C204F6E6C696E653A206B
:10C13000656E61626C65642C2025642073616D708E
:10C140006C65732C206469725F626961733D252E92
:10C1500032660A004D61672063616C3A20257320C6
:10C160007C204F6E6C696E653A2064697361626C05
:10C1700065640A0054444D413A20496E76616C6909
:10C180006420736C6F745F696E6465783D257520FB
:10C19000283E3D20746F74616C5F736C6F74733DE7
:10C1A0002575292C2069676E6F72696E6720636F31
:10C1B0006E666967207570646174650054444D4112
:10C1C000206175746F2D656E61626C6564206279A3
:10C1D00020726563656976657220636F6E66696754
:10C1E0000054444D4120636F6E6669673A20736C5A
:10C1F0006F743D25752F25752C20736C6F745F74DB
:10C2000069636B733D25752C206672616D653D25F4
:10C2100075207469636B732C207E257520545053F0
:10C22000202865706F63683D257529004661696C3B
:10C23000656420746F2064726F70206661696C653C
:10C2400064205458207061796C6F61643A202564D1
:10C2500000457865637574696E672072656D6F74EB
:10C260006520636F6D6D616E643A204F54415F418C
:10C27000424F5254004F54413A2041626F727465EC
:10C2800064202877617320696E207374617465205F
:10C2900025642C2025752F257520627974657320FF
:10C2A0007772697474656E29004F54413A2044696D
:10C2B0007363617264696E6720746865207061726F
:10C2C0007469616C207365636F6E64617279206953
:10C2D0006D61676520616E64207265626F6F74695D
:10C2E0006E672E2E2E00457865637574696E672023
:10C2F00072656D6F746520636F6D6D616E643A2059
:10C300004D454F5700257325732573005350490041
:10C31000455854202853504920494D55204932430F
:10C320004D29004932432028706173737468726F1D
:10C3300075676829006F666600547261636B657289
:10C340002049443A2025750A000A547261636B65DE
:10C35000722049443A204E6F6E650A00526563654B
:10C360006976657220616464726573733A20253062
:10C3700031326C6C580A00526563656976657220CB
:10C38000616464726573733A204E6F6E650A005380
:10C390006C696D6556522D547261636B65722D6EBA
:10C3A000524620312E302E312D6465762B322028D6
:10C3B000436F6D6D69742061333964353561633362
:10C3C0003236622C204275696C642025642D25303C
:10C3D00032642D2530326420253032643A253032E3
:10C3E000643A25303264290A006465760068747402
:10C3F00070733A2F2F6769746875622E636F6D2FA3
:10C400004E656B6F64614B6F68616B752F4E656B2A
:10C410006F546F72612D536C696D6556522D547255
:10C4200061636B65722D6E5246005265706F3A20E3
:10C430002573207C204272616E63683A2025730A5E
:10C44000000A426F6172643A2070726F6D696372A4
:10C450006F5F7566320A00534F433A206E7266353D
:10C46000323834300A005461726765743A20707251
:10C470006F6D6963726F5F7566322F6E72663532EB
:10C480003834302F7370690A00494D553A202573AE
:10C490000A00496E746572666163653A2025730A05
:10C4A00000416464726573733A20307825303258E5
:10C4B000253032580A000A4D61676E65746F6D65EC
:10C4C0007465723A20257320282573290A000A4FC3
:10C4D00044523A206779726F20252E3166487A20BF
:10C4E0002F20616363656C20252E3166487A202FEA
:10C4F000206D616720252E3166487A207C20667584
:10C5000073696F6E20252E3166487A0A000A4F44FF
:10C51000523A206779726F20252E3166487A202F93
:10C5200020616363656C20252E3166487A202F20B8
:10C530006D6167206E2F61207C20667573696F6E58
:10C5400020252E3166487A0A004779726F73636F2F
:10C55000706520626961733A20252E356620252E8C
:10C56000356620252E35660A00542D43616C3A202D
:10C57000666C61673D2573206170706C793D257331
:10C5800020706F696E74733D25750A004779726F6C
:10C5900073636F70652062696173207463616C20DE
:10C5A000287265616C2D74696D65293A20252E35D8
:10C5B0006620252E356620252E35662061742025BF
:10C5C0002E326620430A004779726F73636F70657D
:10C5D0002073656E7369746976697479202864655F
:10C5E00067726565732064696666206F7665722080
:10C5F000257520726576293A20252E336620252E52
:10C60000336620252E33660A004779726F73636F95
:10C6100070652073656E73697469766974792073C7
:10C6200063616C653A20252E356620252E356620FF
:10C63000252E35660A00565146000A467573696F05
:10C640006E3A2025730A004465766963652061644B
:10C6500064726573733A20253031326C6C580A006D
:10C660005246204368616E6E656C3A20257520281D
:10C67000637573746F6D290A005246204368616EBA
:10C680006E656C3A202575202864656661756C744A
:10C69000290A00426174746572793A20252E306649
:10C6A0002525202852656164202575682025756D33
:10C6B000696E2061676F290A00426174746572793E
:10C6C0003A20252E306625250A0042617474657271
:10C6D000793A2057616974696E6720666F722076B7
:10C6E000616C69642072656164696E670A005265F5
:10C6F0006D61696E696E672072756E74696D653AF9
:10C70000202575682025756D696E0A0052656D617A
:10C71000696E696E672072756E74696D653A204E38
:10C720006F7420617661696C61626C650A004675A0
:10C730006C6C7920636861726765642072756E74D1
:10C74000696D653A202575682025756D696E0A004A
:10C7500046756C6C792063686172676564207275D8
:10C760006E74696D653A204E6F7420617661696CF4
:10C7700061626C650A0054696D652073796E63208F
:10C7800074696D656F75743A20256C6C64206D73E7
:10C790002073696E6365206C6173742073796E63B6
:10C7A0002C20636C656172696E672073796E6320FB
:10C7B000737461746500454E41424C4544202873B2
:10C7C0006C6F7720706F6C6C290044495341424C68
:10C7D000454420286E6F726D616C20706F6C6C29FF
:10C7E000004F5441207375707072657373696F6E7A
:10C7F00020257300457865637574696E67207265DE
:10C800006D6F746520636F6D6D616E643A204F5477
:10C81000415F5355505052455353202872656475FB
:10C8200063696E6720706F6C6C207261746529009B
:10C83000457865637574696E672072656D6F7465A0
:10C8400020636F6D6D616E643A204F54415F554EA9
:10C8500053555050524553532028726573756D6976
:10C860006E67206E6F726D616C2072617465290055
:10C8700050616972696E6720726571756573746560
:10C880006400457865637574696E672072656D6FC5
:10C89000746520636F6D6D616E643A205345545F1B
:10C8A0004348414E4E454C20746F2025750052463A
:10C8B000206368616E6E656C2073617665642074B8
:10C8C0006F204E56533A2025750025733A20455364
:10C8D00042207265696E697469616C697A65206667
:10C8E00061696C6564206166746572206368616E5D
:10C8F0006E656C206368616E676500455342207207
:10C9000065696E697469616C697A656420776974B8
:10C9100068206368616E6E656C2025750025733A2A
:10C9200020496E76616C6964206368616E6E656C27
:10C930002076616C75653A20257520286D757374B5
:10C9400020626520302D31303029004578656375CF
:10C9500074696E672072656D6F746520636F6D6DAD
:10C96000616E643A20434C4541525F4348414E4E0C
:10C97000454C2028726573746F726520646566612A
:10C98000756C7429005246206368616E6E656C2078
:10C99000636C65617265642C2077696C6C207573BB
:10C9A000652064656661756C74206F6E206E6578B5
:10C9B0007420626F6F740025733A204553422072D1
:10C9C00065696E697469616C697A65206661696C14
:10C9D0006564206166746572206368616E6E656C63
:10C9E00020636C65617200455342207265696E690F
:10C9F0007469616C697A656420776974682064651C
:10CA00006661756C74206368616E6E656C20257557
:10CA10000050616972696E6720646174612072659B
:10CA200073657400457865637574696E6720726517
:10CA30006D6F746520636F6D6D616E643A20434C59
:10CA40004541522028636C6561722070616972698A
:10CA50006E672900457865637574696E6720726535
:10CA60006D6F746520636F6D6D616E643A20544420
:10CA70004D415F4F4E00457865637574696E672060
:10CA800072656D6F746520636F6D6D616E643A20C1
:10CA900054444D415F4F464600756E6B6E6F776E26
:10CAA00000454E4F4441544120286E6F206461740C
:10CAB0006120617661696C61626C65290045414362
:10CAC00043455320286163636573732064656E6911
:10CAD00065642900454E4F53504320284649464F30
:10CAE0002066756C6C2900454E4F4D454D202846FB
:10CAF00049464F2066756C6C290025733A20496EB3
:10CB000076616C69642064617461206C656E677421
:10CB100068202575006573625F777269746520729D
:10CB20006174653A2063616C6C733D25752F7320C9
:10CB30007175657565643D25752F73206475703D4D
:10CB400025752F732064726F703D25752F73005407
:10CB5000444D41206F76657273686F6F743A207030
:10CB60006F733D2564207461726765743D2575207F
:10CB7000736C6570743D25752028736C6F7420305C
:10CB80002D2564290054444D412073746174732031
:10CB900028313073293A20686974733D2575206700
:10CBA000726163653D2575206F76657273686F6F7E
:10CBB000743D257520746F74616C3D257500257377
:10CBC0003A206573625F77726974653A2050494E06
:10CBD00047206661696C656420746F2071756575A6
:10CBE0006520286374723D25752C206572723D2581
:10CBF000642025732C20636F6E736563757469768A
:10CC0000653D257529004553422054582046494624
:10CC10004F2066756C6C20666F7220257520636FDF
:10CC20006E736563757469766520617474656D7083
:10CC30007473202845534220627573792900257347
:10CC40003A20466F7263696E67207265636F76651E
:10CC50007279206166746572202575206572726F25
:10CC60007273005265636F766572656420766961E0
:10CC70002073757370656E642B666C757368002520
:10CC8000733A205265696E697469616C697A696E7C
:10CC900067204553420025733A206573625F7772BF
:10CCA0006974653A206661696C656420746F2071EF
:10CCB00075657565207061636B65742C2065727293
:10CCC0003D256420286C6F67676564206576657212
:10CCD00079203130206572726F7273290045786552
:10CCE000637574696E672072656D6F746520636F1C
:10CCF0006D6D616E643A204F54415F5155455259F4
:10CD00005F494E464F004F54413A204669726D7755
:10CD100061726520696E666F2072657175657374E6
:10CD200065640070726F6D6963726F5F7566322F34
:10CD30006E726635323834302F7370690025733A5D
:10CD400020253032753A253032753A253032752E2D
:10CD5000253033752C253033750A00557074696D94
:10CD60006500416363756D756C617465640045723F
:10CD7000726F723A20496E76616C696420696E70D8
:10CD800075742064656772656573206C656164699C
:10CD90006E6720746F206469766973696F6E2062B4
:10CDA00079207A65726F2E2043616C6962726174BA
:10CDB000696F6E206E6F74206170706C6965642E8F
:10CDC0000A004779726F2073656E736974697669BA
:10CDD000747920646966666572656E636520736543
:10CDE0007420746F3A20252E33662C20252E33664E
:10CDF0002C20252E33660A00457865637574696EAC
:10CE0000672072656D6F746520636F6D6D616E6410
:10CE10003A2053454E535F53455400526573657431
:10CE200074696E67206779726F2073656E736974B9
:10CE300069766974792063616C6962726174696F83
:10CE40006E2E0A004779726F2073656E736974697C
:10CE5000766974792072657365742E0A0045786569
:10CE6000637574696E672072656D6F746520636F9A
:10CE70006D6D616E643A2053454E535F5245534584
:10CE80005400574553545F544F504449522F7A65CC
:10CE9000706879722F696E636C7564652F7A65703E
:10CEA0006879722F7370696E6C6F636B2E680053B4
:10CEB0005441525445440053544F50504544005738
:10CEC0004553545F544F504449522F7A65706879E6
:10CED000722F6B65726E656C2F696E636C7564651D
:10CEE0002F6B73636865642E68004461746120630E
:10CEF0006F6C6C656374696F6E202573004578658F
:10CF0000637574696E672072656D6F746520636FF9
:10CF10006D6D616E643A20444154415F434F4C4C07
:10CF20004543545F4F4E00457865637574696E677D
:10CF30002072656D6F746520636F6D6D616E643A0C
:10CF400020444154415F434F4C4C4543545F4F464E
:10CF500046004F54412071756575653A206E6F6EBD
:10CF60002D6461746120747970653D3078253032AC
:10CF700058206C656E3D25750025733A204F54414D
:10CF800020424547494E3A207061636B65742074B6
:10CF90006F6F2073686F72742028257A7529004F8F
:10CFA000544120424547494E3A2073657373696F77
:10CFB0006E20616C72656164792061637469766565
:10CFC000202873746174653D2564292C2069676E7F
:10CFD0006F72696E670025733A204F5441204245B5
:10CFE00047494E3A20435243206D69736D61746323
:10CFF000682028676F74203078253032582C2065DF
:10D000007870656374656420307825303258290063
:10D010004F544120424547494E3A2073697A653D55
:10D0200025752C2063726333323D307825303858B3
:10D030002C207061636B6574733D25752C207072B4
:10D040006F746F3D25752C20626F6172643D25738E
:10D050002C20626173653D307825580025733A2095
:10D060004F544120424547494E3A20756E737570C2
:10D07000706F727465642070726F746F636F6C2070
:10D0800076657273696F6E2025750025733A204F9F
:10D09000544120424547494E3A20696E76616C6999
:10D0A00064204D4355626F6F7420696D6167652020
:10D0B00073697A65202575202863617061636974DE
:10D0C000792025752C20657272202564290025732E
:10D0D0003A204F544120424547494E3A20626F6101
:10D0E0007264206D69736D617463682028676F7462
:10D0F00020272573272C206578706563746564206C
:10D1000027257327290025733A204F544120424593
:10D1100047494E3A204D4355626F6F7420757064D5
:10D1200061746520696D616765206D757374207524
:10D13000736520666C6173682062617365203000DE
:10D1400025733A204F544120424547494E3A2066C4
:10D150006C61736820646576696365206E6F742006
:10D1600072656164790025733A204F54412042452D
:10D1700047494E3A206661696C656420746F20707F
:10D18000726570617265204D4355626F6F742073D4
:10D1900065636F6E6461727920736C6F74202865AB
:10D1A000727220256429004F54413A204D43556244
:10D1B0006F6F74207365636F6E6461727920736C36
:10D1C0006F7420696D616765206174203078253047
:10D1D0003558202863617061636974792025752052
:10D1E000627974657329004F54413A205375737006
:10D1F000656E64696E672073656E736F72207375F8
:10D200006273797374656D20666F72204F5441208C
:10D21000757064617465004F54413A2052656164D1
:10D220007920746F207265636569766520257520A5
:10D23000627974657320282575207061636B65744D
:10D240007329004F544120444154413A206E6F7479
:10D2500020696E20726563656976696E67207374F4
:10D26000617465202873746174653D256429002507
:10D27000733A204F544120444154413A2070616335
:10D280006B657420746F6F2073686F72742028252B
:10D290007A75290025733A204F5441204441544166
:10D2A0003A204D4355626F6F7420757064617465E8
:10D2B00020696D61676520686561646572206973C6
:10D2C000206D697373696E67004F54413A20416C59
:10D2D0006C206461746120726563656976656420A1
:10D2E0002825752062797465732C2025752070615E
:10D2F000636B657473290025733A204F544120569F
:10D3000045524946593A206E6F7420616C6C206416
:10D31000617461207265636569766564202825758E
:10D320002F257520627974657329004F54413A2086
:10D33000566572696679696E672043524333322EAF
:10D340002E2E0025733A204F54413A20466C6173CB
:10D35000682072656164206661696C65642061742F
:10D3600020307825303558202865727220256429B0
:10D370000025733A204F5441205645524946593AA8
:10D38000204352433332206D69736D6174636820AA
:10D390002863616C63756C61746564203078253036
:10D3A00038582C2065787065637465642030782562
:10D3B00030385829004F54413A20435243333220E9
:10D3C0007665726966696564204F4B202830782540
:10D3D000303858290025733A204F54412041435496
:10D3E00049564154453A206669726D7761726520ED
:10D3F0006E6F74207665726966696564004F54418A
:10D400003A2041637469766174696E67206E65774E
:10D41000206669726D776172652E2E2E0025733A33
:10D42000204F54412041435449564154453A2066C7
:10D4300061696C656420746F207570646174652027
:10D44000626F6F746C6F6164657220736574746968
:10D450006E6773202865727220256429004F54413D
:10D460003A2041637469766174696F6E20636F6DF1
:10D47000706C6574652C207265626F6F74696E677D
:10D4800020696E203530306D732E2E2E004F5441A2
:10D490003A2041626F757420746F206163746976FD
:10D4A0006174652073746167656420696D61676587
:10D4B000004F54413A20556E6B6E6F776E2070614D
:10D4C000636B65742074797065203078253032582C
:10D4D0000025733A204F54413A2054696D65642009
:10D4E0006F7574206166746572202564206D7320E9
:10D4F00077697468206E6F2064617461004F5441D5
:10D500002073757070726573732074696D656F75C3
:10D51000742C206175746F2D756E737570707265E3
:10D520007373696E67004461746120636F6C6C652E
:10D530006374696F6E206175746F2D73746F707092
:10D5400065642028636F6E6E656374696F6E206515
:10D5500072726F7220666F722036307329005745E1
:10D5600053545F544F504449522F7A657068797212
:10D570002F6C69622F7574696C732F6F6E6F66669E
:10D580002E630050616972696E6700446576696355
:10D590006520616464726573733A20253031326CA2
:10D5A0006C5800436865636B73756D3A20253032A3
:10D5B000580050616972696E672074696D656F7596
:10D5C000742061667465722025646D00496E636F16
:10D5D000727265637420636865636B73756D3A205E
:10D5E000253032580050616972656400547261637D
:10D5F0006B65722049443A20257500526563656960
:10D6000076657220616464726573733A20253031E7
:10D61000326C6C580054444D4120696E69743A2054
:10D62000736C6F743D25752F25752C206672616DA6
:10D63000653D2575207469636B7320287E25752EE2
:10D6400025303175206D73292C207E25752054508E
:10D65000532F747261636B6572004E6F2072657335
:10D66000706F6E73652066726F6D20726563656999
:10D6700076657220696E2025646D00556E6B6E6F45
:10D68000776E2072656D6F746520636F6D6D616E6E
:10D69000643A203078253032580050494E47207483
:10D6A000696D656F75742C206661696C7572657340
:10D6B0003D25750050696E67206661696C757265FD
:10D6C000207468726573686F6C642072656163684A
:10D6D000656420282564206661696C75726573290C
:10D6E0002C207374617274696E672074696D656F44
:10D6F00075742074696D65720062398AF20028FFC2
:10D7000050B800FEFF29270902B2D600554E4B4EF5
:10D710004F574E00657865637574696E6720696D53
:10D720006D6564696174656C790077696C6C2065FE
:10D7300078656375746520696E20313530306D739E
:10D740000054582053746174733A20737563636591
:10D7500073733D2575206661696C65643D25752090
:10D76000726174653D257525250050696E672066D8
:10D7700061696C65642C20746F74616C20666169EA
:10D780006C757265733A2025640025733A204572E2
:10D79000726F72207768696C652072656164696E6A
:10D7A00067207278207061636B65743A202564008D
:10D7B00049676E6F72696E672070616972696E6722
:10D7C00020726573706F6E736520736F7572636519
:10D7D000642066726F6D206C6F63616C2064657687
:10D7E000696365206164647265737300504F4E47CE
:10D7F00020435243206D69736D6174636800526504
:10D8000063656976656420504F4E4720666F7220CD
:10D81000747261636B657220494420257520286C01
:10D820006F63616C2049442025752900756E7379FA
:10D830006E63656420636F756E7465722025752054
:10D84000286578706563746564207E25752C206476
:10D850006966663D2564290052656365697665647D
:10D860002053454E535F53455420646174613A2000
:10D87000252E32662C20252E32662C20252E32664F
:10D880000052656365697665642053454E535F4178
:10D8900055544F20646174613A20617869733D2565
:10D8A000752C207265766F6C7574696F6E733D644C
:10D8B000656661756C7400526563656976656420A0
:10D8C00053454E535F4155544F20646174613A2073
:10D8D000617869733D25752C207265766F6C75745F
:10D8E000696F6E733D2575004C61726765206F66C8
:10D8F00066736574206A756D702064657465637401
:10D90000656420282564207469636B73292C207258
:10D910006573657474696E6720286F6C643D256457
:10D92000206E65773D2564290052656D6F74652012
:10D93000636F6D6D616E642025732028307825300B
:10D940003258292072656365697665642C206368A6
:10D95000616E6E656C3D25752C2077696C6C206559
:10D9600078656375746520696E2025646D73005257
:10D97000656D6F746520636F6D6D616E64202573D6
:10D980002028307825303258292072656365697601
:10D9900065642C2025730049676E6F72696E67207D
:10D9A000696E76616C6964207061796C6F61642066
:10D9B0006C656E677468202575004572726F723AE7
:10D9C00020496E76616C69642073656E7369746951
:10D9D000766974792063616C6962726174696F6ED3
:10D9E00020617869732025752E0A004572726F7266
:10D9F0003A20496E76616C6964207265766F6C7549
:10DA000074696F6E732025752E2055736520312043
:10DA1000746F2025752E0A0025733A2053656E73A6
:10DA20006F722063616C6962726174696F6E2069E4
:10DA30007320616C72656164792072756E6E696EB7
:10DA400067004572726F723A2043616C696272615D
:10DA500074696F6E2062757379206F7220706172C5
:10DA6000616D657465727320696E76616C69642E90
:10DA70000A004779726F2073656E736974697669FD
:10DA80007479206175746F2D63616C696272617461
:10DA9000696F6E2073746172746564206F6E2025E7
:10DAA0006320617869732028257520726576292E98
:10DAB0000A002020312E20486F6C64207468652095
:10DAC000747261636B6572207374696C6C20756E1F
:10DAD00074696C20746865204C454420666C6173E1
:10DAE0006865732E0A002020322E205768696C6505
:10DAF00020666C617368696E672C207370696E2094
:10DB000069742025752066756C6C207475726E734F
:10DB10002061626F757420746865202563206178C8
:10DB200069732C207468656E2073746F702E0A0000
:10DB300058595A00457865637574696E6720726537
:10DB40006D6F746520636F6D6D616E643A2053452F
:10DB50004E535F4155544F20617869733D257520C0
:10DB60007265766F6C7574696F6E733D25750074A0
:10DB7000646D61006573625F7468726561645F699A
:10DB800064006866636C6B006C66636C6B00636C4E
:10DB90006F636B403430303030303030006573624A
:10DBA0005F6F74615F666C61736800666C61736857
:10DBB0002D636F6E74726F6C6C65724034303031EF
:10DBC00065303030006573625F6576656E74006540
:10DBD00073625F6F746100636F6E6E656374696F0B
:10DBE0006E5F7468726561645F696400636F6E6E16
:10DBF000656374696F6E00424D4931363000424DA5
:10DC00004932373000424D49333233004D50552DA3
:10DC1000363030302F4D50552D36303530004D5088
:10DC2000552D36353030004D50552D3932353000B8
:10DC300049434D2D32303934380049434D2D34326B
:10DC40003638382D502F49434D2D34323638382D43
:10DC5000560049434D2D34323638362D5000494355
:10DC60004D2D34353638360049434D2D3435363850
:10DC7000382D50004C534D3644534F313649532FB5
:10DC800049534D3333304953004C534D364453338D
:10DC9000004C534D3644533354522D432F4C534D67
:10DCA0003644534C2F4C534D3644534D2F49534D0E
:10DCB000333330444C43004C534D364453522F4978
:10DCC000534D33333044484358004C534D3644533E
:10DCD0004F004C534D36445354004C534D3644532F
:10DCE00056004C534D364453563136422F49534D0E
:10DCF0003333304258004E6F6E6500457146004424
:10DD00004655004446555F4F5441005345545F43C8
:10DD100048414E4E454C00434C4541525F434841BB
:10DD20004E4E454C0053454E535F4155544F004FA6
:10DD300054415F5355505052455353004F54415F27
:10DD4000554E535550505245535300203A330020FE
:10DD50003A336300203B3300203B336300207833A9
:10DD600000207833630020583300205833630020AC
:10DD70003E3A3300203E3A336300203E3B330020DE
:10DD80003E3B3363003F002D007E004D6577004D24
:10DD9000657777004D656F77004D656F77206D650E
:10DDA0006F77004D72727270004D727266004D7224
:10DDB000656F77004D7272726F77004D72727200EC
:10DDC00050757272006D6577006D657777006D65CF
:10DDD0006F77206D656F77006D72727270006D7273
:10DDE0007266006D72656F77006D7272726F770088
:10DDF0006D72727200707572720073656E736F72FD
:10DE00005F726571756573745F63616C696272617D
:10DE100074696F6E5F73656E73006573625F7772AE
:10DE2000697465006573625F73656E645F706169D4
:10DE3000725F73746570006576656E745F68616E9D
:10DE4000646C657200636C6F636B735F7374617293
:10DE500074006573625F72656D6F74655F636D6496
:10DE60005F636C6561725F6368616E6E656C0065AF
:10DE700073625F72656D6F74655F636D645F736518
:10DE8000745F6368616E6E656C006573625F6F746A
:10DE9000615F68616E646C655F626567696E00658D
:10DEA00073625F6F74615F68616E646C655F64610B
:10DEB0007461006573625F6F74615F666C61736843
:10DEC0005F636F6D707574655F6372633332006595
:10DED00073625F6F74615F68616E646C655F7665C5
:10DEE00072696679006573625F6F74615F68616E05
:10DEF000646C655F61637469766174650065736203
:10DF00005F6F74615F636865636B5F74696D656F94
:10DF1000757400080B00060201090A0A10100000BF
:10DF20000C0F0E000D0D53656E736F722072616ED3
:10DF300067652073746174697374696373206E6FAD
:10DF40007420656E61626C656420696E20636F6E1B
:10DF500066696775726174696F6E2E0A0045727228
:10DF60006F723A204D697373696E672061726775CD
:10DF70006D656E74732E20557365202773656E73FF
:10DF8000203C783E2C3C793E2C3C7A3E272C2027A6
:10DF900073656E73206175746F203C787C797C7A30
:10DFA0003E205B7265765D272C206F72202773659B
:10DFB0006E73207265736574272E0A006175746F25
:10DFC000004572726F723A20546F6F206D616E79E6
:10DFD00020617267756D656E74732E205573653A96
:10DFE000202773656E73206175746F203C787C798F
:10DFF0007C7A3E205B7265766F6C7574696F6E73A8
:10E000005D272E0A004572726F723A205370656365
:10E0100069667920612073696E676C652061786933
:10E02000732E205573653A202773656E73206175D2
:10E03000746F203C787C797C7A3E205B7265766FC9
:10E040006C7574696F6E735D272E0A004572726F6E
:10E05000723A20496E76616C696420617869732038
:10E06000272573272E2055736520782C20792C20A6
:10E070006F72207A2E0A004572726F723A20496ED2
:10E0800076616C6964207265766F6C7574696F6E09
:10E090007320272573272E20557365203120746F38
:10E0A0002025752E0A002C004572726F723A2049A5
:10E0B0006E76616C696420666F726D61742E205596
:10E0C00073653A202773656E73203C783E2C3C794B
:10E0D0003E2C3C7A3E272C202773656E7320617599
:10E0E000746F203C787C797C7A3E205B7265765D2B
:10E0F000272C206F72202773656E732072657365FD
:10E1000074272E0A004578616D706C653A2073653E
:10E110006E732031302E352C2D322E312C31352E90
:10E12000300A00496E76616C6964206E756D6265B7
:10E1300072206F6620617267756D656E74730A0078
:10E14000253031366C6C7800496E636F727265638E
:10E150007420636865636B73756D00496E76616CDE
:10E16000696420616464726573730A005573616742
:10E17000653A20726164696F203C6F6E7C6F6666E1
:10E180003E0A004578616D706C653A207261646981
:10E190006F206F6666202D2073746F702045534288
:10E1A00020726164696F20666F7220494D55206E40
:10E1B0006F69736520412F4220746573740A0045AE
:10E1C000534220726164696F2064697361626C6597
:10E1D000643B2073656E736F72206C6F6F70206B81
:10E1E000656570732072756E6E696E67202864694C
:10E1F00061676E6F73746963206F6E6C79290A00B2
:10E200004572726F723A20455342207265696E6999
:10E210007469616C697A65206661696C65640A007D
:10E2200045534220726164696F207265696E69743A
:10E2300069616C697A65640A00496E76616C69642B
:10E2400020726164696F20617267756D656E743AE2
:10E250002025732028757365206F6E2F6F666629E1
:10E260000A004572726F723A205468697320626FB7
:10E270006F746C6F6164657220646F6573206E6F7C
:10E280007420737570706F7274206120444655203D
:10E290006D6F646520617267756D656E740A004507
:10E2A0006E746572696E672044465520626F6F74A4
:10E2B0006C6F616465722E2E2E0A0054444D41200D
:10E2C000656E61626C65640A0054444D4120646966
:10E2D0007361626C65640A0054444D413A202573B1
:10E2E0000A0054657374206D6F646520656E616209
:10E2F0006C65640A0054657374206D6F64652064F6
:10E30000697361626C65640A0054657374206D6F93
:10E3100064653A2025730A004D61672063616C20B3
:10E32000636865636B3A2025642073616D706C656A
:10E33000732C206D696E5F72616E67653D252E32AC
:10E340006620286E65656420252E3266292C207291
:10E3500061775F72616E67653D252E336620286E9A
:10E3600065656420252E336629004D616720636151
:10E370006C3A206E656564206D6F726520726F74F3
:10E380006174696F6E2C206B656570207475726E98
:10E39000696E67004D61672063616C20726561641E
:10E3A000793A2025642073616D706C65732C206D43
:10E3B000696E5F72616E67653D252E3266004D6144
:10E3C000672063616C3A206E6F74207265616479B6
:10E3D000207965742C206B65657020726F74617490
:10E3E000696E67202825642073616D706C657329E0
:10E3F00000436C656172696E672073746F72656447
:10E400002063616C6962726174696F6E206461740B
:10E410006100436C656172696E6720445F6F666678
:10E4200073657420616C6F6E672077697468205A19
:10E43000524F2063616C6962726174696F6E00494A
:10E440006E76616C6964617465642063616C696295
:10E45000726174696F6E0054686520494D55206D76
:10E4600061792062652064616D61676564206F7207
:10E470002063616C6962726174696F6E2077617389
:10E48000206E6F7420636F6D706C657465642070AE
:10E49000726F7065726C7900574553545F544F50DA
:10E4A0004449522F7A65706879722F696E636C7572
:10E4B00064652F7A65706879722F64726976657207
:10E4C000732F6770696F2E68004E565320696E690E
:10E4D00074206661696C65640A0053746F726167C9
:10E4E0006520706172746974696F6E3A20257520B9
:10E4F00062797465730A00416C6C6F636174656462
:10E50000204E56533A202575202A202575203D207F
:10E5100025752062797465730A0025733A204E567A
:10E5200053206E6F7420696E697469616C697A65D5
:10E5300064004E565320667265653A202564206259
:10E54000797465732C206D6178206974656D3A204B
:10E5500025642062797465730A0056414C49440071
:10E560004E4F5420494E495449414C495A45440064
:10E57000202864656661756C7429004144433A2023
:10E580002564206D560A000A426174746572793AF6
:10E59000204E6F6E650A000A426174746572793AA2
:10E5A00020252E32662525202852617720252E32FF
:10E5B0006625252C202564206D56290A004C6173A0
:10E5C000742075706461746564004C6173742075A7
:10E5D0007064617465643A204E657665720A000A5B
:10E5E00052656D61696E696E672072756E74696DD2
:10E5F000650046756C6C792063686172676564209C
:10E6000072756E74696D65004D696E696D756D200A
:10E6100072756E74696D65004D696E696D756D20FA
:10E6200072756E74696D653A204E6F742061766103
:10E63000696C61626C650A004D6178696D756D2069
:10E6400072756E74696D65004D6178696D756D20C8
:10E6500072756E74696D653A204E6F7420617661D3
:10E66000696C61626C650A000A4C617374206469AC
:10E6700073636861726765206379636C653A20250E
:10E680002E32662525202D3E20252E32662525207A
:10E690002852617720252E32662525202D3E202503
:10E6A0002E32662525290A004C6173742063796334
:10E6B0006C652072756E74696D65000A4C617374C7
:10E6C000206379636C653A204E6F742061766169CE
:10E6D0006C61626C650A000A43616C696272617404
:10E6E000696F6E3A20252E30662525202D20252E97
:10E6F000306625252028252E3066252520636F7657
:10E700006572616765290A000A43616C696272611A
:10E7100074696F6E3A204E6F6E650A004379636CC0
:10E720006520636F756E743A207E252E32660A006E
:10E730000A3D3D3D204261747465727920547261D6
:10E74000636B6572204465627567203D3D3D0A003C
:10E75000547261636B65722073746174653A20252D
:10E76000730A000A52657461696E6564206461749D
:10E77000613A0A0020206D61785F6261747465728D
:10E78000795F707074743A20494E56414C49442068
:10E79000282564290A0020206D61785F6261747405
:10E7A0006572795F707074743A20252E3266252563
:10E7B0000A0020206D696E5F626174746572795F12
:10E7C000707074743A20494E56414C4944202825B3
:10E7D00064290A0020206D696E5F6261747465723D
:10E7E000795F707074743A20252E326625250A00F0
:10E7F0002020626174746572795F707074745F73E5
:10E80000617665643A20494E56414C49442028259A
:10E8100064290A002020626174746572795F7070E7
:10E8200074745F73617665643A20252E32662525FF
:10E830000A002020626174746572795F72756E746B
:10E84000696D655F73756D3A20256C6C7520757305
:10E850000A002020626174746572795F72756E744B
:10E86000696D655F73617665643A20256C6C75200F
:10E8700075730A000A43757272656E74207365734E
:10E8800073696F6E3A0A0020206C6173745F756E55
:10E89000706C75676765645F707074743A20252EBC
:10E8A000326625250A00202063757272656E745FDA
:10E8B000696E74657276616C5F72756E74696D6590
:10E8C0003A20256C6C7520757320286E6565642070
:10E8D00035206D696E206163746976652074696D99
:10E8E00065206D696E290A0020206E6578745F6965
:10E8F0006E74657276616C20747269676765727395
:10E900002061743A20252E32662525202876616CF8
:10E910006964206966203C3D20252E326625252924
:10E920000A000A496E74657276616C2064617461D4
:10E930002066726F6D204E56533A0A002020496EB1
:10E9400074657276616C2025752028252E30662529
:10E95000252D252E30662525293A20257520637919
:10E96000636C65732C2061766720256C6C7520754F
:10E97000730A0020204E6F20696E74657276616C98
:10E980002064617461207265636F726465642079CC
:10E9900065740A000A43616C6962726174696F6E22
:10E9A0002063757276653A0A002020252E30662590
:10E9B00025202D3E20252E3266252525730A002090
:10E9C00020284E6F206C6561726E656420646174EE
:10E9D00061207965742C20616C6C206465666175BA
:10E9E0006C7473290A003D3D3D3D3D3D3D3D3D3D3F
:10E9F0003D3D3D3D3D3D3D3D3D3D3D3D3D3D3D3D47
:10EA00003D3D3D3D0A002573257325730A0055736E
:10EA10006167653A206368616E6E656C203C312DDC
:10EA20003130303E0A004578616D706C653A206384
:10EA300068616E6E656C203235202D205365742020
:10EA40005246206368616E6E656C20746F203235AB
:10EA50000A00496E76616C6964206368616E6E6558
:10EA60006C2E204D7573742062652061206E756D6B
:10EA7000626572206265747765656E203120616E13
:10EA800064203130302E0A0053657474696E67203B
:10EA90005246206368616E6E656C20746F20256439
:10EAA0000A005246206368616E6E656C2073617661
:10EAB000656420746F204E56533A2025750A004530
:10EAC0005342207265696E697469616C697A656424
:10EAD0002077697468206368616E6E656C202575A7
:10EAE0000A00436C656172696E6720524620636854
:10EAF000616E6E656C2073657474696E6720287230
:10EB00006573746F72652064656661756C74290A3B
:10EB1000005246206368616E6E656C20636C6561AF
:10EB20007265642C2077696C6C2075736520646550
:10EB30006661756C74206F6E206E65787420626FEC
:10EB40006F740A00455342207265696E6974696189
:10EB50006C697A656420776974682064656661759C
:10EB60006C74206368616E6E656C0A00496E766134
:10EB70006C6964206475726174696F6E2028312D30
:10EB8000363073292E205573696E6720646566617F
:10EB9000756C742031207365636F6E64732E0A0088
:10EBA0004465627567206D6F64652073746172746B
:10EBB000656420666F72202575207365636F6E64CF
:10EBC000732028616363656C204F44523A20252EE0
:10EBD0003166487A2C206F7574707574206576657F
:10EBE00072792025752073616D706C6573290043FF
:10EBF000616C6962726174696E67206D61696E2013
:10EC0000616363656C65726F6D6574657220362D26
:10EC100073696465206F666673657400526573740A
:10EC20002074686520646576696365206F6E206175
:10EC300020737461626C6520737572666163650030
:10EC40005374617274696E67204D756C74692D50D0
:10EC50006F736974696F6E2043616C69627261746D
:10EC6000696F6E20285461726765743A20256420AC
:10EC7000706F7365732900506C6561736520726FE6
:10EC8000746174652064657669636520746F2072B1
:10EC9000616E646F6D206F7269656E746174696F07
:10ECA0006E7320616E6420686F6C64207374696C8D
:10ECB0006C2E0054696D656F75743A204E6F206E2E
:10ECC000657720706F73652064657465637465642F
:10ECD00020666F72202564207365636F6E64730015
:10ECE000436170747572696E6720706F736520255B
:10ECF000642F25642E2E2E004D6F74696F6E206474
:10ED00006574656374656420647572696E672063F9
:10ED10006170747572652C207265747279696E67A2
:10ED20002E2E2E00506F736520256420736176654A
:10ED300064210043616C63756C6174696E67206364
:10ED4000616C6962726174696F6E206D6174726961
:10ED5000782E2E2E0043616C6962726174696F6E49
:10ED60002063616C63756C6174696F6E20636F6D95
:10ED7000706C6574652E0043616C696272617469C0
:10ED80006F6E2074696D656F75742061667465724D
:10ED900020256420706F73657320286D696E696D1E
:10EDA000756D3A2025642900417474656D7074692D
:10EDB0006E67207061727469616C2063616C696256
:10EDC000726174696F6E20776974682025642070A1
:10EDD0006F7365732E2E2E0025733A20496E73755E
:10EDE0006666696369656E7420706F73657320660B
:10EDF0006F722063616C6962726174696F6E2C203E
:10EE000064697363617264696E6720646174610030
:10EE1000416363656C65726F6D65746572206D61C9
:10EE2000747269783A00252E356620252E356620C5
:10EE3000252E356620252E356600526573746F7257
:10EE4000696E672070726576696F75732063616C97
:10EE50006962726174696F6E004170706C79696E7D
:10EE6000672063616C6962726174696F6E004669E4
:10EE70006E69736865642063616C6962726174694C
:10EE80006F6E0054797065202768656C7027207458
:10EE90006F2073686F7720617661696C61626C6561
:10EEA00020636F6D6D616E64732E0A00546F6F2066
:10EEB0006D616E7920706172616D65746572732029
:10EEC000286D6178202575290A00556E6B6E6F7765
:10EED0006E20636F6D6D616E640A006C6F77657292
:10EEE00000757070657200726973696E67006661A3
:10EEF0006C6C696E670043616C6962726174696E03
:10EF000067206D61696E20616363656C65726F6D0A
:10EF10006574657220616E64206779726F73636FC8
:10EF20007065207A65726F2072617465206F666605
:10EF30007365740053757370656E64696E672073D2
:10EF4000656E736F72207468726561640052756ECD
:10EF50006E696E6720424D4932373020636F6D70A5
:10EF60006F6E656E742072657472696D6D696E671F
:10EF700000457865637574696F6E2073746174758C
:10EF8000733A20307825303258004D6F74696F6EB7
:10EF900020646574656374656420647572696E6766
:10EFA00020435254004761696E3A20307825303250
:10EFB000582C203078253032582C203078253032AB
:10EFC000580025733A20436F6D6D756E69636174E7
:10EFD000696F6E206572726F7200526573756D692C
:10EFE0006E672073656E736F7220746872656164FA
:10EFF00000494D55207370656369666963206361DC
:10F000006C6962726174696F6E20776173206E6FD4
:10F010007420636F6D706C657465642070726F70BE
:10F0200065726C790046696E697368656420494D44
:10F03000552073706563696669632063616C6962FA
:10F04000726174696F6E0052656164696E672064F5
:10F05000617461004D6F74696F6E206465746563DF
:10F060007465640043616C6962726174696F6E20DB
:10F0700073616D706C696E67206661696C65642090
:10F080002874696D656F7574206F7220696E737571
:10F090006666696369656E742073616D706C657313
:10F0A000290054656D706572617475726520696EB2
:10F0B00073746162696C69747920646574656374E2
:10F0C00065640043616C6962726174696F6E206689
:10F0D00061696C65643A202564004779726F7363D7
:10F0E0006F706520626961733A20252E3566202590
:10F0F0002E356620252E356600542D43616C206127
:10F1000075746F2D63616C6962726174696F6E20D2
:10F11000656E61626C65643A20736176696E672022
:10F12000746F207463616C2064617461206F6E6C15
:10F13000792C206E6F74207570646174696E67201D
:10F140006779726F206269617300542D43616C3A74
:10F1500020457863656C6C656E7420636F766572AC
:10F1600061676520617420252E3266432028636C18
:10F170006F736573743A20252E3266432061776180
:10F18000792C2077697468696E2073616D706C6981
:10F190006E6720696E74657276616C2900542D4328
:10F1A000616C3A20436F76657261676520696E73A2
:10F1B000756666696369656E7420617420252E32F8
:10F1C000664320286D697373696E6720257320621A
:10F1D0006F756E642C20636C6F736573743A2025B1
:10F1E0002E3266432900542D43616C3A20436F76DA
:10F1F000657261676520696E7375666669636965C6
:10F200006E7420617420252E3266432028636C6F53
:10F21000736573743A20252E326643203E2074684D
:10F22000726573686F6C643A20252E32664329003C
:10F23000542D43616C3A20436F7665726167652097
:10F2400073756666696369656E7420617420252E26
:10F250003266432C20736B697070696E6720706F23
:10F26000696E74207361766500542D43616C3A2099
:10F27000536176696E672063616C6962726174695B
:10F280006F6E20706F696E74206174206176657294
:10F290006167652074656D7020252E3266432028D5
:10F2A00072616E67653A20252E3266432900542D1F
:10F2B00043616C3A20426C656E64696E67207769C1
:10F2C0007468206578697374696E6720706F696E01
:10F2D0007420286469723A2025732C20616C706850
:10F2E000613A20252E32662900542D43616C3A2064
:10F2F000426C656E64656420626961733A20252EF4
:10F30000356620252E356620252E356600542D4382
:10F31000616C3A2054656D70657261747572652018
:10F32000252E326643206973206F75747369646596
:10F330002074686520636F6E666967757265642006
:10F3400063616C6962726174696F6E2072616E676D
:10F35000652E20506F696E74206E6F742073617615
:10F3600065642E00536176696E67206779726F203D
:10F370006269617320746F204E5653202861757442
:10F380006F207463616C206E6F7420656E61626CB7
:10F390006564290025733A204779726F73636F7033
:10F3A0006520776169742074696D6564206F757478
:10F3B0000025733A20416E6F746865722063616C3A
:10F3C0006962726174696F6E2069732072756E6E06
:10F3D000696E672E2043616E6E6F7420636C656189
:10F3E0007220542D43616C20646174612E0045725B
:10F3F000726F723A20416E6F746865722063616C3F
:10F400006962726174696F6E2069732072756E6EC5
:10F41000696E672E0A00436C656172696E672061D0
:10F420006C6C206D616E75616C20542D43616C2095
:10F43000646174612E00436C656172696E6720447B
:10F440005F6F666673657420616C6F6E67207769A5
:10F45000746820542D43616C206461746100416CB8
:10F460006C2074656D70657261747572652063617E
:10F470006C6962726174696F6E206461746120618D
:10F480006E6420445F6F666673657420686176659C
:10F49000206265656E20636C65617265642E0A008A
:10F4A000656E61626C6564202864656661756C7464
:10F4B000206F6E2900596573004E6F00556E6B6E9C
:10F4C0006F776E00474F4F44202D2053756974614C
:10F4D000626C6520666F7220626F6F742063616C6E
:10F4E0006962726174696F6E20284D4C532900491E
:10F4F0004E53554646494349454E54202D204E65AE
:10F500006564206D6F72652063616C6962726174FD
:10F51000696F6E20706F696E7473004661696C6507
:10F52000642F536B6970706564004E6F7420796549
:10F530007400796573006E6F004572726F723A20C5
:10F540004D697373696E6720617267756D656E745E
:10F550002E205573653A207463616C203C6F6E7C7D
:10F560006F66667C7374617475737C636C656172BD
:10F570007C64756D707C746573742074656D707CCB
:10F5800072656D6F766520696E6465787C63686509
:10F59000636B7C6175746F206F6E7C6175746F2016
:10F5A0006F66667C626F6F74205B6F6E7C6F6666E1
:10F5B0005D3E0A00542D43616C20636F6D70656E73
:10F5C000736174696F6E20656E61626C65640A00B8
:10F5D000542D43616C20636F6D70656E7361746947
:10F5E0006F6E2064697361626C656420287573694D
:10F5F0006E6720737461746963206779726F20622B
:10F60000696173290A0054656D7065726174757261
:10F61000652043616C6962726174696F6E20537416
:10F620006174757320284D4C53293A0A0020202D0F
:10F6300020436F6D70656E736174696F6E20666CC8
:10F6400061673A2025730A0020202D2041637469E8
:10F650007665206170706C793A2025730020286EE1
:10F66000656564203E3D20256420706F696E74736B
:10F6700020666F72206375727665290A0020202D3E
:10F68000204D4C5320617661696C61626C653A2053
:10F6900025730A0020202D20506F696E747320633B
:10F6A0006F6C6C65637465643A202575202F202586
:10F6B000640A0020202D204C55542076616C69642A
:10F6C0003A2025732C2073746174653A2025732CBD
:10F6D00020656E74726965733A2025642F25640A6B
:10F6E0000020202D2043616C696272617465642082
:10F6F00074656D702072616E67653A20252E3266E2
:10F700004320746F20252E3266430A0020202D20CE
:10F7100043616C6962726174696F6E207175616CAE
:10F720006974793A2025730A000A426F6F742F5268
:10F73000756E74696D652043616C6962726174698C
:10F740006F6E205374617475733A0A0020202D2067
:10F75000445F6F66667365743A205B252E35662CB0
:10F7600020252E35662C20252E35665D206470738D
:10F770000A0020202D20426F6F742043616C2063AB
:10F780006F6D706C657465643A205965730A00206A
:10F79000202D20445F6F66667365743A204E6F7447
:10F7A00020617661696C61626C650A0020202D2001
:10F7B000426F6F742043616C20636F6D706C657471
:10F7C00065643A2025730A0020202D204C61737453
:10F7D0002063616C6962726174696F6E2074656D1B
:10F7E000703A20004E2F410A0020202D20437572D0
:10F7F00072656E742074656D703A20252E326643F2
:10F80000002028646966663A20252E3266432C2043
:10F810007468726573686F6C643A20252E31664394
:10F82000290020202D2052756E74696D652043617A
:10F830006C206C6173743A2000256C6C64207365D5
:10F84000636F6E64732061676F0A004E6F74207976
:10F85000657420706572666F726D65640A002020A1
:10F860002D2043757272656E742072657374206406
:10F8700075726174696F6E3A20256C6C64206D73CB
:10F88000202874726967676572206174202564207E
:10F890006D73290A0020202D204269617320747243
:10F8A00061636B696E67206D6F64653A20542D4308
:10F8B000616C202B20445F6F66667365740A0020BC
:10F8C000202D204269617320747261636B696E67D9
:10F8D000206D6F64653A20537461746963206779A1
:10F8E000726F42696173202B20445F6F6666736597
:10F8F000740A00542D43616C20636F6D70656E73E4
:10F900006174696F6E3A202573207C206170706C81
:10F91000793D25730A004175746F2D63616C6962CE
:10F92000726174696F6E3A2025730A004572726FB6
:10F93000723A204D697373696E6720617267756DE5
:10F94000656E742E205573653A207463616C206176
:10F9500075746F203C6F6E7C6F66663E0A00542D96
:10F9600043616C206175746F2D63616C69627261B3
:10F9700074696F6E20656E61626C65642E204465EB
:10F98000766963652077696C6C206175746F2D638F
:10F99000616C696272617465207768656E2072655A
:10F9A0007374696E672E0A004E6F74653A20536C4B
:10F9B0006565702074696D656F75742077696C6C0E
:10F9C0002062652070726576656E7465642064756A
:10F9D00072696E67206175746F2D63616C69627204
:10F9E0006174696F6E206D6F64652E0A00542D433B
:10F9F000616C206175746F2D63616C6962726174F2
:10FA0000696F6E2064697361626C65642E0A0045DB
:10FA100072726F723A20496E76616C69642061720D
:10FA200067756D656E7420272573272E20557365C5
:10FA30003A207463616C206175746F203C6F6E7C3A
:10FA40006F66663E0A0064756D70004E6F207465C7
:10FA50006D70657261747572652063616C69627244
:10FA60006174696F6E20706F696E7473206861765F
:10FA700065206265656E20636F6C6C656374656498
:10FA80002E0A0044756D70696E6720257520636FBE
:10FA90006C6C65637465642074656D706572617407
:10FAA0007572652063616C6962726174696F6E2042
:10FAB000706F696E74733A0A002D2D2D2D2D2D2D2A
:10FAC0002D2D2D2D2D2D2D2D2D2D2D2D2D2D2D2D66
:10FAD0002D2D2D2D2D2D2D2D2D2D2D2D2D2D2D2D56
:10FAE0002D2D2D2D2D2D2D2D2D2D2D0A00496E6402
:10FAF0006578207C2054656D7020284329207C2067
:10FB00004269617320582020207C20426961732063
:10FB1000592020207C2042696173205A2020207CBB
:10FB20000A0020252D3464207C20252D382E3266B5
:10FB3000207C20252D382E3566207C20252D382E42
:10FB40003566207C20252D382E35660A00456E64EA
:10FB5000206F662064756D702E20546F74616C2068
:10FB6000706F696E7473207072696E7465643A2088
:10FB700025750A0072656D6F7665004572726F7249
:10FB80003A204D697373696E6720696E6465782EDB
:10FB9000205573653A207463616C2072656D6F76D1
:10FBA00065203C696E6465783E0A004572726F722A
:10FBB0003A20496E76616C696420696E64657820CC
:10FBC000272573272E20506C656173652070726F36
:10FBD000766964652061206E756D6265722E0A001B
:10FBE00025733A20416E6F746865722063616C6999
:10FBF00062726174696F6E2069732072756E6E69CE
:10FC00006E672E2043616E6E6F742072656D6F7625
:10FC10006520542D43616C20706F696E742E004511
:10FC200072726F723A20496E64657820256420698B
:10FC300073206F7574206F662076616C6964207222
:10FC4000616E676520283020746F202564292E0A94
:10FC50000052656D6F76696E6720542D43616C208C
:10FC6000706F696E7420617420696E6465782025F8
:10FC7000642E00506F696E7420617420696E646533
:10FC8000782025642072656D6F7665642E2052653C
:10FC900063616C63756C6174696E67204D4C5320B1
:10FCA00073746174652E2E2E0A004E6F2064617489
:10FCB0006120666F756E6420617420696E6465787A
:10FCC0002025642E204E6F7468696E6720746F2043
:10FCD00072656D6F76652E0A0074657374004572E7
:10FCE000726F723A2043616E6E6F74207265616448
:10FCF0002063757272656E742074656D70657261D3
:10FD0000747572652E20506C656173652073706523
:10FD1000636966792074656D70657261747572656A
:10FD20003A207463616C2074657374203C74656D53
:10FD3000703E0A004572726F723A20496E76616CAD
:10FD400069642074656D70657261747572652027D1
:10FD50002573272E205573653A207463616C2074D7
:10FD6000657374203C74656D703E0A004578616D62
:10FD7000706C653A207463616C2074657374203212
:10FD8000352E350A004572726F723A2043616E6EED
:10FD90006F7420726561642063757272656E742081
:10FDA00074656D70657261747572652E0A004375B5
:10FDB0007272656E742074656D70657261747572AF
:10FDC000653A20252E3266430A00436C6F736573D3
:10FDD000742063616C6962726174696F6E20706F08
:10FDE000696E743A20252E32664320286469737444
:10FDF000616E63653A20252E326643290A00436FFF
:10FE00006E666967757265642073616D706C696E8A
:10FE10006720696E74657276616C3A20252E3266B1
:10FE2000430A005374617475733A204E4545445338
:10FE30002063616C6962726174696F6E2028646905
:10FE40007374616E6365203E20696E7465727661BD
:10FE50006C2C206175746F2D63616C206D6179204D
:10FE600074726967676572290A00537461747573E7
:10FE70003A2043616C6962726174696F6E207375B8
:10FE80006666696369656E74202877697468696E4F
:10FE90002073616D706C696E6720696E746572762F
:10FEA000616C290A005374617475733A204E6F2097
:10FEB00063616C6962726174696F6E206461746100
:10FEC00020617661696C61626C6520286175746F70
:10FED0002D63616C2077696C6C207472696767654B
:10FEE00072290A00426F6F742043616C696272610B
:10FEF00074696F6E205374617475733A0A00202020
:10FF0000456E61626C65643A2025730A00202043C7
:10FF10006F6D706C657465643A2025730A0020204B
:10FF2000417474656D7074733A2025750A00202041
:10FF3000445F6F66667365742076616C69643A200D
:10FF400025730A002020445F6F66667365743A204B
:10FF50005B252E35662C20252E35662C20252E354A
:10FF6000665D206470730A000A55736167653A2004
:10FF70007463616C20626F6F74203C6F6E7C6F667F
:10FF8000663E0A00426F6F742063616C6962726141
:10FF900074696F6E20656E61626C65642E205769AE
:10FFA0006C6C2063616C696272617465206F6E2095
:10FFB0006E65787420626F6F742E0A00426F6F74E2
:10FFC0002063616C6962726174696F6E2064697329
:10FFD00061626C65642E0A004572726F723A204944
:10FFE0006E76616C696420617267756D656E7420F0
:10FFF000272573272E205573653A207463616C2082
:020000040005F5
:10000000626F6F74203C6F6E7C6F66663E0A0045BF
:1000100072726F723A20496E76616C696420617207
:1000200067756D656E7420272573272E20557365BF
:100030003A203C7374617475737C636C6561727C87
:1000400064756D707C746573742074656D707C72FA
:10005000656D6F766520696E6465787C636865633D
:100060006B7C6175746F206F6E7C6175746F206F2F
:1000700066667C626F6F74206F6E7C626F6F742037
:100080006F66663E0A004572726F723A20496E765C
:10009000616C696420636861726163746572732066
:1000A000616674657220696E646578202725732700
:1000B0002E0A004D61676E65746F6D657465722000
:1000C00063616C6962726174696F6E2072657175CB
:1000D0006573746564004F6E6C696E65206D616751
:1000E0002063616C6962726174696F6E20616C7209
:1000F00065616479202573004F6E6C696E65206DB3
:1001000061672063616C6962726174696F6E20253A
:1001100073202870657273697374656429004D617A
:10012000676E65746F6D657465723A2025730A0099
:1001300048617264776172653A2025730A004361F1
:100140006C6962726174696F6E3A20257320286E43
:100150006F726D5F63763D252E3366290A00436119
:100160006C6962726174696F6E3A2025730A00458A
:100170006E61626C696E67206D61676E65746F6D2C
:10018000657465720A0044697361626C696E672008
:100190006D61676E65746F6D657465720A006F6E70
:1001A0006C696E650055736167653A206D61672003
:1001B0002573203C6F6E7C6F66663E0A004F6E6C46
:1001C000696E65206D61676E65746F6D65746572CB
:1001D0002063616C6962726174696F6E20656E6123
:1001E000626C65640A004F6E6C696E65206D6167B4
:1001F0006E65746F6D657465722063616C6962729F
:100200006174696F6E2064697361626C65640A0071
:100210004D61676E65746F6D657465722063616CA6
:100220006962726174696F6E20636C656172656486
:100230000A0063616C696272617465004D61676E8A
:1002400065746F6D657465722063616C696272615B
:1002500074696F6E20737461727465640A005573FB
:100260006167653A206D6167205B6F6E7C6F6666C3
:100270007C636C6561727C63616C7C6175746F20FA
:100280003C6F6E7C6F66663E5D0A0061636300745E
:1002900063616C0062617400616C6C00526573652F
:1002A0007474696E67204E565320616E64207265C7
:1002B0007461696E65642077696C6C20636C65613C
:1002C0007220616C6C2070616972696E672C20739A
:1002D000656E736F722063616C6962726174696FBD
:1002E0006E20646174612C20616E6420626174749C
:1002F0006572792063616C6962726174696F6E20E6
:10030000646174612E2041726520796F7520737568
:1003100072653F0A00496E76616C6964206172679C
:10032000756D656E740A00546865206D61676E6551
:10033000746F6D65746572206D61792062652064EB
:10034000616D61676564206F722063616C696272C0
:100350006174696F6E20776173206E6F7420636FB4
:100360006D706C657465642070726F7065726C7905
:10037000004F6E6C696E65206D61672063616C3A39
:1003800020636F6E766572676564202863763D250D
:100390002E33662C20256420757064617465732982
:1003A000004F6E6C696E65206D61672063616C3A09
:1003B00020736B697070696E67202863763D252E07
:1003C0003366203C20252E33662C206469725F62E0
:1003D0006961733D252E33662C2025642075706479
:1003E0006174657329004F6E6C696E65206D61677D
:1003F0002063616C3A204356206F6B206275742035
:100400006469725F626961733D252E3366203E3DEB
:1004100020302E31302C20636F6E74696E75696EDA
:1004200067004F6E6C696E65206D61672063616C5B
:100430003A206E656564206D6F726520726F74611D
:1004400074696F6E20287261775F72616E67653DB7
:10045000252E3366203C20252E33662C2025642053
:10046000726563656E742073616D706C65732900CD
:100470004F6E6C696E65206D61672063616C3A2018
:10048000656E76206368616E676520646574656378
:100490007465642028627566206E6F726D20252E4B
:1004A0003366202D3E20252E33662C207261746920
:1004B0006F20252E3266292C20726573657474694D
:1004C0006E672062756666657273004F6E6C696E4A
:1004D00065206D61672063616C3A20636F76657299
:1004E000616765207261775F72616E67653D252E79
:1004F00033662C206469725F626961733D252E3317
:10050000662C206E3D2564004F6E6C696E65206D13
:1005100061672063616C3A20636865636B20666184
:10052000696C65642028256420726563656E74209B
:1005300073616D706C65732C206469725F626961B0
:10054000733D252E336629004F6E6C696E65206DF4
:1005500061672063616C3A2064697361626C6564F1
:10056000206265666F7265206170706C792C2073F3
:100570006B697070696E6720757064617465004F97
:100580006E6C696E65206D61672063616C3A2062F4
:100590006C656E642076616C69646174696F6E204D
:1005A0006661696C65642C20736B697070696E6735
:1005B00020757064617465004F6E6C696E65206DA6
:1005C00061672063616C3A206C6F772073696D3DC1
:1005D000252E336620616363657074656420286529
:1005E00061726C7920626F6F747374726170202312
:1005F000256429004F6E6C696E65206D616720630C
:10060000616C3A2072656A656374696E6720636124
:100610006E646964617465202873696D3D252E33AD
:1006200066203C20302E38352C2063757272656E42
:10063000742063763D252E336620697320676F6FC3
:100640006420E2809420706F737369626C65206D22
:1006500069786564206461746129004F6E6C696E0D
:1006600065206D61672063616C3A2072656A65631D
:1006700074696E672063616E6469646174652028C3
:1006800073696D3D252E3366203C20302E38352C85
:100690002063757272656E742063763D252E336615
:1006A00020E2809420696E636F6D706C6574652FB5
:1006B0006469727479206275666665723F29004FBD
:1006C0006E6C696E65206D61672063616C3A2062B3
:1006D0006C656E64656420282325642C20256420C5
:1006E00073616D706C65732C206469725F626961FF
:1006F000733D252E33662C206375725F63763D252E
:100700002E33662C2073696D3D252E336629004FEC
:100710006E6C696E65206D61672063616C3A20665E
:10072000697273742063616C6962726174696F6E5F
:100730002028256420726563656E742073616D7076
:100740006C65732C206469725F626961733D252E4C
:10075000336629004F6E6C696E65206D616720639A
:10076000616C3A206469736361726465642C206310
:10077000616C6962726174696F6E20776173206366
:100780006C656172656420647572696E6720746857
:100790006520666974004F6E6C696E65206D6167D7
:1007A0002063616C206170706C6965643A004F6E03
:1007B0006C696E65206D61672063616C696272614E
:1007C00074696F6E3A202573004F6E6C696E6520F8
:1007D0006D61672072756E74696D652072657374E2
:1007E0006F72656420282564207570646174657378
:1007F0002C202575206E6F726D2073616D706C6595
:10080000732900542D43616C20636F6D70656E73A6
:100810006174696F6E3A202573207C206170706C62
:10082000793D25732028706F696E74733D25752C92
:10083000206E6565643E3D2564290053656E736FC7
:1008400072206E6F7420696E697469616C697A6573
:10085000643B20736B697070696E6720737461729A
:100860007475702063616C6962726174696F6E2067
:1008700076616C69646174696F6E0025733A205407
:100880002D43616C3A20496E76616C696420706F0B
:10089000696E7420636F756E7420257520286D61F4
:1008A00078202564292C20726573657474696E67DD
:1008B00000542D43616C3A205374617274696E6701
:1008C00020696E6372656D656E74616C204C555461
:1008D000206275696C642061742073746172747530
:1008E00070202863757272656E742074656D703A3D
:1008F00020252E3166C2B0432900542D43616C3A45
:100900002043616E6E6F74206275696C64204C5573
:1009100054202D2074656D70657261747572652048
:100920006E6F7420617661696C61626C6500426F04
:100930006F742043616C3A205374617274696E67FE
:1009400020626F6F742063616C6962726174696F99
:100950006E0025733A20426F6F742043616C3A2019
:10096000496E76616C69642074656D70657261743E
:1009700075726500426F6F742043616C3A20446564
:1009800076696365206E6F742073746174696F6E2D
:1009900061727900426F6F742043616C3A204D613F
:1009A00078696D756D20617474656D70747320283D
:1009B00025642920726561636865642C2067697607
:1009C000696E6720757000426F6F742043616C3AE6
:1009D000205374617274696E672062696173206369
:1009E0006F6C6C656374696F6E2028342D362073CC
:1009F00065636F6E6473292E2E2E00426F6F742014
:100A000043616C3A204D6F74696F6E206465746544
:100A10006374656420647572696E6720636F6C6CC3
:100A2000656374696F6E0025733A20426F6F74209E
:100A300043616C3A2054696D656F757420647572FA
:100A4000696E6720636F6C6C656374696F6E0042DA
:100A50006F6F742043616C3A2054656D70657261EC
:100A60007475726520756E737461626C652064754F
:100A700072696E6720636F6C6C656374696F6E007A
:100A8000426F6F742043616C3A20436F6C6C6563F6
:100A90007465642062696173205B252E35662C20A5
:100AA000252E35662C20252E35665D206174207438
:100AB000656D7020252E326643202872616E676551
:100AC0003A20252E3266432900426F6F742043611D
:100AD0006C3A204D6178696D756D20617474656D37
:100AE00070747320282564292072656163686564C9
:100AF00000426F6F742043616C3A20542D43616C47
:100B0000207175616C69747920696E7375666669A8
:100B10006369656E742C2074726967676572696EAB
:100B2000672073696E676C652D7369646520636106
:100B30006C6962726174696F6E0025733A20426F4E
:100B40006F742043616C3A204661696C656420745F
:100B50006F2063616C63756C61746520445F6F66C0
:100B60006673657400426F6F742043616C3A204372
:100B70006F6D706C65746564207375636365737302
:100B800066756C6C7920617420252E3266432028AE
:100B9000757074696D653A20256C6C64206D7329DD
:100BA0000052756E74696D652043616C3A20537410
:100BB000617274696E6720717569636B207A657202
:100BC0006F20626961732063616C6962726174692C
:100BD0006F6E20287E33207365636F6E6473290007
:100BE00025733A2052756E74696D652043616C3AC5
:100BF00020496E76616C69642074656D7065726100
:100C0000747572650052756E74696D652043616C10
:100C10003A205374617274696E672062696173204F
:100C2000636F6C6C656374696F6E20282564207334
:100C300065636F6E6473292E2E2E0052756E746973
:100C40006D652043616C3A204D6F74696F6E20644E
:100C50006574656374656420647572696E6720638A
:100C60006F6C6C656374696F6E0025733A20527502
:100C70006E74696D652043616C3A2054696D656FCF
:100C8000757420647572696E6720636F6C6C656340
:100C900074696F6E0052756E74696D652043616C86
:100CA0003A2054656D706572617475726520756E59
:100CB000737461626C6520647572696E6720636F1E
:100CC0006C6C656374696F6E0052756E74696D65E6
:100CD0002043616C3A20436F6C6C656374656420DB
:100CE00062696173205B252E35662C20252E3566C2
:100CF0002C20252E35665D2061742074656D702072
:100D0000252E326643202872616E67653A20252EB3
:100D1000326643290052756E74696D652043616CBB
:100D20003A204269617320636F6C6C656374696F0C
:100D30006E206661696C656420286572723A2025B0
:100D400064290025733A2052756E74696D652043DD
:100D5000616C3A204661696C656420746F20636140
:100D60006C63756C61746520445F6F66667365744F
:100D70000052756E74696D652043616C3A20436F53
:100D80006D706C6574656420617420252E32664335
:100D90002C20445F6F66667365742075706461749F
:100DA00065640025733A2053656E736974697669CA
:100DB00074792063616C6962726174696F6E3A2044
:100DC000696E76616C696420706172616D657465CD
:100DD0007273004779726F2073656E7369746976F8
:100DE000697479206175746F2D63616C69627261D9
:100DF00074696F6E206661696C65643A20696E760D
:100E0000616C696420706172616D65746572732EC6
:100E10000A0053656E736974697669747920636139
:100E20006C6962726174696F6E3A206178697320CF
:100E300025632C202575207265762028252E3166A5
:100E40002064656720657870656374656429005364
:100E5000656E73697469766974792063616C69621F
:100E6000726174696F6E3A20686F6C642073746984
:100E70006C6C0053656E736974697669747920636C
:100E8000616C6962726174696F6E3A207472616339
:100E90006B6572206E6F74207374696C6C2C2061AA
:100EA000626F7274696E67004779726F2073656E46
:100EB0007369746976697479206175746F2D6361E3
:100EC0006C6962726174696F6E206661696C6564D9
:100ED0003A20747261636B657220776173206E6F64
:100EE00074207374696C6C2E0A0053656E73697498
:100EF00069766974792063616C6962726174696F83
:100F00006E3A206779726F2074696D656F75742011
:100F1000647572696E6720626961732C2061626F0B
:100F20007274696E67004779726F2073656E7369BA
:100F3000746976697479206175746F2D63616C6969
:100F400062726174696F6E206661696C65643A20D3
:100F50006779726F2074696D656F75742077686941
:100F60006C65206D6561737572696E672062696179
:100F7000732E0A0053656E736974697669747920FB
:100F800063616C6962726174696F6E3A206E6F2082
:100F9000626961732073616D706C65732C2061628E
:100FA0006F7274696E67004779726F2073656E7334
:100FB00069746976697479206175746F2D63616CE9
:100FC0006962726174696F6E206661696C65643A0A
:100FD000206E6F20626961732073616D706C657340
:100FE0002E0A0053656E736974697669747920639B
:100FF000616C6962726174696F6E3A2062696173D3
:1010000020252E346620252E346620252E34662099
:101010006470730053656E736974697669747920BE
:1010200063616C6962726174696F6E3A2073706992
:101030006E2074686520747261636B6572206162F2
:101040006F7574207468652025632061786973204A
:101050006E6F770053656E73697469766974792071
:1010600063616C6962726174696F6E3A206E6F20A1
:101070007370696E2064657465637465642C2061A7
:10108000626F7274696E67004779726F2073656E64
:101090007369746976697479206175746F2D636101
:1010A0006C6962726174696F6E206661696C6564F7
:1010B0003A206E6F207370696E2064657465637486
:1010C00065642E0A0053656E736974697669747974
:1010D0002063616C6962726174696F6E3A20726537
:1010E000636F7264696E670053656E7369746976C5
:1010F0006974792063616C6962726174696F6E3AB8
:10110000206779726F2074696D656F7574206475DE
:1011100072696E67207370696E2C2061626F7274E1
:10112000696E67004779726F2073656E73697469C1
:1011300076697479206175746F2D63616C69627270
:101140006174696F6E206661696C65643A206779C5
:10115000726F2074696D656F757420647572696E45
:1011600067207370696E2E0A0053656E7369746927
:10117000766974792063616C6962726174696F6EFB
:101180003A207370696E20646964206E6F74206306
:101190006F6D706C65746520696E2074696D652C67
:1011A0002061626F7274696E67004779726F207395
:1011B000656E7369746976697479206175746F2DD1
:1011C00063616C6962726174696F6E206661696CDB
:1011D00065643A207370696E20646964206E6F7470
:1011E00020636F6D706C65746520696E2074696D25
:1011F000652E0A0053656E73697469766974792087
:1012000063616C6962726174696F6E3A206D6561C9
:10121000737572656420616E676C6520746F6F20F2
:10122000736D616C6C2C2061626F7274696E670003
:101230004779726F2073656E736974697669747922
:10124000206175746F2D63616C6962726174696F7E
:101250006E206661696C65643A206D6561737572B4
:10126000656420616E676C6520746F6F20736D61BB
:101270006C6C2E0A0053656E7369746976697479B3
:101280002063616C6962726174696F6E3A206D658A
:1012900061737572656420252E3266206465672C43
:1012A00020657870656374656420252E326620643D
:1012B00065672C206F7665722D726F746174696F2B
:1012C0006E20252E3266206465672C206F66662DA1
:1012D0006178697320252E33660053656E736974D7
:1012E00069766974792063616C6962726174696F8F
:1012F0006E3A20636F6D7075746564207363616C02
:101300006520252E35660053656E736974697669AC
:1013100074792063616C6962726174696F6E3A20DE
:10132000636F6D7075746564206E6F6E2D66696E87
:10133000697465207363616C652C206E6F74206125
:1013400070706C696564004779726F2073656E73A5
:1013500069746976697479206175746F2D63616C45
:101360006962726174696F6E2072656A6563746523
:10137000643A20696E76616C6964207363616C65A0
:101380002E204E6F7468696E672073617665642ED7
:101390000A0053656E7369746976697479206361B4
:1013A0006C6962726174696F6E3A206F66662D6156
:1013B00078697320726174696F20252E336620610D
:1013C000626F766520252E33662C206E6F74206147
:1013D00070706C696564004779726F2073656E7315
:1013E00069746976697479206175746F2D63616CB5
:1013F0006962726174696F6E2072656A6563746593
:10140000643A20746F6F206D756368206F66662D77
:1014100061786973206D6F74696F6E2028252E3294
:1014200066203E20252E3266292E204E6F74686974
:101430006E672073617665642E0A0053656E73696A
:101440007469766974792063616C69627261746928
:101450006F6E3A207363616C6520252E3566206FB0
:101460007574206F662072616E6765205B252E3271
:10147000662C20252E32665D2C206E6F74206170E4
:10148000706C696564004779726F2073656E73696B
:10149000746976697479206175746F2D63616C6904
:1014A00062726174696F6E2072656A6563746564E7
:1014B0003A206D6561737572656420252E32662051
:1014C00064656720666F7220252E3266206465672A
:1014D0002C207363616C6520252E3566206F757432
:1014E0007369646520252E32662E2E252E32662ED7
:1014F000204571756976616C656E742073656E73D5
:101500002064696666206F76657220257520726595
:10151000763A20252E3366206465672E204E6F7440
:1015200068696E672073617665642E0A0053656E84
:1015300073697469766974792063616C6962726138
:1015400074696F6E3A206178697320256320736334
:10155000616C652073657420746F20252E356600DC
:101560004779726F2073656E7369746976697479EF
:10157000206175746F2D63616C6962726174696F4B
:101580006E2073617665643A206178697320256303
:101590002C207363616C6520252E35662C206571C7
:1015A000756976616C656E742073656E732064690D
:1015B0006666206F766572202575207265763A2002
:1015C000252E3366206465672C206F66662D617852
:1015D000697320252E32662E204178697320616C54
:1015E00069676E6D656E7420776173206C6F6F73C1
:1015F000653B20726570656174696E67206D617905
:1016000020696D70726F76652061636375726163C6
:10161000792E0A004779726F2073656E7369746959
:1016200076697479206175746F2D63616C6962727B
:101630006174696F6E2073617665643A20617869C0
:10164000732025632C207363616C6520252E35661D
:101650002C206571756976616C656E742073656E9A
:10166000732064696666206F766572202575207226
:1016700065763A20252E3366206465672C206F66D8
:10168000662D6178697320252E32662E0A004D6121
:10169000676E65746F6D657465722063616C6962F5
:1016A000726174696F6E3A206964656E74696679F7
:1016B00020747261636B6572004D61676E65746F53
:1016C0006D657465722063616C6962726174696FC3
:1016D0006E20737461727465642028726F74617413
:1016E0006520747261636B657220696E20616C6C39
:1016F000206F7269656E746174696F6E732900255D
:10170000733A204D61676E65746F6D657465722004
:10171000776169742074696D6564206F7574004D1C
:1017200061672063616C3A2025642073616D706C81
:10173000657320636F6C6C65637465640043616CF2
:101740006962726174696E67206D61676E65746F3E
:101750006D6574657220686172642F736F667420A2
:1017600069726F6E206F6666736574004D61676E97
:1017700065746F6D65746572206D61747269783A15
:1017800000542D43616C204C55543A204261636BE8
:1017900067726F756E64206275696C6420636F6D2B
:1017A000706C657465202825642F256420656E742F
:1017B00072696573290063616C5F6F6E6C696E6539
:1017C0005F6D61670063616C5F7463616C5F72750C
:1017D0006E74696D650063616C5F73656E73006341
:1017E000616C6962726174696F6E5F746872656161
:1017F000645F69640063616C5F73616D706C650048
:1018000063616C5F6D61670063616C5F696D75003A
:10181000636F6E736F6C655F7468726561645F6936
:10182000640073656E736F720066735F6E7673002B
:101830007561727440343030303230303000686559
:101840006C7000757074696D650073687574646F91
:10185000776E00362D73696465007061697200638C
:101860006C6561726368616E6E656C00726164695B
:101870006F0064656275670072616E676500496438
:101880006C65004275696C64696E67207072696F7F
:1018900072697479207A6F6E65004261636B67725A
:1018A0006F756E64206275696C6400436F6D706C57
:1018B0006574650073656E736F725F7463616C5FEE
:1018C000636C6561720073656E736F725F626F6FD8
:1018D000745F626961735F636F6C6C6563740073DE
:1018E000656E736F725F706572666F726D5F626F47
:1018F0006F745F63616C6962726174696F6E0073AB
:10190000656E736F725F72756E74696D655F626923
:1019100061735F636F6C6C6563740073656E736F86
:10192000725F706572666F726D5F72756E74696DED
:10193000655F63616C6962726174696F6E00736583
:101940006E736F725F63616C6962726174655F73FD
:10195000656E730073656E736F725F776169745F34
:101960006D61670063616C6962726174696F6E5F5B
:101970007468726561640073656E736F725F636132
:101980006C6962726174696F6E5F7265717565739F
:10199000740073656E736F725F72657175657374D1
:1019A0005F63616C6962726174696F6E5F6D6167BC
:1019B0000073656E736F725F776169745F677972C8
:1019C0006F0073656E736F725F63616C69627261E1
:1019D00074655F365F7369646500626D695F637229
:1019E00074006E76735F63616C635F667265655FDA
:1019F00073706163650073656E736F725F746361AA
:101A00006C5F72656D6F76655F706F696E740053A1
:101A100063616E6E696E6720535049206275732052
:101A2000666F7220494D550073656E736F725F73F8
:101A300063616E207761697420666F7220707269CD
:101A40006F72207363616E2074696D6564206F75B9
:101A500074004D61676E65746F6D657465722065A5
:101A60006E61626C656420627574206E6F207661B1
:101A70006C696420616464726573732C2077696C8F
:101A80006C2073656172636800494D552061646420
:101A9000726573733A203078253032582C20726585
:101AA0006769737465723A20307825303258004D7A
:101AB00061676E65746F6D657465722061646472D0
:101AC0006573733A203078253032582C2072656760
:101AD00069737465723A2030782530325800536546
:101AE0006E736F7220636C6F636B20656E61626CE6
:101AF00065643A20252E3266487A00526574727900
:101B0000696E672073656E736F72206465746563B8
:101B100074696F6E00466F756E6420756E6B6E6FC4
:101B2000776E206465766963650025733A204E6F91
:101B300020494D5520646574656374656400466F83
:101B4000756E642025730025733A20494D55206E2B
:101B50006F7420737570706F727465640053636185
:101B60006E6E696E672062757320666F72206D619C
:101B7000676E65746F6D65746572207468726F75D9
:101B8000676820494D55204932434D0025733A205E
:101B90005363616E6E696E6720616464726573730E
:101BA0003A203078253032580025733A205363614B
:101BB0006E6E696E672072656769737465723A202C
:101BC0003078253032580025733A20506F7765728F
:101BD00020757020424D4D3135300025733A20522A
:101BE0006561642076616C75653A20307825303205
:101BF000580025733A20536B697070696E672062D4
:101C000075732069646C652076616C756520307829
:101C100025303258206174206164647265737320CA
:101C20003078253032580047686F737420646576C9
:101C3000696365206174203078253032583A20720B
:101C400065672030782530325820616E6420307806
:101C50002530325820626F74682072657475726E18
:101C6000203078253032582C206C696B656C7920D7
:101C70007374616C65206461746100566572696695
:101C800079206661696C6564206174203078253044
:101C90003258207265672030782530325820286508
:101CA00078706563746564203078253032582C2054
:101CB000676F74203078253032582C20657272207E
:101CC0002564290056616C696420646576696365E2
:101CD00020666F756E642061742061646472657340
:101CE000733A20307825303258202872656769733E
:101CF0007465723A203078253032582C2076616C29
:101D000075653A2030782530325829004E6F2064AE
:101D1000657669636520666F756E64206174206105
:101D20006464726573733A20307825303258002528
:101D3000733A20556E737570706F72746564206DA0
:101D4000696E696D756D20627572737420257520DA
:101D50003E2065787465726E616C207265616420E6
:101D60007769647468202575004D61676E65746FCE
:101D70006D657465722062757273742025752065B7
:101D8000786365656473204932434D2077696474D4
:101D9000682025753B207573696E67207365676DD4
:101DA000656E7465642065787465726E616C20720E
:101DB000656164730025733A20494D55206D757334
:101DC0007420636F6E6669677572652065787465E7
:101DD000726E616C20696E74657266616365206203
:101DE00065666F7265207265676973746572696E86
:101DF00067206D61676E65746F6D6574657200252F
:101E0000733A2045787465726E616C20696E7465F2
:101E10007266616365206E6F742075736564206FF0
:101E2000766572204932430025733A20494D55208A
:101E30006D7573742062652072656769737465726D
:101E40006564206265666F72652072656769737488
:101E50006572696E67206D61676E65746F6D65741C
:101E600065720025733A204661696C656420746F61
:101E7000207265676973746572206D61676E657441
:101E80006F6D657465722065787465726E616C2023
:101E9000696E74657266616365004E6F206D61677F
:101EA0006E65746F6D6574657220646574656374C6
:101EB00065640025733A204D61676E65746F6D65CA
:101EC000746572206E6F7420737570706F727465B4
:101ED00064004D61676E65746F6D65746572206531
:101EE0006E61626C656420696E2073657474696EDE
:101EF000677320627574206E6F2068617264776109
:101F00007265206465746563746564004D61676E15
:101F100065746F6D657465723A202573202861764B
:101F200061696C61626C653A202573290025733AFA
:101F300020542D43616C204D4C533A204E6F20634A
:101F4000616C6962726174696F6E20646174612092
:101F5000617661696C61626C65007A726F2D666191
:101F60006C6C6261636B0064697361626C65642DA3
:101F70007A726F00542D43616C204175746F2D632C
:101F8000616C6962726174696F6E20257300542DF3
:101F900043616C3A205175616C697479206368659E
:101FA000636B20706173736564202D20256420703D
:101FB0006F696E74732077697468207765696768E4
:101FC0007420617420252E326643202872616E676A
:101FD000653A205B252E3266432C20252E3266433F
:101FE0005D2900426F6F742043616C3A20536B6926
:101FF0007070696E6720445F6F66667365742063F6
:10200000616C63756C6174696F6E202D20696E73ED
:10201000756666696369656E7420542D43616C2032
:102020007175616C69747900426F6F742043616CE3
:102030003A204F6E6C792025752063616C6962725D
:102040006174696F6E20706F696E742873292C201B
:102050006E656564206D6F7265207468616E2034F2
:1020600020666F722072656C6961626C65206F66B4
:102070006673657400426F6F742043616C3A20434D
:10208000757272656E742074656D7020252E3266CF
:1020900043206F7574736964652063616C69627253
:1020A000617465642072616E6765205B252E3266FF
:1020B000432C20252E3266435D00445F6F666673B5
:1020C00065743A205573696E67204D4C53206D65D9
:1020D00074686F6400445F6F66667365743A20428B
:1020E0006173656C696E652028257329205B252E38
:1020F00035662C20252E35662C20252E35665D2054
:1021000061742074656D7020252E326643004D4C3D
:10211000530025733A20445F6F66667365743A20F6
:102120004661696C656420746F2063616C63756CD3
:1021300061746520637572766520626961732064DD
:102140006573706974652070617373696E6720715F
:1021500075616C69747920636865636B00445F6FB7
:1021600066667365743A2043616C63756C6174656F
:1021700064205B252E35662C20252E35662C2025E7
:102180002E35665D202873746F72656420696E2039
:1021900072657461696E6564206D656D6F72792911
:1021A00000426F6F742043616C3A2054696D652062
:1021B00077696E646F77206578706972656420282E
:1021C000757074696D653A20256C6C64206D732997
:1021D0002C20676976696E6720757000426F6F7496
:1021E0002043616C3A2057696C6C207573652054EC
:1021F0002D43616C20646174612028257520706F07
:10220000696E74732920666F7220445F6F6666730F
:1022100065742063616C63756C6174696F6E0042F4
:102220006F6F742043616C3A20496E7375666669FE
:102230006369656E7420542D43616C20706F696E04
:10224000747320282575203C3D202564292C20739B
:102250006B697070696E6720626F6F742063616C68
:102260006962726174696F6E00426F6F74204361BE
:102270006C3A204E6F20542D43616C206461746170
:102280002C20736B697070696E6720626F6F7420A9
:1022900063616C6962726174696F6E00426F6F7422
:1022A0002043616C3A20496E2074696D652077691E
:1022B0006E646F772028352D333073292C2075708C
:1022C00074696D653A20256C6C64206D732C2077E1
:1022D000616974696E6720666F72207374617469D6
:1022E0006F6E61727920636F6E646974696F6E2EB0
:1022F0002E2E00426F6F742043616C3A205265713C
:102300007565737465642063616C69627261746978
:102310006F6E207468726F7567682063616C6962A4
:10232000726174696F6E2074687265616400456ED5
:1023300061626C65640044697361626C656400424B
:102340006F6F742043616C3A20257300542D4361F4
:102350006C20636F6D70656E736174696F6E206160
:102360006C726561647920257300542D43616C2083
:10237000636F6D70656E736174696F6E2025732075
:102380002870657273697374656429207C2061709C
:10239000706C793D257300426F6F742043616C3A15
:1023A00020537461746520726573657420287769A1
:1023B0006C6C20726563616C696272617465206F18
:1023C0006E206E65787420626F6F7429004E6F20E6
:1023D00063616C6962726174696F6E2064617461BB
:1023E00020617661696C61626C652E0A000A3D3D70
:1023F0003D20542D43616C204D6574686F6420430B
:102400006F6D70617269736F6E20617420252E325A
:102410006643203D3D3D0A00546F74616C2063614A
:102420006C6962726174696F6E20706F696E74732B
:102430003A2025750A0A0043616C6962726174650D
:10244000642072616E67653A20252E3266432074DF
:102450006F20252E3266430A00546573742074651C
:102460006D7020697320252E3266432042454C4F03
:10247000572063616C696272617465642072616E79
:1024800067650A00546573742074656D7020697304
:1024900020252E3266432041424F56452063616C11
:1024A000696272617465642072616E67650A0054C6
:1024B0006573742074656D702069732057495448A2
:1024C000494E2063616C6962726174656420726157
:1024D0006E67650A004D4C53204D6574686F64202B
:1024E0002862616E6477696474683D252E316643A5
:1024F000293A0A002020426961733A205B252E3573
:10250000662C20252E35662C20252E35665D206410
:1025100070730A004D4C53204D6574686F643A2007
:102520004641494C45440A004D4C53204D65746862
:102530006F643A204E6F7420656E6F756768207007
:102540006F696E747320286E656564203E3D20259A
:1025500064290A0A004164646974696F6E616C20C1
:102560004F6666736574733A0A002020426F6F7479
:102570002063616C20445F6F66667365743A205B0C
:10258000252E35662C20252E35662C20252E3566E9
:102590005D206470730A0046696E616C2045666652
:1025A00065637469766520426961732028617320D0
:1025B0006170706C69656420746F206779726F2038
:1025C00064617461293A0A00202046616C6C626182
:1025D000636B20746F207374617469632062696136
:1025E000733A205B252E35662C20252E35662C204F
:1025F000252E35665D206470730A002020284E6FFA
:102600002076616C696420542D43616C206D657483
:10261000686F6420617661696C61626C65290A008B
:102620002020546F74616C3A205B252E35662C2077
:10263000252E35662C20252E35665D206470730AA4
:102640000020204D6574686F643A2025732028555A
:102650006E69666965642053747261746567793A5E
:10266000204D4C53202D3E20537461746963290A18
:10267000000A3D3D3D20456E64206F6620542D4389
:10268000616C204D6574686F6420436F6D7061727A
:1026900069736F6E203D3D3D0A0025733A20556EEB
:1026A000737570706F727465642065787465726E8E
:1026B000616C20726561643A2062757273743D309A
:1026C0000025733A2044756D6D79207072656669D6
:1026D0007820257520657863656564732065787456
:1026E00065726E616C2072656164206275646765F5
:1026F000742025750073656E736F725F73687574EF
:10270000646F776E3A2073656E736F7273206E6FAD
:102710007420696E697469616C697A65642C2073D0
:102720006B697000456E61626C696E670044697325
:1027300061626C696E67004D61676E65746F6D658F
:1027400074657220616C7265616479202573004D37
:1027500061676E65746F6D6574657220746F67670D
:102760006C6520626C6F636B65643A206D616720F5
:1027700063616C6962726174696F6E20696E20704A
:10278000726F6772657373002573206D61676E6584
:10279000746F6D657465722C207265626F6F7469F9
:1027A0006E67202873656E736F72206E6F7420726F
:1027B00065616479292E2E2E004E6F206D61676E43
:1027C00065746F6D6574657220686172647761729B
:1027D000653B2070657273697374696E6720656EFE
:1027E00061626C656420666F72206E657874206229
:1027F0006F6F74002573206D61676E65746F6D6512
:10280000746572202872756E74696D65292E2E2E7E
:102810000025733A204D61676E65746F6D65746550
:102820007220696E6974206661696C65643A20255E
:1028300064004D61676E65746F6D657465722072BA
:102840006174653A20252E3266487A0025733A2055
:102850004D61676E65746F6D6574657220656E613C
:10286000626C65206661696C65643B206C656176AD
:10287000696E672064697361626C6564004D6167AD
:102880006E65746F6D657465722025730020287302
:10289000746172747570203129004649464F205486
:1028A00048532F574D2F57544D3A20252E3266202E
:1028B0002D3E202564257300542D43616C204C551A
:1028C000543A204E6F7420656E6F75676820706F84
:1028D000696E747320282575203C202564292C20DE
:1028E0004C55542064697361626C656400542D43D7
:1028F000616C204C55543A204275696C64696E676E
:10290000207072696F72697479207A6F6E65205BCE
:1029100025642D25645D2028252E3166C2B0432014
:10292000746F20252E3166C2B0432900542D4361B7
:102930006C204C55543A205072696F72697479203A
:102940007A6F6E65206275696C7420282564206535
:102950006E74726965732920696E20256C6C642021
:102960006D732C206261636B67726F756E64206299
:1029700075696C64207374617274656400542D43CE
:10298000616C3A204D4C53207374617465207265FC
:1029900066726573686564207769746820257520A0
:1029A000706F696E747300542D43616C3A204D4C06
:1029B0005320646174612072656672657368656432
:1029C000207375636365737366756C6C792E0A008A
:1029D000542D43616C3A204E6F20706F696E747392
:1029E00020617661696C61626C6500542D43616C95
:1029F0003A204E6F20706F696E7473206176616942
:102A00006C61626C652E0A00542D43616C3A204E55
:102A10006F2076616C69642074656D706572617495
:102A20007572652073616D706C657320696E2061CD
:102A30006363756D756C61746F722C206469736368
:102A4000617264696E6700542D43616C3A20446979
:102A50007363617264696E6720666C75736820E2E7
:102A60008094207C64542F64747C20252E3366204F
:102A7000432F73203E20252E336620287370616E0D
:102A800020252E326643202F20252E316673290003
:102A9000542D43616C3A20417665726167652074FC
:102AA000656D706572617475726520252E3266439E
:102AB000206F7574736964652063616C696272610B
:102AC00074696F6E2072616E67652C206469736330
:102AD000617264696E6700542D43616C3A20466CE4
:102AE000757368696E6720616363756D756C617479
:102AF0006F723A2025642073616D706C65732C20B1
:102B00006176672074656D7020252E32664320281B
:102B10007370616E20252E3266432C2064542F641E
:102B20007420252E3366292C20736C6F7420696401
:102B30007820256400542D43616C3A20426C656E08
:102B400064696E6720617420696478202564202898
:102B50006469723A2025732C20616C7068613A2098
:102B6000252E32662900542D43616C3A20436F6D47
:102B70006D697474656420706F696E74206174206F
:102B80006964782025642028252E326643293A205E
:102B90005B252E35662C20252E35662C20252E35DE
:102BA000665D202864656C74613A20252E346620A9
:102BB0006470732900542D43616C3A2054656D7024
:102BC0006572617475726520647269667420252E61
:102BD0003266432065786365656465642074687255
:102BE0006573686F6C642C206561726C7920666C0B
:102BF00075736800574553545F544F504449522FE2
:102C00007A65706879722F6B65726E656C2F73636D
:102C10006865642E6300466F726365642073636148
:102C20006E20616C6C6F7765643A20256420726554
:102C30007175657374732077697468696E20256C8B
:102C40006C646D732077696E646F7700466F726392
:102C50006564207363616E20726571756573746558
:102C600064206275742073656E736F72206C6F6F71
:102C700070206973206865616C74687920286C61C4
:102C800073742073656E6420256C6C646D732061B1
:102C9000676F292C20736B697070696E67004162E1
:102CA0006F727465642073656E736F7220746872DE
:102CB0006561640052657175657374656420736540
:102CC0006E736F72207363616E005374617274650A
:102CD000642073656E736F72206C6F6F7000736524
:102CE0006E736F725F696E69745F74687265616438
:102CF0005F6964006770696F403530303030333061
:102D000030006770696F403530303030303030001F
:102D10007370694034303032663030300073656E25
:102D2000736F725F7363616E5F6578740073656E55
:102D3000736F725F696E746572666163650063616B
:102D40006C5F7463616C5F6D6C735F6C757400486D
:102D50004D43353838334C00514D43353838334CBA
:102D600000514D433633303900514D433633313005
:102D700000414B3839363300414B30393931360058
:102D8000414B303939343000424D4D3335300049F4
:102D900053543833303600495354383330380049AF
:102DA00053543833323000495354383332310049A8
:102DB0004953324D44432F4C4953324D444C004CFF
:102DC0004953334D444C004D4D433334313630502C
:102DD0004A004D4D43333633304B4A004D4D433559
:102DE0003630334E4A2F4D4D43353633334E4A4CF1
:102DF000004D4D43353631365741004D4D43353941
:102E000038334D410073656E736F725F6D61675F3C
:102E100072756E74696D655F656E61626C65007375
:102E2000656E736F725F7365745F6D61675F656E0A
:102E300061626C65640004EAD1244302E9E7066834
:102E400070714447DB0822696A6B6C6D7071030016
:102E50007275010F73656E736F725F7363616E5F7E
:102E6000657874000209A302084801A3020848011A
:102E7000FF01A3020848013201330306202101802B
:102E8000013D0148013D01400106021011020A30D6
:102E9000018001900201000301000D0201000140C8
:102EA0000100010002000F030A0F4F0320392F0118
:102EB000000100010C010D020E0F04101112130489
:102EC000141516170119011C011E0130013C017C6B
:102ED00073656E736F725F696E7465726661636548
:102EE0005F72656769737465725F73656E736F7225
:102EF0005F6D61675F6578740073656E736F725F95
:102F00007363616E007373695F6578745F72656186
:102F1000645F7365676D656E7465640073656E7379
:102F20006F725F7463616C5F63616C63756C617415
:102F3000655F646F66667365740073656E736F7248
:102F40005F7463616C5F6D6C735F6C6F6F6B7570DA
:102F5000004465627567206D6F64652073746F70DF
:102F60007065642E202575206F75747075747320DC
:102F700067656E6572617465640025733A20466109
:102F8000696C656420696E697469616C697A652031
:102F900062617474657279206D6561737572656DB7
:102FA000656E743A20256400776169745F666F729C
:102FB0005F746872656164732074696D6564206F05
:102FC000757420286D61696E5F72756E6E696E67CB
:102FD0003D256429006D61696E5F696D755F73756C
:102FE0007370656E64207363616E2077616974200D
:102FF00074696D6564206F7574006D61696E5F69D9
:103000006D755F73757370656E642069646C65209F
:10301000776169742074696D6564206F75740053FD
:10302000757370656E6465642073656E736F72206E
:1030300074687265616400526573756D65642073B0
:10304000656E736F7220746872656164004E6F7490
:1030500020656E6F756768206461746120746F20ED
:1030600063616C63756C6174652064697363686126
:103070007267652063757276650025733A20496E24
:1030800076616C6964206469736368617267652046
:103090006375727665207370616E0025732050250C
:1030A000752E253032750044656C61796564206643
:1030B0006F722055415254206261636B656E6400EB
:1030C00025733A204661696C656420746F20636FD4
:1030D0006E66696775726520494D552077616B652D
:1030E0002075700025733A20414443206465766959
:1030F0006365206973206E6F742072656164792046
:103100002573004D6967726174696E67206F6C6426
:1031100020637572766520666F726D61743A205B0C
:1031200025642C25645D202D3E205B25642C2564C0
:103130005D0025733A20496E76616C696420637581
:103140007276650025733A204F54413A20466C61EF
:103150007368206572617365206661696C656420BF
:10316000617420307825303558202865727220250A
:1031700064290025733A204F54413A20466C61730C
:1031800068207772697465206661696C6564206186
:1031900074203078253035582028657272202564D7
:1031A00029004F54413A206E6578742D706167652F
:1031B000207072652D6572617365206661696C654A
:1031C000642061742030782530355820286572726B
:1031D000202564290025733A2053797374656D2086
:1031E000697320616C726561647920656E746572C3
:1031F000696E672061206E657720706F7765722039
:1032000073746174650025733A2053656E736F7231
:1032100020636F6D6D756E69636174696F6E206593
:1032200072726F7200436F6E6E656374696F6E20A9
:103230006572726F720025733A2047656E65726120
:103240006C206572726F720055534220636F6E6E10
:103250006563746564004368617267657220706CB1
:1032600075676765640043616C6962726174696F58
:103270006E2072756E6E696E6700427574746F6E43
:10328000207072657373656400436C656172656478
:10329000207374617475733A2025640053746174EB
:1032A00075733A202564004461746120636F6C6C0F
:1032B000656374696F6E20616374697661746564B7
:1032C0003A2073656E6420252E3066487A206E5F42
:1032D0007261773D2575206368697020252E306600
:1032E000487A00574553545F544F504449522F7AFF
:1032F00065706879722F696E636C7564652F7A6585
:10330000706879722F6B65726E656C2E6800574518
:1033100053545F544F504449522F6D6F64756C6520
:10332000732F68616C2F6E6F726469632F6E7266A3
:10333000782F68616C2F6E72665F6770696F2E6898
:10334000006C6F675F6261636B656E645F7561726D
:103350007400574553545F544F504449522F7A6577
:10336000706879722F7375627379732F6C6F6767EA
:10337000696E672F6C6F675F6D676D742E630053A6
:103380006B697070696E6720494D55207072652DAC
:10339000696E697420726573657420616674657204
:1033A00020574F4D2077616B6500416363656C6505
:1033B000726F6D657465722072616E67653A202563
:1033C0002E326667004779726F73636F7065207283
:1033D000616E67653A20252E32666470730052650F
:1033E0007175657374656420535049206672657108
:1033F00075656E63793A20252E32664D487A004114
:103400006363656C65726F6D6574657220696E6962
:103410007469616C20726174653A20252E326648A9
:103420007A004779726F6D6574657220696E697490
:1034300069616C20726174653A20252E3266487A83
:10344000004D61676E65746F6D6574657220696E9D
:10345000697469616C20726174653A20252E326648
:10346000487A00496E697469616C697A6564207391
:10347000656E736F727300467573696F6E20646159
:103480007461207265636F76657265640041707067
:103490006C79696E67206779726F73636F706520EE
:1034A0006761696E004649464F205448532F574D77
:1034B0002F57544D204750494F205025752E253009
:1034C00032752C20636F6E6669673A20257500554A
:1034D00073696E6720257300496E697469616C6950
:1034E0007A656420667573696F6E0044617461204B
:1034F000636F6C6C656374696F6E206D6F64653AA1
:10350000206D65746164617461202B2063616C6956
:1035100062726174696F6E2073656E7420286779BA
:10352000726F20252E30666470732C206163636592
:103530006C20252E3066672C2073656E6420252E46
:103540003066487A2C206368697020252E306648E2
:103550007A2900636C6F636B5F7377697463683A91
:103560002072657175657374696E6720736F75720B
:1035700063653D256400636C6F636B5F737769748B
:1035800063683A20616C72656164792072756E6E51
:10359000696E67207769746820736F757263653D23
:1035A000256400636C6F636B5F7377697463683A5B
:1035B000202564202D3E20256400636C6F636B5FC3
:1035C0007377697463683A204C46434C4B2073749C
:1035D0006172742077616974656420257520757344
:1035E0000025733A20636C6F636B5F737769746354
:1035F000683A20736F75726365206D69736D6174CD
:10360000636821207265717565737465643D256416
:103610002C2061637475616C3D256400636C6F637D
:103620006B5F7377697463683A2073776974636852
:10363000656420746F20736F757263653D25642027
:103640007375636365737366756C6C7900454E00C2
:103650004558004661696C656420746F207265731B
:10366000746F7265204649464F205448532F574D7A
:103670002F57544D20746F20256400526573746F6A
:10368000726564204649464F205448532F574D2FAA
:1036900057544D20746F2025640053776974636814
:1036A000696E672073656E736F727320746F206C20
:1036B0006F77206E6F69736500537769746368690B
:1036C0006E672073656E736F727320746F206C6FFA
:1036D0007720706F77657200537769746368696EDD
:1036E000672073656E736F727320746F206C6F77D1
:1036F00020706F7765722032004779726F20726197
:10370000773A20252E33662C20252E33662C202553
:103710002E3366004D616720726566207265636FA7
:103720006D70757465642066726F6D2025642073FA
:10373000616D706C65733A206E6F726D3D252E342D
:1037400066206469703D252E316620646567004EF1
:103750006F207061636B6574732070726F63657343
:10376000736564004E6F207061636B6574732069CC
:103770006E206275666665720025733A204E6F2072
:103780007061636B65747320696E2062756666652F
:103790007220666F7220256C6C646D730025733A1D
:1037A000205061636B6574206572726F722074685B
:1037B000726573686F6C64206578636565646564C1
:1037C000004E6F206D6F74696F6E2066726F6D2092
:1037D00073656E736F727320696E2025646D73005C
:1037E000537769746368696E6720746F20616374CE
:1037F00069766974792074696D656F757420282500
:103800006C6C647329004E6F206D6F74696F6E204D
:1038100066726F6D2073656E736F727320696E20B0
:10382000256C6C6473005B252E3266735D205241FB
:10383000573A20415B252E33662C252E33662C25E6
:103840002E33665D20475B252E32662C252E326690
:103850002C252E32665D20543A252E3266430A000E
:10386000202020202043414C3A20415B252E336606
:103870002C252E33662C252E33665D20475B252EA6
:1038800032662C252E32662C252E32665D0A0020EB
:10389000202020204D41473A205241575B252E32AF
:1038A000662C252E32662C252E32665D2043414C37
:1038B0005B252E32662C252E32662C252E32665D37
:1038C0000A0020202020205651463A20515B252E08
:1038D00033662C252E33662C252E33662C252E336D
:1038E000665D204C696E415B252E32662C252E329A
:1038F000662C252E32665D0A00202020202052658D
:1039000073743A256320526573744465765B473A55
:10391000252E33662C413A252E33665D204269619F
:10392000735B252E33662C252E33662C252E3366AD
:103930005DC2B02F73205369676D613A252E3366DF
:10394000C2B02F732044656C74613A252E3266C272
:10395000B00A0020202020205265737444696167FA
:103960003A20656E7465723A257520657869743AF7
:10397000257520746F74616C3A252E316673206C46
:103980006173743A252E3166732075703A252E3096
:103990006673207265737425253A252E31660A00F8
:1039A000202020202042696173505B252E31662C37
:1039B000252E31662C252E31665D0A002020202020
:1039C00020526573744C6F67282575206576656E87
:1039D0007473293A0020257340252E306673002029
:1039E000202020204D61673A20446973416E673A78
:1039F000252E3266C2B020436F7272526174653AEE
:103A0000252E3266C2B02F730A0020202020204DC0
:103A10006167446973743A2563204D616752656636
:103A20004E6F726D3A252E3366204D616752656682
:103A30004469703A252E3266C2B0204D61674E6FE0
:103A4000726D3A252E3366204D61674469703A25C0
:103A50002E3266C2B00A0020202020204D6167541B
:103A60003A20756E646973743A252E32667320723B
:103A7000656A6563743A252E3266732063616E64ED
:103A8000543A252E3266732063616E644E6F726DF8
:103A90003A252E33662063616E644469703A252EA0
:103AA0003266C2B00A0052656A6563746564204E6E
:103AB000614E207175617465726E696F6E00542D70
:103AC00043616C204175746F3A204E6F2063616CC6
:103AD0006962726174696F6E2064617461206578D7
:103AE000697374732C2072657175657374696E6780
:103AF00020696E697469616C2063616C69627261CE
:103B000074696F6E20617420252E326643004C610B
:103B100073742075706461746520737465707320AC
:103B2000746F6F6B20757020746F20256C6C64202F
:103B30006D730053656E736F7220494E5420746923
:103B40006D656F7574733A20257520696E206C6100
:103B500073742025642073006D61672056514620E0
:103B6000757064617465733A20257520696E206CE8
:103B70006173742025646D732028252E3166487A80
:103B80002C2074617267657420252E3066487A296E
:103B90000052657365742062617474657279207473
:103BA0007261636B65723A2073746172743D252E85
:103BB000326625252C2073617665643D252E32669C
:103BC00025252C20666972737420696E746572767F
:103BD000616C2062656C6F7720252E326625252C5E
:103BE0002076616C69642062656C6F7720252E32C7
:103BF00066252500526573657474696E672062617D
:103C0000747465727920747261636B65720A004224
:103C100061747465727920747261636B657220726D
:103C20006573657400526573657474696E672062AC
:103C300061747465727920747261636B6572207748
:103C4000696C6C20636C65617220616C6C206261D0
:103C500074746572792063616C6962726174696FF2
:103C60006E20646174612E2041726520796F752029
:103C7000737572653F0A00547261636B65722072DE
:103C80006573657420286368617267696E672900CF
:103C9000547261636B657220696E697469616C69E5
:103CA0007A65643A20252E3266252500556E6163BB
:103CB000636F756E746564206368616E67652074F8
:103CC0006F206261747465727920534F433A2025E6
:103CD0002E3266252520286D696E29202D3E20254F
:103CE0002E326625250025733A2041626E6F726D73
:103CF000616C206368616E676520746F2062617417
:103D00007465727920534F433A20252E326625255B
:103D100020286D696E29202D3E20252E326625250E
:103D20000025733A2041626E6F726D616C2063688A
:103D3000616E676520746F206261747465727920AA
:103D4000534F433A20252E3266252520286D617871
:103D500029202D3E20252E326625250052617069CE
:103D60006420534F43206368616E67653A20252EB7
:103D7000326625252F6D696E2028252E3266252571
:103D8000202D3E20252E3266252520696E20256CAB
:103D90006C7520757329004E657720696E746572A5
:103DA00076616C3A20252E326625250055706461B7
:103DB000746520696E74657276616C3A20252E32C6
:103DC000662525007570646174655F696E7465723F
:103DD00076616C3A20707074743D252E326625250C
:103DE0002C20696E74657276616C5F69643D25751F
:103DF0002C2072756E74696D653D256C6C75207430
:103E000069636B732028256C6C75207573290025F8
:103E1000733A20496E74657276616C2025753A207C
:103E2000256C6C7520757320697320746F6F207317
:103E3000686F727420286D696E2035206D696E2060
:103E40006163746976652074696D652900496E74D3
:103E5000657276616C2025752073617665643A2001
:103E60002575206379636C65732C20256C6C752037
:103E7000757320746F74616C202863757272656E3F
:103E8000743A20256C6C752075732C206D696E3A20
:103E900020256C6C752075732C206D61783A202577
:103EA0006C6C752075732900456E746572696E6758
:103EB000206E657720706F7765722073746174650A
:103EC000207768696C652073656E736F7220657208
:103ED000726F722069732072616973656400456E48
:103EE000746572696E67206E657720706F77657292
:103EF000207374617465207768696C6520737973C9
:103F000074656D206572726F7220697320726169C9
:103F100073656400436F6E666967757265642073CC
:103F200077302073656E73650053797374656D2007
:103F30006F66662072657175657374656400537988
:103F40007374656D206F666620626C6F636B656469
:103F5000206279204F54410057616B6520757020B5
:103F60004750494F205025752E2530327500436F3C
:103F70006E6669677572656420494D552077616B7F
:103F8000652D7570204750494F2069646C65202865
:103F900070756C6C646F776E2900446973636F6E23
:103FA0006E656374696E672073656E736F72204708
:103FB00050494F7300446973636F6E6E6563746537
:103FC00064205350492053434B00446973636F6E20
:103FD0006E656374656420535049204D4F5349000A
:103FE000446973636F6E6E656374656420535049F2
:103FF000204D49534F00416C6C2073656E736F7296
:10400000204750494F2070696E7320646973636F55
:104010006E6E656374656400446973636F6E6E658C
:104020006374656420494D552043530044697363AC
:104030006F6E6E6563746564205643432047504934
:104040004F00446973636F6E6E65637465642047E7
:104050004E44204750494F00506F776572696E6734
:10406000206F6666206E52460052656C656173650E
:104070006420706F776572206C6174636800537997
:104080007374656D207265626F6F742072657175EF
:104090006573746564005265626F6F74696E672042
:1040A0006E5246004F54412052414D20656E676963
:1040B0006E652047505245475245543D3078253073
:1040C000325820286C6173742073746167652062B4
:1040D00065666F7265207265736574290025733A91
:1040E000204661696C656420746F20636F6E666939
:1040F000726D204D4355626F6F7420696D61676505
:104100003A202564004D4355626F6F7420746573C7
:104110007420696D61676520636F6E6669726D6595
:104120006400574553545F544F504449522F7A65A9
:10413000706879722F647269766572732F61646337
:104140002F6164635F636F6D6D6F6E2E6300257307
:104150003A204661696C656420746F207265616401
:10416000206261747465727920766F6C7461676522
:104170003A202564004261747465727920257525A2
:104180002520282564206D562900426174746572CB
:1041900079206E6F7420617661696C61626C652054
:1041A000282564206D56290025733A2042617474D5
:1041B00065727920766F6C746167652072656164E1
:1041C000696E672069732061626E6F726D616C0049
:1041D00044697363686172676564206261747465C1
:1041E0007279004368616E676520746F2062617444
:1041F0007465727920534F433A2025352E32662557
:1042000025202D3E2025352E32662525007374612C
:104210007475735F7468726561645F696400706F60
:104220007765725F6261747465727900706F77652B
:10423000725F7468726561645F6964006469736168
:10424000626C655F4446555F7468726561645F695E
:1042500064006C65645F7468726561645F696400C2
:1042600070776D40343030323130303000636C6FF5
:10427000636B5F73776974636800626174746572FD
:10428000795F747261636B657200424154544552A8
:104290005900616463403430303037303030007062
:1042A000776D403430303163303030007365745F87
:1042B000737461747573000601050104010702033C
:1042C00001050202010302050401010102010301CB
:1042D0000401060108010C01100118012001400130
:1042E00080706F7765725F7468726561640073795E
:1042F000735F706F7765725F73746174655F726509
:104300007175657374006573625F6F74615F666C6D
:104310006173685F77726974655F70616765006576
:1043200073625F6F74615F666C6173685F65726111
:1043300073655F7061676500636C6F636B5F737754
:1043400069746368007570646174655F696E746533
:104350007276616C007379735F7570646174655F08
:10436000626174746572795F747261636B65720007
:104370006170706C795F63757276650075706461E9
:1043800074655F637572766500726561645F626112
:1043900074745F6D5600646976696465725F7365F5
:1043A0007475700073656E736F725F73657475708A
:1043B0005F574F4D0073656E736F725F6C6F6F70F8
:1043C0005F636865636B5F7061636B657473002521
:1043D000733A204661696C656420746F2072656170
:1043E00064204649464F20636F756E740046494607
:1043F0004F207265616420627566666572206C6923
:104400006D697420726561636865642C2025642081
:104410007061636B6574732064726F7070656400A3
:10442000496E76616C6964204649464F2068656133
:104430006465723A203078253032582028657870CB
:1044400065637465642030783738206F7220307867
:10445000374129004649464F207061636B65745BA4
:1044600025645D3A206865616465723D3078253069
:1044700032582C206779726F2062797465733A2004
:10448000253032582025303258202530325820250A
:1044900030325820253032582025303258004779A4
:1044A000726F2064617461206D61726B656420615C
:1044B0007320696E76616C6964202830783830200A
:1044C0007061747465726E290053797374656D2020
:1044D00077617320726573657420627920776174E7
:1044E0006368646F67210057445420726573657474
:1044F00020636F756E743A2025642028746F746190
:104500006C3A20256429004C617374206661696CE3
:104510006564206368616E6E656C3A202573005790
:10452000445420726573657420636F756E742072D5
:10453000656163686564207468726573686F6C6434
:1045400020282564292C20656E746572696E6720A9
:10455000444655206D6F6465005744542073746160
:104560007465206E6F742076616C69642C20696EAE
:10457000697469616C697A696E6700574454206494
:104580006576696365206E6F742072656164792C4D
:10459000207761746368646F672064697361626C1B
:1045A00065640025733A2068775F77647420696ECC
:1045B0007374616C6C2074696D656F7574206661CD
:1045C000696C65643A2025640025733A2046616968
:1045D0006C656420746F20696E697469616C697AB6
:1045E00065207461736B205744543A20256400544D
:1045F00061736B207761746368646F6720696E69AB
:104600007469616C697A656400454E41424C454469
:104610000044495341424C45440054657374206D35
:104620006F6465202573005057525F4D474D5430DD
:10463000207772697465203D20307825303258200B
:10464000284759524F5F4D4F44453D25642C20412A
:104650004343454C5F4D4F44453D25642900505729
:10466000525F4D474D543020726561646261636BE7
:10467000203D2030782530325800414343454C5F7F
:10468000434F4E46494730207772697465203D207C
:1046900030782530325820284F44523D2564292C4B
:1046A000204759524F5F434F4E464947302077725B
:1046B000697465203D2030782530325820284F44D9
:1046C000523D25642900414343454C5F434F4E46CC
:1046D00049473020726561646261636B203D203020
:1046E00078253032582C204759524F5F434F4E4661
:1046F00049473020726561646261636B203D203000
:1047000078253032580025733A203D3D3D205741F1
:10471000544348444F472054494D454F5554203D3C
:104720003D3D0025733A204661696C6564206368ED
:10473000616E6E656C3A202564202825732900255A
:10474000733A2053797374656D20757074696D6563
:104750003A202575206D730025733A2057616974DE
:10476000696E6720757020746F202564206D73203A
:10477000666F722068617264776172652057445475
:104780002C207468656E207265626F6F74696E6745
:10479000005744543A205374696C6C2077616974F3
:1047A000696E672E2E2E202575206D730A002573E5
:1047B0003A204861726477617265205744542064DE
:1047C0006964206E6F742072657365742C20666F47
:1047D0007263696E6720636F6C64207265626F6FCD
:1047E0007400426F6F742073756363657373206D1B
:1047F00061726B65642C2057445420726573657434
:1048000020636F756E7420636C656172656400254A
:10481000733A205761746368646F67206E6F742009
:10482000696E697469616C697A65642C20736B695F
:104830007070696E6700526567697374657265644C
:10484000202573207468726561642077697468201C
:104850002575206D732074696D656F7574202863EC
:1048600068616E6E656C202564290025733A2046C8
:1048700061696C656420746F206164642077617481
:104880006368646F67206368616E6E656C20256481
:104890003A2025640025733A204661696C656420DE
:1048A000746F20676574207061676520696E666F3C
:1048B0000025733A20436F756C64206E6F74206F0F
:1048C000627461696E20666C6173682070617261E8
:1048D0006D65746572730025733A20556E7375703B
:1048E000706F7274656420777269746520626C6F92
:1048F000636B2073697A650025733A20536563748E
:104900006F722073697A6520257520746F6F206C33
:10491000617267652C206D6178696D756D206973B2
:1049200020257A750025733A20556E61626C6520EA
:10493000746F20676574207061676520696E666FAB
:104940000025733A20496E76616C69642073656353
:10495000746F722073697A650025733A20436F6E15
:1049600066696775726174696F6E206572726F72C5
:10497000202D20736563746F7220636F756E7400F1
:10498000416C6C20736563746F727320636C6F731A
:1049900065642C2065726173696E6720616C6C20A0
:1049A000736563746F72732E2E2E0025733A204642
:1049B00061696C656420746F206D6F756E74204E34
:1049C00056532C206572726F723A2025640025734D
:1049D0003A207379735F666C7573685F7761726D87
:1049E0003A204E565320696E6974206661696C6581
:1049F000642C206B656570696E672025752064697D
:104A00007274792049447300466C757368696E67E7
:104A1000202575207761726D204E56532049442819
:104A200073290025733A207379735F666C75736818
:104A30005F7761726D3A204E5653207772697465C4
:104A4000204944202575206661696C65643A2025FB
:104A5000640025733A205761726D2064697274791D
:104A6000207461626C652066756C6C2C20666F72B8
:104A700063696E6720666C757368206265666F7225
:104A800065206D61726B2049442025750025733ABD
:104A9000205761726D206469727479207461626C50
:104AA00065207374696C6C2066756C6C206166742B
:104AB000657220666C7573682C2064726F70706903
:104AC0006E672049442025750025733A2073797359
:104AD0005F77726974653A204E565320696E697427
:104AE000206661696C65642C2063616E6E6F742052
:104AF00077726974652049442025640025733A2043
:104B00004661696C656420746F20777269746520F2
:104B1000746F204E56532C206572726F723A2025A6
:104B2000640025733A207379735F726561643A207B
:104B30004E565320696E6974206661696C65642CF9
:104B40002063616E6E6F7420726561642049442039
:104B500025640025733A204661696C656420746F92
:104B600020726561642066726F6D204E56532C2052
:104B70006572726F723A2025640052656164206428
:104B80006174612073657420746F207A65726F00A0
:104B900053686F7274204E565320726561642066AC
:104BA0006F722049442025643A20676F7420256481
:104BB0002062797465732C20657870656374656410
:104BC00020257A7500496E76616C6964617465644C
:104BD0002052414D0025733A204E565320696E698C
:104BE00074206661696C656420647572696E672003
:104BF00072657461696E656420696E69742C2063E6
:104C0000616E6E6F7420726573746F72652064617B
:104C100074612066726F6D20666C61736800566106
:104C20006C6964617465642052414D00526573651E
:104C30007474696E67204E565320616E64207265ED
:104C40007461696E65640A004E565320616E64207B
:104C500072657461696E6564207265736574004283
:104C60007574746F6E20707265737365642025644B
:104C70002074696D657300427574746F6E2077617E
:104C80007320707265737365642025642074696D88
:104C9000657300427574746F6E20616374696F6E22
:104CA00020626C6F636B6564206279204F54410011
:104CB00053696E676C652070726573732069676EE7
:104CC0006F726564202873696E676C652D707265FC
:104CD0007373207265626F6F742064697361626CB4
:104CE00065642900427574746F6E20686F6C64206F
:104CF000626C6F636B6564206279204F544100558C
:104D00007365722073687574646F776E2072657155
:104D100075657374656400436F6D6D616E642073B7
:104D2000687574646F776E207265717565737465EC
:104D3000640045787465726E616C20434C4B494E3B
:104D4000206E6F7420776F726B696E672C206661BE
:104D50006C6C696E67206261636B20746F20696E92
:104D60007465726E616C20636C6F636B0045787460
:104D700065726E616C20434C4B494E2076657269BA
:104D8000666965643A204649464F20636F756E74C4
:104D90003D25640057484F5F414D5F49203D20301D
:104DA00078253032582028657870656374656420F2
:104DB000307845392F30784537290025733A204916
:104DC0006E76616C69642057484F5F414D5F4920A2
:104DD00076616C7565005352435F4354524C2070AA
:104DE00072652D72656164206661696C6564202856
:104DF0006572723D256429005352435F4354524CFF
:104E0000207365743A204759524F2030782530324C
:104E1000582D3E307825303258202873656C3D255A
:104E200075292C20414343454C2030782530325899
:104E30002D3E307825303258202873656C3D25751D
:104E400029005352435F4354524C20777269746572
:104E5000206661696C656420286572723D2564294D
:104E6000005352435F4354524C20706F73742D7241
:104E70006561643A204759524F3D307825303258A9
:104E8000202873656C3D25752920414343454C3DE1
:104E9000307825303258202873656C3D25752900FF
:104EA0005352435F4354524C20706F73742D72659C
:104EB0006164206661696C656420286572723D25B5
:104EC00064290055495F4C50464257207072652D49
:104ED00072656164206661696C6564202865727220
:104EE0003D2564290055495F4C5046425720736563
:104EF000743A204759524F203078253032582D3E91
:104F0000307825303258202873656C3D2575292C62
:104F100020414343454C203078253032582D3E30D7
:104F20007825303258202873656C3D257529005549
:104F3000495F4C504642572077726974652066611C
:104F4000696C656420286572723D256429005549A5
:104F50005F4C5046425720706F73742D72656164C8
:104F60003A204759524F3D30782530325820287327
:104F7000656C3D25752920414343454C3D307825DE
:104F8000303258202873656C3D2575290055495FDE
:104F90004C5046425720706F73742D7265616420C7
:104FA0006661696C656420286572723D256429001C
:104FB00025733A20556E737570706F727465642036
:104FC00077726974653A202564206279746573206C
:104FD000286D61782036290025733A204932434DE7
:104FE0002077726974652074696D656F7574004906
:104FF00032434D20627573206572726F72206F6E3E
:10500000207772697465203078253032583A203024
:1050100078253032782C207265747279696E670059
:1050200025733A204932434D2062757320657272B0
:105030006F723A203078253032780025733A204953
:1050400032434D207772697465206661696C6564CE
:105050003A2073746174757320307825303278008B
:1050600025733A204932434D204E41434B206F6E09
:1050700020777269746520746F20616464722030D7
:1050800078253032780025733A20556E737570702C
:105090006F727465642077726974655F72656164AC
:1050A0003A2077726974653D256420726561643DBC
:1050B0002564004932434D20636F6E74696E756FCD
:1050C000757320726561642074696D656F75742CE9
:1050D0002066616C6C696E67206261636B004932A7
:1050E000434D20636F6E74696E756F7573207265C2
:1050F0006164206572726F723A20307825303278A0
:105100002C2066616C6C696E67206261636B0025A0
:10511000733A204932434D20726561642074696D91
:10512000656F7574004932434D2062757320657256
:10513000726F72206F6E2072656164203078253046
:1051400032583A203078253032782C2072657472CB
:1051500079696E670025733A204932434D207265A4
:105160006164206661696C65643A2073746174756A
:1051700073203078253032780025733A2049324345
:105180004D204E41434B2066726F6D206164647206
:1051900020307825303278207265672030782530CD
:1051A00032780025733A2041534943206E6F7420B2
:1051B000696E697469616C697A65642C2075706CBC
:1051C0006F6164696E6720636F6E666967206669E8
:1051D0006C650025733A204661696C656420746FC4
:1051E00020696E697469616C697A6520415349432D
:1051F0000025733A204153494320696E69746961FF
:105200006C697A6564004C534D3644534D004943F4
:105210004D34353638360049434D34323638360051
:1052200049434D3432363838007461736B5F7764AC
:1052300074007761746368646F6700746573745F8A
:105240006D6F646500627574746F6E5F746872650B
:1052500061645F6964007761746368646F67403498
:1052600030303130303030006573620062757474F4
:105270006F6E006C736D3664736D5F75706461740E
:10528000655F6F6472006C736D3664736D5F696E19
:1052900069740069636D34355F6578745F7061733C
:1052A000737468726F7567680069636D34355F7316
:1052B000657475705F445244590069636D34355F9D
:1052C00074656D705F726561640069636D34355F2C
:1052D00073687574646F776E0069636D34355F65EC
:1052E00078745F73657475700069636D34355F65DC
:1052F00078745F77726974655F7265616400696371
:105300006D34355F6578745F7772697465006963C1
:105310006D34355F73657475705F574F4D00696309
:105320006D34355F6779726F5F72656164006963C0
:105330006D34355F616363656C5F726561640080C5
:10534000008000800069636D34355F6669666F5F59
:10535000726561640069636D34355F757064617492
:10536000655F6F647200030405060708090A0B0CE9
:1053700069636D34355F696E69740069636D3432D9
:105380003638365F73657475705F445244590069EE
:10539000636D34323638365F74656D705F72656187
:1053A000640069636D34323638365F7368757464CF
:1053B0006F776E0069636D34323638365F736574AB
:1053C00075705F574F4D0069636D34323638365F04
:1053D0006779726F5F726561640069636D3432363C
:1053E00038365F616363656C5F726561640080007D
:1053F0008000800069636D34323638365F666966D6
:105400006F5F726561640069636D34323638365F90
:105410007570646174655F6F64720069636D3432C6
:105420003638365F696E69740069636D5F736574E1
:1054300075705F445244590069636D5F74656D70A7
:105440005F726561640069636D5F73687574646F32
:10545000776E0069636D5F73657475705F574F4D4C
:105460000069636D5F6779726F5F7265616400697F
:10547000636D5F616363656C5F726561640080008A
:105480008000800069636D5F6669666F5F72656149
:10549000640069636D5F7570646174655F6F6472E9
:1054A000000102030405060F0708090A0B69636D72
:1054B0005F696E697400626D695F6761696E5F61E3
:1054C00070706C7900626D695F73687574646F7772
:1054D0006E0075706C6F61645F636F6E6669675FA5
:1054E00066696C6500C82E002E802E3DB1C82E0066
:1054F0002E802E9103802EBCB0802EA303C82E00D8
:105500002E802E00B05030212E59F51030212E6AF9
:10551000F5802E3B030000000008190100220075F1
:105520000000100010D100B343802E00C1802E0077
:10553000C1802E00C1802E00C1802E00C1802E00AF
:10554000C1802E00C1802E00C1802E00C1802E009F
:10555000C1802E00C1802E00C1802E00C1802E008F
:10556000C1802E00C1802E00C1802E00C1802E007F
:10557000C1802E00C1802E00C1802E00C1802E006F
:10558000C1802E00C1802E00C1802E00C1802E005F
:10559000C1802E00C1802E00C1802E00C1802E004F
:1055A000C1802E00C1802E00C1802E00C1802E003F
:1055B000C1802E00C1802E00C1802E00C1802E002F
:1055C000C1802E00C1802E00C1802E00C1802E001F
:1055D000C1E05F00000000010000000000000000CA
:1055E0000000009200000000000000000000000029
:1055F0000000000000081900008800000000000002
:105600000005E0AA3805E09030FA0096004B091139
:1056100000110002002D01D47B3B01DB7A04003F26
:105620007BCD6CC3048509C304ECE60C460100275E
:105630000019009600A00001000C00F03C000101E0
:1056400000030001000E00000032000500EE060419
:1056500000C80000000400A805EE060004BC02B368
:1056600000850700000000000000000000000000AE
:1056700000000000000000B4000100B90001009823
:105680000000000000000000000100800004000095
:10569000000000000000000000000000000000000A
:1056A00000000000000000000000000000000000FA
:1056B00000000000000000000000000000000000EA
:1056C00000000000000000000000000000000000DA
:1056D000000000000000000000000000000000804A
:1056E0002E00C1FD2DDE00EB00DA00000CFF0F00E4
:1056F00004C0005BF5C9011EF280003FFF19F45899
:10570000F566F564F5C0F1F000E000CD01D301DBF2
:1057100001FF7FFF01E40074F7F300FA00FF3FCAC6
:10572000036C3856FE44FDBC02F90600FC1202AEC2
:105730000158FA9AFD7705BB02960195017F018217
:10574000018901870188018A018C018F018D0192F5
:10575000019101DD009F017E01DB00B60170692629
:10576000D39C071F059D000008BC0537FAA201AABB
:1057700001A101A801A001A805B401B401CE00D087
:1057800000FC00C501FFFBB10000380030FDF5FC56
:10579000F5CD01A0005FFF0040FF0000806D0FEB22
:1057A000007FFFC2F568F7B3F1670F5B0F610F80F1
:1057B0000F58F75BF7830F8600720F850FC6F17FD6
:1057C0000F6CF700E000FFD1F5870F8A0FFF03F0A1
:1057D0003F8B008E009000B9002DF5CAF5CB01205B
:1057E000F2000000000000000000000000000000C7
:1057F00000000000000000000000000000000000A9
:105800000000000000000000000000000000000098
:105810000000000000000000000000000000000088
:105820000000000000000000000000000000000078
:105830000000000000000000000000000000000068
:105840000000000000000000000000000000000058
:105850000000000000000000000000000000000048
:105860000000000000000000000000000000000038
:105870000000000000000000000000000000000028
:105880000000000000000000000000000000000018
:105890000000000000000000000000000000000008
:1058A00000000000000000000000000000000000F8
:1058B00000000000000000000000000000305098D0
:1058C0002ED70E5032982EFA030030F07F002E00B3
:1058D0002ED02E002E018008A2FB2F982EBA032175
:1058E0002E1900012EEE0000B2072F012E19000024
:1058F000B2032F01500352982E07CC012EDD000079
:10590000B2272F052E8A000552982EC7C1032EE913
:105910000040B2F07F082F012E190000B2042F00C2
:1059200030212EE900982EB4B1012E180000B210DB
:105930002F0550982E4DC30550982E5AC7982EF912
:10594000B4982E54B2982E67B6982E17B210302104
:105950002E7700012EEF0000B2042F982E7AB700A8
:1059600030212EEF00012ED40004AE0B2F012EDDCE
:105970000000B2072F0552982E8E0E00B2022F1093
:1059800030212E7D00012E7D000090902EF102012D
:105990002ED70000B2042F982E2F0E0030212E7B20
:1059A00000012E7B0000B2122F012ED400009002C5
:1059B0002F982E1F0E092D982E810D012ED4000434
:1059C00090022F5032982EFA030030212E7B0001D6
:1059D0002E7C0000B2902E0903012E7C00013101C3
:1059E0000800B2042F982E47CB1030212E7700816B
:1059F00030012E7C00010800B2612F032E890001C6
:105A00002ED40098BC98B805B20F58232F079009E0
:105A1000540030372F15410441DCBE44BEDCBA2CA3
:105A20000161000F564A0F0C2FD14294B8C14211A8
:105A300030052E6AF72CBD2FB980B20822982EC3EC
:105A4000B7212D6130232ED400982EC3B70030210A
:105A50002E5AF5182DE17F5030982EFA030F520779
:105A600050504270300D5442427E82E26F80B2420A
:105A700042052F212ED4001030982EC3B7032D607D
:105A800030212ED400012ED4000690182F012E763E
:105A9000000B540752E07F982E7AC1E16F081A403C
:105AA00030082F212ED4002030982EAFB7503298D6
:105AB0002EFA03052D982E380E0030212ED400002A
:105AC00030212E7C00182D012ED40003AA012F981E
:105AD0002E450E012ED4003F8003A2012F002E027E
:105AE0002D982E5B0E3030982ECEB70030212E7DB3
:105AF000005032982EFA03012E770000B2242F981E
:105B00002EF5CB032ED5001154010ABC84838621C7
:105B10002EC901E0401352C4408240A8B95242430A
:105B2000BE5342040A5042E17FF0314140F26F25FA
:105B3000BD0808020AD07F982EA8CF06BCD16FE21C
:105B40006F080A8042982E58B70030212EEE0021AF
:105B50002E7700212EDD00802EF4011A24220080F1
:105B60002EEC011050FB7F982EF3035750FB6F0172
:105B70003071541142420EFC2FC02E0142F05F8062
:105B80002E00C1FD2D0100000000000000000000FB
:105B9000009A013403000000000000000000000033
:105BA00000000000000000000000000000000000F5
:105BB00000000000000000000000000000000000E5
:105BC00000000000000000000000000000000000D5
:105BD00000000000000000000000000000000000C5
:105BE00000000000000000000000000000000000B5
:105BF00000000000000000000000000000000000A5
:105C0000000000000000002050E77FF67F06320F02
:105C10002E61F5FE09C0B3042F17302F2EEF002D93
:105C20002E61F5F66FE76FE05FC82E2050E77FF634
:105C30007F46300F2EA4F1BE0980B3062F0D2ED45F
:105C40000084AF022F16302D2E7B0086302D2E6063
:105C5000F5F66FE76FE05FC82E012E77F709BC0FEE
:105C6000B800B21050FB7F10300B2F032E8A009625
:105C7000BC9FB840B2052F032E68F79EBC9FB8406A
:105C8000B2072F032E7E004190012F982EDC0303D4
:105C90002C0030212E7E00FB6FF05FB82E2050E0EC
:105CA0007FFB7F002E2750982E3BC82950982EA7A7
:105CB000C80150982E55CCE16F2B50982EE0C9FBAF
:105CC0006F0030E05F212E7E00B82E7350013057F8
:105CD000541142420EFC2FB82E212E59F51030C01F
:105CE0002E212E4AF19050F77FE67FD57FC47FB3F7
:105CF0007FA17F907F827F7B7F982E35B700B29007
:105D00002E97B0032E8F00072E9100052EB1003F75
:105D1000BA9FB8012EB100A3BD4C0A052EB10004F4
:105D2000BEBFB9CB0A4FBA22BD012EB300DC0A2F89
:105D3000B9032EB8000ABE9A0ACFB99BBC012E97B0
:105D4000009FB8930A0FBC910A0FB8900A252E182D
:105D500000052EC1F52EBD2EB9012E190031308A55
:105D6000040090072F012ED40004A2032F012E1847
:105D70000000B20C2F19500552982E4DB7052E7801
:105D80000080901030012F212E7800252EDD009804
:105D90002E3EB700B202300130042F012E19000050
:105DA000B2002F2130012EEA00081A0E2F232EEA0E
:105DB0000033301B500B090140175646BE4B084CB0
:105DC0000A01420A8015520142002E012E180000DD
:105DD000B21F2F032EC0F5F030480847AA743007D1
:105DE0002E7A0061224B1A052F072E66F5BFBDBF24
:105DF000B9C0900B2F1D562B30D242DB420104C29A
:105E00004204BDFE808184232E7A000242023225A4
:105E10002E62F5052ED6008184252ED6000231256E
:105E20002E60F5052E8A000B50900880B20B2F05CE
:105E30002ECAF5F03E9008252ECAF5052E59F5E03C
:105E40003F9008252E59F5906FA16FB36FC46FD5A1
:105E50006FE66FF76F7B6F826F705FC82EC05090D8
:105E60007FE57FD47FC37FB17FA27F877FF67F7B73
:105E70007F002E012E60F5607F982E35B7023063CB
:105E80006F1552507F627F5A2C02321A0900B314E8
:105E90002F00B2032F092E180000910C2F437F987A
:105EA0002E97B71F50028A02320430252E64F51552
:105EB00052506F436F4443252E60F5D908C0B23667
:105EC0002F982E3EB700B2062F012E190000B20205
:105ED0002F506F00900A2F012E79000090192F107B
:105EE00030212E79000030982EDC03132D012EC3B3
:105EF000F50CBC0FB81230100403B0262521500356
:105F000052982E4DB71030212EEE000230607F25C2
:105F10002E7900606F0090052F0030212EEA0015C9
:105F200050212E64F51552232E60F50232506F0079
:105F300090022F0330272E7800072E60F51A0900F3
:105F400091A32F19090091A02F906FA26FB16FC379
:105F50006FD46FE56F7B6FF66F876F405FC82EC0A1
:105F600050E77FF67F26300F2E61F52F2E7C000F35
:105F70002E7C00BE09A27F807F80B3D57FC47FB313
:105F80007F917F7B7F0B2F23501A251240427F7415
:105F9000821240527F002E0040607F982E6AD68188
:105FA00030012E7C00010800B2422F032E8900012F
:105FB0002E890097BC06BC9FB80FB80090232ED83E
:105FC00000103001302A2F032ED40044B2052F4791
:105FD000B200302D2F212E7C002B2D032EFDF59E9F
:105FE000BC9FB84090142F032EFCF599BC9FB8407D
:105FF000900E2F032E49F125544A084090082F98FF
:106000002E35B700B21030032F5030212ED400109F
:106010002D982EAFB70030212E7C000A2D052E6959
:10602000F72DBD2FB980B2012F212E7D00232E7CAC
:1060300000E031212E61F5F66FE76F806FA26FB33C
:106040006FC46FD56F7B6F916F405FC82E60510A30
:10605000253688F47FEB7F0032315232301330988E
:106060002E15CB0A253384D27F433005502D52980C
:106070002E95C1D26F2752982ED7C72A25B086C039
:106080007FD37FAF842950F16F982E4DC82A25AE5B
:106090008AAA88F26E2B50C16FD36FF47F982EB608
:1060A000C8E06E00B2322F33548386F16FC37F0491
:1060B000303030F47FD07FB27FE330C56F5640453B
:1060C00041280803140EB408BC8240100A2F54263D
:1060D00005917F4428A37F982ED9C008B933305347
:1060E00009C16FD36FF46F831747406C15B26FBE51
:1060F00009750B90424542510E32BC0289A16F7E58
:1061000086F47FD07FB27F0430916FD62FEB6FA0E3
:106110005EB82E032E97001BBC60509FBC0CB8F0DD
:106120007F40B2EB7F2B2F032E7F004140012EC812
:1061300000011A112F3758232EC8001041A07F38B4
:10614000810141D07FB17F982E64CFD06F0780A1AD
:106150006F1142002EB16F01421130012EFC000080
:10616000A80330CB224A25012E7F003C89355205F9
:1061700054982EC4CEC16FF06F982E95CF042D0188
:1061800030F06F982E95CFEB6FA05FB82E032EB333
:10619000000232F030033130508A080808CB08E0A2
:1061A0007F80B2F37FDB7F252F032ECA004190044E
:1061B0002F0130232ECA00982E3F03C0B2052F03B3
:1061C0002EDA0000304104232EDA00982E92B2100D
:1061D00025F06F00B2052F012EDA000230100421E5
:1061E0002EDA0040B2012F232EC801DB6FE06FD002
:1061F0005F802E95CF0130E06F982E95CF11302320
:106200002ECA00DB6FD05FB82ED0500A25338455DC
:1062100050D27FE27F038CC07FBB7F0030055A39AC
:10622000545141A57F967F807F982ED9C00530F5C7
:106230007F2025916F3B583D5C3B56982E67CCC123
:106240006FD56F52405043C17FD57F1025982EFEE9
:10625000C91025982E74C0866F3028926F828CA545
:106260006F6F52690E3954DB2F19A01530032F00C0
:1062700030212E81010A2D012E810105284236216F
:106280002E8101020E012F982EF303575012300178
:1062900040982EFEC9516F0B5C8E0E3B6F57580213
:1062A00030212E9501456F2A8DD27FCB7F132F028F
:1062B000303F50D27FA80E0E2FC06F5354020051B2
:1062C00054420E103059520230012F002E032D502F
:1062D0004242421230D27F80B2032F0030212E8002
:1062E00001122D012EC9000280052E80011130916E
:1062F000280040252E8001100E052F012E7F010160
:1063000090012F982EF303002EA0410190A67F90BC
:106310002EE3B4012E950100A8902EE3B45B5495B2
:1063200080824080B202402D8C3F52967F902EC2D8
:10633000B3290E762F012EC900004081284552B3A3
:1063400030982E0FCA5D54807F002EA140727F824C
:10635000808240607F982EFEC91025982E74C062FE
:106360006F05308740C0910430052F052E830180D2
:10637000B21430002F0430052EC900736F8140E243
:10638000406904110FE1401630FE29CB40022F83F3
:106390006F830F222F4756130F1230772F49544225
:1063A0000E1230732F00910A2F012E8B0119A802B3
:1063B000306C2F6350002E17420542682C12300BB0
:1063C00025080F5030022F212E8301032D4030214C
:1063D0002E83012B2E85015A2C123000912B25047F
:1063E0002F635002301742172C0242982EFEC9101C
:1063F00025982E74C0052EC90081845B30824037F9
:106400002E8301020E072F5F5240306240414091BF
:106410000E012F212E830105302B2E8501123036DF
:106420002C16301525817F982EFEC91025982E74C4
:10643000C019A21630152F052E9701806F820E0508
:106440002F012E86010628212E86010B2D032E8773
:10645000015F544E289142002E8240900E012F2160
:106460002E88010230132C0530C06F081CA80F16AF
:106470003005305B50092F02802D2E820105420528
:1064800080002E02423E80002E06420230906F3E77
:1064900088014004414C2801420780102524400017
:1064A0004000A8F522232944427A827E8843400492
:1064B0004100ABF523DF284342D9A0142F009002FE
:1064C0002FD26F81B2052F6354062890428542096E
:1064D0002C02305B500380292E7E012B2E82010579
:1064E0004212302B2E83014582002E40407A8202D8
:1064F000A0082F63503B30154205423780372E7E6F
:106500000105421230012EC900028C404084417ABC
:106510008C040F032F012E8B0119A4042F2B2E8224
:1065200001982EF303123081906152082F65426565
:1065300042438039848288054245428542054300B2
:106540002E80410090902EE1B46554C16F804000D0
:10655000B243586950442F555CB7878C0F0D2E9667
:1065600001C440362F41568B0E2A2F0B52A10E0A22
:106570002F052E8F011425982EFEC94B54020F694A
:106580005005306554152F032E8E014D5C8E0F3A49
:106590002F052E8F01982EFEC94F54820F053069AA
:1065A000506554302F6D521530428C454204302BCB
:1065B0002C84436B52428C002E85431530242C458D
:1065C000428E0F202F0D2E8E01B10E1C2F232E8EEA
:1065D000011A2D0E0E172FA10F152F232E8D01132B
:1065E0002D982E74C04354C20E0A2F655004800BA0
:1065F0003006820B42798041401230252E8C0101F9
:106600004205306950655484824384BE8C84408640
:106610004126299442BE8ED57F19A143400B2E8C72
:10662000018440C7415D29272945428442C27F0138
:106630002FC0B31D2F052E940199A0012F80B313F5
:106640002F80B3182FC0B3162F12400140927F98AD
:106650002E74C0926F100F2030032F1030212E7E29
:10666000010A2D212E7E01072D2030212E7E0103CF
:106670002D1030212E7E01C26F012EC900BC840274
:106680008082400040900ED56F022F1530982EF377
:106690000341910530072F67503D802B2E8F010558
:1066A000420480002E0542022C00300030A26F9878
:1066B0008A864080A7052F982EF303C030212E959F
:1066C0000106251A25E26F768296405643510EFB4D
:1066D0002FBB6F305FB82E012EB80001314108404A
:1066E000B22050F2300208FB7F0130102F052ECC73
:1066F000008190E07F032F232ECC00982E55B69872
:106700002E1DB51025FB6FE06FE05F802E95CF98B2
:106710002E95CF1030212ECC00FB6FE05FB82E00FD
:10672000510558EB7F2A2589526F5A89501341062B
:1067300040B3011642CB160640F3021342650EF534
:106740002F054014302C29044208A10030902E520D
:10675000B6B388B08AB684A47FC47FB57FD57F9254
:106760007F73300430554042408A17F3086B019024
:106770000253B84B82ADBE717F450A0954847F989D
:106780002ED9C0A36F7B54D042A37FF27F607F20BD
:1067900025716F755A7758795C7556982E67CCB10C
:1067A0006F626F5042B17FB3301025982E0FCA84AC
:1067B0006F2029716F926FA56F76826A0E73300019
:1067C00030D02FD26FD17FB47F982E2BB715BD0B51
:1067D000B8020AC26FC07F982E2BB715BD0BB84206
:1067E0000AC06F081741188916E118D018A17F2731
:1067F000251625982E79C08B54907FB33082408027
:10680000900D2F7D52926F982E0FCAB26F900E0688
:106810002F8B501430426F516F14421242014200CC
:106820002E316F982E74C0416F807F982E74C08275
:106830006F10044352010F052ECB000030043021AD
:106840002F516F43588C0E04301C2F8588416F04E4
:10685000418C0F0430162F8488002E044104058CCF
:106860000E04300F2F8288316F044104058C0E0412
:1068700030082F8388002E04418C0F0430022F2112
:106880002EAD0114300091142F032EA10141900E62
:106890002F032EAD0114304C28232EAD0146A00647
:1068A0002F81848D5248828240212EA10142425C78
:1068B0002C0230052EAA0180B20230552F032EA9DA
:1068C00001926FB330982E0FCAB26F900F00300252
:1068D000304A2FA26F875291008552510E022F002D
:1068E0002E432C0230C26F7F52910E02303C2F514A
:1068F0006F8154982EFEC91025B3302125982E0F94
:10690000CA326FC07FB3301225982E0FCA426FB0C3
:106910007FB3301225982E0FCAB26F9028835298F9
:106920002EFEC9C26F900F003002301D2F052EA120
:106930000180B212300F2F426F032EAB01910E0275
:1069400030122F526F032EAC01910F02300C2F2109
:106950002EAA010A2C1230032ECB008D5808894133
:106960004011430043252EA101D46F8F5200433ABA
:1069700089002E10431043610EFB2F032EA001113E
:106980001A022F0225212EA001EB6F005FB82E9175
:106990005210300230955652424B0EFC2F8D5488C7
:1069A00082935680425342404242868354C02EC254
:1069B00042002EA3520051524047401A25012E9703
:1069C000008FBE7286FB7F0B307CBFA5501008DFA6
:1069D000BA7088F8BFCB42D37F6CBBFCBBC50A90B2
:1069E0007F1B7F0B43C0B2E57FB77FA67FC47F903C
:1069F0002E1CB7072ED200C0B20B2F9752012ECDFE
:106A000000827F982EBBCC0B30372ED200826F9045
:106A10006F1A2500B28B7F142FA6BD25BDB6B92FE6
:106A2000B980B2D4B00C2F99549B560B300B2EB1B9
:106A300000A1589B42DB426C092B2EB1008B42CB4C
:106A400042867F7384A756C30839520550727F630C
:106A50007F982EC2C0E16F626FD10A012ECD00D5A2
:106A60006FC46F726F97529D5C982E06CD236F9006
:106A70006F9952C0B204BD5440AFB94540E17F02A6
:106A800030062FC0B20230032F9B5C123094438536
:106A90004303BF6FBB80B3202F066F2601166F6EB6
:106AA000034542C090292ECE009B52142F9B5C00C0
:106AB0002E93418641E304AE0780AB042F80910AF8
:106AC0002F866F730F072F836FC0B2042F54424578
:106AD000421230042C1130022C1130113002BC0F44
:106AE000B8D27F00B20A2F012EFC00052EC701107C
:106AF0001A022F212EC701032D022C01300130B0C4
:106B00006F982E95CFD16FA06F982E95CFE26F9F83
:106B100052012ECE00824050420C2C4242113023B2
:106B20002ED2000130B06F982E95CFA06F01309813
:106B30002E95CF002EFB6F005FB82E8386013000AC
:106B400030944024180600530E4F02F92FB82EA996
:106B500052002E604041400DBC98BCC02E010A0F6F
:106B6000B8AB52533C524040404B00821626B9010C
:106B7000B84140100897B80108C02E1130010843F1
:106B80008625400440D8BE2C0B2211544203804B72
:106B90000EF62FB82E9F501050AD52052ED300FB8D
:106BA0007F002E13409342410EFB2F982EA5B798DD
:106BB0002E87CF012ED90000B2FB6F0B2F012E695B
:106BC000F7B13F01080130F05F232ED900212E6973
:106BD000F7802E7AB7F05FB82E012EC0F8032EFC96
:106BE000F51554AF5682080B2E69F7CB0AB15880C1
:106BF00090DDBE4C085FB959228090072F0334C343
:106C000008F23A0A080235C0904A0A4822C02E23E8
:106C10002EFCF51050FB7F982E56C7982E49C310B6
:106C200030FB6FF05F212ECC00212ECA00B82E035E
:106C30002ED30016B802344A0C212E2DF5C02E2377
:106C40002ED30003BC212ED500032ED50040B21058
:106C500030212E77000130052F052ED800809001BD
:106C60002F232E6FF5C02E212ED90011308108015F
:106C70002E6AF7713F23BD0108020AC02E212E6A39
:106C8000F730250030212E5AF51050212E7B00219F
:106C90002E7C00FB7F982EC3B74030212ED400FB02
:106CA0006FF05F0325802EAFB7802E00C1802E00CD
:106CB000C1802E00C1802E00C1802E00C1802E0018
:106CC000C1802E00C1802E00C1802E00C1802E0008
:106CD000C1802E00C1802E00C1802E00C1802E00F8
:106CE000C1802E00C1012E5DF708BC80AC0EBB0236
:106CF0002F003041048206C0A40030112F40A903A8
:106D00002F40910D2F00A70B2F80B3B358022F9067
:106D1000A12613202380901030012FCC0E002F00CD
:106D200030B82EB550180808BC88B60D17C6BD5629
:106D3000BCB758DABA04011D0A1050053032254597
:106D400003FB7FF6302125982E37CA16B59ABC066C
:106D5000B880A8410A0E2F8090022F2D50480F09AD
:106D60002FBFA0042FBF90062FB754CA0F032F00C8
:106D70002E022CB7522D52F233982ED9C0FB6FF150
:106D800037C02E0108F05FBF56B954D040C4400B45
:106D90002EFDF3BF529042944295420530C1500FF0
:106DA00088064004419642C54248BE73300D2ED835
:106DB000004FBA8442034281B3022F2B2E6FF50697
:106DC0002D052E77F7BD569308252E77F7BB542552
:106DD0002EC2F5072EFDF34230B433DA0A4C0027F9
:106DE0002EFDF34340D43FDC084342002E002E43E7
:106DF000402430DC0A43420480032EFDF34A0A2378
:106E00002EFDF36134C02E0142002E60501A257A07
:106E100086E07FF37F0325C3524184DB7F333098C4
:106E20002E16C21A257D82F06FE26F32251640942D
:106E300040260185408E17C4426E039542410EF4F0
:106E40002FDB6FA05FB82EB051FB7F982EE80D5A54
:106E500025982E0F0ECB583287C47F65896B8DC560
:106E60005A657FE17F837FA67F747FD07FB67F9452
:106E70007F1730C752C954517F002E856F427F0063
:106E80002E51414581424113403B8A00404B04D082
:106E900006C0AC857F022F02305104D30641840521
:106EA000305D02C916DF08D3008D02AFBCB1B959FD
:106EB0000A656F1143A1B4524153410143347F65C8
:106EC0007F2631E56FD46F982E37CA326F756F8386
:106ED000404241237F127FF63040255125982E37BE
:106EE000CA146F2005706F256F6907A26F316F0B91
:106EF0003004429B428B425542327F40A9C36F719E
:106F00007F0230D040C37F032F4091152F00A7137D
:106F10002F00A4112F84BD982E79CA556FB75454F1
:106F2000418200F33F4541CB02F630982E37CA35F7
:106F30006FA46F4143032C0043A46F356F17304299
:106F40006F516F934042820041C3000343517F0061
:106F50002E944041414C02C46FD156630E746F5160
:106F600043A57F8A2F092ED80001B3212FCB58903B
:106F70006F1341B66FE47F002E914114409241158A
:106F800040172E6FF5B67FD07FCB7F982E000C0771
:106F900015C26F140B292E6FF5C3A3C18FE46FD0F8
:106FA0006FE62F1430052E6FF5140B292E6FF51890
:106FB0002DCD560432B56F1C0151415241C340B52D
:106FC0007FE47F982E1F0CE46F218700430432CFAB
:106FD000545A0EEF2F1554092E77F7220B292E77CE
:106FE000F7FB6F505EB82E1050012ED40000B2FB9C
:106FF0007F512F01B2482F02B2422F0390562FD754
:107000005279804240818400404242982E930CD9AC
:1070100054D750A14098BD82403E82DA0A44408B4A
:1070200016E3005342002E43409A025242002E4182
:107030004015544A0E3A2F3A8200304140212E85A5
:107040000F40B20A2F982EB10C982E450E982E5B49
:107050000EFB6FF05F0030802ECEB7DD52D354426E
:10706000424F847330DB5283421B306B4223302704
:107070002ED700372ED400212ED6007A84172C422A
:10708000423030212ED400122D21300030232ED456
:1070900000212E7BF70B2D1730982E510CD5500C5C
:1070A0008272302F2ED400252E7BF74042002EFB1B
:1070B0006FF05FB82E70500A253986FB7FE132628F
:1070C00030982EC2C4B556A56FAB08916F4B08DF40
:1070D00056C46F23094DBA93BC8C0BD16F0B09CBEF
:1070E00052E15E5642AF094DBA23BD940AE56F687E
:1070F000BBEB08BDB963BEFB6F5242E30AC02E432F
:1071000042905FD150032E25F3134000409BBC9B5F
:10711000B408BDB8B998BCDA0A08B68916C02E19E9
:107120000062021050FB7F982E810D012ED4003199
:10713000300804FB6F0130F05F232ED600212ED7DC
:1071400000B82E012ED700032ED600480E012F8046
:107150002E1F0EB82EE350213401428230C1322559
:107160002E62F50100223001404A0A0142B82EE3A6
:1071700054F03B8340D808E55283420030833050BE
:1071800042C432272E64F5940050424042D33F84DB
:10719000407D82E30840428342B82EDD52003040F9
:1071A000427C86B952092E700FBF54C442D3865414
:1071B00040554094428542212ED7004240252EFD65
:1071C000F3C0427E82052E7D0080B2142F052E89E9
:1071D0000027BD2FB98090022F212E6FF50C2D07AF
:1071E0002E710F14301C09052E77F7BD5647BE933C
:1071F00008940A252E77F7E75450424A0EFC2FB820
:107200002E505002304386E550FB7FE37FD27FC093
:107210007FB17F002E414000404804982E74C01E6C
:10722000AAD36F1430B16FE322C06F5240E46F4CA9
:107230000E1242D37FEB2F032E860F4090113003A6
:107240002F232E860F022C0030D06FFB6FB05FB85B
:107250002E4050F17F0A253C86EB7F413322309847
:107260002EC2C4D36FF430DC094758C26F9409EBC7
:10727000586ABBDC08B4B9B1BDE95A950821BDF61E
:10728000BF770B51BEF16FEB6F52425442C02E4399
:1072900042C05F5050F55031301142FB7F7B300BC4
:1072A0004211300280233301420300072E80030580
:1072B0002ED3002352E27FD37FC07F982EB60ED10B
:1072C0006F080A1A257B86D07F01331230982EC2B0
:1072D000C4D16F080A00B20D2FE36F012E80035155
:1072E00030C786232E21F208BCC042982EA5B700D5
:1072F0002E002ED02EB06F0BB8032E1B00081AB034
:107300007F7030042F212E21F2002E002ED02E98D7
:107310002E6DC0982E5DC0ED50982E44CBEF509846
:107320002E46C3F150982E53C73550982E64CF1077
:1073300030982EDC032026C06F02311242AB330B93
:1073400042378001300142F337F752FB504440A2EC
:107350000A42428B31092E5EF7F954E30883421B3F
:107360004223334B00BC840B40333083420B42E05A
:107370007FD17F982E58B7D16F803040420330E0E4
:107380006FF3540430002E002E0189620EFA2F4351
:10739000421130FB6FC02E0142B05FC14A00006D48
:1073A000570000778E0000E0FFFFFFD3FFFFFFE5EF
:1073B000FFFFFFEEE1FFFF7C13000046E6FFFF004A
:1073C00000000000000000000000000000000000BD
:1073D00000000000000000000000000000000000AD
:1073E000000000000000000000000000000000009D
:1073F000000000000000000000802E00C1802E0070
:10740000C1802E00C1802E00C1802E00C1802E00C0
:10741000C1802E00C1802E00C1802E00C1802E00B0
:10742000C1802E00C1802E00C1802E00C1802E00A0
:10743000C1802E00C1802E00C1802E00C1802E0090
:10744000C1802E00C1802E00C1802E00C1802E0080
:10745000C1802E00C1802E00C1802E00C1802E0070
:10746000C1802E00C1802E00C1802E00C1802E0060
:10747000C1802E00C1802E00C1802E00C1802E0050
:10748000C1802E00C1802E00C1802E00C1802E0040
:10749000C1802E00C1802E00C1802E00C1802E0030
:1074A000C1802E00C1802E00C1802E00C1802E0020
:1074B000C1802E00C1802E00C1802E00C1802E0010
:1074C000C1802E00C1802E00C1802E00C1802E0000
:1074D000C1802E00C1802E00C1802E00C1802E00F0
:1074E000C1802E00C1617369635F696E6974006257
:1074F0006D695F73657475705F574F4D00626D699C
:107500005F73657475705F4452445900626D695FC2
:1075100074656D705F7265616400626D695F677943
:10752000726F5F7265616400626D695F616363655C
:107530006C5F7265616400027F00800080017F00E3
:107540008000800080626D695F6669666F5F72654A
:10755000616400626D695F7570646174655F6F641A
:1075600072000D0C0B0A090807060C0B0A09080724
:10757000060504030201666163746F725F7A785FC7
:107580007265616400626D695F696E69740077613C
:10759000746368646F675F72656769737465725F4F
:1075A000746872656164007461736B5F7764745FA3
:1075B000696E6974007761746368646F675F696E90
:1075C0006974007761746368646F675F74696D657F
:1075D0006F75745F63616C6C6261636B006E767370
:1075E0005F636C656172007379735F666C75736855
:1075F0005F7761726D5F6C6F636B65640073797345
:107600005F72656164007379735F77726974650096
:107610007761726D5F64697274795F6D61726B5FBF
:107620006C6F636B6564007379735F726574616915
:107630006E65645F696E6974006E76735F6D6F75F9
:107640006E74007379735F6E76735F696E69740030
:107650004354524C312077726974653D307825303F
:10766000325820284F505F4D4F44455F584C3D25C0
:10767000642C204F44525F584C3D2564292C2043F4
:1076800054524C322077726974653D30782530321F
:107690005820284F505F4D4F44455F473D25642C8F
:1076A000204F44525F473D256429004354524C31DA
:1076B00020726561646261636B3D307825303258B9
:1076C0002C204354524C3220726561646261636BBA
:1076D0003D3078253032582C204649464F5F435480
:1076E000524C3320726561646261636B3D30782572
:1076F00030325800496E697469616C697A696E67E5
:10770000204C534D364453562E2E2E0057484F5F73
:10771000414D5F49203D2030782530325820286582
:107720007870656374656420307837302F3078372F
:10773000312900494E5445524E414C5F4652455105
:107740005F46494E45203D2025642C2066726571B8
:107750005F7363616C65203D20252E3666004354BF
:10776000524C362077726974653D30782530325836
:107770002072623D3078253032582C204354524CD0
:10778000372077726974653D307830312072623D00
:107790003078253032582C204354524C38207772A0
:1077A0006974653D3078253032582072623D3078FA
:1077B000253032582C204354524C3920777269744A
:1077C000653D307830382072623D3078253032584F
:1077D0000025733A20436F6D6D756E69636174693E
:1077E0006F6E206572726F7220647572696E6720A9
:1077F000465320636F6E66696775726174696F6E58
:10780000004649464F5F4354524C342077726974A6
:10781000653D30782530325820726561646261635D
:107820006B3D3078253032580025733A20436F6D18
:107830006D756E69636174696F6E206572726F72C7
:1078400020647572696E6720696E697469616C691C
:107850007A6174696F6E004C534D364453562069FB
:107860006E697469616C697A6174696F6E20636FA7
:107870006D706C6574650025733A204661696C65AE
:107880006420746F2072656164204649464F2073FE
:107890007461747573004649464F206F7665727245
:1078A000756E206C617463686564004649464F20BC
:1078B00066756C6C004649464F206F76657272752E
:1078C0006E0025733A20556E737570706F72746513
:1078D000642064756D6D792D6279746520627572AE
:1078E000737420726561640025733A20536C6F775E
:1078F0002049324320726561643A20256C6C752002
:10790000757320287374617475732C203420422998
:10791000004649464F206E6F7420616C69676E6542
:10792000640025733A204649464F2073746174758C
:1079300073207370696B653A20257520776F7264C8
:1079400073202D3E20636C616D70656420746F2020
:1079500025752073616D706C65730025733A205333
:107960006C6F772049324320726561643A20256C40
:107970006C752075732028646174612C2025752036
:10798000422900526573796E63696E6720464946E5
:107990004F3A2025730025733A204649464F2072FE
:1079A0006573796E63206661696C6564004649465B
:1079B0004F206F766572666C6F77206465746563BF
:1079C000746564202D2064617461206D617920628A
:1079D00065206C6F7374006F766572666C6F7720CC
:1079E0006465746563746564004649464F2072653A
:1079F000616420627566666572206C696D697420C9
:107A0000726561636865642C202575207061636B05
:107A10006574732064726F707065640025733A201A
:107A20004661696C656420746F20726561642046EC
:107A300049464F2064617461004649464F206461A5
:107A400074612072656164206661696C65640025FB
:107A5000733A20536B697070696E67204649464FD0
:107A6000207061636B657420776974682074616746
:107A7000203078253032582028756E6B6E6F776E07
:107A80005F636F756E743D25752900636F6E736556
:107A900063757469766520756E6B6E6F776E2046C0
:107AA00049464F20746167730025733A20556E7301
:107AB0007570706F727465642077726974650025E3
:107AC000733A20457874204932432077726974658F
:107AD000204E41434B2066726F6D20616464726575
:107AE0007373203078253032580025733A2057724E
:107AF0006974652074696D656F75740025733A202B
:107B0000556E737570706F727465642077726974E6
:107B1000655F726561640025733A20457874204979
:107B20003243204E41434B2066726F6D2061646486
:107B300072657373203078253032580025733A20EF
:107B40004578742049324320726561642074696D00
:107B5000656F757420666F722061646472657373FB
:107B6000203078253032580025733A2053656E73E3
:107B70006F722068756220636F6E74696E756F75C1
:107B80007320726561642073746172746564202867
:107B9000616464723D3078253032582C20726567FC
:107BA0003D3078253032582C206C656E3D25752986
:107BB0000025733A20526561642074696D656F75A4
:107BC000740025733A20496E697469616C697A6141
:107BD00074696F6E206661696C65643A2025640083
:107BE0004461746120726561647920737461747595
:107BF000732074696D656F757421004D61676E65E2
:107C0000746F6D65746572206F766572666C6F77E0
:107C100000534F46545F52535420646964206E6F82
:107C20007420636C6561720025733A20536F66742B
:107C3000207265736574206661696C6564004D4DE2
:107C400043353630334E4A00716D63353838336C06
:107C50005F6D61675F6F6E6573686F7400716D63F0
:107C6000353838336C5F73687574646F776E007184
:107C70006D63353838336C5F6D61675F7265616461
:107C800000716D63353838336C5F7570646174658D
:107C90005F6F647200716D63353838336C5F696E85
:107CA0006974006D6D635F6D61675F6F6E657368AA
:107CB0006F74006D6D635F696E6974006D6D635FF5
:107CC00073687574646F776E006D6D635F534554B0
:107CD000006D6D635F5245534554006D6D635F7475
:107CE000656D705F72656164006D6D635F6D616786
:107CF0005F72656164006D6D635F7570646174656A
:107D00005F6F6472006D6D63353630335F6D616730
:107D10005F6F6E6573686F74006D6D6335363033F9
:107D20005F696E6974006D6D63353630335F7368FB
:107D30007574646F776E006D6D63353630335F53E5
:107D40004554006D6D63353630335F5245534554AD
:107D5000006D6D63353630335F74656D705F7265CD
:107D60006164006D6D63353630335F6D61675F72DE
:107D7000656164006D6D63353630335F75706461C5
:107D800074655F6F6472006C6973335F74656D70E6
:107D90005F72656164006C6973335F6D61675F6F0B
:107DA0006E6573686F74006C6973335F73687574A4
:107DB000646F776E006C6973335F6D61675F7265C6
:107DC0006164006C6973335F7570646174655F6FC3
:107DD0006472006C6973335F696E6974006C6973F7
:107DE000325F74656D705F72656164006C697332D7
:107DF0005F73687574646F776E006C6973325F6D62
:107E000061675F72656164006C6973325F7570648D
:107E10006174655F6F6472006C6973325F696E696B
:107E20007400697374383330385F6D61675F6F6EEB
:107E30006573686F7400697374383330385F7368C2
:107E40007574646F776E00697374383330385F6DA2
:107E500061675F7265616400697374383330385FDD
:107E60007570646174655F6F647200697374383330
:107E700030385F696E697400697374383330365F07
:107E80006D61675F6F6E6573686F740069737438D6
:107E90003330365F73687574646F776E006973741E
:107EA000383330365F6D61675F7265616400697396
:107EB00074383330365F7570646174655F6F6472F7
:107EC00000626D6D335F6D61675F6F6E6573686FC4
:107ED0007400626D6D335F74656D705F72656164AF
:107EE00000626D6D335F6D61675F72656164006232
:107EF0006D6D335F7570646174655F6F647200628D
:107F00006D6D335F73687574646F776E00626D6D4D
:107F1000335F696E6974007373695F62757273743D
:107F20005F726561645F64756D6D7900626D6D315E
:107F30005F73687574646F776E00626D6D315F6D2D
:107F400061675F7265616400626D6D315F6D61676D
:107F50005F6F6E6573686F7400626D6D315F757011
:107F6000646174655F6F647200726561645F7472EE
:107F7000696D5F72656769737465727300626D6DB8
:107F8000315F696E697400616B5F74656D705F72FB
:107F900065616400616B5F6D61675F6F6E657368DB
:107FA0006F7400616B5F73687574646F776E0061E6
:107FB0006B5F6D61675F7265616400616B5F7570B7
:107FC000646174655F6F6472006C736D5F74656D7E
:107FD000705F72656164006C736D5F736875746463
:107FE0006F776E006C736D5F6578745F7374617228
:107FF000745F636F6E74696E756F7573006C736D0B
:108000005F6578745F77726974655F72656164003B
:108010006C736D5F6578745F7772697465006C73FB
:108020006D5F6578745F706173737468726F756784
:1080300068006C736D5F6578745F7365747570004C
:108040006C736D5F73657475705F574F4D006C7323
:108050006D5F73657475705F44524459006C736D45
:108060005F6779726F5F72656164006C736D5F61E9
:108070006363656C5F72656164006C736D5F6669F4
:10808000666F5F70726F63657373006C736D5F66AC
:1080900069666F5F72656164006C736D5F757064B3
:1080A0006174655F6F6472006C736D5F696E697493
:1080B000006C736D5F6669666F5F726573796E637E
:1080C000006C736D3664736F5F6578745F77726987
:1080D00074655F72656164006C736D3664736F5FA5
:1080E0006578745F7772697465006C736D3664735C
:1080F0006F5F6578745F706173737468726F7567B2
:1081000068006C736D3664736F5F6578745F736558
:10811000747570006C736D3664736F5F736574751E
:10812000705F574F4D006C736D3664736F5F666997
:10813000666F5F72656164006C736D3664736F5F48
:108140007570646174655F6F6472006C736D366422
:10815000736F5F696E6974006C736D3664736D5F05
:1081600073657475705F574F4D006C736D36647333
:108170006D5F73657475705F44524459006C736D24
:108180003664736D5F6669666F5F7265616400284F
:108190006E696C29000D0A006C6F6767696E670075
:1081A0002A2A2A20426F6F74696E6720536C696DAA
:1081B0006556522D547261636B65722D6E52462066
:1081C00076312E302E312D6465762D61333964354C
:1081D00035616333323662202A2A2A0A002A2A2A83
:1081E000205573696E67206E524620436F6E6E6530
:1081F00063742053444B2076332E332E342D396252
:1082000065326538626666646166202A2A2A0A0039
:108210002A2A2A205573696E67205A657068797218
:10822000204F532076342E332E39392D333765368F
:108230006332383537366565202A2A2A0A005745C1
:1082400053545F544F504449522F7A657068797285
:108250002F6C69622F7574696C732F6E6F74696609
:10826000792E6300574553545F544F504449522F61
:108270007A65706879722F7375627379732F6C6F7A
:108280006767696E672F6C6F675F6F757470757461
:108290002E63005B2530386C755D20005B25303225
:1082A000753A253032753A253032752E25303375C2
:1082B0002C253033755D20003C25733E200025734E
:1082C0003A2000253032782000202020007C002534
:1082D0006300574553545F544F504449522F7A65B9
:1082E000706879722F7375627379732F6C6F67671B
:1082F000696E672F6261636B656E64732F6C6F6765
:108300005F6261636B656E645F756172742E63009A
:1083100025733A202A2A2A2A2A204D5055204641E0
:10832000554C54202A2A2A2A2A0025733A20202034
:10833000537461636B696E67206572726F72202877
:10834000636F6E746578742061726561206D696712
:108350006874206265206E6F742076616C69642990
:108360000025733A202020556E737461636B696E2B
:1083700067206572726F720025733A202020446175
:108380007461204163636573732056696F6C617417
:10839000696F6E0025733A2020204D4D46415220D2
:1083A000416464726573733A2030782578002573D0
:1083B0003A202020496E737472756374696F6E2061
:1083C0004163636573732056696F6C6174696F6E86
:1083D0000025733A202020466C6F6174696E672D0A
:1083E000706F696E74206C617A7920737461746542
:1083F00020707265736572766174696F6E20657244
:10840000726F7200574553545F544F504449522F76
:108410007A65706879722F617263682F61726D2F4F
:10842000636F72652F636F727465785F6D2F66611D
:10843000756C742E630025733A204661696C65641F
:1084400020746F20616C6C6F63617465206E65775A
:10845000204D505520726567696F6E2025750A00A2
:1084600025733A20506172656E7420646576696385
:1084700065206973206E6F742072656164790025D0
:10848000733A20506172656E7420696E6974696117
:108490006C69736174696F6E206661696C75726571
:1084A0003A2025640025733A20556E6465726C7914
:1084B000696E6720617265612073697A65206973EE
:1084C00020696E73756666696369656E742C2072C7
:1084D000657175697265733A20307825782C20684B
:1084E00061733A20307825780025733A20496E76FA
:1084F000616C6964206368616E6E656C2049443A02
:108500002025640025733A2053656C6563746564A7
:1085100020414443206761696E206973206E6F7447
:108520002076616C69640025733A2053656C65633D
:1085300074656420414443207265666572656E63AC
:1085400065206973206E6F742076616C6964002504
:10855000733A2053656C656374656420414443201D
:108560006163717569736974696F6E2074696D6593
:10857000206973206E6F742076616C6964005745C2
:1085800053545F544F504449522F6D6F64756C655E
:10859000732F68616C2F6E6F726469632F6E7266E1
:1085A000782F647269766572732F7372632F6E729F
:1085B00066785F73616164632E630025733A2043BC
:1085C000616E6E6F7420636F6E6669677572652089
:1085D0006368616E6E656C2025643A2025640057DF
:1085E0004553545F544F504449522F7A657068790F
:1085F000722F617263682F61726D2F636F72652FC6
:108600006D70752F61726D5F6D70752E63005745CB
:1086100053545F544F504449522F7A6570687972B1
:108620002F7375627379732F6C6F6767696E672F2D
:108630006C6F675F636F72652E6300574553545FBD
:10864000544F504449522F7A65706879722F6B6588
:10865000726E656C2F696E69742E63006D61696E50
:108660000069646C650061626F727428290A0055A4
:108670006E6B6E6F776E206572726F720025733A43
:108680002072302F61313A20203078253038782020
:108690002072312F61323A2020307825303878200E
:1086A0002072322F61333A2020307825303878001C
:1086B00025733A2072332F61343A202030782530E8
:1086C0003878207231322F69703A20203078253086
:1086D0003878207231342F6C723A2020307825306F
:1086E00038780025733A2020787073723A20203051
:1086F00078253038780025733A20735B2532645D25
:108700003A20203078253038782020735B25326479
:108710005D3A20203078253038782020735B253270
:10872000645D3A20203078253038782020735B252E
:1087300032645D3A20203078253038780025733A4D
:108740002066707363723A202030782530387800C4
:1087500025733A204661756C74696E6720696E7383
:108760007472756374696F6E20616464726573738B
:1087700020287231352F7063293A2030782530381F
:10878000780025733A20556E68616E646C656420CC
:108790004952516E3A2025640025733A203E3E3EF0
:1087A000205A455048595220464154414C20455288
:1087B000524F522025643A202573206F6E2043507B
:1087C000552025640025733A204661756C74206439
:1087D0007572696E6720696E746572727570742047
:1087E00068616E646C696E670A0025733A20437590
:1087F0007272656E74207468726561643A202570C7
:1088000020282573290025733A20526573657474F6
:10881000696E672073797374656D00526573657254
:1088200076656420457863657074696F6E202800F2
:1088300053707572696F757320696E7465727275A5
:1088400070742028495251200025733A2053505308
:10885000454C20696E20746872656164206D6F6498
:108860006520646F6573206E6F7420696E64696340
:10887000617465205053500025733A202A2A2A2A11
:108880002A2048415244204641554C54202A2A2A45
:108890002A2A0025733A20202042757320666175CC
:1088A0006C74206F6E20766563746F7220746162E1
:1088B0006C6520726561640025733A202020446550
:1088C000627567206576656E740025733A202020F6
:1088D0004661756C7420657363616C6174696F6E59
:1088E00020287365652062656C6F77290025733ACF
:1088F00020415243485F455843455054207769749E
:108900006820726561736F6E2025780A0025733ABE
:10891000202A2A2A2A2A204465627567206D6F6EF4
:1089200069746F7220657863657074696F6E202A50
:108930002A2A2A2A0025733A202A2A2A2A2A202586
:108940007320256429202A2A2A2A2A006164635F69
:108950006E7266785F7361616463006770726567E9
:1089600072657432403430303030353230006770E8
:108970007265677265743140343030303035316340
:1089800000626F6F745F6D6F646540300072657474
:10899000656E74696F6E006D707500666174616CF0
:1089A0005F6572726F72006F730043505520657877
:1089B00063657074696F6E00556E68616E646C6596
:1089C0006420696E746572727570740053746163AB
:1089D0006B206F766572666C6F77004B65726E65A3
:1089E0006C206F6F7073004B65726E656C207061E8
:1089F0006E6963006572720077726E00696E660060
:108A0000646267001B5B313B33316D001B5B313BA4
:108A100033336D006761696E5F73657400726566FC
:108A20006572656E63655F736574006163715F7421
:108A3000696D655F736574006164635F6E7266780B
:108A40005F6368616E6E656C5F73657475700072EC
:108A50006574656E74696F6E5F696E697400000796
:108A60000E091C1B1215383F363124232A2D000015
:108A700001000000726567696F6E5F616C6C6F6307
:108A80006174655F616E645F696E697400676574C7
:108A90005F65736600686172645F6661756C74001F
:108AA00064656275675F6D6F6E69746F7200726581
:108AB0007365727665645F657863657074696F6EFF
:108AC000006D656D5F6D616E6167655F6661756C98
:108AD00074006573665F64756D70006B5F737973A6
:108AE0005F666174616C5F6572726F725F68616E00
:108AF000646C6572007A5F666174616C5F65727246
:108B00006F72007A5F61726D5F666174616C5F6540
:108B100072726F72000001010301000301206D6594
:108B20007373616765732064726F70706564202D64
:108B30002D2D0D0A1B5B306D001B5B313B33316DFE
:108B40002D2D2D20006E76735F736563746F725FD9
:108B50006D61785F646174615F73697A6500716DDE
:108B6000635F6D61675F6F6E6573686F7400716DD1
:108B7000635F73687574646F776E00716D635F6DAA
:108B800061675F7265616400716D635F75706461D8
:108B900074655F6F64720025733A20696E76616C4C
:108BA000696420616464726573733A20307825309B
:108BB000386C783A257A750025733A204661696CDD
:108BC000656420746F20696E697469616C697A6587
:108BD000206465766963653A202573001B5B73002A
:108BE0001B5B7500574553545F544F504449522FF7
:108BF0007A65706879722F647269766572732F6313
:108C00006C6F636B5F636F6E74726F6C2F636C6FEE
:108C1000636B5F636F6E74726F6C5F6E72662E63F0
:108C200000574553545F544F504449522F6D6F6461
:108C3000756C65732F68616C2F6E6F726469632F3A
:108C40006E7266782F647269766572732F737263C1
:108C50002F6E7266785F636C6F636B2E630057458F
:108C600053545F544F504449522F6D6F64756C6577
:108C7000732F68616C2F6E6F726469632F6E7266FA
:108C8000782F647269766572732F7372632F6E72B8
:108C900066785F636C6F636B5F6866636C6B2E6393
:108CA00000574553545F544F504449522F7A6570D2
:108CB0006879722F696E636C7564652F7A65706868
:108CC00079722F647269766572732F6770696F2F7E
:108CD0006770696F5F7574696C732E6800574553D0
:108CE000545F544F504449522F6D6F64756C6573D7
:108CF0002F68616C2F6E6F726469632F6E72667875
:108D00002F647269766572732F7372632F6E726649
:108D1000785F7764742E6300574553545F544F5007
:108D20004449522F6E72662F7375627379732F6583
:108D300073622F6573622E6300574553545F544F1F
:108D4000504449522F6D6F64756C65732F68616C68
:108D50002F6E6F726469632F6E7266782F68656C10
:108D6000706572732F6E7266785F677070695F707E
:108D700070692E6300574553545F544F5044495215
:108D80002F6D6F64756C65732F68616C2F6E6F72D9
:108D90006469632F6E7266782F6472697665727388
:108DA0002F7372632F6E7266785F74696D65722EB1
:108DB0006300574553545F544F504449522F6D6FD1
:108DC00064756C65732F68616C2F6E6F7264696374
:108DD0002F6E7266782F647269766572732F737264
:108DE000632F6E7266785F636C6F636B5F6C666334
:108DF0006C6B2E6300574553545F544F5044495297
:108E00002F6D6F64756C65732F68616C2F6E6F7258
:108E10006469632F6E7266782F68616C2F6E72665C
:108E20005F6770696F74652E6800574553545F54CF
:108E30004F504449522F6D6F64756C65732F686194
:108E40006C2F6E6F726469632F6E7266782F647216
:108E500069766572732F7372632F6E7266785F67BF
:108E600070696F74652E6300574553545F544F50BB
:108E70004449522F7A65706879722F6472697665F9
:108E800072732F6770696F2F6770696F5F6E72669C
:108E9000782E6300574553545F544F504449522F26
:108EA0006D6F64756C65732F68616C2F6E6F726483
:108EB00069632F6E7266782F68616C2F6E72665FC1
:108EC00070776D2E6800574553545F544F50444996
:108ED000522F6D6F64756C65732F68616C2F6E6FA8
:108EE000726469632F6E7266782F64726976657238
:108EF000732F7372632F6E7266785F70776D2E6357
:108F00000025733A20496E76616C69642073656C44
:108F1000656374696F6E206F66206368616E6E654D
:108F20006C730025733A204368616E6E656C202572
:108F300075206E6F7420636F6E6669677572656405
:108F40000025733A204E6F206368616E6E656C2059
:108F5000636F6E666967757265640025733A2041B8
:108F60004443207265736F6C7574696F6E2076610F
:108F70006C7565202564206973206E6F742076619E
:108F80006C69640025733A204F76657273616D7069
:108F90006C696E6720697320737570706F72746589
:108FA0006420666F722073696E676C652063686108
:108FB0006E6E656C206F6E6C790025733A204F766B
:108FC000657273616D706C696E672076616C756532
:108FD000202564206973206E6F742076616C69644B
:108FE00000574553545F544F504449522F6D6F649E
:108FF000756C65732F68616C2F6E6F726469632F77
:109000006E7266782F68616C2F6E72665F73616135
:1090100064632E680025733A2050726F7669646528
:10902000642062756666657220697320746F6F20B4
:10903000736D616C6C202825752F257529002573AB
:109040003A204661696C656420746F2073657420F2
:109050006275666665723A2025640025733A20437E
:10906000616E6E6F742073746172742073616D70C1
:109070006C696E673A2025640025733A206E6F7420
:1090800020776F72642D616C69676E65643A203079
:10909000782530386C783A257A7500574553545FF7
:1090A000544F504449522F6D6F64756C65732F682F
:1090B000616C2F6E6F726469632F6E7266782F64B5
:1090C0007269766572732F7372632F6E7266785F42
:1090D0006E766D632E630025733A20756E616C6940
:1090E000676E656420616464726573733A203078DA
:1090F0002530386C783A257A75005461726765744A
:1091000020636C6F636B206672657175656E637941
:109110002063616E6E6F7420626520657870726581
:109120007373656420696E2050574D20636C6F63C4
:109130006B207469636B73001B5B257544001B5BBC
:1091400025754300574553545F544F504449522F9F
:109150006D6F64756C65732F68616C2F6E6F7264D0
:1091600069632F6E7266782F68616C2F6E72665F0E
:10917000726164696F2E680025733A20496E7661CA
:109180006C6964206368616E6E656C3A2025752E8B
:109190000025733A20496E636F6D70617469626C6B
:1091A0006520706572696F642E0025733A205072D5
:1091B000657363616C657220666F72207065726999
:1091C0006F645F6379636C6573202575206E6F74BF
:1091D00020666F756E642E0025733A204661696CB7
:1091E000656420746F20616C6C6F636174652047E7
:1091F00050494F5445206368616E6E656C20666F00
:10920000722057414B450025733A204661696C65D1
:109210006420746F20636F6E66696775726520578E
:10922000414B452070696E0025733A204353204717
:1092300050494F20706F72742025732070696E2022
:109240002564206973206E6F7420726561647900F3
:1092500025733A204661696C656420746F20616CE7
:109260006C6F6361746520505049204368616E6E75
:10927000656C00574553545F544F504449522F6D0D
:109280006F64756C65732F68616C2F6E6F726469A3
:10929000632F6E7266782F647269766572732F73AE
:1092A00072632F6E7266785F7370696D2E6300252E
:1092B000733A2055706461746520657863656564F0
:1092C000732063757272656E74206275666665726E
:1092D0000025733A2048616C662D6475706C657862
:1092E000206E6F7420737570706F727465640025E2
:1092F000733A20536C617665206D6F6465206973E5
:10930000206E6F7420737570706F72746564206F57
:109310006E2025730025733A204C6F6F7062616375
:109320006B206D6F6465206973206E6F7420737598
:1093300070706F727465640025733A20576F7264A1
:109340002073697A6573206F746865722074686130
:109350006E2038206269747320617265206E6F74AC
:1093600020737570706F727465640025733A2046BF
:1093700072657175656E63696573206C6F77657270
:10938000207468616E20313235206B487A2061721A
:1093900065206E6F7420737570706F7274656400F1
:1093A00025733A204661696C656420746F20696E8C
:1093B000697469616C697A65206E7266782064727E
:1093C000697665723A2025640057616974696E6731
:1093D00020666F722057414B452061636B6E6F773B
:1093E0006C6564676D656E742074696D6564206F6B
:1093F00075740025733A2054696D656F7574207714
:10940000616974696E6720666F72207472616E7331
:1094100066657220636F6D706C65746500574553A7
:10942000545F544F504449522F626F6F746C6F6198
:109430006465722F6D6375626F6F742F626F6F74E6
:109440002F626F6F747574696C2F7372632F626F04
:109450006F747574696C5F7075626C69632E6300FC
:109460007370695F6E7266785F7370696D007561A5
:1094700072745F6E7266785F756172746500726592
:109480007461696E65646D656D0070776D5F6E7295
:10949000667800666C6173685F6E72660070776DE7
:1094A000636C6F636B00636C6F636B5F636F6E7491
:1094B000726F6C5F70776D00010203040506070888
:1094C000090000000D0020303030303030303030B6
:1094D0003030303030010101000000000000000099
:1094E00001626F6F745F7365745F6E6578740006F8
:1094F0000500010100000000007370695F636F6E7A
:10950000746578745F63735F636F6E6669677572A5
:10951000655F616C6C007370695F6E7266785F691D
:109520006E6974007370695F636F6E746578745FE1
:10953000776169745F666F725F636F6D706C65747D
:10954000696F6E00636F6E66696775726500737030
:10955000695F636F6E746578745F7570646174655C
:109560005F7278007370695F636F6E746578745FA3
:109570007570646174655F747800656E6474785F9B
:1095800073746F7074785F7070695F696E6974006E
:1095900070776D5F6E7266785F696E697400707760
:1095A0006D5F706572696F645F636865636B5F614F
:1095B0006E645F7365740070776D5F6E7266785F5E
:1095C0007365745F6379636C657300000102030463
:1095D0000506070001666C6173685F6E72665F72F4
:1095E00065616400666C6173685F6E72665F657268
:1095F00061736500666C6173685F6E72665F777237
:1096000069746500696E69745F73616164630061A8
:1096100064635F636F6E746578745F7570646174A2
:10962000655F6275666665725F706F696E7465729C
:10963000006576656E745F68616E646C657200616A
:1096400064635F636F6E746578745F656E61626C8E
:10965000655F74696D657200636865636B5F6275F1
:10966000666665725F73697A65006765745F6F76B9
:10967000657273616D706C696E67006765745F72A7
:1096800065736F6C7574696F6E0073746172745F6B
:109690007265616400574553545F544F50444952BA
:1096A0002F7A65706879722F6B65726E656C2F64A6
:1096B00065766963652E6300574553545F544F5078
:1096C0004449522F7A65706879722F6B65726E65A6
:1096D0006C2F69646C652E6300574553545F544F7B
:1096E000504449522F7A65706879722F6B65726E9B
:1096F000656C2F7468726561642E6300574553541E
:109700005F544F504449522F7A65706879722F6BBD
:1097100065726E656C2F696E636C7564652F6B7313
:109720007761702E6800574553545F544F50444939
:10973000522F7A65706879722F6B65726E656C2F27
:1097400074696D65736C6963696E672E6300574554
:1097500053545F544F504449522F7A657068797260
:109760002F6C69622F686561702F686561702E6368
:1097700000574553545F544F504449522F7A6570F7
:109780006879722F6B65726E656C2F6B686561709E
:109790002E6300574553545F544F504449522F6D28
:1097A0006F64756C65732F68616C2F6E6F7264697E
:1097B000632F6E7266782F68656C706572732F6E9A
:1097C0007266785F72616D5F6374726C2E630057AE
:1097D0004553545F544F504449522F7A657068790D
:1097E000722F6C69622F6F732F63627072696E746F
:1097F000665F7061636B616765642E630025733A11
:1098000020506172746974696F6E2025753A2073F7
:10981000616E69747920636865636B206661696C49
:1098200065642E0025733A202A2A2A2A2A205553B5
:10983000414745204641554C54202A2A2A2A2A00CD
:1098400025733A2020204469766973696F6E20621F
:1098500079207A65726F0025733A202020556E6159
:109860006C69676E6564206D656D6F7279206163E8
:10987000636573730025733A2020204E6F20636F59
:1098800070726F636573736F7220696E7374727533
:109890006374696F6E730025733A202020496C6CE5
:1098A0006567616C206C6F6164206F66204558436A
:1098B0005F52455455524E20696E746F20504300DC
:1098C00025733A202020496C6C6567616C207573A4
:1098D00065206F66207468652045505352002573DB
:1098E0003A202020417474656D707420746F206577
:1098F00078656375746520756E646566696E656408
:1099000020696E737472756374696F6E0025733AA3
:10991000202A2A2A2A2A20425553204641554C54AF
:10992000202A2A2A2A2A0025733A202020537461EB
:10993000636B696E67206572726F720025733A20DF
:1099400020205072656369736520646174612062D0
:109950007573206572726F720025733A2020204261
:1099600046415220416464726573733A2030782511
:10997000780025733A202020496D70726563697301
:1099800065206461746120627573206572726F7204
:109990000025733A202020496E73747275637469D0
:1099A0006F6E20627573206572726F7200494D553B
:1099B0002077616B652075702072657175657374B1
:1099C000656400494D552077616B65207570206294
:1099D0006C6F636B6564206279204F54410025737E
:1099E0003A20494D552077616B652075702073656D
:1099F000747570206661696C656420616674657257
:109A00002073687574646F776E20707265702C2097
:109A10007265626F6F74696E6700436F6E66696727
:109A20007572656420494D552077616B65207570AE
:109A30000057616B65207570204750494F205025B5
:109A4000752E253032752C20636F6E6669673A205B
:109A5000257500436F6E6669677572656420494DB0
:109A6000552077616B65207570204750494F002560
:109A7000733A206572723A2025640025733A2052A9
:109A80006561642076616C75653A203078253032E6
:109A9000582C203078253032582C20307825303220
:109AA000582028307825303258290056616C696476
:109AB0002064657669636520666F756E64207573D2
:109AC000696E672072656769737465723A203078D1
:109AD00025303258202876616C75653A203078251B
:109AE00030325829004E6F206465766963652066C0
:109AF0006F756E64207573696E6720726567697330
:109B00007465723A203078253032580025733A2037
:109B1000416363656C65726F6D6574657220776112
:109B200069742074696D6564206F757400416363A6
:109B3000656C65726F6D657465723A20252E3566A9
:109B400020252E356620252E3566004E6F206D6F40
:109B500074696F6E20646574656374656400436145
:109B60006C6962726174696F6E3A205573696E67D1
:109B70002061637475616C204F4452202D20477919
:109B8000726F3A20252E3266487A2C204163636535
:109B90006C3A20252E3266487A2C20436865636B28
:109BA00020696E74657276616C3A202564004D619F
:109BB000782073616D706C696E672074696D6520C3
:109BC000726561636865642028256C6C64206D7320
:109BD000290054656D7065726174757265207468D2
:109BE000726573686F6C6420726561636865642078
:109BF000616674657220256C6C64206D73207769D2
:109C000074682025642073616D706C657300416316
:109C100063656C206D6F74696F6E20646574656335
:109C20007465643A20617869732025642072616EDE
:109C3000676520252E3466004779726F206D6F743A
:109C4000696F6E2064657465637465643A20617839
:109C500069732025642077696E646F7765642D6D64
:109C600065616E2072616E676520252E3466005333
:109C7000616D706C657320636F6C6C656374656493
:109C80003A202564004E6F7420656E6F75676820FA
:109C900073616D706C65733A202564203C202564E7
:109CA00020286261736564206F6E206779726F206F
:109CB00077616974204F44523A20252E3266487AE3
:109CC0002C206D696E2074696D653A2025646D7372
:109CD0002900542D43616C3A2041766572616765B5
:109CE0002074656D70657261747572653A20252EF9
:109CF000326643202825642073616D706C6573297A
:109D000000542D43616C3A2054656D706572617426
:109D10007572652072616E67653A20252E32664342
:109D20002028252E32664320746F20252E3266436C
:109D30002900467573696F6E2062696173207570C2
:109D400064617465643A205B252E33662C20252ED1
:109D500033662C20252E33665D0025733A20434C54
:109D60004B5F454E204750494F2073657420746FF8
:109D7000202564206661696C656420287265743DE5
:109D800025642900434C4B5F454E204750494F20E6
:109D900073657420746F202564004D65737361676B
:109DA00065202822257322292064726F70706564F3
:109DB00020626563617573652069742065786365E9
:109DC0006564732073697A65206C696D6974617468
:109DD000696F6E202825752900574553545F544FED
:109DE000504449522F7A65706879722F7375627387
:109DF00079732F6C6F6767696E672F6C6F675F6D24
:109E000073672E630025733A20436F6E666967752A
:109E10007265642072657472616E736D69737369C3
:109E20006F6E2064656C61792069732062656C6F68
:109E30007720746865207265717569726564206D3C
:109E4000696E696D756D206F6620256420757300DD
:109E500025733A204661696C656420746F207570C3
:109E60006461746520726164696F20706172616DF4
:109E700065746572730025733A204661696C656488
:109E800020746F20696E697469616C697A65206EEF
:109E90007266782074696D6572202865727220255B
:109EA00064290025733A204661696C656420746FEB
:109EB00020696E697469616C697A65204553422036
:109EC00073797374656D2074696D65720025733ADA
:109ED00020677070695F67726F75705F616C6C6F1F
:109EE00063206661696C656420776974683A20252F
:109EF000640A0025733A20677070695F6368616E59
:109F00006E656C5F616C6C6F63206661696C656423
:109F100020776974683A2025640A0025733A204640
:109F200061696C656420746F20696E697469616C25
:109F3000697A652050504900526573746F72696E7A
:109F400067205246206368616E6E656C2066726F92
:109F50006D204E56533A202575005573696E672063
:109F600064656661756C74205246206368616E6E2C
:109F7000656C3A2025750045534220696E69746905
:109F8000616C697A65642C20257358206D6F646557
:109F90000025733A2045534220696E697469616CEB
:109FA000697A6174696F6E206661696C65643A20D4
:109FB00025640028756E7369676E6564292063687F
:109FC0006172202A207573656420666F72202525D2
:109FD0007020617267756D656E742E2049742773E9
:109FE000207265636F6D6D656E64656420746F20AB
:109FF0006361737420697420746F20766F696420C4
:10A000002A2062656361757365206974206D6179CA
:10A01000206361757365206D697362656861766937
:10A020006F7220696E206365727461696E20636F60
:10A030006E66696775726174696F6E732E205374F2
:10A0400072696E673A2225732220617267756D65A9
:10A050006E743A2564004D657373616765206472A0
:10A060006F707065642062656361757365206974E3
:10A0700020657863656564732073697A65206C690F
:10A080006D69746174696F6E2028257529005745C4
:10A0900053545F544F504449522F7A657068797217
:10A0A0002F6B65726E656C2F74696D656F75742E9C
:10A0B0006300574553545F544F504449522F7A65BB
:10A0C000706879722F6B65726E656C2F696E636C48
:10A0D0007564652F6B7468726561642E68005745FE
:10A0E00053545F544F504449522F7A6570687972C7
:10A0F0002F6B65726E656C2F6D757465782E6300BD
:10A1000025733A204661696C656420746F2072651E
:10A110007175657374204D4355626F6F742072655D
:10A12000636F766572793A202564004D4355626FFE
:10A130006F742073657269616C207265636F7665F8
:10A140007279207265717565737465640057455343
:10A15000545F544F504449522F7A65706879722F7A
:10A160006B65726E656C2F73656D2E63005745537A
:10A17000545F544F504449522F7A65706879722F5A
:10A180006B65726E656C2F6576656E74732E6300F9
:10A1900050616972696E67207265736574207265BB
:10A1A00071756573746564004446552072657175F8
:10A1B000657374656400444655204F5441207265B0
:10A1C0007175657374656400574553545F544F50FF
:10A1D0004449522F7A65706879722F6B65726E658B
:10A1E0006C2F6D73675F712E6300636F6E736F6C9E
:10A1F000650073656E736F725F7363616E00736584
:10A200006E736F725F6E6F6E65007379735F6765F3
:10A21000746F7074006C6F675F6D676D74006C6F46
:10A22000675F7561727400706D5F64657669636500
:10A230000053545245414D5F464C41534800666CB3
:10A240006173685F696D670073657474696E6773C5
:10A2500000736F63006D6375626F6F745F64667522
:10A2600000636C6F636B5F636F6E74726F6C006919
:10A2700032630072657461696E65645F6D656D5F00
:10A280006E72665F6770726567726574007265747E
:10A2900061696E65645F6D656D5F7A65706879721E
:10A2A0005F72616D007764745F6E726678006573CB
:10A2B000625F676C7565006D6375626F6F745F7563
:10A2C00074696C0063627072696E74665F7061635A
:10A2D0006B616765006C6F670063616C5F626961E9
:10A2E000735F636F6C6C6563740073656E736F721C
:10A2F0005F7363616E5F737069007379735F746914
:10A300006D65725F696E6974006573625F70706914
:10A310005F696E6974006573625F696E6974006578
:10A3200073625F696E697469616C697A65006E76E3
:10A33000735F7772697465006E76735F72656164CE
:10A340005F68697374007365745F73656E736F72B1
:10A350005F636C6F636B00626F6F745F77726974B9
:10A36000655F747261696C6572007379735F656EA5
:10A370007465725F646675000010011102120313A8
:10A380000414051506160717080808080808080821
:10A3900018181818181818182828282828282828BD
:10A3A00038383838383838384848484848484848AD
:10A3B000585858585858585873656E736F725F776D
:10A3C0006169745F616363656C0073656E736F725E
:10A3D0005F7363616E5F737069007379735F574F6A
:10A3E0004D006275735F6661756C740075736167AB
:10A3F000655F6661756C74006D70755F636F6E6626
:10A4000069677572655F726567696F6E7300616415
:10A41000635F636F6E746578745F73746172745F89
:10A4200073616D706C696E670001000101010100CC
:10A430000101010101574553545F544F50444952A3
:10A440002F7A65706879722F6C69622F6C6962630C
:10A450002F6E65776C69622F6C6962632D686F6F10
:10A460006B732E6300415353455254494F4E20465F
:10A4700041494C20402025733A25640A002C20666F
:10A48000756E6374696F6E3A2000617373657274E0
:10A49000696F6E2022257322206661696C65643ABB
:10A4A0002066696C6520222573222C206C696E65FC
:10A4B000202564257325730A0000202020202020F9
:10A4C0002020202828282828202020202020202064
:10A4D0002020202020202020202088101010101064
:10A4E00010101010101010101010040404040404B4
:10A4F0000404040410101010101010414141414197
:10A5000041010101010101010101010101010101FB
:10A51000010101010110101010101042424242428C
:10A5200042020202020202020202020202020202CB
:10A5300002020202021010101020000000000000B1
:10A54000000000000000000000000000000000000B
:10A5500000000000000000000000000000000000FB
:10A5600000000000000000000000000000000000EB
:10A5700000000000000000000000000000000000DB
:10A5800000000000000000000000000000000000CB
:10A5900000000000000000000000000000000000BB
:10A5A00000000000000000000000000000000000AB
:10A5B00000000000000000000000232D302B2000D0
:10A5C000686C4C006566674546470030313233346D
:10A5D000353637383941424344454600303132330D
:10A5E00034353637383961626364656600696E698F
:10A5F0007479005245454E54206D616C6C6F632038
:10A60000737563636565646564002F5F5F772F5FB3
:10A6100074656D702F776F726B73706163652F62F5
:10A6200075696C642F2E6275696C642F61726D2D73
:10A630007A65706879722D656162692F7372632F14
:10A640006E65776C69622D6E616E6F2F6E65776CCB
:10A6500069622F6C6962632F737472696E672F73FE
:10A660007472746F6B2E630042616C6C6F63207345
:10A670007563636565646564002F5F5F772F5F7442
:10A68000656D702F776F726B73706163652F627584
:10A69000696C642F2E6275696C642F61726D2D7AFE
:10A6A00065706879722D656162692F7372632F6EB0
:10A6B00065776C69622D6E616E6F2F6E65776C6960
:10A6C000622F6C6962632F7374646C69622F6764B4
:10A6D000746F612D6765746865782E6300504F5301
:10A6E0004958002F5F5F772F5F74656D702F776F0C
:10A6F000726B73706163652F6275696C642F2E6273
:10A7000075696C642F61726D2D7A65706879722D30
:10A71000656162692F7372632F6E65776C69622D54
:10A720006E616E6F2F6E65776C69622F6C69626304
:10A730002F7374646C69622F6D707265632E630091
:10A74000919403001D75040000000000797104005D
:10A75000C48A0400C1720400000000007971040082
:10A76000000000007971040000000000797104000D
:10A770007C0100200196030035CE03001D75040006
:10A7800000000000797104000000000079710400ED
:10A7900000000000797104000000000079710400DD
:10A7A00000000000797104000000000079710400CD
:10A7B00000000000797104000000000079710400BD
:10A7C000FC03002015E4030000000000B5B0030006
:10A7D000000000007971040000000000797104009D
:10A7E000000000007971040000000000797104008D
:10A7F000000000007971040000000000797104007D
:10A80000000000007971040000000000797104006C
:10A81000000000007971040000000000797104005C
:10A8200038030020599F03000000000079710400E4
:10A83000000000007971040000000000797104003C
:10A84000000000007971040008030020599F0300F4
:10A85000000000007971040000000000797104001C
:10A86000000000007971040000000000797104000C
:10A8700000000000797104000000000079710400FC
:10A8800000000000797104000000000079710400EC
:10A8900000000000797104000000000079710400DC
:10A8A00000000000797104000000000079710400CC
:10A8B00000000000797104002C02002001F1030067
:10A8C00018C40000000000000000000000000000AC
:10A8D0000000000000000000000000000000000078
:10A8E0000000000004000000000000000000000064
:10A8F000010000000000000048F4FFFFFFFFFFFF21
:10A900000000000000000000000000000000000047
:10A9100000000000000000000000803F0000000078
:10A92000000000000000000018FCFFFFFFFFFFFF19
:10A9300018FCFFFFFFFFFFFF000000007C0000206D
:10A940007C00002000000000010000008C000020BE
:10A950008C0000200000000001000000000000004A
:10A9600000000000000000000000000000000000E7
:10A9700000000000000000000000000000000000D7
:10A9800000000000000000000000000000000000C7
:10A9900000000000000000000000000000000000B7
:10A9A00000000000000000000000000000000000A7
:10A9B0000000000000000000000000000000000097
:10A9C0000000000000000000000000000000000087
:10A9D0000000000000000000FFFFFFFFFFFFFFFF7F
:10A9E0000A000000E5030000000000000000000075
:10A9F00009B200202000000000000000000000005C
:10AA00000000000000000000AF7A04000000000019
:10AA100028010020000000000000000000000000ED
:10AA20000000C07F0000C07FFFFFFFFF00000000AC
:10AA30000000000087720400000000000060004079
:10AA40000000000000000000000000000000000006
:10AA500000000000000000000000000000000000F6
:10AA600000000000000000000000000000000000E6
:10AA700000000000000000000000000000000000D6
:10AA800000000000000000000000000000000000C6
:10AA900000000000000000000000000000000000B6
:10AAA00000000000000000000000000000000000A6
:10AAB0000000000000000000000000000000000096
:10AAC0000000000000000000000000000000000086
:10AAD0000000000087720400000000000000000079
:10AAE00000000000777A04000000000000F002403F
:10AAF0000000000000000000000000000000000056
:10AB00000000000000000000000000000000000045
:10AB10000000000000000000000000009098040009
:10AB20000100000064020020640200200000000018
:10AB300001000000740200207402002000000000E8
:10AB40000100000000000000000000000000000004
:10AB500000000000000000000000000000000000F5
:10AB60000000000000000000A48B040000000000B2
:10AB700000000000BEB20020B6B2002006000000B7
:10AB8000A48B040000366E0106010000A48A0400B4
:10AB90001F00010000000000010000000000000094
:10ABA000889C0400F89C040032000000FFFFFFFFB7
:10ABB000DC6F002001000000000000000000000029
:10ABC000CD7B0400000000000010024000000000E7
:10ABD0000000000000000000000000000000000075
:10ABE0000000000000000000000000000000000065
:10ABF000CD7B04000000000000C001400000000008
:10AC00000000000000000000000000000000000044
:10AC100000000000000000008000000000000000B4
:10AC20008371040000000000FFFFFFFFFFFFFFFF34
:10AC3000E48B0400000000000000000000000000A1
:10AC40000000000000000000000000000000000004
:10AC5000000000000000803F000000000000000035
:10AC6000000000000000803F000000000000000025
:10AC7000000000000000C8410000C8410000803F03
:10AC80000000000000000000000000000000803F05
:10AC900000000000000000000000000000000000B4
:10ACA00000000000000000000000803F01000000E4
:10ACB0000000000000000000000000000000014053
:10ACC0000000000000000000000000000000000084
:10ACD0000000000000000000000000000000000074
:10ACE0000000000000000000000000000000000064
:10ACF00000000000295C8F3D0000003A0000803F0A
:10AD00000000C8410000803FA69B443A0000803FFD
:10AD1000A69B443A00007A3D0000003A0090D00320
:10AD2000320000000000C8410000803F0000803F6A
:10AD3000DF6A040014000000FF00000000000000B3
:10AD400000A000400000000000000000040000001F
:10AD5000000000000000000000A000400000000013
:10AD60007C0000000400000000000000E7E7E7E7C7
:10AD7000C2C2C2C2E7C2C3C4C5C6C7C80805FF0273
:10AD800000000000010000000000000000000000C2
:10AD900000000000000000000000000000000000B3
:10ADA00000A000400000000081000000040000003E
:10ADB0000000000000A000400000000000000000B3
:10ADC000000000000405002004050020BCA90400C8
:10ADD000000000002475002002000000897F0400AC
:10ADE0008D7F040028050020000000007CAE0400D8
:10ADF0005CAE04003CAE0400000000000000000057
:10AE00000000000000000000000000000000000042
:10AE10000000000000000000000000000000000032
:10AE20000000000000000000000000000000000022
:10AE30000000000000000000000000000000000012
:10AE400000000000000000004300000000000000BF
:10AE500000000000000000000000000000000000F2
:10AE6000000000000000000043000000000000009F
:10AE700000000000000000000000000000000000D2
:10AE8000000000000000000043000000000000007F
:10AE900000000000000000000000000000000000B2
:10AEA000000000000000000043000000000000005F
:10AEB0000000000000000000000000000000000092
:10AEC000000000000000000043000000000000003F
:10AED0000000000000000000000000000000000072
:10AEE000000000000000000043000000000000001F
:10AEF0000000000000000000000000000000000052
:10AF000000000000000000004300000000000000FE
:10AF10000000000000000000000000000000000031
:10AF20000000000000000000D3880400C985040070
:10AF300000000000B9A405000F28050054250500F5
:10AF40005425050054250500542505005425050009
:10AF500054250500542505005425050054250500F9
:10AF6000FFFFFFFFFFFFFFFFFFFFFFFFFFFF0000EF
:10AF70000100415343494900000000000000000067
:10AF800000000000000000000000000000000000C1
:10AF90000000415343494900000000000000000048
:10AFA00000000000000000000000000000000000A1
:10AFB00000000000FFFFFFFFFFFFFFFFFFFFFFFF9D
:10AFC000FFFFFFFFFFFFFFFFFFFFFFFFFFFFFFFF91
:10AFD000FFFFFFFFFFFFFFFFFFFFFFFFFFFFFFFF81
:10AFE000FFFFFFFFFFFF0080FFFFFFFFFFFFFFFFEF
:10AFF000FFFFFFFFFFFF0101000000000000000055
:10B000000000000000000000000000000000000040
:10B010000000000000000000000000000000000030
:10B020000000000000000000000000000000000020
:10B030000000000000000000000000000000000010
:10B0400000000000080000000000000000000000F8
:10B0500000000000000000000000000000000000F0
:10B0600000000000000000000000000000000000E0
:10B0700000000000000000000000000000000000D0
:10B0800000000000000000000000000000000000C0
:10B090000001FFFFFFFF010101010101FFFF0C049F
:10B0A000FFFFFFFFFFFF01FFFFFFFFFFFFFFFF03AA
:10B0B000FFFFFF01FF01FFFFFFFFFF030470010C13
:10B0C00004FFFF000000000000000000000000007E
:10B0D0000000000000000000000000000000000070
:10B0E0000000000000000000000000000000000060
:10B0F0000000000000000000000000000000000050
:10B10000000000000000000000000000000000003F
:10B11000000000000000000000000000000000002F
:10B1200000000000000000000014012000100000DA
:10B130000000000000000000000000007C0800206B
:10B140007C08002000000000000000000E0000004D
:10B15000900800209008002000000000000000007F
:10B160000E000000A4080020A40800200000000039
:10B17000000000000E000000B8080020B808002001
:10B1800000000000000000000E000000CC080020BD
:10B19000CC08002000000000000000000E000000AD
:10B1A000E0080020E008002000000000000000008F
:10B1B0000E000000F4080020F40800200000000049
:10B1C000000000000E00000008090020080900200F
:10B1D00000000000000000000E0000001C0900201C
:10B1E0001C090020000000002000000010000000EA
:10B1F0000024012000260120002401200024012039
:10B20000000000000000000048090020480900205C
:10B21000000000000100000058090020580900202B
:10B2200000000000010000006809002068090020FB
:10B2300000000000010000007809002078090020CB
:10B24000000000000100000088090020880900209B
:10B25000000000000100000098090020980900206B
:10B260000000000001000000A8090020A80900203B
:10B2700000000000000000000000000000000000CE
:10B2800000000000C4090020C409002000000000E4
:10B290000000000000000000D8090020D8090020AC
:10B2A00015E015E0076928001000200020636262A5
:10B2B000EC59181E667D12E2351ACFD3E404EE8BEA
:0CB2C000E1ED7BB9DBF548C1EE966DB9FD
:00000001FF
