:101000008017012011C70100FDE70100FDC60100A6
:10101000FDC60100FDC60100FDC601000000000084
:1010200000000000000000000000000065C7010093
:10103000FDC601000000000089C70100FDC60100D7
:10104000B5F2000031A10100B5F20000B5F20000D8
:10105000B5F20000B5F20000B5F20000B5F20000F4
:10106000B5F20000B5F200007D530100B5F20000BA
:10107000B5F20000B5F20000B5F20000B5F20000D4
:10108000B5F20000B5F20000B5F20000B5F20000C4
:10109000D9A10100B5F20000B5F20000B5F20000E0
:1010A000B5F20000B5F20000B5F20000B5F20000A4
:1010B000B5F20000B5F20000B5F20000B5F2000094
:1010C000B5F20000B5F20000B5F20000B5F2000084
:1010D000B5F20000B5F20000B5F20000B5F2000074
:1010E000B5F20000B5F20000B5F20000B5F2000064
:1010F000B5F20000B5F20000B5F20000B5F2000054
:10110000014B1B685B68184700050020014B1B68FA
:101110009B68184700050020014B1B681B69184796
:1011200000050020014B1B685B6918470005002083
:10113000014B1B689B69184700050020014B1B6889
:10114000DB69184700050020014B1B681B6A184724
:1011500000050020014B1B689B6A18470005002012
:1011600030B4044C9DF8085024680295E468A44605
:1011700030BC604700050020B7170000BD17000015
:10118000BF170000E5170000C3170000EF170000AD
:10119000C9170000F9170000CF170000051800005C
:1011A000DB170000DF170000D1170000D717000081
:1011B000F5170000FF17000030B50346114890F9FD
:1011C0001C209A4219DD90F924209A4217DA9A1AC3
:1011D000846AA05C0C4A15569D420DD00E3200293F
:1011E00018BF01309442C0B206D129B1013BDBB235
:1011F000012B01D80130C0B230BD0D20FCE700202A
:10120000FAE700BFB80E00200C08020008B5054B35
:1012100093F91C30984203DAFFF7CEFF024B1B56BE
:10122000184608BDB80E00200C08020008B5184B7F
:1012300093F82C20FAB9012283F82C20154A126861
:10124000A2F10800082803D813490141C90709D5AC
:10125000911F092910D9013212D04FF4DF71742087
:1012600000F034F80D4A9A62D8221A6283F82420DA
:1012700008229A611A7708BD094A0A41D207ECD4BC
:10128000084A9A62D8221A6283F824200422F0E7DE
:10129000B80E002068100020DEFEFFFF47080200A5
:1012A000EEFCFFFF1A080200BFF34F8F0549064B03
:1012B000CA6802F4E0621343CB60BFF34F8F00BFF4
:1012C000FDE700BF00ED00E00400FA051FB572B6AF
:1012D000134B5D6895B9FFF7E7FF2346B2FBF6F2C3
:1012E0005C1C002AF9D104AEDCB256FA83F303F891
:1012F0000C2C0A2234B901A8A847ECE702460023C7
:101300000A26EDE7631E04AEDCB256FA83F3B0FBA7
:10131000F2F602FB1600303003F80C0C3046E9E719
:10132000301000204FF08052034BD2F8301119607A
:10133000D2F834215A6070476810002081F00041D3
:1013400002E000BF83F0004330B54FEA41044FEAAA
:10135000430594EA050F08BF90EA020F1FBF54EA45
:10136000000C55EA020C7FEA645C7FEA655C00F0E1
:10137000E2804FEA5454D4EB5555B8BF6D420CDDB2
:101380002C4480EA020281EA030382EA000083EA35
:10139000010180EA020281EA0303362D88BF30BDD5
:1013A00011F0004F4FEA01314FF4801C4CEA11312B
:1013B00002D0404261EB410113F0004F4FEA03338A
:1013C0004CEA133302D0524263EB430394EA050F15
:1013D00000F0A780A4F10104D5F1200E0DDB02FA84
:1013E0000EFC22FA05F2801841F1000103FA0EF218
:1013F000801843FA05F359410EE0A5F120050EF1DE
:10140000200E012A03FA0EFC28BF4CF0020C43FA0E
:1014100005F3C01851EBE37101F0004507D54FF01B
:10142000000EDCF1000C7EEB00006EEB0101B1F56B
:10143000801F1BD3B1F5001F0CD349085FEA3000B1
:101440004FEA3C0C04F101044FEA445212F5800FBC
:1014500080F09A80BCF1004F08BF5FEA500C50F159
:10146000000041EB045141EA050130BD5FEA4C0C3C
:10147000404141EB0101013C28BFB1F5801FE9D299
:1014800091F0000F04BF01460020B1FA81F308BFBC
:101490002033A3F10B03B3F120020CDA0C3208DD88
:1014A00002F1140CC2F10C0201FA0CF021FA02F163
:1014B0000CE002F11402D8BFC2F1200C01FA02F1D3
:1014C00020FA0CFCDCBF41EA0C019040E41AA2BFF8
:1014D00001EB0451294330BD6FEA04041F3C1CDAC0
:1014E0000C340EDC04F11404C4F1200220FA04F0E0
:1014F00001FA02F340EA030021FA04F345EA03018A
:1015000030BDC4F10C04C4F1200220FA02F001FA4B
:1015100004F340EA0300294630BD21FA04F02946CD
:1015200030BD94F0000F83F4801306BF81F4801166
:101530000134013D4EE77FEA645C18BF7FEA655CD9
:1015400029D094EA050F08BF90EA020F05D054EAAB
:10155000000C04BF1946104630BD91EA030F1EBFB0
:101560000021002030BD5FEA545C05D140004941B4
:1015700028BF41F0004130BD14F580043CBF01F5A7
:10158000801130BD01F0004545F0FE4141F470018D
:101590004FF0000030BD7FEA645C1ABF1946104668
:1015A0007FEA655C1CBF0B46024650EA013406BF69
:1015B00052EA033591EA030F41F4002130BD00BF28
:1015C00090F0000F04BF0021704730B54FF48064E5
:1015D00004F132044FF000054FF0000150E700BF66
:1015E00090F0000F04BF0021704730B54FF48064C5
:1015F00004F1320410F0004548BF40424FF00001B2
:101600003EE700BF42004FEAE2014FEA31014FEAF4
:1016100002701FBF12F07F4393F07F4F81F0605143
:10162000704732F07F4208BF704793F07F4F04BF8E
:1016300041F40021704730B54FF4607401F000456B
:1016400021F000411CE700BF50EA010208BF7047CB
:1016500030B54FF000050AE050EA010208BF7047BC
:1016600030B511F0004502D5404261EB41014FF425
:10167000806404F132045FEA915C3FF4D8AE4FF02D
:1016800003025FEADC0C18BF03325FEADC0C18BF10
:10169000033202EBDC02C2F1200300FA03FC20FA61
:1016A00002F001FA03FE40EA0E0021FA02F11444AE
:1016B000BDE600BF53B94AB9002908BF00281CBFC6
:1016C0004FF0FF314FF0FF3000F00CB8ADF1080CD7
:1016D0006DE904CE00F0A9F8DDF804E0DDE90223AD
:1016E00004B07047704700BF7BB972B90029BEBF14
:1016F00000204FF0004106E008BF00281CBF6FF03B
:1017000000414FF0FF30FFF7EDBFADF1080C6DE980
:1017100004CE002909DB002B1ADB00F086F8DDF887
:1017200004E0DDE9022304B07047404261EB41016F
:10173000002B1BDB00F079F8DDF804E0DDE9022383
:1017400004B0404261EB4101524263EB43037047F6
:10175000524263EB430300F068F8DDF804E0DDE992
:10176000022304B0404261EB41017047524263EBF7
:10177000430300F05AF8DDF804E0DDE9022304B089
:10178000524263EB4303704708B5FFF7CBFDBDE85A
:101790000840FFF74BBD801A00F3070038B540B290
:1017A0000D4659B21446FFF731FD002328706B70C7
:1017B000204440B238BD00230360704770470020CA
:1017C00070474FF0FF3070474FF0FF307047704761
:1017D0004FF0FF3070470020704700207047002313
:1017E000037070479DF800300022FFF7D4BF4FF020
:1017F000FF307047002070474FF0FF3070474FF0C8
:10180000FF307047704710F8012B11F8013B012A97
:1018100028BF9A42F7D0D01A7047034613F8012B1D
:10182000002AFBD1181A013870472DE9F0478C4681
:101830008E46089E154604461946002B40F0D0807F
:10184000724547D9B2FA82F74FB1C7F120030EFAB9
:1018500007FC20FA03F3BD4043EA0C0CBC404FEAFE
:10186000154EA8B2BCFBFEF8230C0EFB18CC08FBEF
:1018700000F943EA0C43994528D9EB1808F1FF32E7
:1018800004D2994502D9A8F102022B44A3EB090323
:10189000A4B2B3FBFEFC0EFB1C330CFB00F044EACD
:1018A0000344A04214D92C190CF1FF3304D2A042F6
:1018B00002D9ACF102032C44241A43EA02401EB1BF
:1018C000FC40002334607360BDE8F0874246DDE7EA
:1018D0006346F1E7002A79D0B2FA82F3002B3FD0B9
:1018E0001946C1F1200302FA01F52EFA03F20EFAAD
:1018F00001FE20FA03F343EA0E034FEA154E00FA05
:1019000001F4B2FBFEFCAFB20EFB1C201A0C0CFB68
:1019100007F842EA004290455AD9AA180CF1FF3064
:1019200004D2904502D9ACF102002A44A2EB08028D
:101930009BB2B2FBFEFC0EFB1C220CFB07F743EA3A
:1019400002439F4246D9EB180CF1FF3204D29F426A
:1019500002D9ACF102022B44DB1B42EA004202E056
:10196000AEEB020301224FEA154EAFB2B3FBFEFC11
:10197000200C0EFB1C330CFB07F840EA0343984590
:101980002AD9EB180CF1FF3004D2984502D9ACF1FA
:1019900002002B44A3EB0803A4B2B3FBFEFC0EFB36
:1019A0001C330CFB07F744EA0344A74216D92C1951
:1019B0000CF1FF3304D2A74202D9ACF102032C444C
:1019C000E41B43EA00400F46114678E71F2188E7F1
:1019D0006046ABE76246BFE76046DBE76346EFE79A
:1019E000734506D916B9002108466DE7C6E9000E11
:1019F000F9E7B3FA83F787B9734501D3824207D871
:101A0000841A6EEB030301209C461EB900215BE79C
:101A10003846FAE7C6E9004CF8E7C7F1200CBB40AE
:101A200022FA0CF51D4320FA0CF12EFA0CF30EFAF3
:101A300007FE41EA0E014FEA154900FA07F4B3FB2D
:101A4000F9F81FFA85FE09FB18300B0C08FB0EFA9B
:101A500043EA00439A4502FA07F240D9EB1808F12D
:101A6000FF3004D29A4502D9A8F102002B44A3EB1F
:101A70000A0389B2B3FBF9F809FB183308FB0EFE21
:101A800041EA03418E452CD9691808F1FF3304D28D
:101A90008E4502D9A8F10203294443EA0040A0FB85
:101AA0000298A1EB0E014145CE46434602D306D132
:101AB0004C4504D2B9EB020E68EB05030138002E49
:101AC000A4D0B4EB0E0261EB030101FA0CFC22FA84
:101AD00007F34CEA0303F940C6E9003196E74046B4
:101AE000C5E74346D9E7430803F05533C01A00F071
:101AF0003333800800F03330184400EB10104FF0FF
:101B0000013300F00F305843000E70470000000012
:101B10002DE9F843524B1B5C05460C4613B1514B63
:101B200053F82040504B53F825301F0EFF2FC3F3BE
:101B300007466ED0002E6CD013F47F4FC3F30728F6
:101B400067D04A4B5B5D08FB06F6002B6AD0484B1A
:101B500053F82590B9F1000F15D0464B53F82500E6
:101B600088B1454B5B5D73B1201AB0F5A02F52D8F8
:101B7000424B53F8251038A3D3E9002381FB000121
:101B8000FFF7B2FD8144A4EB09044FEA5800B4FB0F
:101B9000F6F317FB080706FB1344E11BB1EB560FE6
:101BA0004FEA560340DD891B354A28246C4313193C
:101BB0009E695F6806F1010C1659C3F818C07618C3
:101BC0001651D3E9024647EBE177C1FB0146BCF170
:101BD000010FC3E902465F602BD119610C4628232F
:101BE00003FB052393F824605C610C025EBB1C625E
:101BF000012483F82440282303FB0522136AA1EB68
:101C000023210029B8BF49428842BEBFD3690133AE
:101C1000D361BDE8F8831B4A52F82530013342F8FE
:101C20002530B0E79946AEE75B429942B8BF8919C3
:101C3000BAE71C698C42D4BF1C6119615C698C4293
:101C4000B8BF0C46CBE71E6AA41B043406EBE406BF
:101C50001E62D0E7AFF3008000CA9A3B000000008C
:101C600070D2002080990020849A0020CDD20020DC
:101C70004C9B00208C9B0020BDD200203C98002073
:101C8000E0580020CC9A00202DE9F04F2C4B89B071
:101C900053F820300393CDE904122A4806AA002104
:101CA0001DF064FD002842DBDDE9064A264BDFF823
:101CB0009C80A4FB03B503FB0A5529461EA3D3E968
:101CC00000235846FFF7F6FC4FF0FF39D94578EB73
:101CD00005054FF00007064629D3049B059A039992
:101CE00022EAE27223EAE37313FB02F342F2107278
:101CF000B3FBF2F34B4393FBF2F364225343A3FB96
:101D0000045403FB0A4421460BA3D3E900232846CD
:101D1000FFF7D0FCA94578EB0404034607D38642BD
:101D200005D3084800973246394615F083F909B0C3
:101D3000BDE8F08FAFF3008000CA9A3B00000000BE
:101D4000300F02007C03020040420F00FFC99A3BA3
:101D5000F0B585B01CF048FA1D4AA0FB020302FB57
:101D60000131C00B40EA41401A4A1423C90BFFF766
:101D7000BBFC04461946104613A3D3E90023FFF722
:101D8000B3FC0546194610460023134AFFF7ACFC86
:101D900006461946104600230D4AFFF7A5FC0746E4
:101DA0001946104600234FF47A72FFF79DFC009706
:101DB000CDE90102334609482A4621461CF0FEFBC4
:101DC000002005B0F0BD00BF00A493D600000000C5
:101DD00040420F000060D71D008793032D6302006F
:101DE0002DE9F04F9FB0834604AF0D46002900F067
:101DF000AF80067806F11003DBB2072B00F2BC8639
:101E0000012900F0A5804478FE2C40F0B483BD4B3E
:101E10001A68B2B9BC4818601CF078FA044680B958
:101E200006200CF079FB30B1B84B436102230374F8
:101E300044748474C4744FF48252B54919F0B0FAF2
:101E400086E0B4481CF097F950B1F22E00F084807F
:101E5000F72E00F06083F02E11D009F0C7FF77E075
:101E6000A6F1F003072B00F27683DFE813F00800F9
:101E70007403750000027403B4022A03540306209D
:101E80000CF04AFB38B1A44B4361022303740023D6
:101E900043748374C3749E494FF4865219F080FAD8
:101EA0003F22002107F127001DF0F4FE4FF62263C8
:101EB000BB849A4BBB62712387F82C30984B87F810
:101EC0002D30C3F307221B0C0124964987F82E20DE
:101ED00087F82F302F221B0A07F1240607F1330061
:101EE00087F8264087F8303087F8314087F832404D
:101EF0001EF092F941223146002087F864400FF02D
:101F000091FB022487F8650000251022002107F1CB
:101F100014001DF0BFFE4FF6F163412CBB82BD756E
:101F200009D8C4F142020D2A28BF0D22311907F148
:101F300017001EF053F9002107F1140009F004FF07
:101F40000135022003F046F8062D04F10D04DCD122
:101F50006C37BD46BDE8F08F3F2D0FD808200CF040
:101F6000DBFA40B1704BC0E905350323037400234D
:101F700043748374C3744FF4C2525EE76B4C23788E
:101F8000D3B1053B012B17D962481CF0F4F8054684
:101F900090B9082024780CF0BFFA38B1644B45742E
:101FA000C0E90534032303748574C5744FF4C45227
:101FB000574919F0F5F950E70BF054FA00287FF46F
:101FC0004CAF0BF102001CF0BFF906460BF1060006
:101FD0001CF0BAF9BBF80AA09BF80C90F8609AFACA
:101FE0009AF307F1240A3B810BF10D029BB255468F
:101FF0000BF1350810685168AE46AEE803000832B0
:1020000042457546F6D11068CEF800009188927965
:102010008EF80620AEF80410BBF83D8098FA98F8C8
:102020000025EB461FFA88F88EB087F853504FEA28
:10203000083804AA3F49C2F82C80C2E90516F9689D
:102040003348C2E9071340F2046111863A49C2E9F4
:10205000099A42F8101F44F2C04119F053FDB9F13A
:10206000010FDD4615D008200CF056FA38B1334B7D
:102070004574C0E90539032303748574C574244984
:102080004FF4C25219F08CF90623237010232375E4
:10209000E3E6721EB2F5D92F17D308200CF03CFAF4
:1020A00050B1274BC0E905364FF4D923C36104234F
:1020B000037445748574C57415494FF4015219F0C1
:1020C0006FF9062323701323E1E716495046FFF703
:1020D0009AFB1449054600283AD08AB004AA194848
:1020E000194B1362194BD161C2E9050A4FF4215112
:1020F00042F8103F064819F005FD0623DD4623701F
:102100001123C4E7D4C80020B4030200A66402006F
:102110001C070200D0C80020C6640200010D4175F2
:102120007C8C0200E7640200FD6402004064002031
:10213000236502005C65020008000001AC65020036
:10214000D5650200FD6502000002010304000002E3
:10215000B8F5805F0AD908200CF0DEF90028ABD072
:10216000AA4BC0E905384FF480539FE7A84A06F60A
:10217000FF73B24238BF32464FEA133BCBF1DA016C
:1021800002F58052B2EB013F4FEA01380AD908202C
:102190000CF0C2F900288FD09E4BC0F81C80C0E91B
:1021A000053684E7014641F238029B481DF072FD76
:1021B0009A48FB68A360C0F824803B8966604FF4AE
:1021C0008052FF21A0F57E60A381C4F81880E261EF
:1021D00084F800901DF05EFD08200CF09DF948B1D8
:1021E0008F4AC0F81CB0C0E9052804230374457465
:1021F0008574C5748B4D8C494FF4035219F0D0F897
:102200008A4B2C7800221A703CB1894989484FF4D6
:102210004C721CF0E0F91DF026FD87481CF0ECF82C
:1022200086481CF0E9F8864801F04EFF854807F023
:1022300021FF844807F0B0FE834807F01BFF824867
:1022400007F0AAFE01232B7000220023CDE9022310
:102250000923CDE900437D497D4B7E484FF48052F0
:1022600017F0EEFF7C497B4807F0BCFBF5E56A4CB4
:102270002378013B012B3FF66BAE6F481BF07BFFD1
:10228000814618B106232370122300E7032D7FF641
:102290005FAEBBF80260636876BAB6B23C227243A6
:1022A0009A4211D308200CF037F950B16B4B80F8EB
:1022B0001190C0E905360323037480F8129080F86A
:1022C00013904FF4C452B8E5B4F80E80B0451AD05C
:1022D0003FF63EAE08200CF01FF958B1604BC661C6
:1022E000C0E905380423037480F8119080F8129037
:1022F00080F813904FF402524B4919F051F806231D
:1023000023701423C3E6043D3C2D28BF3C259B1AB3
:1023100026699D424FF0020A28BF1D4684F800A09E
:102320000BF1040B002E52D1032D51D958461CF04D
:102330000BF84C4B98424BD106200CF0EDF830B125
:10234000494B436180F810A046748674C6743649C0
:102350004FF4825219F024F806232370042396E6E2
:10236000B9F82000AB1BC0F5805A9A4528BF9A46A1
:1023700020300BEB0601524620441DF02FFFB9F828
:10238000203053449BB2B3F5805FA9F82030564407
:1023900004D309F0B3FB00287FF474AFB542DFD853
:1023A000236908F101082B442361A4F80E801BF077
:1023B0001DFF41F230032D4AE3585268C01A61EB09
:1023C0000201142871F10001FFF6C2AD45E5064691
:1023D000DFF84890E2E7104C2378013B012B3FF6F1
:1023E0003CAD26696568AE4244D008200CF094F8F4
:1023F00048B11F4BC561C0E90536042303740023AF
:1024000043748374C3744FF4015275E72F6602005E
:102410007C8C020090660200406400204074002022
:10242000D36602001ED300201C0702001FD3002029
:10243000F9660200AB150200CCC80020D0C800200D
:10244000B40C00203C0D00204C0D002000F80020B2
:1024500085CF000058630020216702002C6702002E
:102460004D6702003DB8F396746702007074002057
:10247000B067020006200CF04FF838B15D4B4361A5
:1024800002230374002343748374C3745A494FF4C2
:10249000865218F085FF03232370584B1B8C23B101
:1024A00009F02CFB00287FF4EDAEFD2387F82430E3
:1024B0004FF42032002307F12401514801F0A4FC1D
:1024C00046E5504C237D032B4FF006000DD00CF059
:1024D00023F838B14C4B4361022303740023437447
:1024E0008374C3744FF4825262E50CF015F838B16E
:1024F000464B436102230374002343748374C37403
:102500003D494FF4845218F04BFF0423237009F027
:102510006DFCFE23CAE706200BF0FEFF38B13C4BF2
:10252000436102230374002343748374C3743249E8
:102530004FF4865218F034FF0AF094FF0446002846
:102540007FF48BAC014641F238022E481DF0A2FB0D
:10255000304B1C70FCE408200BF0DEFF00283FF439
:10256000B0AE2D4BC0E9053603230374002343743A
:102570008374C374A5E6F03E072E3FF6E9AC01A3D1
:1025800053F826F0A5250000511F0000EB250000A0
:102590000B290000511F00001B2A0000CD2A00005B
:1025A000312B00000F2C4FF0080008D90BF0B4FFBE
:1025B000002800F07D81194BC0E90534DEE10BF005
:1025C000ABFF40B1164BC0E905340323037400236D
:1025D00043748374C37413494FF4C65218F0E0FE79
:1025E0003021204600F00AFFB2E40F2C1CD908204D
:1025F000DCE700BFD86702001C070200407400201F
:10260000B40C002040640020F26702001D68020044
:10261000396802001FD30020526802007668020069
:10262000916802007C060200C34E582303FB04633A
:1026300042F298029B5C03F0FF08002B00F024811B
:1026400008200BF069FF40B1BC4BC0E905340323FF
:102650000374002343748374C374B9494FF4C452A0
:1026600018F09EFE582303FB046342F29A010022F5
:102670005A5242F29C0100205A5442F2E4015A504C
:1026800003F503530021C3E90A01EFF3118140224E
:1026900082F31288BFF36F8FAA48002340F82430DA
:1026A000A9480355EFF3118082F31288BFF36F8FAF
:1026B000A64A12F804C0BCF1310F08BF135580F3CD
:1026C0001188BFF36F8F81F31188BFF36F8F0BF108
:1026D00002001BF039FE80460BF106001BF034FEB1
:1026E000BBF80AA09AFA9AFA1FFA8AF3FB609BF8E1
:1026F0000C30BB600BF10D037B60337881462BB946
:1027000001F076F8C6F80880A6F80CA07378EA46BF
:102710008EB0013304AAD3610423C2E908380BF157
:102720000D03D3628A49C2F8289040F205731386DC
:10273000884B8348C2E9051442F8103F44F2C04177
:1027400019F0E0F9582303FB046342F29802D546DE
:102750009B5C33B97378032B9FBF5A1C9B19727013
:102760009C70582303FB046342F2980242F29900E2
:102770000121995400221A5442F29A009FED6C7B79
:102780001A5242F29C001A5442F2E0001A5042F2ED
:10279000E4001A50327803F5035383ED0A7B02F00C
:1027A000FF03002A00F0878000233B66232387F87D
:1027B0002430FB68A7F826801B0A4FEA1848A7F8C0
:1027C0002A9087F82E304FEA1949FB6887F828804D
:1027D00087F82C9087F82F307968BB6887F82540F8
:1027E0004FEA18284FEA19292F2207F1310087F8FC
:1027F000298087F82D9087F830301DF00DFD3E2D93
:102800007AD83F2207F1240100200EF00BFF582355
:1028100003FB046303F5025387F8630007F1240206
:102820001D3307F1640C154603CD654518605960EA
:102830002A4603F10803F6D1582303FB046442F24D
:10284000DD034022E2541BF0CFFC42F2E0030025FE
:10285000E05042F2E403E550BFF35F8F42F29C0385
:1028600023220820E25474780BF056FE38B13A4B1C
:102870004574C0E90534032303748574C5744FF4AB
:10288000C6522F49FFF7DABA7378032B7FF6FDAEF5
:1028900008200BF041FE58B1304B436104238361A3
:1028A0000323037480F8118080F8128080F813806D
:1028B0004FF4C252E5E731709A46294B19785FFA16
:1028C0008AF291427FF670AFBAF1100F3FF46CAF0D
:1028D000582303FB0A6142F29803C95C49B91046C8
:1028E0003A6000F0B9FF3A6818B93221104600F09A
:1028F00085FD0AF1010AE0E79BF83D3087F8613079
:102900009BF83E3087F862307BE70B4E337803F05C
:10291000FF044BBB06200BF0FFFD30B1114B4361B0
:102920000223037444748474C4744FF48452A8E77B
:102930000000000000000000A8320020BC68020077
:102940007C0602008C940020F6D00020DDD200200E
:1029500017690200080000015F690200F0680200C8
:10296000EED200208569020004290ED808200BF061
:10297000D3FD00289CD0894BC0E90535032303749F
:10298000002343748374C37492E700F00BFFBBF819
:1029900002407F2864BAA4B20FD908200BF0BCFD16
:1029A00040B17F4BC0E90534032303740023437413
:1029B0008374C3744FF4C45263E704F07F0000EBE8
:1029C000801006EB0008202388F80E30002388F8DA
:1029D0000F30043D9BF8023088F810303C2D28BFA2
:1029E0003C2512309BF8033088F811302A460BF151
:1029F0000401304404351DF0F1FB88F84E50BFF35C
:102A00005F8F06F500560134D6F890309C427FF671
:102A10009FAAC6F89040FFF79BBA624D2B7803F04F
:102A2000FF066BB906200BF077FD00283FF47DAF61
:102A30005D4B43610223037446748674C67474E765
:102A40000F2C4FF0080006D8582303FB045342F222
:102A500098029B5C33B90BF05FFD00283FF428AF70
:102A6000524BA9E50BF058FD40B1514BC0E905347C
:102A700003230374002343748374C3744D494FF4D8
:102A8000C65218F08DFC24264FF00008582387F812
:102A9000254087F82460A7F826805C43464B7A6A75
:102AA0001A512C4442F2DD030422E2541BF09CFB39
:102AB00042F2E003E05042F2E40344F80380BFF343
:102AC0005F8F42F29C03E654FFF742BA354D2B78F4
:102AD00003F0FF063BB906200BF01EFD00283FF473
:102AE00024AF364BA5E70F2C4FF0080006D858232B
:102AF00003FB045342F298029B5C33B90BF00CFDCC
:102B000000283FF4D5AE2E4B56E50BF005FD40B145
:102B10002C4BC0E9053403230374002343748374EE
:102B2000C37424494FF4C65218F03AFC2526ABE78B
:102B300008200BF0F1FC40B1234BC0E9053403231E
:102B40000374002343748374C3741A494FF4C4524A
:102B500018F026FCFF2C07D101F0E6F800F048FE43
:102B600001F052F8FFF7F4B90F2C3FF6F1A9204617
:102B700001F0A8F8FFF7ECB9FE2E7FF4E9A90329CC
:102B80007FF6E6A907F1240309F0D0FD002107F143
:102B9000240009F0D9F8FFF7DBB900BFAE690200E5
:102BA000D0690200A8320020FE6902002A6A0200F1
:102BB000576A02007C06020045530020816A020029
:102BC000AF6A0200DE6A02000A6B0200064A0023B6
:102BD0001370064A1370064A1370064A1360064AB9
:102BE0001360064A13707047F2D20020F1D2002021
:102BF000F0D20020B49C0020B09C0020EFD2002036
:102C0000A0B10C4B1B78002B08BF102343434FF49B
:102C10000040B0FBF3F00A23B0FBF3F000EB8000C0
:102C2000400080B2012838BF012070474FF47A700D
:102C3000704700BFEDD20020034B188880B210B15E
:102C4000024B188880B27047AECE0020ACCE002078
:102C500070B50B4B02461C780A4B0020844201DD04
:102C6000102802D14FF0FF3070BDD3E900658D42CE
:102C700008BF964203F10803F6D00130EEE700BF2B
:102C8000EED20020E05F002010B5084BB3F8981298
:102C9000B3F89A424A1CC2F3080294421EBFC918F4
:102CA000A3F8982281F8980010BD00BFD0940020AE
:102CB00010B5064CE18911B144201BF00CFA238AAF
:102CC000E289134423820023E38110BDD0940020C5
:102CD00010B5064C218A11B143201BF0FCF9E389A1
:102CE000228A1344E3810023238210BDD094002064
:102CF00038B5434C637A7BB1A189012938BF0121E2
:102D000048280BD842280BD94338052808D8DFE8D3
:102D100000F01808072907250121F1E77E2825D0B2
:102D200038BDE389994228BF19465B1AE381238A9B
:102D30000B4423820029F3D04420BDE838401BF027
:102D4000CAB9238AE289994228BF19460A445B1A04
:102D5000E28123820029E3D04320EEE7BDE838403A
:102D6000FFF7A6BFBDE83840FFF7B2BFA389013B1C
:102D7000072BD5D801A252F823F000BF5D2D00002B
:102D8000212D00009D2D0000652D0000212D00004B
:102D9000212D00005D2D0000652D0000228A002AF3
:102DA000BED0E389D11889B2581C88420FD3013AAA
:102DB0000121432022821BF08EF90820FFF764FFD7
:102DC000238A53B90F48BDE838401BF07BB925185A
:102DD00023442D7E1D7683B2E6E70B481BF072F983
:102DE000E589E389228A13449D4201DB0748EAE72B
:102DF00063190135187EFFF747FFADB2F1E700BF59
:102E0000D0940020D6120200D9120200DD12020076
:102E100008B54FF42072002113481CF03BFF10222C
:102E2000002112481CF036FF1022002110481CF02F
:102E300031FF402200210F481CF02CFF40220021CE
:102E40000D481CF027FF102200210C481CF022FF27
:102E5000402200210A481CF01DFFBDE80840094837
:102E6000402200211CF016BFE0580020CDD20020E7
:102E7000BDD200208C9B00204C9B0020ADD20020B6
:102E80000C9B0020CC9A002008B5074B1B784BB157
:102E900009F06EFB30B1054B1B781BB1BDE8084053
:102EA0000AF082B908BD00BFF4D00020F5D00020A0
:102EB00070B50B4D0B4E0446002321FA03F0C007FA
:102EC00009D5E85C38B906EB83001BF054F9101AF9
:102ED0000028A8BFEC540133102BEED170BD00BF09
:102EE000DDD20020CC9B002008B5002105481BF056
:102EF00048F905481BF045F9BDE8084003481BF0B8
:102F000040B900BF149C0020109C00200C9C0020A5
:102F100038B515460C4A135C1F3B012B4FF00101DD
:102F200098BF002301FA00F198BF13540446C94327
:102F300006481BF041F9064805F2DC5100EB84001D
:102F4000BDE838401BF01DB9DDD20020109C0020E8
:102F5000CC9B002038B50E4B1B78834204460D46AF
:102F600015D91BF051F9411C0A4800EB84001BF0F5
:102F700008F9012303FA04F13DB907481BF00DF9E4
:102F8000BDE8384005481BF008B90548F6E738BDEC
:102F9000EED20020709C00206C9C0020649C0020DD
:102FA000689C00202DE9F84304460D461BF01EF9ED
:102FB0000A465B4901EB841303F1300ED3F83080ED
:102FC000DEF8046058EA060984464FEA841727D1E0
:102FD00000261863DE62CEF80420CB19DFF84CC15E
:102FE000DE6ADFF84CE1C3E908021CF80420013670
:102FF000DE6232BBC8590EF804500130C8510120BE
:103000000CF804005868DD610130586083F828200E
:103010009B8F0F4401339BB2BB870020BDE8F88330
:10302000BCEB080C62EB0606BCF57A7F76F1000675
:10303000D3D3DE6A9E630026C3E90B60CEF804207A
:10304000CBE71EF8048008F10100C0B2A8420CD101
:103050000132C8590CF804205A680EF804500130A7
:103060000132C8515A60DD61D2E7A5EB0806A8EB32
:10307000050016F0FF06C0B204D11A6901321A61C8
:103080000420CBE701383E2804D8DA680132DA6040
:103090000220C3E7C859B3F83C900132502E00F12A
:1030A0000100D2B223D9C85159690EF80450013138
:1030B00009F101090A200CF804205961DD61A3F827
:1030C0003C900BF029FA58B1164B4662C0E9053422
:1030D000C0E9078506230374002343748374C37413
:1030E00011494FF4425218F05BF9032096E7C8519A
:1030F00099680EF804500131996099690CF8042020
:10310000013E51FA86F19961D98FDD6109F101091A
:1031100051FA86F6A3F83C90DE8701207EE700BFD7
:10312000E05B0020E21202006C0602009DD200204B
:103130008DD2002038B5831E4E2B044614D90820AA
:103140000BF0EAF958B1154BC0E9053404F51663E4
:10315000C36104230374002343748374C37410494C
:103160004FF4025218F01CF920461BF0B5F8054642
:1031700090B908200BF0D0F938B10A4B4574C0E97A
:103180000534032303748574C574BDE838400449CD
:103190004FF4C45218F004B938BD00BF291302001F
:1031A0006C060200831302000F2870B5054624D870
:1031B000860001241148AC40E443002100EB850067
:1031C0001AF0DFFF21460E481AF0F6FF0D481AF0FC
:1031D000F3FF0D481AF0F0FF0C48002130441AF0BC
:1031E000D0FF21460A481AF0E7FF0A481AF0E4FF28
:1031F000BDE8704008481AF0DFBF70BD709C002029
:103200006C9C0020689C0020649C0020249C002072
:10321000209C00201C9C0020189C002070B51D4B99
:103220001B788342044601D8002070BD1A4B03EB83
:10323000C00253F83030526813434FEAC005F3D050
:103240001AF0D4FF154A164E02EB84120346D2E957
:103250000802354456F834406D6850EA020608D03A
:10326000181A40F6AC5661EB0202B04272F100024D
:103270000EDB54EA0502D7D01B1B41F2883261EB0A
:103280000501934271F10001B4BF01200020CCE799
:103290000220CAE7EED20020E05F0020E05B0020C1
:1032A000605B002030B585B00025012322480195E0
:1032B0006946039502930AF0CFFF041E13DA082033
:1032C0000BF02AF938B11D4B4574C0E905340323CE
:1032D00003748574C5741A494FF4C25218F060F82B
:1032E000204605B030BD42F21174029D15F0030571
:1032F00017D0013CF9D108200BF00EF948B1114B61
:1033000043616FF00A03836103230374447484747C
:10331000C4740B494FF4C45218F042F86FF00A0419
:10332000DEE7039C002CDBD008200BF0F5F800282A
:10333000D1D0054BC8E700BFE4980020E513020098
:103340006C0602001D140200FE13020070B5264A2E
:10335000264B126886B01A60254B93E803004FF0A5
:1033600080530090ADF804100C461022002102A8F2
:1033700093F8A9501CF08EFC02ABE4B26E461846DE
:10338000002116F8012B00F8012B013122440429F9
:10339000C270F6D10DF10F010022A8180132082ADF
:1033A00001F8010FF9D1102113F8012B1AB1552A98
:1033B00001D0AA2A02D1083203F8012C0139F3D135
:1033C0000C4B039A1A600C4A1346FE2103F8011BAA
:1033D000DDF81110C2F80110BDF815209A809DF893
:1033E00017209A7106B070BD46140200FBD1002070
:1033F000A4000010F7D10020EFD1002098B52229B9
:1034000000AF08D1144A00231370144A1370144AF1
:103410001360144A1360144B00221A54134B3629BC
:10342000195496BF124B134B53F821308AB06A4699
:10343000114CCDE905434FF40073ADF824300F4B28
:10344000CDE9071042F8103F0D484FF4335118F002
:1034500059FBBD4698BD00BFECD10020EBD1002048
:10346000DC980020D898002000D20020DDD2002077
:10347000E00B02004B14020053140200050000018F
:103480006C0602002DE9F8430025DFF890801C4F00
:103490001C4EDFF88C902C4609EB85104022002151
:1034A00001351CF0F7FB102D08F8014B07F8014B14
:1034B00006F8014BF0D1FFF7ABFCFFF787FB0021CB
:1034C000402211481CF0E6FB402200210F481CF06E
:1034D000E1FB0F48402200211CF0DCFB06200BF032
:1034E0001BF830B10B4B43610223037444748474A2
:1034F000C474BDE8F84308494FF4865217F050BF32
:10350000CBD10020BBD10020449A0020049A002097
:10351000C4990020841402006C060200DBD1002054
:10352000E05B0020054B1A7882F001021A70044A11
:1035300000200021C2E90001187870478CD20020D9
:10354000D058002010B5044608200AF0E5FF40B12D
:10355000074BC0E9053403230374002343748374C9
:10356000C374BDE8104003494FF4C45217F018BFAC
:10357000AA1402006C060200DFED2A7A20EE277AF8
:1035800038B5BDEEC77A054617EE103A20EEA77A99
:10359000062225486A43BDEEC77A61EE277A1BB240
:1035A0002DED048B835217EE103A8118FDEEE77A69
:1035B0001BB24B8017EE903A1BB28B801B4B0C2238
:1035C0000E205A55B0EE409AF0EE608AB0EE418A75
:1035D0000AF0A2FF0446D0B1154BC0E9053519EE3B
:1035E000100AFEF70FF8C4E9080118EE900AFEF77A
:1035F00009F8C4E90A0118EE100AFEF703F80A23D5
:10360000C4E90C01237400236374A374E374BDEC58
:10361000048B20460749BDE8384045F2C00217F048
:10362000BFBE00BF0000C842ECCD0020DDD20020AC
:10363000D91402006C06020070B504460D46EFF383
:103640001186402383F31288BFF36F8F12481AF05C
:1036500085FDFFF749FC114B23F81450104B1F2236
:103660001A5586F31188BFF36F8F08200AF054FFB4
:1036700048B10C4BC461C0E9053504230374002331
:1036800043748374C37408494FF4035217F088FEDF
:103690000120A04070BD00BFE09800208CCE00202B
:1036A000DDD200200A1502006C06020070B5044647
:1036B000EFF31186402383F31288BFF36F8F124814
:1036C0001AF04CFDFFF710FC104B002523F81450A6
:1036D0000F4B20221A5586F31188BFF36F8F0820F5
:1036E0000AF01AFF38B10B4B4574C0E905340323C7
:1036F00003748574C57408494FF4C65217F050FE20
:103700000120A04070BD00BFE09800208CCE0020BA
:10371000DDD200203D1502006C060200044B054A74
:103720001B68B3FBF2F35843034B43F00103184704
:10373000E406002040420F0080080200034B0022F4
:10374000DA801A819A72DA601A827047D094002067
:1037500013B54FF4805405480DF107011BF04FF9E4
:1037600008B9013CF7D102B010BD00BF60030200F0
:103770000A4908B500204871FFF7E0FF0B79C1F84E
:1037800098024BB106481AF0D0FD05481AF0D7FD53
:10379000BDE80840FFF7DCBF08BD00BFD0940020A3
:1037A00060030200F0B5114D05F500532A46D3F829
:1037B000900012F8016FD3F890300024582742F29D
:1037C0009A0CE1B28E4201D8C01AF0BD12F8011F66
:1037D00007FB0151013431F80C1089B2A1EB030E43
:1037E00033EA2E0328BF0B46EBE700BFA8320020C8
:1037F000184800F5005200232DE9F04F19460370D8
:103800004370C2F8903002F1E8044FF0580B42F2D6
:10381000980A42F2990942F29A0842F29C0E42F248
:10382000E00C42F2E405002600270BFB0302013303
:10383000102B02F80A1002F8091022F8081002F8FA
:103840000E1042F80C105151E4E81667EDD1BDE8B6
:10385000F08F00BFA83200202DE9F0410546EFF3BC
:103860001188402383F31288BFF36F8F0A4F0B4BED
:103870003C5C53F82060E4B21AF0B6FC24B1361A6E
:10388000002E02DC00237B55002488F31188BFF34F
:103890006F8F2046BDE8F081F6D000208C94002088
:1038A0002DE9F04F85B0DDE90E791C4600233B7011
:1038B00006460D4689F800309046002A40F0AB805D
:1038C000082940F0A580811C062207200DF0AAFEE1
:1038D0003378002818BF0546AB4208D130687368BA
:1038E000000C40EA0340190C50EA134305D10123B0
:1038F00089F8003005B0BDE8F08F7678FFF7A8F9B9
:10390000AB4B1B780BB9411CF1D0AA4B1B780BB108
:10391000421CECD0002EEDD0012E11D1431CE6D07C
:1039200000236370E370A44B6571082222701A684B
:103930009B88A071C4F80720A4F80B303E70D9E72B
:10394000022ED4D10130D5D1D1E73226CFE0242EBA
:103950000DD19A4A9A4932F81520495D2172C2F375
:1039600007216172A272E3726373A373EFE04FEAFF
:103970001B6222724FEA1B4262720A2E4FEA1B221E
:10398000A27284F80BB007D18E4B1B681A0E6273BB
:103990001A0CA2731A0A19E01F2E0AD18A4931F8AB
:1039A0001520C2F30722627331F81520A273E37366
:1039B000CFE0362E0CD1854B5B5D6373844B5B5D32
:1039C000A373844B33F81530C3F30722E273BFE0CF
:1039D000342E03D1804A525D6273C6E71EB97F4B15
:1039E00053F82530D2E7C4F80D30B2E0212B81D155
:1039F000707800230F283B703FF67CAF3B46224691
:103A00004146CDE90E6505B0BDE8F04F17F0F6BBB5
:103A1000012911D86EE701297FF66CAF96F8019065
:103A2000B9F10F0F08D81AF0DFFB6D4B43F82900EE
:103A30006C4B012203F809200D2D3378D6D1F02BE1
:103A4000D4D175780F2D3FF655AF0C2231460720A3
:103A50000DF0E8FD337B83427FF44CAF96F8029083
:103A60001AF0C2FB604B5E5D8346F6B2EFF3118144
:103A7000402383F31288BFF36F8FEEB9DFF84CC198
:103A80001CF8053003F0FF00ABB9584B5A5D02F04B
:103A9000FF068AB15A5D4E4ED2B20CF80520544A48
:103AA000525DD2B27255534A4A4E32F8152092B244
:103AB00026F815205855362681F31188BFF36F8FED
:103AC0004D4B43F825B04D4B01225A557EB94C4B16
:103AD0001A7862B11A78002A3FF437AF582202FBF5
:103AE000053342F298029B5C002B08BF3226284621
:103AF000FFF7B2FE0723B5FBF3F3C3EBC303EB1AE7
:103B0000B0F1000A03F1010318BF312663700D23E1
:103B10002370F12200230C2EE3706271A57184F8EA
:103B2000079026737FF413AF364906226A438E1836
:103B3000885A7188B288607240F30726E17241F3B7
:103B4000072042F307212672A0726173A273E37308
:103B500023740C22611D07200DF064FD01266074A2
:103B60003E70BAF1000F7FF4C5AE254B1A78002ADB
:103B70003FF4C0AE1A78002A3FF4BCAE582202FBD4
:103B8000053342F298029B5C002B3FF4B3AE0DF17B
:103B90000F03CDE900AA2246414628468DF80FA022
:103BA00017F02CFB9DF80F30002B3FF4A3AEC5E6B9
:103BB00087D2002086D2002080D20020CCCD0020E9
:103BC00010D200203C9900208CCE002060D2002032
:103BD00030D200204CCE002000D20020849A002059
:103BE0008099002070D20020DDD2002050D2002029
:103BF00040D200206CCE00204099002020D200202E
:103C0000A8320020ECCD002070B5094E0024337896
:103C1000E5B2AB4201D9102C00D170BD2846FFF7A8
:103C20001BFE18B933212846FFF7E8FB0134EEE705
:103C3000EED2002008B506200AF06EFC38B10A4B1F
:103C4000436102230374002343748374C3744FF4E9
:103C50008652064917F0A4FB054B00221A70BDE8F6
:103C60000840FFF7D1BF00BF611502007C060200CB
:103C7000A8320020F0B41249582303FB001342F28B
:103C800098041A5DCAB100221A550C46134614F85E
:103C9000016FD5B2AE4204D84B7073B9F0BCFFF7D8
:103CA000C9BF14F8015F85421CBF5F1C5B1802F19D
:103CB00001021CBF9D70FBB2EBE7F0BC704700BF78
:103CC000A83200200F2838B5044625D8EFF3118517
:103CD000402383F31288BFF36F8F1AF085FA0F4BDE
:103CE00000F5A02043F824000D4B01221A5585F35E
:103CF0001188BFF36F8F31212046FFF77FFB094BFF
:103D0000582202FB043342F298029B5C23B1204606
:103D1000BDE83840FFF7AEBF38BD00BF8C9400202F
:103D2000F6D00020A832002073B50A494E7801A8C9
:103D3000324602311CF052FA01AC0025EBB29E4231
:103D400001D802B070BD14F8010BFFF7BBFF0135BD
:103D5000F4E700BFA832002008B50848084A1AF066
:103D60000AFA00F03F010346182000FB01201AF078
:103D700002FA0133181A18BF012008BD88940020E8
:103D80009C8E0020F8B5DFF87CC01D4FBCF80030D9
:103D9000044600200246C6B28E420AD30AB1ACF8ED
:103DA00000300F220021601C1BF074FFF8232370E9
:103DB00022E0B3FBF1F201FB1232531C0F2AB3FBDA
:103DC000F1F601FB16339BB217DC07EBC20E57F876
:103DD0003250DEF804602E430FD0ACF80030FF23E1
:103DE0002370627057F83200C4F80200BEF8043045
:103DF000E3800023A360E360F8BD01300122CAE73D
:103E0000E05F00208ACD00202DE9F3470446894673
:103E100017461D46EFF305832BB155EA020302D086
:103E2000992243490FE004F10806EFF311884FF09F
:103E3000400A8AF31288BFF36F8F304611F0B2FE4A
:103E400030B984223B493C481AF0C5FB1BF00BFFFC
:103E5000304611F0CBFE626A23699A4250D2EFF3EA
:103E600011838AF31288BFF36F8F83F31188BFF336
:103E70006F8F13B93149BB22E5E72568AC421AD0F0
:103E8000CDB1284613F074FA05F1180013F00AFDBD
:103E9000E2686869494600241CF0A0F92846C5F884
:103EA000A04013F0FFFF4146304613F0B5FB20461B
:103EB00002B0BDE8F087206A6369984207D3A3691E
:103EC0005A1E904203D8E2681B1A934201D2B422D0
:103ED000A7E749461CF082F9236AE2681344A26905
:103EE0002362934204BF63692362636A013363629E
:103EF0000024304611F064FEA8B94FF49972A1E78E
:103F000055EA07030CD00E4B9B682246C3F8149069
:103F10004146CDE90075304614F0DEF80446C6E7A8
:103F20006FF02204E5E788F31188BFF36F8FBEE7D7
:103F300089150200C3150200AB150200F01502003E
:103F4000BC9C00202DE9F7430446884617461D46D1
:103F5000EFF3058333B155EA020303D04FF49772B0
:103F60004A490EE004F10806EFF31189402383F378
:103F70001288BFF36F8F304611F014FE30B98422DF
:103F8000434944481AF027FB1BF06DFE304611F000
:103F90002DFE636A002B58D0E268E16940461CF0B0
:103FA0001DF9E369E2681344A269E361934204BF27
:103FB0006369E361636A013B6362EFF3118340224B
:103FC00082F31288BFF36F8F83F31188BFF36F8F73
:103FD00013B93149BB22D4E72568AC4245D0002D46
:103FE00044D0284613F0C4F905F1180013F05AFC28
:103FF000206A6369984207D3A3695A1E904203D886
:10400000E2681B1A934202D24FF4A472A8E76969CE
:104010001CF0E4F8236AE2681344A2692362934225
:1040200004BF63692362636A013363620024284624
:10403000C5F8A04013F036FF4946304613F0ECFABD
:104040002546284603B0BDE8F08355EA070314D09F
:10405000124B9B682246C3F814804946CDE900758F
:10406000304614F039F80546EBE70025304611F0EC
:10407000A7FD28B94FF4997282E76FF02205F5E7A2
:1040800089F31188BFF36F8FDBE700BF891502004A
:10409000C3150200AB150200F0150200BC9C002005
:1040A0001FB501A94FF0FF324FF0FF330548FFF76E
:1040B00049FF9DF80620BDF804000DF1070117F037
:1040C00019FAEEE7880C00202DE9F047054600F1CB
:1040D0000808EFF31189402787F31288BFF36F8F29
:1040E000404611F05FFD064610B984222C490FE0CE
:1040F000404611F07BFDEFF3118387F31288BFF385
:104100006F8F83F31188BFF36F8F33B92549BB22BB
:1041100025481AF060FA1BF0A6FD2C68A54226D0AF
:104120002CB3204613F024F904F1180013F0BAFB65
:104130006FF0220AC4F8A0A0204613F0B3FEEFF3FC
:10414000118387F31288BFF36F8F83F31188BFF356
:104150006F8F002BDAD02C68A54209D044B12046DD
:1041600013F006F904F1180013F09CFBE2E70026B7
:1041700000236B622B6AEB612EB149464046BDE8D5
:10418000F04713F049BA404611F01AFD10B94FF448
:104190009972ABE789F31188BFF36F8FBDE8F087A1
:1041A000C3150200F0150200AB15020008B5062089
:1041B0000AF0B2F938B1124B4361022303740023B1
:1041C00043748374C3740F494FF4865217F0E8F8B0
:1041D0000D4B01221A701AF009F80C4BC3E90001CB
:1041E0000B4B0C4800221A700B4B1A780B4B1A70B1
:1041F000FFF76AFFBDE808400221032006F082B8FD
:104200001B1602006C06020087D20020A03200209C
:10421000EED10020040C0020EED20020EDD10020D1
:10422000154B1649164810B5002400221C700023B7
:10423000C1E9002313490C7013490C701349C1E9FB
:104240000023134B1C70FFF73FFF0120022106F0F3
:1042500059F806200AF060F930B10E4B4361022391
:10426000037444748474C474BDE810400A494FF464
:10427000865217F095B800BF87D20020A0320020E8
:10428000040C0020EED10020EDD100209832002057
:1042900086D200203A1602006C0602002DE9F04793
:1042A000A54B8342A2B040F0E281A44CA2481AF090
:1042B000D7FB002800F3B681EFF31187402383F387
:1042C0001288BFF36F8F9D4C204611F06BFC0028C5
:1042D00000F0C081204611F089FC2046B4F89862B5
:1042E000B4F89A5211F06CFC48B387F31188BFF30D
:1042F0006F8FAE4200F0B5818F4822B0BDE8F04725
:104300001AF00EB8204611F071FC8B4801220DF115
:1043100003011AF06AFB061E0BDD23794BB16379AA
:104320003BB19DF803500A2D0CD1E3796BB100230A
:10433000E371204611F044FC002840F00F814FF457
:10434000997288E10D2DA37931D18422002101A831
:104350001BF0A0FC94F806A0BAF1000F1CD1238A30
:10436000B4F80E90764999441FFA89F9636901936C
:104370004A4602A81BF032FF09F188030DEB03093E
:10438000704809F880AC0022002301A9FFF73CFD2A
:1043900010B10720FEF778FC6B4819F093FEFFF789
:1043A000CDF9A5F10D035D425D41E571C1E7002244
:1043B000E271002BBDD1237A002B47D0022B0FD006
:1043C000032B35D0012BB4D15B2D04D102232381E3
:1043D0001346A37225E04F2D36D103232372A8E79D
:1043E000A5F13002D3B20F2B22D8092B1BD8A37A08
:1043F000002B9ED101236372A38940F2E6318B42E8
:1044000097D892B20A2101FB0322B2F57A7F3FBF0F
:1044100003EB830305EB4303303B9BB228BF40F221
:10442000E733A38185E73B2D83D10123A37280E786
:10443000A5F120030F2B7FF67CAFA5F140033E2BA7
:1044400002D82846FEF754FC0023C7E71B2D02D1F3
:1044500001222281BDE7092D3FF46BAF7F2D01D0F2
:10446000082D30D1E389002B3FF463AF228A1A4430
:10447000013B9BB203F1170192B2E3812144013366
:104480009BB2934208D30820FEF7FEFB238A43B970
:104490002E4819F017FE4CE7E018007E01F8010FD6
:1044A000EDE72B4819F00EFEE589E389228A1344D3
:1044B0009D4201DB2748ECE763190135187EFEF7C2
:1044C000E3FBADB2F1E7A5F120035E2B3FF631AF80
:1044D000E289238A13449BB27E2B1AD803F1180178
:1044E00021449A421BD3531C22442846E38115766B
:1044F000FEF7CAFB238A002B3FF41BAF144819F0C8
:10450000E1FDE589E389228A13449D420DDB1248CF
:10451000BFE701230720A371FEF7B6FB09E711F8F7
:10452000010D4870013B9BB2DBE763190135187E32
:10453000FEF7AAFBADB2E5E760030200D0940020CD
:10454000E8940020D80B002050160200D61202007A
:10455000D9120200DD120200DE12020088F3118877
:10456000BFF36F8F002E04DD42481AF0BCF900281B
:1045700064DC40481AF0ABF900287FF797AE3E4E56
:104580004FF040083B481AF0A2F900287FF78EAEA2
:10459000EFF3118788F31288BFF36F8F364811F05D
:1045A00001FB002856D0304611F020FBB6F89822C7
:1045B000B6F89A52AA420DD12F4811F001FB0028FB
:1045C0003FF4BDAE87F31188BFF36F8F294819F010
:1045D000ACFE6BE68CBF521BC5F5007205F198016D
:1045E000244892B231440EF0ABFEB0F10009C2BFD4
:1045F0004D44C5F30805A6F89A523046B6F898A27D
:10460000B6F89A5211F0DCFA00283FF498AE87F31E
:104610001188BFF36F8FB9F1000F7FF747AEAA453E
:10462000B0D1D3E713481AF062F900287FF744AEFF
:1046300010481AF058F900289BDD4027EFF3118845
:1046400087F31288BFF36F8F204611F0ABFA002872
:104650007FF458AE84220949094819F0BCFF1BF0C9
:1046600002FB044822B0BDE8F04719F05EBE22B05C
:10467000BDE8F08760030200D0940020C31502005B
:10468000AB1502002DE9F04F87B051EA0003054653
:104690000E46019283460F4600F0E080DFF8E0818D
:1046A00070484FF0FF324FF0FF331BF0E5FA6E4BCE
:1046B00098F800001A46824600249946A04203DC7E
:1046C00010280CD0002434E0D2E900E18F4208BF6A
:1046D000F34502F1080200F0A9800134EEE74FF043
:1046E000000AD3E900210A4303F1080320D00AF1AC
:1046F000010ABAF1100FF4D15A4819F027FE082028
:1047000009F00AFF48B1594BC661C0E905350423D9
:104710000374002343748374C37455494FF40252E5
:1047200016F03EFE6FF01B04204607B0BDE8F08F88
:104730000124EFF3118B402383F31288BFF36F8FB3
:10474000012000FA0AF006F0B9F809EBCA03C3E940
:1047500000561CB90AF1010388F800308BF3118868
:10476000BFF36F8F06F0F0F854464FF0010A3D4852
:1047700019F0ECFDBAF1000F5BD00A2009F0CCFE75
:1047800050B13C4BC0E90856C0E905340623037418
:10479000002343748374C37435494FF4435216F0B5
:1047A000FFFDE01C082209EBC40180B215F0BEFF3A
:1047B000012298F800308DF8103004A9104615F049
:1047C000B5FF019B002BAFD0062204A90720CDE93D
:1047D00002560495ADF814600CF024FF4FF080539E
:1047E000051E4FF0080008BF0825D3E9296709F026
:1047F00093FEA8B1204B43613A04E31742EA164204
:104800001B02360443EA146346EA04261343354385
:104810000022C0E906530423037442748274C274F4
:1048200013494FF4035216F0BBFD7DE74FF0000A29
:104830009DE7082009F070FE50B1104B80F811A0E0
:10484000C0E905340323037480F812A080F813A094
:1048500007494FF4C65216F0A3FDB2E76FF01504F6
:1048600062E700BFB00B0020E05F0020531602009B
:104870006C0602007C160200C8160200A716020091
:10488000EED200202DE9FF41404D41484FF0FF326C
:104890004FF0FF331BF0F0F92C78002C39D03D4A53
:1048A000013C02EBC403D3E90067EFF31188402118
:1048B00081F31288BFF36F8F00200021C3E900014C
:1048C000E3B202EBC30223B152F8081D5068014362
:1048D0001CD00120A0402B7005F0F0FF88F3118858
:1048E000BFF36F8F06F030F8294819F02FFD631CD5
:1048F00014D1062009F010FE00283DD126494FF4BE
:10490000845204B0BDE8F04116F04ABD013BDBB271
:10491000D9E74FF0FF3400260027E5E7E0B2FEF7C5
:1049200043FC01222B788DF8073010460DF107016A
:1049300015F0FCFE00220023CDE90223E01C082232
:1049400080B20DEB020115F0F1FE0A2009F0E4FD42
:1049500050B1124BC0E90867C0E90534062303745F
:10496000002343748374C3740B494FF4435216F00D
:1049700017FD04B0BDE8F081094B436102230374C5
:10498000002343748374C374B8E700BFEED20020E1
:10499000B00B0020E05F00206C060200E51602006C
:1049A00012170200F0B54B4B4B4885B000241C7029
:1049B000FFF78AFB4FF0FF324FF0FF3347481BF001
:1049C0005BF9474B1D78EFF31187402282F3128881
:1049D000BFF36F8F1C708022214642481BF05AF9AA
:1049E000102D28464FF0010628BF102006FA00F0CF
:1049F000013805F063FF87F31188BFF36F8F05F06F
:104A0000A3FF364819F0A2FC324630460DF10701EB
:104A10008DF8074015F08AFE00260027E3B29D427C
:104A200041D8062009F078FD002849D12E492F4FA2
:104A30002F4D4FF4865216F0B3FC00242D4B264622
:104A4000184607F8016B05F8016B402200211BF0A6
:104A500021F901340346102C03F14003F0D1002466
:104A6000E0B20134FEF7A0FB102CF9D1224800215E
:104A700019F087FB062009F04FFD38B11F4B436149
:104A800002230374002343748374C37416494FF4E0
:104A9000865216F085FC1A484022002105B0BDE878
:104AA000F0401BF0F7B80134112CBAD0A01C08223A
:104AB0000DEB020180B2CDE9026715F037FEADE7DC
:104AC000104B436102230374002343748374C37443
:104AD000ACE700BF87D20020040C0020B00B002000
:104AE000EED20020E05F00206C0602008DD2002094
:104AF0009DD20020E05B0020C09900203117020009
:104B00008CCD0020271702002DE9F0410446154600
:104B10000F4619F06BFB4FF0FF3380464FF0FF322A
:104B200035480E461BF0A8F8344B1B78A34237D902
:104B3000334B03EBC40253F83430526813432FD085
:104B4000304B03EB8413D3E9082352EA030127D047
:104B5000B8EB020866EB030641F28933984576F11B
:104B600000061DD2284B24481F55284B23F814500B
:104B7000274B24221A5519F0E9FB4DB30A2009F0FE
:104B8000CBFC50B1234BC0E90775C0E905340523C0
:104B90000374002343748374C3744FF4235226E0D8
:104BA000154819F0D3FB082009F0B6FC40B11A4BA8
:104BB000C0E9053403230374002343748374C3746E
:104BC00016494FF4C45216F0EBFB0020BDE8F0810B
:104BD000082009F0A1FC40B1114BC761C0E90534C0
:104BE0000423037445748574C5744FF403520B4950
:104BF00016F0D6FB0120E9E7B00B0020EED2002032
:104C0000E05F0020E05B002010D20020CCCD00202F
:104C1000DDD20020D81702006D1702006C060200DA
:104C20009A170200F8B54FF0FF324FF0FF330646F7
:104C30001348144C0F461BF01FF8134B134A93F8FC
:104C400000C000231D464FF0010ED9B28C4501D99A
:104C5000102B04D10A4819F079FB2846F8BDD4E995
:104C60000010014304F1080407D0D2E90801B04262
:104C7000B94124BF0EFA03F10D4301334032E4E79A
:104C8000B00B0020E05F0020EED20020E05B0020AF
:104C9000F8B54FF0FF324FF0FF3300AF044627481E
:104CA0001AF0EAFF264B274A187800231D460126F2
:104CB000D9B2884233D8214819F048FB224A002350
:104CC00025FA03F1C90748BFD4540133102BF7D19B
:104CD0000022134625FA02F101F0010101320B44D2
:104CE000102ADBB2F6D1362C96BF184A184952F872
:104CF00024108AB06A461748CDE907434FF4007381
:104D0000ADF82430144BCDE9050142F8103F1348AB
:104D10004FF4335116F0F6FE2846BD46F8BD102B71
:104D2000C9D0D2E9001C51EA0C0118BF06FA03F100
:104D300002F1080218BF0D430133B9E7B00B0020A0
:104D4000EED20020E05F0020DDD20020E00B020068
:104D50004B14020011180200050000016C0602004D
:104D6000642870B5054615D9082009F0D5FB40B177
:104D70002E4BC0E905350323037400234374837469
:104D8000C3742B494FF4C25216F00AFB6FF015049E
:104D9000204670BD274819F0EEF9044698B1062068
:104DA00009F0BAFB38B1244B43610223037400239A
:104DB00043748374C3741E494FF4845216F0F0FA9E
:104DC0006FF00F04E4E71D4B002D1D601C4B14BF5A
:104DD0002A46802228461A70FEF7ACF919F006FA26
:104DE00040F6AC568019174B41F10001C3E90001B0
:104DF0002146154819F0C5F901210E4819F0C1F9ED
:104E00000A20FFF745FF082009F086FB40B10F4B51
:104E1000C661C0E905350423037444748474C47402
:104E200003494FF4035216F0BBFAB1E75F180200D2
:104E30006C060200D4980020891802003C990020DA
:104E4000BAD1002090320020D0980020B91802007A
:104E5000F7B50D46044651492846FCF7D4FC20B16D
:104E60004F492846FCF7CFFCD0B90F2C72D8082048
:104E700009F052FB40B14B4BC0E9053403230374E6
:104E8000002343748374C37447494FF4C65216F029
:104E900087FA3021204603B0BDE8F040FEF7AEBAF5
:104EA00042492846FCF7AFFC20B141492846FCF7AF
:104EB000AAFCA8BBFF2C19D1062009F02DFB38B1A4
:104EC0003C4B436102230374002343748374C37413
:104ED00035494FF4845216F063FAFEF725FFFEF7CA
:104EE00087FC03B0BDE8F040FEF78EBE0F2C31D832
:104EF000082009F011FB40B12F4BC0E90534032312
:104F00000374002343748374C37427494FF4C45259
:104F100016F046FA204603B0BDE8F040FEF7D2BED8
:104F200026492846FCF76FFC0446002834D1244D5E
:104F30002B785BB36E78FEF735FC31460246802352
:104F4000204819F03BFB05F5005658276A78E3B274
:104F50009A4201D803B0F0BD2B4442F29A0E9978E0
:104F6000D6F8900007FB015342F2990233F80EC0C5
:104F70009A5C33F80E301FFA8CFCA0EB0C0000900A
:104F80009BB2114819F01AFB0134DFE70F4803B058
:104F9000BDE8F04019F012BB0D48F8E7FE550200DD
:104FA000F5180200FB1802007C0602002919020015
:104FB0002F1902003619020050190200556502002F
:104FC000A83200207119020097190200CB190200C3
:104FD000E31902002DE9F84320EAE0704FF40043A2
:104FE00040F2E7344FF00008E0FB0348EFF305839D
:104FF0003BB140F2C6423149314819F0ECFA1AF09F
:1050000032FEEFF3058616B14FF49362F3E7B4F581
:105010007A7F78F100030ED213F0A2F900234FF447
:105020007A7147F6FF720020E3FB0120D20B42EABF
:105030004040BDE8F883EFF31187402383F31288E3
:10504000BFF36F8F1F4810F0ADFD10B984221E49C9
:10505000D2E71E4D1B4810F0C9FD1D4BA868186013
:1050600012F0F6FF4FF47A72002320464146FCF717
:1050700021FBD5F8089002460B46484612F00CFC7E
:10508000AA68137C43F00403044613740D4810F01F
:1050900097FD10B940F26D12D9E7384612F090FA38
:1050A000AB68D3E90A23B3F1004F08BFB242B5D1D0
:1050B00013F0BCF9231A23EAE373B0E7061A0200DF
:1050C000AB150200E09C0020C3150200BC9C002030
:1050D000B89C00202DE9874819F088F8DFF88CA1EA
:1050E00005460F464FF0FF38C820FFF773FF19F051
:1050F0007DF8044652480E4619F03DF8B8B1231A1F
:1051000061EBE070B3F57A7F70F100000FDB4D4882
:1051100019F031F8011E6FDD4B4819F032F849489B
:10512000002119F02EF84648214619F02AF8474B7D
:105130001B78002B5AD0621B66EB0703B2F57A7F0F
:1051400073F1000350DB4048414D19F014F8002181
:105150000746404819F015F8DAF800B08146BBF16F
:10516000000F15D02B880193082009F0D5F950B114
:10517000394A019BC361C0E9052B04230374002352
:1051800043748374C37435494FF4035216F008F91D
:105190000022DFF8DCB02A80CAF8002015465BF850
:1051A000042BBAB10820019209F0B6F950B12C4B8A
:1051B000019AC261C0E905350422027400224274DA
:1051C0008274C2744FF40352244916F0E9F80022A5
:1051D0004BF8042C0135102DE1D1B9F1000F08D0A6
:1051E000B84519D1B84601E02C463E46254637461B
:1051F0007AE74FF0FF38F9E71A4818F0BCFF0028AB
:1052000091D0221A66EBE073B2F57A7F73F1000059
:1052100089DB0D48002184E7082009F07DF940B1C1
:10522000114BC0E9053703230374002343748374CF
:10523000C3740A494FF4C65216F0B2F8D2E700BF61
:10524000388E0020308E0020348E00208CD200203A
:1052500088CD0020408E0020281A0200AC060200F3
:10526000461A02003C8E00205B1A0200848E002049
:10527000448E00202DE9FF41204D082095F8427012
:1052800095F8438009F048F940B11D4BC0E9053855
:1052900003230374002343748374C37419494FF4C4
:1052A000C65216F07DF8022400261022002168461E
:1052B0001AF0F0FCF123A7428DF800308DF8018040
:1052C0008DF8026008D93A1B0D2A28BF0D22291932
:1052D0000DF103001AF082FF0021684606F034FD4C
:1052E00001360220FFF776FE062E04F10D04DCD114
:1052F000002385F8443004B0BDE8F08106D10020D9
:10530000671A02007C060200034B93F844300BB18D
:10531000FFF7B0BF704700BF06D100202DE98048DD
:105320008FB000AF18F062FF104BC3E900014FF4DB
:10533000FA70FFF74FFE18F059FF0D4BB9610021CD
:1053400078623B620C46D3E90C0250EA020525D094
:105350007D6A281ABD6965EB0202B0F57A7F72F1A9
:1053600000021BD3D86A28B1986312E0D8580020F5
:10537000E05B0020D3E9085255EA020609D07E6AB4
:10538000751BBE6966EB0202B5F57A7F72F1000209
:10539000EAD27A6A1A63BA69DC625A630131102967
:1053A00003F14003CFD1B34B1B7823B3B24BD3E906
:1053B0000001012871F100021DDBD3E900017A6AC6
:1053C0008242BA698A4116D3AA4A002000240021E9
:1053D0001470C3E90001062009F09EF830B1A74B14
:1053E00043610223037444748474C474A4494FF465
:1053F000865215F0D5FFA34B796AD3E900238A1AA8
:10540000B96961EB0303B2F57A7F73F10003C0F071
:105410002E8110229C4BFA6100249A6B1444FA6985
:10542000013A03F14003FA61F7D1082009F074F85A
:1054300040B1964BC0E9053403230374FB69437400
:105440008374C3744FF4C6528D4915F0A9FF8D4B78
:105450007A6A1A60BA695A608D4B1B78102B1A460B
:1054600028BF10227A6113B101239340013B894880
:10547000DFF8609218F07FFE00EA03028648FA60C7
:1054800018F079FE4FF0000800EA0304C346C24654
:105490007B695FFA88F18B4200F233817E4818F015
:1054A0006AFE844203D0796A7C4818F06AFE21467D
:1054B000794818F066FE51467948DFF81CA218F0CA
:1054C00060FE59467748DFF814B218F05AFE764B62
:1054D000DFF80CC21B68FB606B4800231C461D46AE
:1054E0001E4682697A61DBF800203A617A69DCF84D
:1054F00000E04CF8042BFA680168D0F81490DAF850
:1055000000804BF8049BDA40D2074AF8041B13D5FD
:105510004145C0F087817A697245C0F083813A695C
:10552000914540F07F817A69A1EB0801A2EB0E0260
:10553000D14201D00D4414440133102B00F140003E
:10554000CFD176B9594B1B785BB9594818F013FE87
:10555000002800F06981574818F00DFE002800F07F
:105560006381FDF733FBDFF84081D8F800A018F025
:105570003DFE474BC7E90110474818F0FCFD1A787B
:105580000F2A00F20E82002A00F00E8201239340BF
:10559000013B00EA030600231C46D9B2914202D225
:1055A000102B40F00382D8F800307B619E4204D07B
:1055B000414B00221A70FDF709FB002C40F02682B7
:1055C00010253C4818F0D7FD7B6938619E4240F0B9
:1055D0003C823A4B1B78AB4240F0568218B9364BAE
:1055E0001A78374B1A70324818F0C5FD00283ED0A3
:1055F000344818F0C0FD002839D12E4818F0BBFD02
:10560000011E0CBF4FF020084FF01F08EFF311866A
:10561000402383F31288BFF36F8F254818F0ABFD4A
:10562000002840F081830022134686F31188BFF3DF
:105630006F8FF869D8B1002900F0BD832248114668
:105640006C468CB06A46214D0991CDE90550F86948
:10565000CDE907034FF40073ADF828301C4B42F836
:10566000103F07484FF4535116F04CFAA546014B32
:105670001B7837E08CD20020D0580020B21A0200EC
:105680006C060200D8580020E05B0020CF1A020010
:10569000EED20020649C0020209C0020C0990020B5
:1056A0001C9C0020189C0020C49A0020A8320020D6
:1056B000149C0020C89A00208BD20020EDD200203C
:1056C0008AD200200C9C0020BC6F02008D1C0200BE
:1056D00006000001249C0020449A0020C499002068
:1056E000049A0020002B3FF422AEB749D1E90023F1
:1056F00052EA030040F062837B6A0B60BB694B6037
:1057000015E6012303FA08F6B04B03EB88031846AD
:105710003B6118F030FDFA68324003462DD058B393
:105720007A6A451E551B62EB0202002AB8BF0025AB
:1057300001220846C7E90123FDF770FD0128D7E9DA
:10574000012306EA04011BD199B1082008F0E4FE08
:1057500040B19F4BC0E90538032303740023437411
:105760008374C3749B494FF4C65215F019FE24EAA2
:105770000604002148462DE002464FF0FF35D8E7E9
:10578000002935D07AB343F69722954225D90C20CB
:10579000BB6008F0C1FE80B1BB688F4A03627B6AC0
:1057A000436243F698238362C0E905280723037404
:1057B0000023C56143748374C37486494FF46252F5
:1057C00015F0EEFDF143854818F0F6FC386924EA3F
:1057D0000604002118F0D5FC05E041F26F739D42EC
:1057E00001D94BEA060B08F1010809F104094FE65B
:1057F000002ABED041F26F739D42BAD8484618F0D5
:10580000BAFC30B9796A484618F0BBFC4AEA060A85
:10581000E9E77B6A181AB0F5FA6FF7D334432AEA3E
:10582000060AA7E7012687E66D4B1E786D4B1B78AD
:10583000B3427FF496AEE5423FF493AE6A48DFF898
:10584000BCC1036805EB0308DCF80050C0F8008019
:105850002544664CCCF80050217808EB0502013154
:10586000C9B2632A21707FF67EAE002303604FF435
:105870007A793220A5FB09A9CCF80030A2FB00C040
:10588000D445237070EB090E4FF00A04DFF870E185
:10589000A2FB04B406D29EF800300B44052BA8BF2F
:1058A0000523DBB2DA4579EB04048EF80030DFF82B
:1058B00054E14DD29EF800400C441E2CA8BF1E247B
:1058C000E4B2E24579EB0000DFF83CC18EF800401D
:1058D00040D29CF8000008447828A8BF7820C0B2C5
:1058E000052B8CF8000037D1032E00F282823C4B4E
:1058F0007A610136F6B21E70FDF768F93C4B0E2056
:1059000033F816B008F008FE0446D0B17A690023D7
:1059100050464946FBF7CEFE364B25630A22C4E9C2
:1059200005360423C4E9073BB0FBF2F302FB130086
:105930006362C4E90A080923237400236374A3740F
:10594000E37424494FF49142204615F029FD0AE6FC
:105950000024B6E70020C3E71E2C02D078287FF48D
:1059600002AE002E3FF4FFAD1D4B013EF6B21E709D
:10597000FDF72CF91E4B0A2033F8164008F0CCFD39
:1059800058B11D4BC0E905360423C0E9073405238F
:105990000374002343748374C3740E494FF4235279
:1059A000D3E74FF0FF33F4E51346F2E526FA03F0B0
:1059B000C50707D5601C07F1280510342C4404F8EE
:1059C000101CC4B20133E8E5C8580020709C0020C8
:1059D000DD1A02006C060200FA1A0200649C002024
:1059E0008BD200208AD20020B49C0020EFD200206D
:1059F000BC110200371B02007C1B0200B09C00207F
:105A0000F2D20020F1D20020F0D20020AF4818F0EE
:105A1000B2FB00287FF4D4ADAD4B1A78AD4B33F810
:105A20001230002A04FB03F34FF40045B5FBF3F5F5
:105A300014BFFF2340239D4228BF1D4625F00105CA
:105A4000102D7FF6BDADEDB2BBE5A14B197841F24B
:105A50008830A14BD3E9002E52EA0E0C09D0BB6866
:105A60009A1A7B6863EB0E03824273F10003FFF422
:105A7000BAADACB9994BC8F800401C70984B1022D5
:105A80001A70984B1970AEE5914B19783B69002B51
:105A9000DDD1944B1B788B42D9D043F69820D8E7C0
:105AA000914ADFF8488213780133DBB21370FB6050
:105AB000FDF7AEF9FA6842EA04404FEA044E2B02C1
:105AC00040EA052007F1280C0022B2FBF4F11CF893
:105AD000019B04FB112140EA0161013248F82910C1
:105AE000D1B28C42F1D8F868034343EA0E037F48F1
:105AF0000022012143F07F4301FA02FC1CEA060F59
:105B000008BF40F822300132102AF5D1784818F049
:105B100032FB002840F0AC80704B75481C70704B15
:105B20001D70744B1E6018F026FB002855D0674886
:105B300018F021FB002850D06F4A13889BB2002B2D
:105B400000F0BF80B2F800901FFA89F92046FDF7F7
:105B500057F86A4A4845138828BF48461FFA80F814
:105B60009BB2984539D0F1436548A2F8008018F0FF
:105B700023FBBB68DFF8A8A14FF0000B03F2DC5158
:105B800026FA0BF2D20707D5FDF756F85D4B23F83E
:105B90001B00504618F0F5FA0BF1010BBBF1100F8A
:105BA0000AF1040AECD12046FDF72AF882460A20C1
:105BB00008F0B2FC60B1544BC0F824A0C0E905392C
:105BC000C0E9078406230374002343748374C374F9
:105BD0004E494FF4435215F0E3FB3F4BBA681A604D
:105BE0007A685A607B69DFF8E8E09E4201D13B6940
:105BF0001BB93C4B9EF8001019707B699E4205FB57
:105C000004FC4FF40041B1FBFCF15DD1404B414835
:105C10003A69002A18BF03469EF800002D4AE8465C
:105C200094B032F810E06A46DFF8F8900B91CDE9B5
:105C300005930023CDE907344FF40043B3FBF5F39C
:105C4000CDE90C3E04230F93FB680E90CDE910368E
:105C50004FF40073ADF848302F4B2C48CDE9095C68
:105C600047F2C04142F8103F15F04CFFC546BAE478
:105C700036EA0A083FF450AF6FEA08012048DFF81F
:105C8000A090DFF880A018F097FABB684FF0000BE7
:105C900003F2DC5128FA0BF3D8070AD50B4818F0A9
:105CA0006AFA18B1FCF7C8FF2AF81B00484618F03A
:105CB00068FA0BF1010BBBF1100F09F10409E9D1EE
:105CC0002AE74FF0640941E7144BA5E7C89A002082
:105CD0008BD20020BC110200C058002089D20020C5
:105CE000EDD200208AD2002088D20020849A0020A1
:105CF000149C0020C49A0020AECE0020ACCE002020
:105D0000109C00208CCE0020A21B02006C0602001A
:105D1000A61A02009D1A02000E000001921A02004B
:105D2000CC9B0020EF1B0200794818F024FA824631
:105D300000287FF478AC7748774BDFF80C9218F0A6
:105D40001AFA1C6824EA000409EB8A05284618F0B0
:105D500012FA24FA0AF3DB0702461BD57B6A1B1AE8
:105D6000002B17DB6D4B13F80A309BB921B1FCF700
:105D700063FF6B4B23F81A00284618F0FCF98242A7
:105D800008D1664BFA6903F80A80012303FA0AF383
:105D90001A43FA610AF1010ABAF1100FD4D1614A2B
:105DA00013889BB22BB113889BB25F4A128892B2C0
:105DB0003BE46423F9E75D480B4641E4796A8A1ABB
:105DC000B96961EB0303B2F57A7F73F10003FFF465
:105DD000AEAA574A002352F8231089B91033B3F5FD
:105DE000807FF8D1534B7A6A1A60BA695A60FFF71C
:105DF0009EBA1E2C3FF4B8AD78287FF4B4ABB3E55F
:105E0000062008F089FB38B14B4B43610223037431
:105E1000002343748374C3744849DFF830914FF40E
:105E2000865215F0BDFA4FF000083B6A1E681B69E8
:105E300053EA060262D03A6AD4689D192D191FBF31
:105E40004FF47A7253435443B4FBF5F418BFB3FBD9
:105E5000F5F53B6A9B6908BF2C46F61818BF4FF44E
:105E60007A725FFA88F01CBF5343B3FBF6F6FDF776
:105E7000D5F93B6A59F820B0D3F800A01B69FB6143
:105E80003B6AC7F810D0D3E90510D3F80CE0D3F87B
:105E900004C09B6B7B6196B06A46294BCDF82CC041
:105EA000CDE90538FB694FF00A0CCDE9093EB6FB98
:105EB000FCFE7B6914930CFB1E6640F20133CDE9B6
:105EC0000D60B5FBFCF0ADF854300F900CFB105595
:105ED0001C4BB4FBFCF00CFB1044CDE912411190BB
:105EE000CDE907BACDF830E01095144842F8103FDC
:105EF00048F6C04115F006FED7F810D03B6A08F10D
:105F000001084033B8F1100F3B628ED16AE700BF41
:105F10000C9C0020109C0020C49A0020DDD20020A0
:105F20008CCE0020AECE0020ACCE0020C8540200A3
:105F3000E05B0020C8580020D81C02006C0602005C
:105F4000F21C020011000001CC9B0020BC0C0200DE
:105F500038B5062008F0E0FA38B11F4B4361022340
:105F60000374002343748374C3741C4C1C494FF4A2
:105F7000865215F015FA23785BB3002506202570AC
:105F800008F0CAFA30B1174B436102230374457419
:105F90008574C57412494FF4865215F001FA0A202F
:105FA000FFF718F8237893B1062008F0B5FA38B156
:105FB0000D4B436102230374002343748374C37441
:105FC000BDE8384006494FF4865215F0E9B910F0A3
:105FD00055FA0023237038BD701D0200FFD1002048
:105FE0006C0602008B1D02009E1D020008B50620F3
:105FF00008F092FA38B1174B43610223037400236F
:1060000043748374C37414494FF4865215F0C8F96D
:10601000124A1249FF23137040F20310012215F0B7
:1060200069FAFFF795FF15F0EFFD13F071FD0620FB
:1060300008F072FA38B10A4B43610223037400235B
:1060400043748374C374BDE8084003494FF4865217
:1060500015F0A6B9B81D02006C0602005C0A00200B
:10606000E21D02002DE9F74F06460C4618F0BEF877
:1060700081464FF47A700191FEF7ACFF4FF0FF3389
:1060800030484FF0FF3219F0F7FD2F4BDFF8D4C046
:1060900093F80080DFF8D0E02C4900231D461F460E
:1060A0004FF0240A4FF0010BDAB2904501D9102BC2
:1060B00019D1244818F04AF98CBB082008F02CFAB2
:1060C00040B1234BC661C0E9053504230374447411
:1060D0008474C4744FF403521E4915F061F93846B4
:1060E00003B0BDE8F08FDEE9000202430EF1080EB6
:1060F00011D0DCE908024845019882410BD3164AC9
:10610000D654164A013522F813400BFA03F201F86F
:1061100003A01743EDB201330CF1400CC4E70A2091
:1061200008F0FAF950B10E4BC0E90764C0E9053533
:1061300005230374002343748374C3744FF4235200
:10614000CAE700BFB00B0020EED20020DDD2002055
:106150000A1E02006C06020010D20020CCCD0020E6
:10616000501E0200E05B0020E05F00202DE9F74FA9
:106170004FF0FF334FF0FF320646594819F07CFDCF
:106180000121584817F0FDFF574817F0E7FF054673
:1061900018F02CF807460C464FF47A70FEF71AFFF9
:1061A00021463846FEF73EFD0446EFF311874023B3
:1061B00083F31288BFF36F8F4B4817F0DCFF013574
:1061C000A84220D087F31188BFF36F8F4548002184
:1061D00017F0D7FF062008F09FF938B1434B436111
:1061E00002230374002343748374C37440494FF43F
:1061F000845215F0D5F83A4818F0A8F80024204643
:1062000003B0BDE8F08F01213A4817F0BAFF3A48D1
:1062100017F0B7FF3948002117F0B3FF384B1E8045
:106220001A8892B2002A59D01D88ADB2DFF8DC80FE
:10623000DFF8DCA098F80000DFF8D890FCF7E0FC6D
:10624000A84228BF284680B2AAF80000FCF7F4FC58
:10625000019017F0CBFF4FF0000B0646294B019A37
:1062600023F81B20484617F086FF301A002803DB6E
:106270000021484617F085FF0BF1010BBBF1100F11
:1062800009F10409EAD11F2032462146FCF710FE2D
:106290000021144817F075FF87F31188BFF36F8F43
:1062A000BAF8006098F800700A20B6B208F034F925
:1062B00058B1154B4462C0E90535C0E907670623AC
:1062C0000374002343748374C37409494FF4435225
:1062D00015F066F8024818F039F890E76425A5E74C
:1062E0009C0B00200C9C0020E0980020911E0200D6
:1062F0006C060200149C0020C89A0020109C00200C
:10630000AECE00208CCE0020CC1E020089D2002010
:10631000ACCE0020CC9B00202DE9F0474FF0FF329F
:106320004FF0FF33464819F0A7FC0121454817F00C
:1063300028FF454817F012FF044617F057FF06469E
:106340000D464FF47A70FEF745FE29463046FEF7BB
:1063500069FC0546EFF31186402383F31288BFF3EF
:106360006F8F394817F007FF0134A0421FD086F322
:106370001188BFF36F8F3348002117F002FF06200A
:1063800008F0CAF838B1314B43610223037400238B
:1063900043748374C3742E494FF4845215F000F88B
:1063A000274817F0D3FF00252846BDE8F0870121D4
:1063B0002848DFF8B890284F17F0E3FE002127485F
:1063C00017F0DFFE264817F0DCFE264B0C4619803E
:1063D00017F00CFFA2468046484627F814A017F095
:1063E000CAFEA8EB0000002803DB0021484617F096
:1063F000C8FE0134102C09F10409EDD120204246D9
:106400002946FCF755FD00210E4817F0BAFE86F329
:106410001188BFF36F8F062008F07EF838B1124B59
:10642000436102230374002343748374C3740849D3
:106430004FF4865214F0B4FF014817F087FFB3E71A
:106440009C0B00200C9C0020E09800201D1F0200E7
:106450006C060200149C00208CCE0020C89A0020FC
:10646000109C0020ACCE0020591F0200CC9B0020C5
:106470002DE9F04F93B000AF064617F0B7FE054682
:106480000C464FF47A70FEF7A5FD28462146FEF72C
:10649000C9FB2B4A8146002329FA03F1C90748BFEB
:1064A000D6540133102BF7D10025DFF8B8B0A84639
:1064B0002C4607F1040A29FA05F3DB0717D5B8F1D2
:1064C000400F12D81F4A2B46002C08BF5A46C8F16D
:1064D00041010AEB080017F0B1FD002805DDC8F105
:1064E0004003834294BF984480440134E4B20135B0
:1064F000102DE0D104B93C71362E96BF124B1349D2
:1065000053F82610D4B13B1D8CB06A461048CDE933
:1065100005014FF47A71CDE909130E4B0B930E4B25
:106520000E48CDE9076444F2C00142F8103F15F06F
:10653000E9FA48464C37BD46BDE8F08F084BE3E723
:10654000DDD200209D1F0200E00B02004B14020070
:10655000A61F020000020406070000026C060200EB
:10656000A11F0200641A02002DE9F041071E104627
:106570000CBF88464FF0FF080E4614461D4617F024
:10658000EDFE10B3B8F1FF0F10D1712C204601D0F1
:10659000012C08D1FEF77CFB87B129460D48BDE8E8
:1065A000F04118F00BB8FFF763FFF5E7B8F10F0FF4
:1065B0000BD821464046FCF721FFEDE7064832465E
:1065C0002946BDE8F04117F0F9BF044801222946E9
:1065D000F7E700BF00200200282002004720020049
:1065E0002DE98048EBB0B54B1893B54B18689A88E5
:1065F0009B798DF89630B34B1693B34BADF894203E
:106600009A882490ADF88C201868B04A9B798DF850
:106610008E30AF4B22900A931068AE4B209090883A
:1066200092798DF886201493AB4AADF8840003F17B
:10663000007303F5B753002110688DF8641015330B
:106640008DF85C108DF8541012938DF84C101C903E
:106650009288ADF87420A14A10689288ADF86C2039
:106660009F4A1A909188106892798DF87E209D4AF1
:106670001E90ADF87C101068516830AB03C31189CF
:10668000927A9A70984A19801068516828AB03C3AF
:10669000964B39AA03F1080518685968144603C4D3
:1066A0000833AB422246F7D1914A186820605168FE
:1066B00010681B7923712AAB03C312891A808D4A93
:1066C0000E928D4A099202F1EE42A2F5C022F73AEB
:1066D0000C928A4A8A4B10685168109300238DF8F7
:1066E00044308DF83C308DF834302DAB03C3118924
:1066F000927A9A70834A19801068516836AB03C346
:106700009068814A186010685168804A26AB03C3BC
:106710001068516833AB03C3906818607C4B0893D2
:106720004FF0FF324FF0FF3349A97A48FDF70AFCDA
:10673000499DEFF31186402383F31288BFF36F8FD7
:1067400075480FF02FFA30B984227449744817F055
:1067500042FF19F088FA70480FF048FA6E4B18465D
:106760005C690FF02DFA10B94FF49972EDE786F3DA
:106770001188BFF36F8FA542D2D12022002141A8FA
:1067800019F088FA4AAA10782028134602F101026B
:10679000F9D0A0F109010429F5D941A94FF0000A67
:1067A0000C4655461FE00AF1010ABAF1080F04D160
:1067B0005C48072117F002FFB2E744F8043B1A4691
:1067C00013F8010B88B1202802D009380428F6D824
:1067D00002F8015B134612F8010B2028FAD0A0F151
:1067E0000906042EF6D90028DDD16AAA02EB8A0236
:1067F000002342F8A43CBAF1000F91D051F8042BC9
:10680000013A12F8014F002C50D101335345F5D114
:10681000BAF1010F00F0A280BAF1020F429E00F01F
:10682000A380BAF1030F439F00F0A280BAF1040FD6
:10683000449D00F0A080BAF1050FDDF8149100F03E
:106840009180DDF818B1DDF804810EA94046FAF711
:10685000DAFF002840F09180334817F0AFFE4FF484
:106860009671324817F0AAFE314817F0A7FE31485A
:1068700017F0A4FE304817F0A1FE304817F09EFE36
:106880002F4817F09BFE2F4817F098FE2E4817F060
:1068900095FE2E4817F092FE2D4817F08FFE2D48DA
:1068A00017F08CFE2C4817F089FE39E7A4F141005F
:1068B000192898BF20341470A3E700BF696E666F73
:1068C000DF4B02006C697374FB3B0200201702006F
:1068D000616464007061697234450200F24B020029
:1068E000E64B0200ED4B0200814E0200AC3D02007F
:1068F000F84B020068656C7064667500024C02001B
:1069000073656E640D4C0200194C0200214C0200AC
:106910006F746100D80B0020D0940020C3150200D2
:10692000AB150200802202009E22020064230200B6
:106930003F2502004E260200A4270200BB280200C9
:106940003A2A0200D32C0200352E0200842E0200C7
:106950002B31020042320200A2270200A146254646
:1069600027462646A3466EE7A14625462746F9E771
:10697000A1462546F6E7A146F4E718A94046FAF7EE
:1069800042FF10B904F038F8CAE624A94046FAF7E5
:106990003AFF10B9FBF7DCF9C2E60AA94046FAF75C
:1069A00032FF014688BBBAF1020F03D09C4817F0B2
:1069B00005FEB5E61022304616F0E2F9994ACDE917
:1069C000000105460C463DA80D2117F037FB55EA9E
:1069D000040316D031463DA8FAF715FF88B92146C1
:1069E00001222846FDF74EFE011E03DB8E4817F0FC
:1069F000E5FD95E61C3114BF8C488D4817F0DEFD8F
:106A00008EE68C4817F0DAFD8AE620A94046FAF7B0
:106A1000FAFEA8B98EB10A223DA9304616F0D6F882
:106A20003D9B1B780BB90F2803D9834817F0C6FD8F
:106A300076E6C0B204F0B2FB72E6FDF723FF6FE624
:106A400016A94046FAF7DFFE10B903F0ADFF67E67E
:106A500022A94046FAF7D7FE18B9012004F0DEFF5C
:106A60005EE614A94046FAF7CEFE90BB3EB9FDF7AC
:106A70009DFB72484FF4967117F0A0FD50E60A2274
:106A80003DA9304616F0A2F83D9B1B7804460BB991
:106A9000FF280BD96A4817F091FD6A484FF49671A8
:106AA00017F08CFD684817F089FD39E638B9FDF715
:106AB0007DFB62484FF4967117F080FD30E6C0B25E
:106AC00004F060FA61484FF49672214617F076FDA3
:106AD00026E612A94046FAF796FE10B9FDF7A0FB8C
:106AE0001EE61CA94046FAF78EFE10B9FDF75AFFC4
:106AF00016E61EA94046FAF786FE18B9544817F064
:106B00005DFD0DE61AA94046FAF77DFE002838D152
:106B100066B9FCF707FD4F4B1B781BB14E4817F0C9
:106B20004DFDFDE54D4817F049FDF9E50A223DA967
:106B3000304616F04BF83D9B1B78044613B9484B82
:106B4000984209D9474817F039FD474817F036FDF4
:106B5000464817F033FDE3E560B9FCF7E3FC3D4B35
:106B60001B781BB13C4817F029FDD9E53B4817F0CD
:106B700025FDD5E504F046FA3D48214617F01EFDF7
:106B8000CEE530A94046FAF73EFE10B9FCF77AFC94
:106B9000C6E52AA94046FAF736FE20BB36B1304694
:106BA0003449FAF730FEB0FA80F67609324BBFF37B
:106BB0005B8F012253E8001F002903D143E8002026
:106BC0000028F7D1BFF35B8F09D12C4B2C492D48FE
:106BD0001E7012F0CFF92C4817F0F0FCA0E52B48FE
:106BE00017F0ECFC9CE528A94046FAF70CFE0028BB
:106BF00072D136B9264817F0E1FC264817F0DEFCC2
:106C00008EE50A223DA9304615F0E0FF3D9B1B783A
:106C100004460BB9642841D91F4817F0CFFC7FE523
:106C20006F3202008C32020094320200AF32020056
:106C3000C8320200DE320200EF32020003330200EB
:106C4000363302005A33020097330200C833020081
:106C50000D3402008CD20020383402006A34020065
:106C60008051010083340200AD340200DB340200A5
:106C70000F350200A21A0200CC9400204BD1002054
:106C8000D406002088140020373502004A3502005F
:106C90006935020081350200C3350200C5B22846BD
:106CA00002F0B0FE00287FF43BADA748214617F064
:106CB00085FC284617F010FB18B1A44817F07EFC9D
:106CC0002EE5A34817F07AFCA248214617F076FC7F
:106CD000A14817F073FC23E539A94046FAF793FD64
:106CE00028B9FFF783F99D4817F068FC18E510A94B
:106CF0004046FAF788FD002840F0B48506B127BB6E
:106D0000974817F05BFC974817F058FC964817F027
:106D100055FC964817F052FC954817F04FFC9548E3
:106D200017F04CFC944817F049FC944817F046FCC7
:106D3000934817F043FC934817F040FC924817F033
:106D40003DFC924817F03AFCEAE491493046FAF7E4
:106D50005AFDB0F100080CBF4FF0010A4FF0000AD5
:106D60000ED00A223DA9304615F030FF3D9B1B781E
:106D70000BB9FF2803D9874817F020FCD0E4C4B230
:106D800085493846FAF73FFD002800F039858349E8
:106D90003846FAF738FD002800F03A858049384631
:106DA000FAF731FD002800F036857E493846FAF7BB
:106DB0002AFD002800F032857B493846FAF723FD8A
:106DC000002800F02E8579493846FAF71CFD002886
:106DD00000F02A8576493846FAF715FD002800F0BC
:106DE000268574493846FAF70EFD002871D1ADB9F1
:106DF000714817F0E3FB714817F0E0FB704817F09B
:106E0000DDFB704817F0DAFB6F4817F0D7FB6F48CF
:106E100017F0D4FB6E4817F0D1FB81E46D4928468A
:106E2000FAF7F1FC00283ED06B492846FAF7EBFC54
:106E300000283FD069492846FAF7E5FC00283CD0F5
:106E400067492846FAF7DFFC002839D0554928461B
:106E5000FAF7D9FC002833D062492846FAF7D3FC68
:106E600020B161492846FAF7CEFCB8B9B9F1000F54
:106E700004D15E48294617F0A1FB51E45549484624
:106E8000FAF7C1FCF8B154494846FAF7BCFCE8B13E
:106E900057484A46294617F091FB41E45548294690
:106EA00017F08CFB3CE4544B192221465046FFF767
:106EB0005BFB35E4514B1A22F7E7514B0622F4E70E
:106EC000504B1822F1E7504B2522EEE74F4B26227C
:106ED000EBE74F493846FAF796FC002800F0AA8401
:106EE0003E493846FAF78FFC002800F0A68449494D
:106EF0003846FAF788FC70B9002D00F0A1844649A5
:106F00002846FAF780FC002800F09D844348294673
:106F100017F054FB04E442493846FAF774FC0028A1
:106F200000F094843F493846FAF76DFC002840F0A1
:106F3000B080002D7CD13C4817F040FB3B4817F057
:106F40003DFBFFF7EDBB00BFF9350200183602002C
:106F5000523602008D360200CC360200F6360200B0
:106F60001D3702003D370200483702007537020026
:106F7000AC370200EE370200213802004F38020021
:106F800087380200B2380200E738020027390200D1
:106F9000A21A0200AE390200E1390200EA39020009
:106FA000B3550200EF390200F939020060530200C4
:106FB000541F0200003A0200043A0200423A020062
:106FC000643A0200873A0200B43A0200E13A020051
:106FD000163B0200AC6A02004C3B02003445020042
:106FE0004D420200503B0200553B02005C3B020058
:106FF000823B0200B33B02005D20020071200200D0
:1070000086200200A5200200E6200200BE20020029
:10701000FB3B0200023C0200D36C0200063C020073
:10702000393C0200814E0200403C0200613C0200FB
:107030000A223DA9284615F0C9FD3D9B1B78044650
:107040000BB9642804D9BA4817F0B8FAFFF768BB3F
:10705000B8F1000F04D0B74817F0B0FAFFF760BBE3
:10706000C5B22846FDF77CFE00287FF459ABB24834
:10707000214617F0A3FA284617F02EF900287FF4CE
:107080004FABAE4817F09AFAAD4817F097FAFFF7F2
:1070900047BBAC493846FAF7B6FB98B9B8F1000FD0
:1070A00004D0A94817F08AFAFFF73ABB05F0ECFACA
:1070B000072802D000287FF433ABA44817F07EFAEB
:1070C000FFF72EBBA2493846FAF79DFB064600287B
:1070D00040F019819DB99F4817F070FA9E4817F04B
:1070E0006DFA9E4817F06AFA9D4817F067FA9D48B6
:1070F00017F064FA9C4817F061FAFFF711BB9B493F
:107100002846FAF780FB38B9994B0D2221465046A4
:10711000FFF72AFAFFF704BB96492846FAF773FBF4
:1071200000286FD1B9F1000F02D099F8005025B9AD
:107130008A4817F043FAFFF7F3BA99F80130002BA9
:10714000F6D1A5F17806F6B2022E18D8BBF1000FE1
:107150001BD15F46B8F1000F01D0FF2C2DD139466D
:107160003046FEF77FFFB8F1000F35D0002F41D138
:1071700081482A46214617F021FAFFF7D1BA7F4805
:10718000494617F01BFAFFF7CBBA9BF80070002FA7
:10719000E0D00A223DA9584615F018FD3D9B1B780A
:1071A00013B9431E632B06D975486422594617F05C
:1071B00005FAFFF7B5BA87B2CCE70F2C06D83A46E6
:1071C00031462046FDF7A0FC0028CFD16D4821466E
:1071D00017F0F4F9FFF7A4BA2FB96B48294617F056
:1071E000EDF9FFF79DBA69483A46294617F0E6F9E6
:1071F000FFF796BA66483B462A46214617F0DEF965
:10720000FFF78EBA2846634915F044FB3DAD814631
:107210000BAFB9F1000F2ED0032E0FD1B8F1000F34
:1072200014BF2046FF20FF289DED3D9ADDED3E8AEC
:107230009DED3F8A4FD1584E002527E039464846FC
:1072400015F036FB3B68A5EC010A994501D018788A
:1072500058B15248494617F0B1F9514817F0AEF904
:10726000504817F0ABF9FFF75BBA4A4915F012FB2B
:1072700001368146CDE7032ED0D0EEE7B0EE481AB6
:10728000F0EE680AB0EE490AFCF776F93378E8B216
:10729000834202D90135112DF0D119EE100AFAF707
:1072A000B1F9064618EE900A0F46FAF7ABF9824696
:1072B00018EE100A8B46FAF7A5F9B8F1000F16D1AF
:1072C000CDE90201CDE900AB374832463B4617F025
:1072D00075F9FFF725BA0F283FF622AAB0EE481A33
:1072E000F0EE680AB0EE490AFCF746F9D5E7CDE9B9
:1072F0000201CDE900AB2D48049432463B4617F01D
:107300005DF9FFF70DBA19493846FAF77CFA0028FB
:1073100040F09280002D51D1254817F04FF92548B3
:1073200017F04CF9244817F049F9FFF7F9B900BFF5
:10733000C3350200B13C0200DD3C0200323D0200D8
:10734000733D0200AC3D0200B93D0200EA3D02007F
:10735000483E02004D3E0200743E0200953E02008F
:10736000CB3E0200ED3E02000B3F02001121020065
:107370002A3F0200503B02001A400200353F020043
:10738000593F0200A1400200813F0200D53F0200A8
:1073900065400200E4400200EED20020E640020018
:1073A00074410200B0410200FF4002003E41020071
:1073B000CE4102000842020023420200A6492846AC
:1073C000FAF721FA08B3A5492846FAF71CFA20B3C0
:1073D000A3492846FAF717FA10B3A2492846FAF744
:1073E00012FA00B3A0492846FAF70DFAF0B19F4906
:1073F0002846FAF708FAE0B19D48294617F0DEF86A
:107400009C4817F0DBF8FFF78BB99B4B0E22214607
:107410005046FFF7A9F8FFF783B9984B0F22F6E71C
:10742000974B1022F3E7974B0622F0E7964B122278
:10743000EDE7964B1522EAE795493846FAF7E3F966
:1074400038B9944B112221465046FFF78DF8FFF7CB
:1074500067B985493846FAF7D6F9002840F0958093
:10746000B5B98D4817F0AAF88C4817F0A7F88C48E2
:1074700017F0A4F88B4817F0A1F88B4817F09EF886
:107480008A4817F09BF88A4817F098F8FFF748B930
:1074900088492846FAF7B7F938B9874B1B222146A5
:1074A0005046FFF761F8FFF73BB984492846FAF7E1
:1074B000AAF938B9824B1C2221465046FFF754F8EE
:1074C000FFF72EB97F492846FAF79DF910BBB9F1AD
:1074D000000F04D17C4817F071F8FFF721B9754906
:1074E0004846FAF790F950B174494846FAF78BF9D3
:1074F00068B17648494617F061F8FFF711B9744B47
:10750000132221465046FFF72FF8FFF709B9714BB8
:107510001422F6E770492846FAF775F938B96F4B27
:10752000122221465046FFF71FF8FFF7F9B86C49C1
:107530002846FAF768F910BBB9F1000F04D1694881
:1075400017F03CF8FFF7ECB85A494846FAF75BF9F0
:1075500050B15A494846FAF756F968B16248494667
:1075600017F02CF8FFF7DCB8604B16222146504686
:10757000FEF7FAFFFFF7D4B85D4B1722F6E75D4838
:10758000294617F01BF8FFF7CBB85B493846FAF7E6
:107590003AF958BB55B9594817F010F8584817F040
:1075A0000DF8584817F00AF8FFF7BAB841492846CD
:1075B000FAF729F938B9544B1D2221465046FEF7F7
:1075C000D3FFFFF7ADB83D492846FAF71CF938B9A3
:1075D0004E4B1E2221465046FEF7C6FFFFF7A0B8CD
:1075E0004B48294616F0EAFFFFF79AB84949384652
:1075F000FAF709F9002840F02C816DB9464816F0D9
:10760000DDFF464816F0DAFF454816F0D7FF45483B
:1076100016F0D4FFFFF784B826492846FAF7F3F8A6
:10762000002840F0BB80B9F1000F00F0988099F875
:107630000050002D7BD00A223DA9484615F0C6FA1D
:107640003D9B1B7813B9B0F57A7F6FD9364816F099
:10765000B5FFFFF765B800BF404202004442020098
:1076600048420200003A02004C420200393C02004B
:10767000514202006C4202000D210200172102005B
:107680002B2102003921020058210200762102003C
:10769000466B0200994202009E420200EA4202004A
:1076A000374302008F430200D54302002844020002
:1076B0006D440200AC6A0200B64402004C3B02007A
:1076C000C3440200503B0200D1440200FA440200CD
:1076D00083210200A1210200344502002E45020050
:1076E000378C02003A45020063450200C0210200C7
:1076F000DE21020097450200E1450200E645020056
:107700000A4602004F4602009F460200AB460200B6
:10771000B8460200E9460200EE46020018470200A1
:1077200066470200A8470200F547020085B2B8F19B
:10773000000F01D0FF2C14D12846FEF717FDE8B149
:10774000B8F1000F1FD0A94AA94BAA48002D18BFB5
:10775000134621462A4616F031FFFEF7E1BF4D469B
:10776000E5E70F2C05D9A448012116F027FFFEF705
:10777000D7BF29462046FBF75FFFE4E79F4816F096
:107780001DFFFEF7CDBF994B994A9D48002D18BFAC
:107790001A46294616F012FFFEF7C2BF994928463D
:1077A000FAF731F830BBB8F1000F01D0FF2C0BD144
:1077B000FEF7B2FDA0B1B8F1000F16D092482146F5
:1077C00016F0FCFEFEF7ACBF0F2C05D98F48012147
:1077D00016F0F4FEFEF7A4BF2046FBF767FFEDE7C7
:1077E0008B4816F0EBFEFEF79BBF8A4816F0E6FECC
:1077F000FEF796BF8848294616F0E0FEFEF790BFD8
:10780000864B012221465046FEF7AEFEFEF788BFAA
:10781000834B7022F6E7834B7122F3E7824B0222FF
:10782000F0E7824B0322EDE7814B0422EAE7814B2C
:107830000522E7E7804B0722E4E7804B0822E1E7D7
:107840007F4B0922DEE77F4B2122DBE77E4B1522AF
:10785000D8E77E48394616F0B1FE7D4816F0AEFEF8
:10786000FEF75EBF09A94046F9F7CDFF90B956B1C2
:1078700078493046F9F7C7FF50B17748314616F0DE
:107880009DFEFEF74DBF022004F0C8F8FEF748BF8A
:107890000320F9E733A94046F9F7B5FF98BBBAF1E1
:1078A000040F04D06D4816F089FEFEF739BF3DA9DC
:1078B000304616F03CFC0028F4D00BAC214638468C
:1078C00016F035FC0028EDD00DF11F063146284694
:1078D00016F02DFC0028E5D09DF82C40631E3E2BB1
:1078E000E0D89DF8F4509DF81F60214632462846A6
:1078F00003F0A2FB3346009022465948294616F071
:107900005DFEFEF70DBF2DA94046F9F77CFF20B9BB
:10791000544816F053FEFEF703BF36A94046F9F768
:1079200072FF0028F4D00CA94046F9F76CFF20BB89
:1079300016F05AFC4FF4C3620023F9F7D5FE104647
:1079400019464E220023F9F7CFFE04461946104689
:1079500000230D22F9F7C8FE434B4449D2B2C0B20E
:1079600053F82230424AE4B252F8202051F8241051
:10797000404816F023FEFEF7D3BE26A94046F9F78D
:1079800042FF0028C4D008A94046F9F73CFF002870
:1079900040F0A2802EB938490020FDF759FAFEF7D1
:1079A000BFBE36493046F9F72EFF28B1344930467C
:1079B000F9F729FF002867D18FB13DA9384616F0A5
:1079C000B6FB28B92F48394616F0F8FDFEF7A8BED9
:1079D0002A499DF8F400FDF73BFAFEF7A1BE2749BE
:1079E000FF20FDF735FAFEF79BBE00BFD81202005C
:1079F000FD210200B2480200214802004548020071
:107A0000724802004C3B02006B490200E948020048
:107A10000E4902003C490200914902001022020076
:107A2000192202001E220200232202002D2202003F
:107A30004022020045220200512202005822020088
:107A4000662202007322020076210200C849020069
:107A5000DD490200D36C0200724A0200A34A020010
:107A6000DE4A0200154B0200440B0200900B02009C
:107A7000780B0200574B02005565020029190200DD
:107A80002F1902005F4B020016493046F9F7BBFE82
:107A9000002880D014493046F9F7B5FEB8B98FB147
:107AA0003DA9384616F043FB28B91048394616F070
:107AB00085FDFEF735BE0C499DF8F400FDF7C8F9C9
:107AC000FEF72EBE0A4816F079FDFEF729BE0948DA
:107AD00016F074FDFEF724BE074816F06FFDFEF7A2
:107AE0001FBE00BF55650200FE5502005F4B02003D
:107AF000774B0200954B0200CE4B02002DE98048E7
:107B0000854C864EFDB0FBF7CDFB01222146104689
:107B100002F040F982484FF0FF324FF0FF3318F087
:107B2000ABF824780025EBB29C4203D90135112D26
:107B300040F0C8800DF13305794816F007FCFF23AB
:107B40000122294640F203108DF8333002F022F969
:107B50009DF83320104616F03EFBFF28714B05467A
:107B600000F0B88008201A7006F0D6FC40B16E4BC9
:107B7000C0E9053503230374002343748374C3747D
:107B80006A494FF4C65213F00BFC082006F0C4FCFF
:107B900050B1674BC0E905341023C361042303745B
:107BA000002343748374C3744FF403525F4913F08A
:107BB000F7FB00235F4A1D4642F823500133102B88
:107BC000FAD15D4B1D705D4B1D705D4B06201D6035
:107BD00006F0A2FC30B15B4B436102230374457491
:107BE0008574C57451494FF4865213F0D9FB4FF098
:107BF0008053554AD3F8A400544910608988918075
:107C00000820D3E9296506F087FC50B1504B436149
:107C1000ADB20423C0E90665037400234374837482
:107C2000C37442494FF4035213F0BAFBFBF78EFBC7
:107C300013F0EAFF11F06CFFFCB9464B01221A70F9
:107C400016F0D4FA444BC3E90001444B1C70444B7A
:107C500006201C7006F060FC30B1424B43610223E9
:107C6000037444748474C47430494FF4865213F01E
:107C700097FB0221032002F045FBDFF804A116F078
:107C8000C3FA20230390089315AC37480022002341
:107C90002146FCF757F90690002840F00983EFF3DE
:107CA00011830993402383F31288BFF36F8F2F480A
:107CB0000DF078FFD0B984222D492E4816F08BFCA8
:107CC00017F0D1FFA81C3146082280B202F062F8FA
:107CD000083628E71870082006F01EFC00283FF43C
:107CE0004FAF254B43614C23836143E71F480DF0A1
:107CF0007DFF267A214B626953F826309A4241D0A3
:107D00004FF0000919480DF05BFF002840F0C182D8
:107D10004FF49972D0E700BFEED20020E05F002060
:107D2000B00B00205C0A00202D4C02006C06020003
:107D3000714C0200849A002089D20020EDD20020EC
:107D4000C49A0020864C020080D20020A4000010BB
:107D5000B54C020087D20020A0320020EED10020D6
:107D6000EDD10020CF4C0200300C0020C89800203C
:107D7000C3150200AB1502004B4C0200889800208E
:107D800090150020304602F06FF84FF4E87303FBC3
:107D900006A32768D3F80490D4F810B0B94500F0D2
:107DA000A4809A68974206D1DB6843F69722ABEB32
:107DB00003039342A4D9B9F1000F42D04FF4E87401
:107DC00004FB06A400202546804695F8503008F1B3
:107DD00001087BB195F8513063B9431C0DF1900C4B
:107DE00001930CEB40105B461F2205F12C0102F0C1
:107DF00051F80198B8F1080F05F12805E5D10025E3
:107E000094F890317BB194F8923163B90DF1900CF4
:107E100000F101085B460CEB40101F2204F5B6711F
:107E200002F038F840466B1C022B04F128044FF096
:107E30000105E5D14FF4E87303FB06A3C3E9029BF8
:107E400081464FF4E87474430AEB0403002504F1FF
:107E50002C004FF4A072294650445F6083F82850EC
:107E600017F018FF04F5B67050222946504417F059
:107E700011FF04F5DE7010222946504417F00AFF66
:107E80009DF85E2001929DF85D20059202F07F0230
:107E9000013AD2B24FF4E8737343062A049303EB1A
:107EA0000A05079224D8019A032A21D19DF860304F
:107EB000A3F11202534253410693049BBDF85A109A
:107EC0005344002293F85000013200285DD0588EB0
:107ED00088425AD193F83500059CA04255D1049BA5
:107EE000282404FB023404340EE0DDF81890C7E7C0
:107EF000019B062BE1D1059B212B049B0CBF282461
:107F0000002403F5B6731C44544494F82430002B29
:107F100040D023689F423DD16268169B9A4215A9C2
:107F200038D1A2688B689A4234D1A2898B899A424F
:107F300030D1079B062B04D8E2695B46284616F031
:107F400031FA94F82630C4F810B0002B3FF4DAAEC2
:107F5000019A0023062A84F826307FF4D3AE15AEAA
:107F6000A36196E80F006769B66924AC04EB491475
:107F700011AD85E80F0084E80F00E223C4E9046B2B
:107F8000A761237709F10109BCE6082A03F1280358
:107F900098D10024BDF8583002934FF4E87303FBE6
:107FA00006A393F828203AB11A6943F69721ABEB60
:107FB00002028A4240F282804FF4E87303FB06A378
:107FC000596993F8CB2101F5803159613AB1B3F881
:107FD000C8210298121A01FA82F2C3F8C4214FF4A0
:107FE000E87303FB06A3012000210122C3E9080175
:107FF00083F82820029A1A83C3F810B04FF4E8736C
:1080000003FB06A6029A338B76699B1A9BB2F61A7B
:10801000019B062B07D194F8243023B1E369F31AAE
:10802000002B7FF76FAE15AF09F101030A9397E8B4
:108030000F000DF1440888E80F00BB690B9324AFD3
:1080400007EB491720220021384617F023FE98E855
:108050000F0087E80F000B9BC7E9043BE1233B7748
:10806000059B302B40F0928095F8CB3123B1D5F8A9
:10807000C431F31A002B7EDD012385F8CB31029B3E
:10808000A5F8C83195F8CA31C5F8C46153B1D5F81F
:10809000BC3144F61F62ABEB0303934284BF002361
:1080A00085F8CA319DF86030591E002206296DD826
:1080B000DFE801F0595969695965690002991A8B1D
:1080C000881A81B200B2002822DD5A693F290A4489
:1080D0005A611AD8D3E90823A1F1200702FA07F759
:1080E000C1F120008B4022FA00F03B438A4042F06D
:1080F000010203434FF4E87101FB06A1C1E9082323
:10810000029B0B83C1F810B078E701220023F1E74E
:108110000299521A92B23F2A3FF6F4ADD3E908E72A
:10812000C2F1200807FA08F8A2F120002EFA02F1A5
:1081300041EA080127FA00F0014311F0010FC2F1F2
:108140002008A2F120017FF4DDAD012000FA01F149
:1081500020FA08F841EA0801904040EA0E0039434D
:10816000C3E908014AE795F8CA2185F8CA319A425D
:1081700018BFC5E96FB6019B062B5ED109E095F8E3
:10818000CA31012BF7D185F8CA21F4E7019B062BF0
:108190004DD1002C54D02746019B043BDBB2012B70
:1081A0008CBF0022012202925CB197F8242042B1D8
:1081B000FA69B21A002A40DD97F825200AB1012B8E
:1081C0003BD87B6903F10108019BB8F1010F38BF6F
:1081D0004FF00108062B05D05B46324615A928460C
:1081E00016F0E0F8002C52D097F82430002B4ED037
:1081F0003D6A15AB0FCB11AC84E80F00282200219B
:10820000384617F047FD94E80F0087E80F00012378
:1082100087F82430029B87F8253024AB03EB491301
:10822000C7E904B8C7E90765C3F8188005E0079BEC
:10823000062B02D8069B002BABD0DDF8289061E519
:10824000049B22465344214693F85000013103F128
:108250002C070028A0D03AB193F851C092F825001D
:10826000BCF1000F06D030B9082903F1280393D0E0
:108270003A46E9E748B9D86BABEB000C1069ABEBB9
:108280000000844598BF1746EEE71746ECE73546F1
:10829000AFE7099B83F31188BFF36F8F002424ADF0
:1082A0004C4540F07081089B013B08937FF4ECAC97
:1082B000B84E4FF00009B84B34464FF0000803EBBE
:1082C000890BEFF311830193402383F31288BFF3EB
:1082D0006F8FB2480DF066FC00283FF4ECACAF485D
:1082E0000DF084FC56F82C2CDBF800309A4200F09C
:1082F0008B81AA480DF064FC00283FF409AD019B76
:1083000083F31188BFF36F8F08F10108B8F10A0FEA
:1083100004F12804D5D109F10109B9F1100F06F5CE
:10832000E876C8D19E4D039A2B68D31A42F20F7299
:10833000934234D9EFF31186402383F31288BFF3BD
:108340006F8F96480DF02EFC00283FF4B4AC934894
:108350000DF04CFC934B91481C680DF031FC00284B
:108360003FF4D6AC86F31188BFF36F8F8E4E33681F
:108370009C4211D0082006F0CFF840B18B4BC0E9E9
:10838000053403230374002343748374C37488493E
:108390004FF4C45213F004F8039B34602B60854BF8
:1083A0001B78002B6ED00DF190088348002200232B
:1083B0004146FBF7C7FD002800F0A3817F4CD4E9BC
:1083C0000023012A73F1000321DB15F00FFFD4E92C
:1083D0000032C01A7A4B61EB02010024834274EB35
:1083E000010114DA082006F097F848B1754B436193
:1083F0004FF4967383610323037444748474C474C8
:1084000071494FF4C65212F0CBFFFBF709FF6F4BD7
:108410001B78002B36D06E4A14786E4A1278A41A54
:10842000E4B2A3422ED86C4DD5E9003213431AD1E1
:1084300015F0DCFE694BC5E90001012208201A7025
:1084400006F06AF850B1664BC0E905340F23C361EA
:1084500004230374002343748374C3745A494FF490
:10846000035212F09DFF15F0C1FED5E90032C01A8B
:1084700043F6982361EB0201984271F1000101DBA0
:10848000FBF7CEFE574815F076FE002876D0504E0A
:10849000554833781F2B9DBF01249C4004F1FF34C5
:1084A0004FF0FF3415F067FE054615F09FFEAC4215
:1084B00005D04E4BD3E90023904299415EDB082062
:1084C000367806F029F8044660B1494B43612846E6
:1084D000F9F709FB0423C4E9060623740023637437
:1084E000A374E374434E384920464FF4035212F00C
:1084F00057FF3078404C15F06EFEFF28054640F0DF
:108500008E81062006F008F838B13C4B4361022307
:108510000374002343748374C3742B494FF486524D
:1085200012F03EFFFF2334492370012240F2031072
:1085300012F0E0FFFDF70CFDFAF708FF13F064FB03
:1085400011F0E6FA082005F0E7FF48B12C4B436133
:108550004C23836103230374002343748374C37423
:1085600019494FF4C65212F01BFF1E48002115F0A6
:1085700008FE244B1B680BB1012098476420FCF7D0
:1085800029FDFFF77CBB2846012103F043FD0134A0
:10859000203585E6BC15002088980020C89800206A
:1085A00084980020809800207C980020FD4C0200D8
:1085B0004C07020087D20020040C0020A0320020CB
:1085C000DF930400B04D02006C060200EED10020E3
:1085D000EED20020EDD100209832002086D200207B
:1085E000E04D0200D4980020D09800209032002066
:1085F000284E0200BAD100205C0A0020634E02001F
:10860000894E0200CC98002094F8245042F2107356
:1086100043F69822B8F1070F88BF1346002D6ED09D
:1086200094F82520002A40F0268194F82670002F27
:1086300040F02581226903998A1A9A42C0F022816A
:108640000123B8F1070F84F8263019D91E22039BA5
:1086500021461CA801F01EFC2F468C480DF0B0FAF4
:1086600000283FF455AB019B83F31188BFF36F8F54
:10867000002D3FF449AE39461CA803F0CBFC43E67D
:1086800096F89E21002AE1D00399D6F89031CB1AB2
:1086900044F61F618B4202D986F89E71D6E7236AA1
:1086A000D6F894115B1A002BD0DC052A14BF1022D7
:1086B0001122CCE794F82630002B40F0E080039A9A
:1086C000617A5FFA89F001F0A5FB0546B8B1704BFD
:1086D000D3F800E0A369734500F0D18094E80F005F
:1086E0001CAF0DF1340C8CE80F0087E80F002369F4
:1086F0007B616369BB61E2233B77C7F810E0002729
:10870000ABE798F80140002C7FF44FAE0DF19201D9
:108710000622072008F086FF4FF0FF33071E4FF0B8
:10872000FF325C48259DB8F8026008BF082717F0A3
:10873000A3FA594B594893F8009046EA054621465A
:108740002D0CCCB2A1451FD84C46524815F0FEFD69
:1087500098F80030BB427FF426AE56EA050310D0ED
:10876000A1450ED10F2C3FF61EAE00223046294601
:10877000FBF788FF041E13DB00210820A4B201F0E0
:10878000C1FD0F2C21D90EE656EA050305D0D0E92C
:1087900000239D4208BF9642D7D001310830D0E770
:1087A0001C3428D1082005F0B7FE48B13C4BC56108
:1087B000C0E9053604230374002343748374C3742F
:1087C0004FF40252374912F0EBFD062005F0A4FEEB
:1087D00038B1354B4361022303740023437483741F
:1087E000C37430494FF4865212F0DAFD002108209C
:1087F00001F088FDD7E50A2005F08EFE60B12B4B15
:10880000C561C0E905366FF01503036205230374E3
:10881000002343748374C3744FF42152D2E70820B9
:1088200005F07AFE40B1224BC0E9053503230374FD
:10883000002343748374C3741A494FF4C65212F070
:10884000AFFD33781B492370012240F2031012F070
:1088500051FEFDF77DFBFAF779FD13F0D5F911F024
:1088600057F9082005F058FE00283FF479AE124B66
:10887000C0E905356EE6B8F1070F3FF61BAF0027DC
:108880003D46EAE6B8F1070FFAD918E7C898002084
:10889000E8060020B00B0020EED20020E05F0020B0
:1088A000124D02006C060200714D0200454D02009F
:1088B000B44E02005C0A0020D54E02002DE9F04FB4
:1088C000DFF8F4B291B000AFAA4B1B7803F0FF04BD
:1088D000002B66D0A84815F04EFC002874D0A74D98
:1088E000A7486C6C55F824104B780A788BF8013047
:1088F00091F902308BF802300B798BF80430CB7889
:108900008BF80020053101348BF8033017F066FC3A
:10891000102C28BF002405F148006C6415F0EBFE14
:1089200015F062FC9BF800800646B8F1000FCBD032
:108930009BF80130002B4BD1B8F1080F40F05B865B
:108940009BF80640002C40F0AA818E4906220720A1
:1089500008F068FE9BF80530002808BF0820834215
:108960000DD1DFF81C92D9F80040D9F80430240C5E
:1089700044EA03441D0C54EA134340F0DD80062012
:1089800005F0CAFD38B1804B436102230374002314
:1089900043748374C3744FF484527C4912F000FD15
:1089A00092E7082005F0B8FD48B1794B43616FF0BC
:1089B0000C0383610323037444748474C474734983
:1089C0004FF4C25212F0ECFC4437BD46BDE8F08FC4
:1089D000B8F1010F13D0B8F1080F10D09BF8063092
:1089E0000F2B0CD86B4A12789A4208D96A4A02EBCC
:1089F000C30152F833304A6813433FF465AF9BF824
:108A00000530E02B14D1B8F1110F7FF45DAF614A4E
:108A10009BF8063012789A427FF656AF0F2B3FF63E
:108A200053AF15F0F1FB0146554810F047FD4BE7F9
:108A3000FE2B354600F0E385B8F10D0F00F04381C1
:108A400027D8B8F1010F3FF43FAFB8F1080F3FF45A
:108A500077AFA3F12102012A40F23881103B042BA9
:108A600000F269844B4B9BF806001B7883427FF62B
:108A70002BAF0F283FF628AF484B1B5C232BDAB2F5
:108A80003FF422AF352A3FF41FAF2321FAF7B6FC9B
:108A90001AE7B8F1110FDCD1DF2B3FF615AF9BF8C9
:108AA00006400F2C03D831462046F9F731F8394BF0
:108AB0001B78A3427FF608AF0F2C3FF605AF9BF85B
:108AC00015102046FAF76EFA012105462046FAF7FE
:108AD00041FA1423EB40DA073FF5F6AE032D12D12D
:108AE0002F4815F048FB70B10121A140C9432D4822
:108AF00015F062FB15F07AFB00F2DC512A4800EB1E
:108B0000840015F03EFB9BF80530032B0ED1274B5C
:108B100003EB84139A8F8BF80920DA8F8BF80A20E5
:108B200000228BF80B208BF80C20DA639BF80210E4
:108B3000134803F009F9C7E620462946FAF788F8F2
:108B40001B4B1E788046002E48D1B8F1FF3F4FF0F6
:108B5000080033D105F0E0FC40B1164BC561C0E917
:108B600005340423037446748674C6744FF40352A8
:108B700013E700BF4CD10020B49700206C97002071
:108B800072D1002074D10020284F02006C06020030
:108B9000064F0200EED20020E05F0020DDD2002070
:108BA000149C0020109C0020CC9B0020E05B002047
:108BB00087D200204C4F02006DD1002005F0ACFCA4
:108BC00038B1644B4674C0E90538032303748674D6
:108BD000C67461494FF4C65212F0E2FB5F4B1B783A
:108BE00003F0FF0693B1B8F1FF3F12D1082005F062
:108BF00093FC0028BAD05A4BC561C0E90534042360
:108C00000374002343748374C374AFE7B8F1FF3F68
:108C10000FD0082005F080FC40B1524BC0E9053868
:108C200003230374002343748374C3744FF4C65244
:108C3000B3E6D9F80000D9F8041007F11C0303C308
:108C400000224948002307F11C01FBF7DDF8F0B1D1
:108C50000022002307F12C014348FBF773F9424837
:108C60000022002307F11C01FBF7CEF878B10820A1
:108C700005F052FC40B13D4BC561C0E90534042309
:108C8000037446748674C6744FF4025285E6082055
:108C900005F042FC00283FF469AF354BACE7631E9A
:108CA000012B7FF611AE082005F036FC40B1314BA8
:108CB000C0E9053403230374002343748374C3742D
:108CC0004FF4C45269E6213B012B03D8404610F013
:108CD000AFF9F9E59BF806400F2C00F20581264B11
:108CE0001B5D13B1254B53F82450DBF808302449A1
:108CF00024481BBAEB1A7B610B5D002B00F0278127
:108D000050F824307E69DA1D96421F4A48DC00265E
:108D100016557A69561F012240F824600A55A3B1FE
:108D2000DFF87490DFF8748019F804303B61002B91
:108D300040F00F81154B396943F82460144B48F813
:108D4000245043F8241009F80420124B43F824500F
:108D500033E000BF884F02006C06020086D200207C
:108D6000C74F02000C500200040C002049500200C2
:108D70007B500200A550020020D200204099002024
:108D8000CDD200204C9B0020ADD20020FC970020CB
:108D90003C9800208C9B0020BDD20020BC97002076
:108DA000BC4E56F82430013346F82430135D0133AD
:108DB000DBB2072B00F2C7801355B74B282606FB02
:108DC0000436B3693B61002B00F08E80B34B1B78F7
:108DD000002B00F089803A690023D6E90001F8F7FA
:108DE00083FC3A690546C7E902100023D6E902016F
:108DF000F8F760FCBA686A43A5FB053505EB420548
:108E0000984271EB0502C0F0E480B0EB030A61EB1D
:108E100005085AEA080300F0DC800AF1FF3353EA40
:108E2000080300F0D8804FEA5A0646EAC8764FEAAF
:108E300058033246504641467B60F8F73BFC7B685E
:108E4000801943EB0109450845EAC9754FEA5909FC
:108E5000B54279EB0303C0F0AB808F4B282202FBB5
:108E60000432D0690C283FD992F824300BB1136A30
:108E70001B1289497D69282202FB0412D2E904C928
:108E8000E846874A874996B096B031EA250128BF5F
:108E900011466A46CDE90D3C7B69DFF848E2CDE931
:108EA0000F91002B8049B8BF5B42CDE905E4A3FBDD
:108EB00001313C69DB0BCDE9074043EA4143F868E7
:108EC0000A90C90BCDE91231B86840F60843ADF8F5
:108ED0005030764BCDE90B0648F2804142F8103F06
:108EE000734812F00FFEC546DFF8FC9199F8053083
:108EF000F02B7FF4E9AC99F806400F2C3FF6E4AC78
:108F000099F807307B610723B4FBF3F3C3EBC3038A
:108F1000E31A99F80120674999F80C800133DBB214
:108F20009A421FBF644A135D0133135507200C2278
:108F300008F078FB99F8113083424ED05F4A135DF8
:108F400001331355C0E4002313555D4A1355002324
:108F5000DFE658F82420AA1AB2F5004FFFF4F5AE68
:108F6000DFF888A157485AF82410FA60711A0023D4
:108F700081FB0001F8F7B8FB3B695349FA68012B04
:108F800010D051F82430C01A48BF033003EBA003BF
:108F900041F82430B2F5F01F84BF4AF8246048F845
:108FA0002450D2E6022341F8240009F80430F1E706
:108FB0004B462A4650464146F8F77CFB401949EBA0
:108FC000010140082E464B4640EAC1754FEA51095F
:108FD0003EE7002641E701263FE700212046F9F75A
:108FE000B9FF3A4B1E5D4FEAC40A76B901221A5501
:108FF000374B7A691A5515F0F9F8364B5344C3E9E3
:109000000001354BFF221A55C0E015F0EFF8396129
:10901000304901EB0A0351F834105B68054651EA08
:10902000030065D06A1A396961EB030341F28931A3
:109030008A4273F100015BD30A20C7E9023205F0CE
:109040006BFA60B1BB682549FA684161C0E9073431
:10905000052303740023826143748374C3744FF443
:109060002252134912F09CF91A4B1D4843F8345010
:109070009A443B69CAF80430174BFF221A5515F081
:109080007AF820B13B692A462046F9F741FF104B98
:109090007A69B8E70C9B0020E05800208CD20020B1
:1090A000044F0200024F020040420F001000000176
:1090B0006C06020072D100205DD100204DD100204D
:1090C000BDD2002000CA9A3B3C980020DBD1002092
:1090D000CBD10020605B0020BBD1002023510200D7
:1090E000149C0020C75002006DD10020FC97002086
:1090F000994B13F804E07B69A3EB0E03002B0CDA09
:1091000003F58072501E63280AD8052AD4BF0026B2
:10911000012600208246024613E00ED01A46F1E7EF
:10912000802AF6DDC2F580720A2A4FDD7A69042AA8
:10913000EFD830460026B2464BE0324618461E466F
:109140009A46864901EBC40C41F834503969CCF891
:10915000041000283FD0804B7A691A55804B814813
:10916000FF221A55804B00221A55804B03EB8413C3
:109170005A6901325A6114F0FEFF20B13B692A4658
:109180002046F9F7C5FEBAF1000F80D0B8F1360FCE
:1091900073D1774A135DB3B1135D99F80D109942FD
:1091A00011D1744B99F80E101B5D99420BD1724B83
:1091B00033F81410B9F80F305BBA89B29BB28B4206
:1091C00001D1002313550022012367E0B246002697
:1091D00030463246B5E732B1614B7A691B5D934246
:1091E000D1D1FFF771BBFA60BAF1000F1ED00A208F
:1091F000C7F810E005F090F9A0B1604BD7F810E087
:10920000FA68C0F820E0C0E905347B69C361A3EBCC
:109210000E05EDB2C5F580750623456203744274F0
:109220008274C2744FF44252FFF7B7BB002E3FF472
:109230002EAF002BB8BF03F580730A2B7FF727AF43
:109240000A20C7E9033E05F067F980B17B694C4A03
:109250000362FB684362C0E905240623D7F810E0E7
:1092600003740023C0F81CE043748374C37445493D
:109270004FF4425212F094F809E7B8F1000F3AD0D7
:10928000B8F11F0F3CD1404BB9F80D2033F8143022
:1092900052BA9BB292B2D51A6B426B4101213B4844
:1092A000065DB04527D133B329B3002303552D48BC
:1092B00014F061FF58B1B8F1200F2FD1344814F0E9
:1092C0005AFF20B901213348A14014F066FF324B08
:1092D0001B6813B1414620469847A8F10A08B8F127
:1092E000010F08D82D4814F046FF20B101212C4869
:1092F000A14014F052FF1A4B7A691A55FFF7E4BAED
:10930000B8F1340F7FF45FAF264B99F80D101B5D59
:10931000C81A4142414100220123C0E7B8F11F0FA2
:10932000D5D11B4814F027FF0028D0D0F9F784FCD2
:109330009042CCD1C6E7082005F0EEF840B11A4BB8
:10934000C0E9053803230374002343748374C37492
:109350004FF4C252FFF721BBCBD10020605B00204D
:10936000BBD10020149C00209DD20020E05B002097
:1093700060D2002030D200204CCE0020615102008B
:10938000A85102006C0602008CCE0020DDD2002025
:10939000C89A0020109C0020B8970020D498002084
:1093A000D098002000D20020DE510200AA42BFF671
:1093B0008BAA531C7B610BEB02035B79FB601846A5
:1093C00014F066FE431C10D0531C03EB00094D45FE
:1093D000FFF67AAAFB68E02B4DD008F101084A4657
:1093E000C245E3DCAA427FF46FAA09B30531E0234A
:1093F000594487F82C3087F82D4007F12E0301F1EE
:109400000C0251F8040B43F8040B9142F9D10A887D
:109410001A808A789A7014F0F7FE014607F12C0042
:1094200010F04CF80AF1FF3313F0FF0A3FF44CAA96
:1094300031462046F8F76CFB9BF800305B44204631
:109440001D792946F9F7AEFD012106462046F9F7B8
:1094500081FD042E5BD1082005F05EF800283FF462
:1094600013AC784BC561C0E905340674002343741E
:109470008374C37408E43B6943457FF425AA0F282D
:109480007FF422AA06325A4407F12E0302F10C019E
:1094900052F8040B43F8040B8A42F9D11188198061
:1094A00092789A7097F82E30012B7FF40DAA97F8D6
:1094B0003B30432B7FF408AA97F83C30452B7FF4D0
:1094C00003AA97F82F3097F8380087F8250003F0A3
:1094D0000F0097F839103A6BB7F836C097F83AE0B2
:1094E00087F826001B0907F11C00FA6187F828108D
:1094F000A7F822C087F8244087F8273087F829E0AA
:1095000008F1010814F084FE79694A4694E0022EBD
:109510000CD1082005F000F800283FF4B5AB4A4B09
:10952000C561C0E90534042303749FE7032E12D1FB
:10953000464814F020FE70B10121A140C9434448BF
:1095400014F03AFE14F052FE00F2DC51414800EBF8
:10955000840014F016FE9BF800803F4E08F1FF33A4
:109560003B614FF00008032506EB8416D045BFF69B
:10957000ABA93B69AB427FF7A7A90BEB050305F14C
:1095800001095B797B61184614F082FD421C3FF4AF
:109590009BA93B69F86081444B45FFF695A91022D1
:1095A000002107F12C0016F075FB7B6987F82C3041
:1095B000FB6887F82D400E2BA8BF0E23A91D1A4665
:1095C000594407F12E0016F009FE7B69032B08D1E0
:1095D000B38F87F83030F38F87F8313000237B86E4
:1095E000F3639BF8021007F12C0002F0ADFB08F1C9
:1095F00001084D46BAE7B8F1010FFFF7EEB9B8F12F
:10960000040F7FF698AE154B9BF806401B78A342DB
:109610007FF65AA90F2C3FF657A99BF807A008F12F
:10962000FF35BAF100004FF000080AF1FF3318BF10
:109630000120414603223B6100287FF4D1AEFFF7B1
:1096400043B900BFF651020029520200149C0020C9
:10965000109C0020CC9B0020E05B0020EED200207C
:10966000044B1B68834203D111B9034B1868704740
:1096700000207047C8C80020C0C80020034B044A1F
:109680001A60044B044A1A6000207047CC980020EE
:109690001DB10000B89700200DD40000D0E90232BF
:1096A0004649134400252DE98048013BB3FBF2FEF7
:1096B00075452FD1414B0022C3F80425BFF34F8FCE
:1096C00002690AB33E4A3F49C2F800160222C3F8B3
:1096D0000425BFF34F8F0269C3F80825D3F800248F
:1096E000002AFBD00122C3F80425BFF34F8F0246A6
:1096F000324952F8105F0023446B9C4253D8002338
:10970000C1F80435BFF34F8F2F4B304ADA60BFF3F7
:109710004F8FFEE72A4B2B4E4468C268D0F800C03A
:10972000C3F80066D0E9023605FB16339E4288BFB7
:10973000033305FB02F298BFB30804EB020788BFAE
:109740009B084FEA83083E4607EB8303ACEB040912
:109750009E4201D10135ABE7D6F800B059F806A01A
:10976000D34506F10406F3D00223C1F80435BFF354
:109770004F8FC1F80875D1F80034002BFBD00123BE
:109780006244C1F80435BFF34F8F02EB0803A4EB2A
:109790000C049A42DED01668A650D1F80064002E60
:1097A000FBD00432F5E752F8044F45F82340D1F8D6
:1097B0000044002CFBD001339EE700BF00E00140D5
:1097C000000001403546526E00ED00E00400FA054D
:1097D000064A0346107840B1054A126843F69720BE
:1097E0009B1A83428CBF00200120704713D30020B6
:1097F000C8C3002038B50C4611460D4A126805460C
:10980000AA4204980AD1012C0BD151B93F2B0BD994
:1098100050B1402216F03EFA402038BD6FF01200E1
:10982000FBE76FF08500F8E76FF01500F5E700BF84
:10983000C8C80020064B1B68834207D131B9054BCD
:1098400005481A60212200230FF0E2BD704700BFD7
:10985000C8C80020C0C80020286300200248212278
:1098600000230FF0D5BD00BF286300202DE9FF4184
:10987000204BBFF35B8F0546002453E8002F012ADD
:1098800003D143E800410029F7D1BFF35B8F2DD10D
:109890000FF08EF9184E194B1C70336833B3184B08
:1098A000039493F80080174B8DF801801F788DF892
:1098B0000270FB230A20CDE901448DF800308DF8B9
:1098C000035004F029FE48B10F4B4474C0E90775FA
:1098D000C0E90538052303748474C4740B494FF43C
:1098E000235211F05DFD33686846984704B0BDE827
:1098F000F08100BFD8C30020BCC800201CD30020CA
:109900001BD300201AD30020B85502001407020010
:10991000F0B52D4E377885B0002F52D12B4C2C4806
:10992000A0624FF46E21216001AA16F059F9054694
:1099300090B1062004F0F0FD30B1264B43610223C4
:10994000037447748774C77423494FF4825211F02B
:1099500027FD012005B0F0BD029BE36004232382B4
:1099600011F0FAFE10F12D0F27D1062004F0D4FDDE
:1099700030B11A4B43610223037445748574C57476
:1099800015494FF4845211F00BFD228AE368A06A56
:1099900021685A4314F00AFF68B1062004F0BCFDA8
:1099A0000028D1D00E4B436102230374002343747B
:1099B0008374C374C8E711F0CFFE0028EDD10123F2
:1099C00033700020C6E700BFF4D20020409E002084
:1099D000B4030200EB5502004407020003560200E4
:1099E0002E56020010B5044608B9054B9C681F228C
:1099F00004F1680016F010FC002084F8870010BD08
:109A0000BC9C0020642838B5044639D80546082097
:109A100004F082FD40B11B4BC0E9053403230374FD
:109A2000002343748374C37417494FF4C65211F072
:109A3000B7FC2046F9F77EFB002C144908BF8024B0
:109A4000012240F203100C7011F054FDFCF780FA73
:109A500012F0DAF810F05CF8082004F05DFD40B177
:109A60000B4BC0E90535032303740023437483744F
:109A7000C37405494FF4C65211F092FC002038BD62
:109A80000120FCE7425602006C0602005C0A00203E
:109A9000715602002DE9F04F0620C3B004F03CFDE2
:109AA00038B1744B436102230374002343748374FD
:109AB000C374714E7149DFF8EC814FF4845211F098
:109AC0006FFCD6F8189075684FF6FF74002D40F0C3
:109AD000A8806B4FD6F804801622B81D294616F0D0
:109AE000D9F801234FF0FF323B707D707C803A71D2
:109AF0007D71C7F80880634F08203B7004F00CFDAF
:109B000038B1614B4574C0E905340323037485748F
:109B1000C5745A494FF4C65211F042FC6420FBF759
:109B200059FA0A20D6E90684D6F8049004F0F4FC29
:109B300050B1564BC0E90784C0E9053905230374C9
:109B4000002343748374C3744C49514CDFF858911B
:109B50004FF4225211F024FC4FF000082368D4F88F
:109B600004A0D4F808B0BAF1000F16D00A2001936F
:109B700004F0D2FC60B1019BC0F824B0C0E9073A00
:109B8000C0E9059806230374002343748374C374E7
:109B90003A494FF4425211F003FC08F10108B8F1C0
:109BA000080F04F11004D9D1C820FBF713FA394982
:109BB00039484FF4407221F0010116F00FFB374B8A
:109BC000B2691A60F2695A6072689A604FF4805202
:109BD000DA603A78002A4AD04FF47F221A61284A84
:109BE00003F1140402F1180610685168254603C5F4
:109BF0000832B2422C46F7D11068286007255D6311
:109C000072B6274B0022C3F89420BFF34F8FBFF3E7
:109C10006F8F214B214843F00103984743B0BDE8C3
:109C2000F08FB5F5807F2F4628BF4FF480773B46F5
:109C300002AAD8F80000494614F09FFB02AA0023AC
:109C400012F8011B64BAA4B26140C1F303144C4082
:109C500024B284EA043424B2610101F4FF510133D7
:109C60004C409F42A4B2EBD1B944ED1B2EE71A61E0
:109C7000C5E700BF91560200406400201C070200A7
:109C8000F7D200201FD30020B5560200EA5602008A
:109C900000E801409D960000B4A000207CA00020B8
:109CA00000ED00E0D4C800202857020070B5314C08
:109CB000054623680E46002949D003431028236037
:109CC00009D940283CD080282BD1062004F024FC60
:109CD00098B3294B2AE0062004F01EFC38B1274B2C
:109CE000436102230374002343748374C3744FF4E9
:109CF0008452234911F054FB0820246804F00CFC22
:109D000040B1204BC0E9053403230374002343749E
:109D10008374C374BDE8704019494FF4C65211F002
:109D20003FBB062004F0F8FB38B1174B4361022318
:109D30000374002343748374C3744FF48652D8E7CA
:109D4000062004F0E9FB0028F7D0104BEEE723EAE9
:109D500000030820236004F0DFFB38B10C4B46748D
:109D6000C0E90535032303748674C6744FF4C652E4
:109D7000BFE700BF70A000208557020051570200C6
:109D800034070200A957020062570200715702000F
:109D90009657020070B504460D461646FFF7B8FD0B
:109DA0002046324629460CF02FF8041E2BDAA31C5D
:109DB00022D0082004F0B0FB40B1134BC0E90534B9
:109DC00003230374002343748374C3740F494FF453
:109DD000C25211F0E5FA062004F09EFB38B10C4B9C
:109DE000436102230374002343748374C3740749DB
:109DF0004FF4845211F0D4FA324628460021BDE8CF
:109E0000704015F047BF70BDB45702004407020010
:109E1000D757020010B504461046FFF7D9FCB0B181
:109E20000E4B1B78FF2B01D0A34215D101F07F030D
:109E3000013B062B0CD92039C9B211290AD8084B8D
:109E4000585C084B1B781840003818BF012010BD23
:109E50000120F6E70020F4E70020F8E7A70A002039
:109E6000C811020014D3002070B54FF4E872074BFC
:109E7000074D53F8206002FB00F428192B59B34218
:109E800003D0002115F006FF2E5170BD88980020E8
:109E9000901500202DE9F0411E4600230D46C0E933
:109EA0000633044617460FC995F80A8084E80F0068
:109EB000B8F1060F287A697A0CBF6F7B2D7B32468A
:109EC0000CBF02254FF00408FFF7A4FF08B1074BB1
:109ED000186884F80A80C4E904060523E372E223C3
:109EE0002573677323772046BDE8F081E8060020DC
:109EF000F7B5044616461D46EFF305834BB155EA08
:109F0000020306D020498822204814F064FB15F093
:109F1000AAFEEFF31187402383F31288BFF36F8FFC
:109F20001B480BF03FFE10B984221A49ECE7184891
:109F30000BF05CFEA3687BB1013B1548A3600BF0FE
:109F40003FFE10B94FF49972EFE787F31188BFF322
:109F50006F8F002003B0F0BD55EA06030BD10C480B
:109F60000BF02EFE0028EDD087F31188BFF36F8F22
:109F70006FF00F00EEE7CDE9006522463946044850
:109F80000EF0AAF8E6E700BFED570200AB1502009D
:109F9000C4C30020C315020070B50446EFF3118658
:109FA000402585F31288BFF36F8F22480BF0FAFD2E
:109FB00010B9842220490FE01E480BF017FEEFF382
:109FC000118385F31288BFF36F8F83F31188BFF37A
:109FD0006F8F33B91949BB22194814F0FCFA15F0F8
:109FE00042FE2568AC4213D095B128460DF0C0F969
:109FF00005F118000DF056FC00232846C5F8A030E6
:10A000000DF050FF31460B48BDE870400DF004BB29
:10A01000D4E902329A4218BF01330648A3600BF01C
:10A02000CFFD10B94FF49972C4E786F31188BFF3DE
:10A030006F8F70BDC4C30020C3150200F01502006D
:10A04000AB15020008B514F0A6F918B9064B1A783A
:10A0500002B1187014F0D8F8044B1860BDE808403D
:10A060000348FFF799BF00BFF3D200203C9E0020B9
:10A070000C0D00202DE9F0410546EFF31188402733
:10A0800087F31288BFF36F8F23480BF08BFD0646D2
:10A0900010B98422214910E01F480BF0A7FD0023CE
:10A0A000EFF3118287F31288BFF36F8F82F3118869
:10A0B000BFF36F8F32B91A49BB221A4814F08BFADA
:10A0C00015F0D1FD2C68A54210D07CB120460DF0D2
:10A0D0004FF904F118000DF0E5FB6FF00A03C4F826
:10A0E000A03020460DF0DEFE3346D9E70022AA60FC
:10A0F00033B909480BF064FD40B94FF49972C9E7D0
:10A1000041460548BDE8F0410DF086BA88F3118854
:10A11000BFF36F8FBDE8F081C4C30020C3150200F8
:10A12000F0150200AB15020008B5084B1B783BB9CF
:10A130000749084840F2463214F04DFA15F093FDF5
:10A1400012F072FB044B185808BD00BFF6D2002075
:10A150000D580200AB1502000800000038B5044697
:10A16000EFF31185402383F31288BFF36F8F1748F5
:10A170000BF018FD30B984221549164814F02BFA5B
:10A1800015F071FD11480BF031FD237C5B0710D5F4
:10A1900004F118000DF086FB237C23F00403204615
:10A1A00023740DF0C3FD29460848BDE838400DF082
:10A1B00033BA06480BF004FD10B94FF49972DBE78F
:10A1C00085F31188BFF36F8F38BD00BFE09C00207E
:10A1D000C3150200AB1502001FB5174C4FF4847273
:10A1E0000021204615F056FD04F1F403C4E93D3387
:10A1F00004F1FC03C4E93F330123C4F804314FF0F8
:10A20000FF324FF0FF33CDE9022309234FF4806280
:10A21000CDE9004309490A4B204610F011F82046C9
:10A22000FFF79CFF0749C4F8E8402046FFF7DAFB38
:10A23000002004B010BD00BF8814002080F300206F
:10A240004D980100385802002DE9F04103460C46B4
:10A25000DA8800681979224302F03003302BD0E904
:10A260000176056907D140F2F7321349134814F01B
:10A27000B2F915F0F8FC124B124C1340A34202D174
:10A2800040F2FB32F1E702F00603042B02D140F268
:10A29000FE32EAE73B6801248C401C4202D140F2C6
:10A2A0001142E2E72B68D7074CBF2343A3432B603F
:10A2B0003368BDE8F041184740580200AB15020072
:10A2C000020003000200010008B50B484FF4003102
:10A2D000FFF7BAFF094B1B681B0406D408484FF46C
:10A2E000004115F02DFA002008BD4FF4004104484C
:10A2F00015F020FAF7E700BF440F0200E49C0020AD
:10A3000044030200012870B5224E04460D4626D8AB
:10A31000FFF70AFF204B834221D1204B1B68F454E6
:10A320001C49002211F8013B012B03D10132052AFF
:10A33000F8D123461A490878984201D1012B27D831
:10A340000B7016490A60174A0021012B116008D8CA
:10A350001548FFF779FFBDE870400EF06FBC7455EB
:10A36000DEE7FFF7E1FE0C4DA84204460AD00EF0EE
:10A3700065FCFFF7A9FF0EF025FD2846BDE87040FB
:10A38000FFF7ECBEFFF7A0FF0EF01CFD2046F5E73F
:10A3900070BD00BFA20A00203062002078A000201B
:10A3A000F5D2002074A00020440F020008B59F4D94
:10A3B0009F4C2B78023B0F2B17D8DFE813F01000CF
:10A3C00019002F003F004E00630085009500A50096
:10A3D000AB00B900E7000101130121012F0142F296
:10A3E000107211460020F7F74FFC0EF027FCE0E753
:10A3F0002268013202F0010248BF524242F210715B
:10A40000042022604A43F7F73FFC2368012B14BF66
:10A410004FF461706420FAF7DDFDCAE7226801326B
:10A4200002F0010248BF524242F210712260002045
:10A430004A43F7F729FC4FF4FA70ECE7226801323F
:10A4400002F0010248BF524242F210712260002025
:10A450004A43F7F719FCC820DDE72368013313F0FE
:10A46000010F42F210710CBF0A4600220020236047
:10A47000F7F70AFC2368072BEDD100210120FFF735
:10A4800041FF96E72268531C002A236013DDC3F1C5
:10A49000CA01CA2B4FF0320342F2107203FB01F1E2
:10A4A00008BF00220020F7F7EFFB2368CA2B07D173
:10A4B00000210846E3E7002242F210711046F2E75D
:10A4C000012B4BD1FA20A6E72368013313F0010FCB
:10A4D00042F210710CBF0A46002201202360F7F7F8
:10A4E000D3FB2368052BC7E72368013313F0010F63
:10A4F00042F210710CBF0A46002201202360F7F7D8
:10A50000C3FB2368092BB7E742F210724FF4FA61DC
:10A51000012068E72268013202F0010248BF52427E
:10A5200042F2107322604FF4FA615A43032080E72D
:10A5300022684FF47A73013292FBF3F103FB11228C
:10A54000B2F5FA7F2260C8BF9A1AC72A08DC1E2318
:10A550005A4342F210710320F7F796FB05205AE7A1
:10A56000B2F5967F04DA14235A4302F5FA62F0E753
:10A57000B2F5C87FABBF02EB8202C2EB021202F55A
:10A58000EA5202F6AC52A8BF0C32E2E7236801336C
:10A5900003F001031A4642F2107148BF5A42002BE1
:10A5A00022604FF000000CBF0A460022F7F76CFB58
:10A5B0002368002B42F2E45008BF4FF496702AE75C
:10A5C00022680A23013292FBF3F103FB112222607D
:10A5D000032ACCBF002202F0010242F210714A436A
:10A5E000022026E722680A23013292FBF3F103FBE3
:10A5F00011222260052ACCBF002202F00102ECE702
:10A6000022680A23013292FBF3F103FB112222603C
:10A61000072ACCBF002202F00102DEE722680132E5
:10A6200002F0010248BF52422260D6E7F5D2002074
:10A6300074A0002008B5144D2C68E00707D50E2043
:10A640000321FFF75FFE41F28830FAF7C3FCA10750
:10A6500007D50F200321FFF755FE41F28830FAF7A6
:10A66000B9FC620708D510200321FFF74BFE41F229
:10A670008830FAF7AFFCDFE76307DDD10120032163
:10A68000FFF740FE6420F4E770A0002010B54FF003
:10A6900080434FF480311148D3F80044FFF7D4FDD4
:10A6A0004FF0C0634FF0A07206210D480CF000FB84
:10A6B0000C4A0D4B5360402393600A49084801221D
:10A6C0000BF08AFCE30206D40EF060FA074B003868
:10A6D00018BF01201870002010BD00BF280F020015
:10A6E00044030200309E002045A00000F3D2002069
:10A6F00038B5EFF31185402383F31288BFF36F8FD2
:10A700000E480BF04FFA30B984220D490D4813F072
:10A7100062FF15F0A8FA09480BF068FA0A4B0748DF
:10A720001C680BF04DFA10B94FF49972EDE785F300
:10A730001188BFF36F8F204638BD00BFC898002036
:10A74000C3150200AB1502001C08002010B5EFF382
:10A750001184402383F31288BFF36F8F15480BF0E9
:10A7600021FA30B984221449144813F034FF15F04B
:10A770007AFA10480BF03AFA114A0E48136801337E
:10A78000012B38BF012313600E4A13680133012BDC
:10A7900038BF012313600C4B00221A700BF010FA23
:10A7A00010B94FF49972DEE784F31188BFF36F8F0D
:10A7B00010BD00BFC8980020C3150200AB150200F1
:10A7C0001C080020E806002013D3002008B50A4B1F
:10A7D0001B6883420FD1094B197041B9FFF7B6FFCF
:10A7E000BDE8084006486FF0010113F0E5BCBDE884
:10A7F0000840FFF733B808BDC8C80020F5D00020D6
:10A80000C4C8002010B5044650B9FFF79FFF064B9F
:10A8100006481C70BDE810406FF0010113F0CCBC7D
:10A82000BDE81040FFF71AB8F5D00020C4C80020DA
:10A830002DE9F0410378FB2B05460F46164633D130
:10A8400044788CBB83781F33DBB2012B29D8EFF31C
:10A850001188402383F31288BFF36F8F13480BF0E6
:10A86000A1F930B984221249124813F0B4FE15F050
:10A87000FAF90E480BF0BAF90F4B1B689F4205D14D
:10A88000697B28793246FFF7C5FA044607480BF082
:10A8900097F910B94FF49972E5E788F31188BFF37F
:10A8A0006F8F2046BDE8F0810024FAE7C8980020A9
:10A8B000C3150200AB150200E806002038B50546B6
:10A8C000EFF31184402383F31288BFF36F8F19488D
:10A8D0000BF068F930B984221749184813F07BFE51
:10A8E00015F0C1F913480BF081F91549002225FA3A
:10A8F00002F3DB0705D50B680133012B38BF0123B9
:10A900000B600132102A01F10401F0D10D4A09480F
:10A9100013680133012B38BF012313600BF050F98A
:10A9200010B94FF49972D7E784F31188BFF36F8F92
:10A9300038BD00BFC8980020C3150200AB15020047
:10A9400088980020E806002070B500244026EFF328
:10A95000118586F31288BFF36F8F10480BF022F930
:10A9600030B984220E490F4813F035FE15F07BF9FB
:10A970000A480BF03BF92046FFF776FA07480BF040
:10A980001FF910B94FF49972ECE785F31188BFF302
:10A990006F8F0134102CDAD170BD00BFC898002031
:10A9A000C3150200AB15020070B50E480E4E0F4DD8
:10A9B00013F004FE00243378E1B28B4201D800206A
:10A9C00070BD05EBC10355F831205B6852EA030006
:10A9D00004D1074813F0F2FD0134ECE7054813F009
:10A9E000EDFDF9E771580200EED20020E05F002093
:10A9F00082580200925802001FB51B4813F0DEFD7A
:10AA00002B232222CDE901320E2300931748012384
:10AA10000A2240F2EA7113F0D1FD1549154A164891
:10AA200013F0CCFD154813F0C9FD154813F0C6FD11
:10AA3000144813F0C3FD4FF080531348D3F8A420FB
:10AA4000B3F8A83013F0BAFD104B187813F0C3FB1D
:10AA5000FF28014612BF0E480E484C2113F0AEFDF0
:10AA6000002005B05DF804FBA0580200BA580200AF
:10AA700019590200EA390200535902006A590200CA
:10AA8000805902008F590200AE5902005C0A002072
:10AA9000C8590200E159020008B5062003F03CFD48
:10AAA00038B1144B4361022303740023437483744D
:10AAB000C37411494FF4865210F072FCEFF3118306
:10AAC000402383F31288BFF36F8FEFF3108372B6C6
:10AAD0000A4C01236360112004F0B6FB084BC4F854
:10AAE0000833C4F84833074B4FF40032C3F88021D1
:10AAF00006F012FCFB59020044070200001001405E
:10AB000003000F0000E100E02DE9804889B0002635
:10AB100013F041FCCDE902668046B3460096B2468A
:10AB20000196B146B94840F267620023FFF7E0F9A9
:10AB300013F06AFBB64B1B68C21A132A3BD913F0F9
:10AB40002AFC054613F052FB04460F46C5BBB8F17C
:10AB5000000F00F0E280009B5BEA030300F0DD8061
:10AB6000009BB0EB0B0B61EB030AAA4B41F288325E
:10AB70001BEB03006AF10001904271F1000180F0CB
:10AB8000A580062003F0C8FC30B1A34B436102232B
:10AB9000037445748574C574A0494FF4865210F04F
:10ABA000FFFBF9F7FFFE002109200024FFF7AAFBB5
:10ABB0002746A146A7E01433181AFAF70BFAB7E7AD
:10ABC000B8F1000F1FD101212020FFF76FF80220FC
:10ABD0004146FFF797FB062003F09EFC48B1904BDF
:10ABE00043610223037480F8118080F8128080F89A
:10ABF00013808A494FF4865210F0D2FBCDE9024708
:10AC0000A34600972E46009B5BEA030300F0858075
:10AC1000B4EB0B030493009B67EB03030593029BC8
:10AC2000E21A039B67EB0303B2F57A7F73F100032B
:10AC30002CDB86F0010616F0FF0615BF022001206E
:10AC400000213146FFF75EFB082003F065FC8046DB
:10AC5000A0B1744B43614FF47A720023DDE9040123
:10AC6000F6F742FD0423C8E9060188F810300023F6
:10AC700088F8113088F8123088F8133067494FF49B
:10AC80000352404610F08CFBCDE90247049A42F291
:10AC900010739A42059B73F100033EDB062003F01C
:10ACA0003BFC38B1604B43610223037400234374BF
:10ACB0008374C37459494FF4865210F071FB11200C
:10ACC0000021FFF71FFB002013F088FB93457AF16A
:10ACD000000254DA0A2009F1010903F01DFC48B111
:10ACE000524A4574C0E90529C0E908BA062303742D
:10ACF0008574C57449494FF4435210F051FB00214B
:10AD00000120FFF7FFFA002120204FF0000BFEF793
:10AD1000CDFFA2460197CDF800B0019B5AEA03038C
:10AD200000F0B08013F062FA019BB0EB0A0061EB17
:10AD3000030140F2E933984271F10001C0F2A280B0
:10AD4000B9F1000F00F09E80082003F0E5FB40B150
:10AD5000374BC0E90539032303740023437483741C
:10AD6000C3742E494FF4C65210F01AFB09F1FF3399
:10AD7000032B00F2E680DFE803F0189DB5CD082034
:10AD800003F0CAFB48B12B4AC0F81CA0C0E9052B50
:10AD90000423037445748574C57420494FF4035229
:10ADA00010F0FEFA00210120FFE600270DF11D0240
:10ADB0000DF11E010DF11F008DF81F708DF81E7032
:10ADC0008DF81D700FF07CFC9DF81F909DF81E8083
:10ADD0009DF81D40B9F1000F30D00A2003F09CFB14
:10ADE00048B1154B4774C0E90784C0E9053905230C
:10ADF00003748774C77409494FF4235210F0D0FAD2
:10AE00007020FBF735FB0021082034E00C0D0020FA
:10AE10003C9E002078ECFFFF285A02004407020005
:10AE2000135A0200B45A0200D15A0200615A0200B9
:10AE3000EA5A02008C5A0200105B02000820B8F1A6
:10AE4000000F21D003F068FB58B1474BC461C0E943
:10AE500005380423037480F8119080F8129080F86C
:10AE6000139042494FF4035210F09AFA7120F9F707
:10AE70000FFF00210620FFF745FA4FF0000ACDF83A
:10AE800004A0D146A8464DE603F046FB50B1384B2E
:10AE900080F81180C0E905340323037480F8128020
:10AEA00080F8138031494FF4C45210F079FA002130
:10AEB0000E20E0E7062003F02FFB38B12D4B436155
:10AEC00002230374002343748374C37427494FF42B
:10AED000865210F065FAF9F7A3F900214020FEF739
:10AEE000E5FE90E7062003F017FB38B1224B4361E3
:10AEF00002230374002343748374C3744FF4865293
:10AF00001A4910F04DFA01214020FEF7CFFEF9F763
:10AF10004DF9B2E7062003F0FFFA38B1174B436151
:10AF200002230374002343748374C3740F494FF4E2
:10AF3000865210F035FA0120F9F7AAFE0021072009
:10AF400099E7082003F0E8FA40B10D4BC0E9053954
:10AF500003230374002343748374C37403494FF4BD
:10AF6000C45210F01DFA88E7495B02004407020052
:10AF7000785B0200A45B0200C05B0200DD5B0200A4
:10AF8000FD5B020010B5044618B9F9F70FF900206F
:10AF900010BD082003F0C0FA40B1124BC0E90534DF
:10AFA00003230374002343748374C3740E494FF462
:10AFB000C65210F0F5F90D4B01221A7013F016F974
:10AFC0000B4BC3E900010B4B0B481C700B4B1A7861
:10AFD0000B4B1A70F9F778F802210320FFF792F96A
:10AFE000D5E700BF215C02006C06020087D200207A
:10AFF000A0320020EED10020040C0020EED2002070
:10B00000EDD1002038B5044618B9F8F78BFA0020C6
:10B0100038BD074B01221A7013F0E8F84FF47A7527
:10B02000E4FB05010B4603490246C1E90023EEE7B4
:10B030008CD20020D05800200F28F8B504460F46C7
:10B04000164655D84B1E3E2B52D813F0CFF82A4A3D
:10B050001278A2420B464DD9284A02EBC40152F89D
:10B06000342049680A4345D0254A02EB8412D2E9CC
:10B07000081251EA02053DD0401A63EB020341F287
:10B080008932904273F1000334D2EFF311814023EF
:10B0900083F31288BFF36F8F1A4A15880135ADB25A
:10B0A0001DB32B461380184B23F81450174B1F5514
:10B0B000174B1E5581F31188BFF36F8F0A2003F0E1
:10B0C0002BFA58B1134B4562C0E90534C0E9077645
:10B0D00006230374002343748374C3740E494FF42E
:10B0E000435210F05DF90620F8BD01231D46D9E753
:10B0F0000120F9E70420F7E7EED20020E05F00200E
:10B10000E05B0020BCCE00206CCE002050D200209E
:10B1100040D20020525C02006C0602001FB54FF0C6
:10B12000FF324FF0FF330446174814F0A5FDBFF37C
:10B130005B8F164A002352E8001F012903D142E821
:10B1400000300028F7D1BFF35B8F17D1104A126887
:10B15000A2B11049039308780F498DF8010084F0DB
:10B160000104CDE9013309788DF80210FB23A40016
:10B170008DF800308DF8034068469047024804B0CF
:10B18000BDE8104013F0E2B8880B0020CCC30020CB
:10B19000BCC8002016D3002015D300202DE9F043B1
:10B1A00085B004464FF0000844488DF807804FF002
:10B1B000FF324FF0FF3314F05FFDDFF818C19CF849
:10B1C0000070BC420AD20F2C08D83D4A02EBC403DF
:10B1D00052F834605D6856EA05010AD1374813F029
:10B1E000B5F83848214613F0E9F9042005B0BDE868
:10B1F000F083EFF31189402181F31288BFF36F8F41
:10B2000000200021C3E900018DF8077002EBC7029E
:10B210003B4652F8081D506851EA000E03D0B8F1C1
:10B22000000F06D107E0013B13F0FF034FF00108C8
:10B23000EFD18DF807304FF0010808FA04F08CF8D0
:10B240000030FFF73BFB89F31188BFF36F8FFFF7E7
:10B250007BFB1A4813F07AF82046F7F7A5FF002386
:10B260000022CDE9022308220DEB0201E01C0FF0C1
:10B270005DFA9DF80730BB4205D042460DF107014B
:10B2800040460FF053FA0A2003F046F950B10E4B36
:10B29000C0E90865C0E9053406230374002343743C
:10B2A0008374C37409494FF4435210F079F8084885
:10B2B000214613F083F9002098E700BFB00B00206F
:10B2C000E05F0020935C0200A75C02006C060200B5
:10B2D000D45C0200EED2002073B53C4D3C4828609F
:10B2E00013F014F80446A0B9062003F015F930B1A4
:10B2F000384B43610223037444748474C474364924
:10B300004FF4825210F04CF86FF01204204602B055
:10B3100070BD08202C6803F0FFF840B12F4BC0E946
:10B32000053403230374002343748374C3742A49CC
:10B330004FF4C65210F034F8286829498368172260
:10B340009C68284BA047044690B1082003F0E4F81D
:10B3500040B1254BC0E90534032303740023437433
:10B360008374C3741C494FF4C25210F019F8CDE72E
:10B370001E4E054629463046013512F002FF402D8B
:10B3800006F11806F6D10021194812F0FAFE002144
:10B39000184812F0F6FE30220021174814F07AFC0B
:10B3A000154A164B53604FF48073D36040F6CD427C
:10B3B0000023CDE9002312480FF032FD114B124A51
:10B3C0001A60124B124A1A60A0E700BFC8C80020DA
:10B3D00098030200ED5C0200AC060200075D02006B
:10B3E00003120200940F02001A5D02009C8E0020DE
:10B3F000B4C800208894002028630020892E000013
:10B40000180B0020B8C8002005A80000BCC8002008
:10B41000FFE301002DE9F04FBD4BBDB01B78049355
:10B42000BC4B00261E60BC4BFF221A70049B002BF5
:10B4300040F01E81B94B0E9304260EAF0023B84D89
:10B440003C464FF00C0C19464FF07F0EB34240F0D3
:10B450001181B44B187812F0BEFE0023592804461F
:10B460000DF137020DF136010DF135008DF8353053
:10B470008DF836308DF8373028BF4C240FF020F986
:10B48000049B002B00F00281A7494FF47A75A7486E
:10B4900000950523324613F091F89DF8351019B147
:10B4A000A348224613F08AF8F7F7FCFEA14B5B781D
:10B4B0000BB10AF0D9F9FAF74BFD0220F9F78AFD32
:10B4C00012F094FE41F28833C3189B4809934FF45D
:10B4D000004C41F1000300210A93984A0023E5FB48
:10B4E0000C01F6F7E7F800230790059312F07EFEB3
:10B4F000099B98420A9B9941C0F26581F7F726FFA4
:10B5000010F082FB0EF004FB002385491D460C2041
:10B510009E4240F05D818A4B1C70002D00F06981D5
:10B520000DF1940B7E4E59464FF001094D4540F008
:10B53000B08105998348552213F040F8DA464FF060
:10B5400000084FF00A091AF8017B0C2202FB07627F
:10B550001046059212F0CDFE059AB0FBF9F309FBF7
:10B560001301CDE906133846137A059312F0B4FEA1
:10B57000754B764A06990091002818BF1A46734BFE
:10B580007348A74218BF1846059B0193CDE90220D6
:10B59000079B704807F51662394613F00FF808F15B
:10B5A00001080A20F9F716FD4545CCD100271BF804
:10B5B000018B404612F090FE20B90137BD42F6D112
:10B5C0004FF0FF08DFF8B4914FF0000A4FF00C0B7A
:10B5D00025AB09F1060913F80A700BFB0762104648
:10B5E000059212F086FE059A0690127A0592384668
:10B5F00012F072FE059A069B09F8022CA7EB0802CE
:10B60000391B29F8043C5342534109F8067C4F4248
:10B610004F417F0047EA83070AF1010A0743554576
:10B6200009F8017CD4D13B4B4B481D603A4B83F861
:10B63000008012F0C3FFB8F1FF0F40F0748147485B
:10B6400012F0BCFF049B002B40F0D6804448D1E0B0
:10B6500011F8010B834200F0BF810132292AF7D192
:10B660000133DBB2592B3FF4E8AE3E490022EFE74D
:10B670003346FAE714F8012B0CFB02F2A818A95084
:10B680000133C0E9011180F808E0DFE636494FF4E4
:10B69000FA65FCE6069BDFF8E0B013F8018B069331
:10B6A0004FF000090121CBF808853048CBF8009114
:10B6B000CBF81C91CBF81091CBF8041014F080FA61
:10B6C000012178B9CBF81010294814F079FA0AF161
:10B6D000010A5645DED1059B012001330593F9F798
:10B6E00079FC03E70C2202FB0852517209F03EFF7D
:10B6F00008900122CBF81C911E48CBF8142014F0BE
:10B700005FFA00283CD11C4B01221A61DCE700BF24
:10B710004BD1002028C80020A90A00204C02183272
:10B72000FCC300205C0A00203C5D0200835D020037
:10B73000B75D0200E0C300203F420F0040420F000F
:10B74000A80A00207C5E0200675D0200D812020099
:10B75000765D0200D55E0200A22702000A5F0200A9
:10B7600005600200DA110200535D02000011004082
:10B77000101100401C11004000100040BECE0020FF
:10B780000C2101FB08F1DBF84825685805EB010C9A
:10B7900002F07F02552A00F1010068509EBFDCF8DC
:10B7A00004100131CCF804100C2101FB0851087A77
:10B7B000904288BF0A7209F0D9FE089BC01A079B05
:10B7C000834296D89FE7884D06974FF0000A80E79E
:10B7D00017F8012B00FB021C9CF809C0BCF1000FFC
:10B7E00005D005F1F00CEC4401350CF85C2C01336C
:10B7F0008EE67E4812F0E2FEBFF35B8F7C4B0024A6
:10B8000053E8002F012A03D143E800410029F7D172
:10B81000BFF35B8F36D1774B1A689AB3764A774D70
:10B8200092F80090764A92F800B0764A92F800A01A
:10B83000754A16685FFA86F8B4421F6805F1060576
:10B84000C0F29D800023002ECDF89B30CDF89F30B4
:10B850008DF8A3304FF0FB038DF89430C8BF00265D
:10B860004FF0D103D8BF01268DF895908DF8963012
:10B870008DF897608DF898808DF899B08DF89AA022
:10B8800025A8B847614800213DB0BDE8F04F12F04F
:10B8900078BC11F8018F0C2303FB0863A8EB040CA0
:10B8A0000693DCF1000343EB0C03089309F1FF3727
:10B8B0000B46069813F801AC0B910A9312F019FD90
:10B8C0000C2303FB0A6309901846079312F011FD3D
:10B8D000099A02F1050C6045DDE90A3109D8053005
:10B8E00082420AD8069A107A079A127A90420DD0AC
:10B8F00003D9013F03F801A9DBD207F1F0030DEBF7
:10B90000030709F1010907F85B8C0FE6AAEB0400B5
:10B91000424242410898824202D1D045E9D3ECE745
:10B92000A045E6D0E9E7A04504D13948414612F0E8
:10B9300045FE87E60BFB04656B7AD3B10BFB086011
:10B9400012F0D7FC0646284612F0D3FC0A25B0FBBD
:10B95000F5F305FB1300CDE90130B6FBF5F22D48F8
:10B96000CDF80C80009405FB1263414612F026FED0
:10B9700068E629484246414612F020FE62E6002170
:10B980000D220DF1970014F085F9FB228DF894201B
:10B99000FC228DF8962015F8062C8DF89A2035F8A3
:10B9A000042C8DF89B20120A8DF89C2015F8022C8F
:10B9B0008DF89D2015F8012C8DF898408DF89E206B
:10B9C00025A88DF895908DF89980B8470320F9F750
:10B9D00001FB0134074B2FE706F1F0026A44013600
:10B9E00002F8B83C3CE600BFFCC30020515E0200F8
:10B9F0002CC80020BCC800201DD30020BECE0020D3
:10BA0000A90A0020A80A002028C80020CC94002001
:10BA10002B5F02004D5F0200C05F020010B50146BF
:10BA2000054812F0AEFBBDE81040044840F26762E2
:10BA300000230DF0EDBC00BFDCC30020D8050020C2
:10BA400008B50548002112F09CFB044B00221A7037
:10BA5000BDE808400DF0ACB8D8C300201CD30020CE
:10BA600010B5002104460A4812F08BFB0948214614
:10BA700012F087FB24B9BDE810400420FDF7F6BEA4
:10BA8000BDE8104004484FF4203200230DF06CBC98
:10BA9000D4C30020D0C30020A805002038B5114B26
:10BAA000BFF35B8F012453E8005F002D04D143E80E
:10BAB000004CBCF1000FF6D1BFF35B8F0FD10A4BE6
:10BAC00018700A4B0A4819700A4B00211A7012F0BC
:10BAD00058FB0948002112F054FB072038BD032011
:10BAE000FCE700BFD8C300201BD300201AD30020DE
:10BAF000D0C3002017D30020D4C300202DE9F74382
:10BB0000454812F038FB0446002840F08180434D40
:10BB1000434E95F828808DF8078056F828004FF49A
:10BB200020320023FEF7E4F9C0B108209DF8075049
:10BB300002F0F2FC38B13B4B4474C0E905350323F5
:10BB400003748474C47438494FF4C2520FF028FC53
:10BB50006FF00F04204603B0BDE8F083B5F82090E5
:10BB6000324C41F2080707FB08F74A46A5F57E610B
:10BB7000E01914F033FBB9F5805F07D207EB090039
:10BB8000C9F58052FF21204414F084F841F20803E3
:10BB900003FB084404F580536A6A1A6041F2040307
:10BBA000234824F803904FF4203200230DF10701BD
:10BBB000F8F72AF90446C8B1062002F0ADFC38B106
:10BBC0001C4B436102230374002343748374C374C6
:10BBD00015494FF482520FF0E3FB9DF8073056F8F9
:10BBE0002300FEF7D9F96FF01B04B3E79DF8073087
:10BBF0002884C3F1010385F828306B6A0E4803F5E9
:10BC000080534FF48052FF216B6214F043F8A1E798
:10BC10006FF004049EE700BFCCC8002040740020F1
:10BC20008C0F0200486002001C070200B4A3002031
:10BC3000B40C002068600200606400202DE9F0412F
:10BC40000678FB2E04460F4647D01036F6B2072E74
:10BC50008CBF00260126334812F08DFA0546324883
:10BC600012F089FA2B1A3F2B39D81EB94030401BED
:10BC7000022834D9BFF35B8F2A4B05F1010C53E83E
:10BC8000002FAA4203D143E800C10029F7D1BFF336
:10BC90005B8FE0D1254E05F03F0518236B4306EB83
:10BCA000030E04F1100820686168724603C208346C
:10BCB00044459646F7D1182202FB056503F11400AE
:10BCC000614630442F6112F05CFA194821220023AA
:10BCD0000DF09EFB0120BDE8F0810126BBE7154A6F
:10BCE000136801331360144A136801331360134A55
:10BCF00011888B4288BF13802378FB2B10D0FE2B3A
:10BD00000ED063780F2B0BD80D4951F82320013248
:10BD100041F823200B4951F82320013241F8232018
:10BD20000020D8E7B4C8002088940020888E002026
:10BD300028630020B0C80020848E002088CD002019
:10BD4000448E002070C80020F0B50478012C85B026
:10BD500002460B4601D0042C07D1518829B991889D
:10BD600019B9D18809B9118959B315466E4602F13E
:10BD7000100C28686968374603C7083565453E4694
:10BD8000F7D1012C19D0042C17D01034E4B20E2CAA
:10BD900003D814492141C9070FD551780F290AD872
:10BDA000114800EB81045AB2A57812025DB920F85F
:10BDB00021200122A2708DF80F3000216846FFF784
:10BDC0003DFF05B0F0BD30F82130CD2413FB04F366
:10BDD000332404FB023343F30F2320F82130C3F351
:10BDE0000723E8E700B7FFFF8CCD002030B5254DD5
:10BDF0002C7885B0062C43D8DFE804F00808080446
:10BE00003C3E40002C7D002C08BF02241E4812F04E
:10BE1000B2F9102200284FF00001684618BF15241F
:10BE200013F038FF4FF6F463ADF80030EB898DF86E
:10BE300004301A0A2B698DF803208DF80530C3F3FE
:10BE400007221B0C8DF8073068461B0A00218DF86D
:10BE500002408DF806208DF80830FFF775FF0A487C
:10BE600012F089F920B912F0C1F9084BC3E90001B9
:10BE700005B030BD0524C9E70624C7E72C7DC5E71A
:10BE80001024C3E740640020D0C800207074002054
:10BE90002DE9F04F0620C1B002F03EFB38B1534B04
:10BEA000436102230374002343748374C3745049B1
:10BEB000504D4FF486520FF073FA4F4812F05BF971
:10BEC0000446C8B1062002F027FB38B14B4B436152
:10BED00002230374002343748374C37444494FF4EE
:10BEE00082520FF05DFA06232B7012232B7541B09E
:10BEF000BDE8F04FFFF77ABFD5F818806E68DFF81D
:10BF00000CA1DFF80C91C6B9AF68A7425CD008203D
:10BF100002F002FB40B13A4BC761C0E9053404238B
:10BF2000037446748674C67431494FF401520FF09D
:10BF300037FA06232B70042324E0B6F5807FB3463E
:10BF400028BF4FF4807BDAF800005B466A46414622
:10BF500012F013FA0746D8B1082002F0DDFA48B112
:10BF6000284BC761C0E905380423037400234374D8
:10BF70008374C3741E494FF401520FF011FA062363
:10BF80002B7012232B75FFF731FF41B0BDE8F08F06
:10BF9000E4436A4612F8013B83EA040101F00F0111
:10BFA000013759F8211081EA141484EA131303F0BD
:10BFB0000F03BB4559F8233083EA1414EAD1E44354
:10BFC000D844A6EB0B069EE7062002F0A5FA30B196
:10BFD0000D4B43610223037446748674C67404498E
:10BFE0004FF486520FF0DCF90323CBE79160020097
:10BFF0001C07020040640020CCC80020AD60020095
:10C0000007610200DF6002003D610200D4C8002029
:10C010004C0F02002DE9F04F8BB0044600AF002911
:10C0200000F09C8090F809C0417B027B90F80A8068
:10C0300079610CF07F0303F1FF395FFA89F9B9F1F7
:10C04000060F00F2EF80A149132A51F8231096BF82
:10C050009F4BA04E53F82260A8F10403012B40F23D
:10C06000D580531F0E2B10D8DFE813F01C011C01E4
:10C070001C01D000D800D8000F000F000F000F00E7
:10C080000F000F000F00D000DA00934B94F81CA0B3
:10C09000924DDFF8B8E2B4F804B0BAF1E20F18BF7D
:10C0A000AE4625683D61B9F1060FE58894F808A011
:10C0B000FD6000F208818A4D1CF0800FDFF890C20D
:10C0C00008BFAC46B8F1070F96BF864DDFF8049263
:10C0D00055F82890E57AC7F804D0052D96BFDFF80B
:10C0E0007482DFF8F08158F825806569BD6098B0EA
:10C0F000CDE90F287C4ABA6102F102327B481193E4
:10C1000002F20442FA61A2F1FC32CDE9050E7B692C
:10C1100038690890A2F581721293F868BB683A6298
:10C1200040F60B521393BA8407F12803CDE9090BAB
:10C13000CDE90B1C13E90F00CDE90D9614AECDF837
:10C140001CA007C66A463380694B42F8103F694815
:10C1500049F6C0410FF0D6FCD7F804D02569002D70
:10C1600000F04581237FBB76FB22A37A3A83E27AF3
:10C1700043EA0213FB76237A3B7723687B77C3F38A
:10C1800007221B0CFB771B0A87F82030A38887F84F
:10C1900021301B0A87F82230E38887F823301B0AF6
:10C1A00087F82430637A87F82530A389BA77FB842F
:10C1B00012F02AF82946024607F11800FEF738FB6C
:10C1C000002800F014812169002900F0108107F196
:10C1D0001800FFF733FD002800F009816389062B62
:10C1E00040F00581EFF31185402383F31288BFF3FC
:10C1F0006F8F414809F0D6FC002840F0AF808422C0
:10C200003E493F4812F0E7F913F02DFD7B69202BE2
:10C210004AD83C4B786953F8203037E73A4B35E73A
:10C220003A4B33E7BCF1200F0ED1032A96BF384BAF
:10C23000284E53F822607B69042B37D8354B796937
:10C2400053F82130344921E7BCF1210F0ED1032AE4
:10C2500096BF324B1F4E53F822607B69022B27D8C2
:10C260002F4B796953F821302E490FE7BCF1300F7D
:10C2700011D1072A1ED82C4B012A53F8226001D075
:10C28000062A1AD17B69022B19D8284B796953F8F1
:10C2900021302749FAE67B69FF2B12D1254B264E28
:10C2A0002649F3E6264BF1E60A4BEFE6094BC9E7D0
:10C2B000084BD9E7234B074EEBE7224BE9E7054B49
:10C2C000E7E7214BEBE7DFF890C0FBE6080F020041
:10C2D000B80E02005861020060610200D81202002C
:10C2E000CE610200A80D020000020507D361020022
:10C2F000100000074C070200C8980020C315020078
:10C30000AB150200340E02006B6102007061020086
:10C31000240E0200100E020078610200000E0200DE
:10C32000F40D020085610200D40D0200C80D020068
:10C33000966102009C610200AB610200B7610200DD
:10C340006661020091610200828D0200BE610200FE
:10C35000503B0200900D0200CB610200264809F01C
:10C3600045FC607A217A254AA0F1210358425841C0
:10C370004FF4E87328264B4306FB0033134493F82D
:10C3800090614EB393F8926136BBD3F88061A36994
:10C390009E4221D11A4B26691B689E421CD14FF444
:10C3A000E8735943282303FB001153182268D3F87C
:10C3B0006C11914210D1D3F87001616888420BD1A1
:10C3C000D3F87401A168884206D1A289B3F8781124
:10C3D000914208BFC3F88461074809F0F1FB10B926
:10C3E0004FF499720CE785F31188BFF36F8F2C37E8
:10C3F000BD46BDE8F08F00BFC89800209015002012
:10C40000E806002010B50D4811F0B5FE00210446E5
:10C410000A4811F0B6FE022C0AD0032C0BD0012CD6
:10C420000BD14FF080436D22C3F81C25FEF734FB7F
:10C43000002011F0D3FF0120FBE710BDDCC300207A
:10C4400008B5184811F097FE58B3174B1B78013BFD
:10C45000032B21D8DFE803F00211181D134B1878C5
:10C46000712801D0012805D1F8F712FCBDE8084079
:10C47000FFF7F6BAF9F7FCFFF8E70D4B19880D4BFB
:10C480001878F9F7EFFDF1E70B4B1888F9F76EFE16
:10C49000ECE7F9F741FFE9E7BDE808400120FDF7C7
:10C4A000E5B908BDD8C300201CD3002019D3002053
:10C4B000BACE002018D30020B8CE002070B51148A5
:10C4C00011F059FE0446104811F055FE0F4B054679
:10C4D0000A201E7802F020F850B10D4BC0E9075435
:10C4E000C0E9053605230374002343748374C374C1
:10C4F00008494FF422520EF053FFBDE8704004206B
:10C50000FDF7B4B9D0C30020D4C300201AD3002053
:10C51000416202001407020008B5044811F02BFE26
:10C5200018B1BDE80840FFF7C9BF08BDD8C3002057
:10C5300010B504460B4811F01EFE003818BF01204C
:10C54000A04202D0084811F009FE0648214611F029
:10C5500018FE064B1B681BB12046BDE8104018476B
:10C5600010BD00BF2C9E0020289E0020B8C80020CF
:10C5700008B5034811F0FFFD003818BF012008BDC1
:10C580002C9E002010B50A4B1B787BB1094B1B7801
:10C5900063B1FFF7EDFF48B1074B1B7833B1BDE83E
:10C5A00010400648002200230CF032BF10BD00BF2F
:10C5B000EED20020F4D00020F5D000202863002027
:10C5C000244B8B4210B5044616D0FFF7D1FF98B12B
:10C5D000214B1B7883B1062001F09EFF38B11F4B21
:10C5E000436102230374002343748374C3741C499E
:10C5F0004FF484520EF0D4FE1A4B1B689C4227D194
:10C6000019486FF0010111F0D7FD10F0010415D1A8
:10C61000FFF7AEFF90B1104B1B787BB1062001F005
:10C620007BFF30B1114B4361022303744474847463
:10C63000C4740B494FF484520EF0B2FEF7F78CFB32
:10C6400030B9BDE810400A48002200230CF08CBE2F
:10C6500010BD00BF30C80020F5D000208B62020062
:10C66000AC060200C8C80020C4C80020BD62020099
:10C6700028630020034B1B68834201D1FFF7A0BF52
:10C68000704700BFC8C8002038B5214811F073FDBD
:10C69000044690B1062001F03FFF38B11D4B4361C5
:10C6A00002230374002343748374C3741A494FF440
:10C6B00084520EF075FE032038BD184BFF221A700D
:10C6C00011F094FD40F6AC554019154B41F10001B5
:10C6D000C3E900012146134811F053FD01210C4824
:10C6E00011F04FFD0B20F8F7D3FA082001F014FFEA
:10C6F00038B10D4B4474C0E90535032303748474C9
:10C70000C47405494FF4C6520EF04AFE0720D3E721
:10C71000D4980020891802006C060200BAD10020CB
:10C7200090320020D0980020F16202002DE9F04FF5
:10C730002DED048B0C1F877890F801800C2CA246FD
:10C7400028BF4FF00C0AE02F85B0064693461D46E1
:10C7500003F1010940F0C7800F220021484613F081
:10C7600099FAFB232B70012385F80180AF70EB70E1
:10C77000F378C3B9032C16D93379012B40F0B1807B
:10C78000777996F8069096F80780032F0BD8A9F1D1
:10C790001003DBB2EE2B06D97B1E012B09D808F162
:10C7A000FF331E2B08D9012005B0BDEC048BBDE87A
:10C7B000F08FB8F1000FF6D1F31DC6F1FF2606F594
:10C7C0007F06FD36F218924514D811F01DFD04467F
:10C7D000EFF31186402383F31288BFF36F8FB948BC
:10C7E00009F0E0F958B98422B749B84811F0F3FECE
:10C7F00013F039FA13F8012F002AE3D0D3E7B14838
:10C8000009F0F4F9B24B1B689B4507D0AD4809F01D
:10C81000D7F900283FD14FF49972E5E7022F41D1B3
:10C820002046FCF7D5FF0028F0D0AA4B1B784B45DB
:10C83000ECD1A94B1B784345E8D1A84B1C600123E0
:10C840002B713F236B710323AB710A23EB71D02350
:10C850002B7207236B721023AB722723EB72002716
:10C860009823EF602B733A236B739A4B1B78AB734F
:10C870002046FCF7ADFF984B1B7840EA4300E87375
:10C88000904809F09DF90028C5D086F31188BFF3C0
:10C890006F8FEF7087E786F31188BFF36F8F0423E4
:10C8A000EB7080E7012F0FD18D4A13680133012B04
:10C8B00038BF01231360874B83F80090864B83F8C1
:10C8C0000080884B1F70B8E7032FB8D1854B00223A
:10C8D0001A70834A13680133012B38BF0123136098
:10C8E000ADE70523DCE70A2001F016FE50B17E4BD0
:10C8F000C0E9077AC0E905380523037400234374AF
:10C900008374C37479494FF423520EF049FD3846BD
:10C9100011F024FD8246002800F07581002C00F003
:10C9200018831F2F96F804A000F01E811F2F2ED809
:10C930000B2F14D8092F00F2F4803A4639464046AE
:10C94000FFF7ACF807281ED1BAF1FF0F4FF0010036
:10C9500040F04D81664B1870664B1F7036E00C2F0F
:10C96000EBD1062C40F2DD80B6F8053001933A4653
:10C9700039464046B6F807B0B6F80940FFF78EF8DA
:10C980000728019B27D04FF0FF36032453E0202FC8
:10C9900000F01281242FD0D1032C40F2C280747990
:10C9A000022C00F2BE803A4639464046F688FFF730
:10C9B00075F80728E7D1BAF1FF0F40F0C4804C4B5F
:10C9C00002221A704C4B1C704C4B1E804C494D4837
:10C9D0000CF0D0FA2CE01BB207EE903A9FED4A7AA9
:10C9E000F8EEE77A0FFA8BFB87EE878A24B2BAF16A
:10C9F000FF0F07EE90BAF8EEE77AC7EE878A07EEE8
:10CA0000904AF8EEE77A87EE879A40F085803F4EAD
:10CA10003F4A307800231C464FF0010CD9B28842BF
:10CA200001D9102B2ED12046FFF71AF8002C46D141
:10CA30004FF0FF3607240F220021484613F02AF951
:10CA4000FB23CC2F2B7085F80180AF70EC7040F089
:10CA5000408214B9002E00DB2E710A2001F05CFD2B
:10CA600050B12C4BC0E90774C0E9053805230374A5
:10CA7000002343748374C3741C494FF423520EF093
:10CA80008FFC90E6D2E9001E51EA0E0118BF0CFAA5
:10CA900003F102F1080218BF0C430133BEE7B0EE08
:10CAA000491AF0EE680AB0EE480AF6F765FD3378E9
:10CAB000E0B28342BCD90134112CF0D1B8E7002494
:10CAC000F5E700BFC8980020C3150200AB150200AF
:10CAD0001C080020A70A002014D30020C8C300208F
:10CAE000E806002013D3002052630200140702005E
:10CAF0001CD3002019D3002018D30020BACE002068
:10CB00000C080020881400200000C842EED200204B
:10CB1000E05F00207B630200BAF10F0F04D9FEF73B
:10CB20008FFF4FF0FF366AE1012000FA0AF0FEF7AE
:10CB300097FFB0EE491AF0EE680AB0EE480A504688
:10CB4000F6F71AFD74E7BAF10F0FE8D8012000FAE2
:10CB50000AF0FEF785FF324621465046F7F7D4FF2C
:10CB600000287FF465AFDAE7022CDAD015D9B6F8E1
:10CB70000540B4F57A7FD4D81F2211464046FEF70F
:10CB80008DFF07287FF4FFAEBAF1FF0F07D1BA4B34
:10CB900003221A70B94B1C8018E70024ECE7BAF1A5
:10CBA0000F0FBCD8012000FA0AF0FEF759FF21460A
:10CBB0005046F6F741FD3BE73A4639464046FEF718
:10CBC0006DFF07287FF4DFAEBAF1FF0F03D1AA4B48
:10CBD00004221A70FAE6BAF10F0FA0D8012000FA69
:10CBE0000AF0FEF73DFF5046F6F760FD20E7BAF188
:10CBF0000F0F94D800FA0AF0FEF732FF394650467C
:10CC0000F6F7FCFB14E7A7F1C902331D342A88D8D4
:10CC100001A151F822F000BFF5CC000009CD0000C1
:10CC20000FCD000015CD000053CD00006DCD0000EC
:10CC300073CD000081CD000087CD0000CFCD000076
:10CC4000D5CD0000DBCD0000EFCD0000EDCC000025
:10CC5000EDCC000015CE00001DCE00002FCE000050
:10CC6000A5CE0000FDCC0000F5CD0000EDCC00000D
:10CC700003CE000023CB000023CB000023CB000019
:10CC800023CB000023CB000023CB000023CB0000EC
:10CC900023CB000023CB000023CB000023CB0000DC
:10CCA00023CB000023CB000023CB000023CB0000CC
:10CCB00023CB000023CB000023CB000023CB0000BC
:10CCC00023CB000023CB000023CB000023CB0000AC
:10CCD00023CB000023CB000023CB000059CD000064
:10CCE00023CB000023CB0000FDCC00004FF0FF362B
:10CCF0000524A0E634B13079FEF744F94FF0FF3651
:10CD0000002498E62046F7E7F7F78AFAF6E7F7F700
:10CD100049FEF3E7052C7FF604AF9B880020002135
:10CD2000CDE90201ADF80C3070680399029050EA29
:10CD300001033FF4F6AE0122F7F7A4FC061E01DB67
:10CD400076B2DDE71C367FF4ECAE4FF0FF360224FE
:10CD500071E6F7F797FDD1E7002C3FF4E2AE3079AA
:10CD6000FEF71CFA04464FF0FF3664E6FDF71CFEA2
:10CD7000C4E71CB13079FCF745FEF3E72046FAE73B
:10CD8000F9F734F9BAE73CB196F804A00AF1FF3399
:10CD9000D3F1000A4AEB030A394BBFF35B8F012141
:10CDA00053E8002F002A03D143E800100028F7D1F0
:10CDB000BFF35B8F7FF4E7AD324B334883F80080DD
:10CDC00011F0DFF9314B324983F800A0FFE5FDF7A0
:10CDD00013FE93E7F4F7BCFF90E7032C05D9184640
:10CDE00011F0B2FAFEF70EF988E70020FAE7F6F73D
:10CDF00049FB83E7012C4FF0FF363FF679AF012462
:10CE000019E6022C7FF68DAEB27971793079FEF792
:10CE100013F9A7E70120FEF701FE6FE72CB1337984
:10CE2000002B14BF03200220F5E70220F3E7194886
:10CE30004FF0FF324FF0FF3312F01EFF3CB130795C
:10CE4000642805D90124134811F080FA8BE72046A5
:10CE5000F7F786FF18B11030F4D10324F3E70E4B37
:10CE60000E4883F800800E4BDA2201211A70072445
:10CE700011F087F9E7E700BF1CD30020B8CE0020EF
:10CE8000CC9400201DD300202CC800204BD10020C2
:10CE9000D4060020880B002016D30020CCC300202D
:10CEA00015D300204FF0FF324FF0FF332C4812F023
:10CEB000E3FEFFF7E9FB07280446C4D1294B2A48C3
:10CEC00083F80080294BDB2201211A7011F059F9F7
:10CED000B9E7FD2F09D0D42F7FF4BFAD002C7FF42C
:10CEE000BCAD234B1B782B71B7E5224B187811F0A2
:10CEF00072F9214B1B782B71204BFF281E7808BF3D
:10CF00004C2068714FEA46061D4818BF46F00106DE
:10CF100011F031F9003876B218BF012046EA8006D8
:10CF2000AE714FF000095FFA89F63046F6F776F9F0
:10CF3000B308073306F00306EA5C00F0030076004E
:10CF4000B04009F101091043B9F1100FE854EAD1DA
:10CF500083E51F2F4FF0FF0A7FF4E8AC0CE600BF1B
:10CF6000880B002016D30020CCC3002015D300204E
:10CF70008CD200205C0A0020EED2002087D2002054
:10CF8000CC9400202DE9F74F444F454811F0F3F8B9
:10CF9000D8B944484FF0FF324FF0FF330DF107018D
:10CFA000F6F7D0FF88B93E4811F0E5F8054660B9BC
:10CFB0009DF80740FF2C08D0FD2C02D1FEF768FF3A
:10CFC000E3E7FE2C04D1FCF765FD03B0BDE8F08F6C
:10CFD000012C11D9082001F09FFA38B1324B457469
:10CFE000C0E90534032303748574C5742F494FF4D5
:10CFF000C2520EF0D5F9C8E741F2080B0BFB047AD8
:10D00000DFF8BC900AF58053D9F800001D688368EA
:10D01000274E9B6823B34FF4805229469847804699
:10D0200008B3082001F078FA50B1224BC0F81C80F8
:10D03000C0E9053504230374002343748374C37467
:10D040001A494FF401520EF0ABF91B48012111F0BF
:10D0500098F89DF8073056F82300FCF79DFF94E7F9
:10D060006FF05708DDE7624241F2040302EA0B0267
:10D070003AF80330D9F800003A44294611F084F90F
:10D0800004460028E5D0082001F046FA0028D7D051
:10D090000A4BC461C0E90535CCE700BFB4A300204A
:10D0A000D0C80020B40C0020A26302001C070200BC
:10D0B0008C0F0200C1630200CCC80020F0630200A4
:10D0C000D4C8002030B54FF0FF33A3B005464FF071
:10D0D000FF322E4812F0D0FD2D4B1B681B0603D5E6
:10D0E00000218020FCF7E2FD2A4C40233DB3EFF302
:10D0F000118583F31288BFF36F8F204608F052FD2D
:10D1000030B984222449254811F065FA12F0ABFDAC
:10D11000204608F06BFDF6F72BFB63690133636172
:10D120001F480022002301A9F6F70CFF0028F7D0C2
:10D13000184808F045FDA0B94FF49972E2E7EFF303
:10D14000118583F31288BFF36F8F204608F02AFD04
:10D150000028D6D0204608F049FDF6F709FB204606
:10D16000E7E785F31188BFF36F8F0BF0EDFC18B97B
:10D170000C4940F23512C6E74368044800225A7150
:10D1800023B0BDE8304011F0E1B800BFC40B00206F
:10D1900070A00020D0940020C3150200AB1502003F
:10D1A000D80B00201F6402002DE9F04F894B87B097
:10D1B00093F80090F6F7D0FD002875D1864801213C
:10D1C00010F0EBFF10F001047DD18448DFF814A2C9
:10D1D000DFF8348210F0CFFF564607464FF0180BA9
:10D1E000E51905F03F050BFB05F505F1140040447A
:10D1F00010F0C1FF7B1C234483420DD1454495E8C8
:10D200000F0086E80F0002AB2A6943F8242001349E
:10D21000042C06F11006E3D12546042D56D110F05A
:10D22000F3FF002506460DF1080BA54255D16C4BC6
:10D230006C4A1868836840215B6898470546002857
:10D2400000F0C5802122002367480CF0E1F86FF060
:10D250000101614810F0B0FF10F0C8FF15F10D0F8B
:10D2600004460F462FD0614ED6E90023821A61EBA7
:10D27000030341F289318A4273F1000323DB082062
:10D2800001F04AF940B15A4BC0E905350323037454
:10D29000002343748374C37456494FF4C2520EF092
:10D2A0007FF8C6E900470EE0B9F1000F0BD010F08F
:10D2B0009DFF514BD3E90023633861F100018242A5
:10D2C0008B41FFF67BAF07B0BDE8F08F0AEB05108E
:10D2D0004946F6F757FD01359FE75BF8251051B138
:10D2E0000AEB051732463846FDF7A2FA18B9494647
:10D2F0003846F6F747FD013597E7384810F03BFF11
:10D30000064600F03F0007FB008006F140011430A4
:10D3100010F037FF3148711C10F033FF0135AC427B
:10D32000EBD110F063FF344B40F6CD42C3E900016E
:10D330000023CDE9002331480DF072FD002CC2D04E
:10D3400010F054FF2E4D064628460F4610F013FFEE
:10D3500058B9BFF35B8F55E8003F002B03D145E878
:10D360000062002AF7D1BFF35B8FBFF35B8F254DBF
:10D3700055E8003F234445E80032002AF8D1BFF3C6
:10D380005B8F314605F10C0010F0FBFE012105F129
:10D39000100010F0F6FE05F1080010F0ECFE331A54
:10D3A00067EBE071B3F57A7F71F100018BDB00214F
:10D3B000284610F0E6FE0146281D10F0E2FE314638
:10D3C00005F1080007B0BDE8F04F10F0DABE1827ED
:10D3D000A5E700BFEED20020C4C80020889400203A
:10D3E000C8C8002030C8002028630020186300202F
:10D3F00057640200AC06020020630020180B0020D6
:10D40000388E0020308E0020888E002070B50646B1
:10D4100010480C4610F0AFFED0B10F4B1B78A34262
:10D4200016D10F2E14D80D4810F0A5FE044678B181
:10D430000125B54028420BD00948294610F0ADFE21
:10D440002843844304D1BDE870400020FCF70EBAA5
:10D4500070BD00BFD8C3002017D30020D0C3002068
:10D46000D4C3002073B53D4D2B78002B74D001211F
:10D470003B4810F086FEFF238DF807300022002382
:10D480000DF107013748F6F7BFFCEFF31186402393
:10D4900083F31288BFF36F8F334808F083FB10B912
:10D4A0008422324915E0304808F0A0FB30490B7C5B
:10D4B0001B073DD42F4CA068884241D08A6800F1F8
:10D4C00058039A423CD0EFF305833BB12A4940F21E
:10D4D000C4522A4811F07FF812F0C5FB583112F0FF
:10D4E0002DFBA0684FF4203200230AF0D5F91E4826
:10D4F00008F066FB10B940F26D12D2E730460AF030
:10D500005FF8044624B3082001F006F840B11C4B34
:10D51000C0E9053403230374002343748374C37484
:10D5200018494FF4C2520DF03BFF204602B070BDC7
:10D5300000240D4808F044FB28B94FF49972B0E775
:10D540006FF02C04F5E786F31188BFF36F8FD9E7EE
:10D5500003482C7010F050FF0024E6E71ED3002093
:10D56000D0C80020B40C0020E09C0020C3150200AD
:10D5700058630020BC9C0020061A0200AB15020074
:10D58000736402001C0702007FB5094800220023D3
:10D590006946F6F7D7FC10B107B05DF804FB059AB1
:10D5A0009DF800100DF10100F4F71AFCEDE700BF43
:10D5B0005C0C002030B5054687B00C4651B348B32B
:10D5C0000378FE2B2CD1102928BF10248DF80040A1
:10D5D000FDF78EF89DF80020059029460DF1010019
:10D5E00012F0FCFD1348002200236946F6F70CFCFC
:10D5F00090B1062000F090FF38B10F4B4361022339
:10D600000374002343748374C3740C494FF484522D
:10D610000DF0C6FE07B030BD09480BF003FDF9E779
:10D62000FDF766F821460246284607B0BDE83040BF
:10D63000F4F7D6BB5C0C00202E6B0200AC06020097
:10D640002008002038B514460D4A126882420D4663
:10D650001946049B0BD1022D0CD15CB94A1E3F2AFE
:10D660000BD853B11846FFF7A5FF204638BD6FF021
:10D670001200FBE76FF08500F8E76FF01500F5E7A3
:10D68000C8C8002010B4084C2468844208D14B1E3E
:10D690003F2B05D822B15DF8044B1046FFF78ABF37
:10D6A0005DF8044B704700BFC8C800202DE9F04763
:10D6B0006C4E3478054644BB09F0DCFF284611F077
:10D6C000C0F995F8703013F00108C3F3000720D1BA
:10D6D000062000F021FF30B1634B43610223037445
:10D6E00047748774C77461494FF484520DF058FE33
:10D6F0004FF0FF34281D10F029FE0AF0E5FD14F16B
:10D70000780F40F0A6800123337000242046BDE846
:10D71000F0879B0712D5062000F0FEFE30B1544B77
:10D7200043610223037444748474C4744F494FF4F6
:10D7300084520DF035FE6FF07704DBE7AC69A76823
:10D740002046FB6B98472369186828B105F07CFFD9
:10D75000B0FA80F84FEA58183B6C20469847AF69FA
:10D76000D7F80890D7F810A0D9F83C303846984739
:10D77000384611F014FB28B3384611F0EBF920BB02
:10D78000D9F82C3038469847044620B901210AF1CF
:10D79000A00011F065FED9F8403038469847BCB17A
:10D7A000062000F0B9FE38B1324B43610223037406
:10D7B000002343748374C3742C494FF482520DF0D8
:10D7C000EFFD97E74FF0FF34E5E76FF07704E2E70E
:10D7D000EB6F63B1B8F1000F29D0284604F0F8FBD5
:10D7E000074620B3A86911F077FB3C4682E7A86999
:10D7F00003691B682146DA8B04F0A2F978B9EC675B
:10D80000062000F089FEE0B918494FF482520DF06D
:10D81000C7FDA86911F060FB6FF00B046AE7437E57
:10D8200023F0070343F001034376E867D2E70023C0
:10D8300085F8343095F8703043F0020385F8703085
:10D8400058E70D4B43610223037444748474C47419
:10D85000DAE7002C7FF45AAF2046FEF769FE012379
:10D86000337053E7F4D000204B6B020094070200A2
:10D87000716B0200976B0200B36B020070B50B78FE
:10D8800004460D46052B15D8DFE803F0152E1414B9
:10D89000030B0020FEF74CFEBDE870400120FFF7AF
:10D8A00011BC4868003818BF0120FEF741FE6B68C4
:10D8B000002BF1D070BDFFF7F9FE04460028F9D027
:10D8C000082000F029FE40B1394BC0E9053403239C
:10D8D0000374002343748374C374BDE870403549F6
:10D8E0004FF4C2520DF05CBD0020FEF721FE012076
:10D8F000FFF7E8FB304B00251D7094F87030C3F340
:10D9000040069B071AD4062000F006FE30B12B4BD0
:10D9100043610223037446748674C67428494FF425
:10D9200084520DF03DFD6FF07705082000F0F4FD06
:10D930000028D2D0234BC0E90535C8E7204611F0B6
:10D9400080F82946204604F049F878B1062000F016
:10D95000E3FD30B11C4B43610223037445748574AD
:10D96000C57417494FF482520DF01AFDA06911F0E9
:10D97000B3FA054680B1062000F0CEFD38B1134B56
:10D98000436102230374002343748374C3740C49FA
:10D990004FF482520DF004FD94F8703023F002032E
:10D9A00084F87030201D10F0D1FC002D82D0BCE72F
:10D9B000CF6B020064070200F4D00020EF6B02007E
:10D9C00094070200516C0200166C0200346C0200D5
:10D9D000014B01221A70704733D30020024B0348D9
:10D9E00001221A7010F085BD32D3002038100200D9
:10D9F000034B04481A68044B53F822300F2218478F
:10DA000000C900203810020028100200014B00203D
:10DA10001960704700C9002010B443681B685A6839
:10DA20001069044A52F8204018680F2223465DF816
:10DA3000044B1847281002000EB403B503AB01468F
:10DA400053F8042B044801930EF0F4FE02B05DF885
:10DA500004EB03B0704700BFE1050100CA0605D41E
:10DA60008B064CBF02490349FFF7E6BF704700BF72
:10DA7000A22702005016020073B542F20F738B42C8
:10DA800028BF0B4605680F4A04460521684610F07A
:10DA9000D5FA63680C495B6806460B22284610F0ED
:10DAA0001AFD63683246694628465B6810F013FD2C
:10DAB000636806495B681B22284610F00CFD02B023
:10DAC00070BD00BF8180020060120200441202009B
:10DAD0000148FFF7D1BF00BF381002001FB5114B3E
:10DAE000114A1A62002403F11802C3E90622C3E9AD
:10DAF00000445C621C635C6300220023CDE90223C6
:10DB00000E23CDE900434FF48062084B08490948D1
:10DB10000CF096FB08490748FBF764FF204604B069
:10DB200010BD00BFF089002049020100010501007D
:10DB3000801C0120008900206270020010B9064B91
:10DB400018707047054B1B781BB141F28830F5F710
:10DB5000E5BD0520F7F73EBA33D3002032D30020CD
:10DB60002DE9F047DFF88C90204E80460F460425C3
:10DB700099F8003003BBEFF3118A402383F3128836
:10DB8000BFF36F8F3946404608F0A2F804468AF387
:10DB90001188BFF36F8FE4B10123337099F800301F
:10DBA00033B1134CA26A636A9A4201D033784BB9FD
:10DBB0003C462046BDE8F0873946404608F088F8E4
:10DBC0000446E8E7284605F1FF38FFF7B7FF45466A
:10DBD000E8E7337833B1013D2846FFF7AFFF3378EC
:10DBE000002BC5D13378002BE2D0E2E733D30020FD
:10DBF0000000002032D3002008B5054810F0DEFCFC
:10DC0000044810F0DBFC044810F0D8FC002008BDEC
:10DC10006A700200AC700200DF70020008B5084BA9
:10DC20001B783BB90749084840F2463210F0D3FC54
:10DC300012F019F80EF0F8FD044B185808BD00BF9B
:10DC4000F6D200200D580200AB15020008000000BB
:10DC500070B58C68CB6004F00304032C07D074B952
:10DC600008490948452210F0B6FC11F0FCFF4C6849
:10DC700000258D602CB1A446BDE8704060470024AB
:10DC8000F6E770BD0C710200AB15020008B538B99B
:10DC90000549064840F2351210F09DFC11F0E3FFF3
:10DCA0004368587908BD00BF1F640200AB1502002D
:10DCB0002DE9F04FB1F800A04F6889B004469046B6
:10DCC000CAF3821A67B19C4BFF1A47F3CF07002FA4
:10DCD00026DB9A4AD21AB7EBD20F21D253F837700B
:10DCE0000A4652F8103B0692C3F34A2305934B8829
:10DCF000C3F30B130493059B002B14BF91464FF005
:10DD00000009BAF1000F00F09080BAF1040F09D9B0
:10DD10004FF415728A498B4810F05DFC11F0A3FF97
:10DD20000027DDE708F4807318F0020608F0080504
:10DD3000079308D018F0440F8A684AD182492046D8
:10DD4000FFF77AFE064608F0010353B17F4B804986
:10DD500053F82A207F4B2046002A08BF1A46FFF7B7
:10DD60006BFE08F48073002B40F0E0803DB17A4BED
:10DD70007A4953F82A202046FFF75EFE05462FB168
:10DD800077493A462046FFF757FE05443544754E1D
:10DD9000B9F1000F5DD099F8037099F8002099F857
:10DDA00001307F0007EB820799F8022017444F44A7
:10DDB0004FF0000B5B453ED8D9F8042009F1080369
:10DDC000214630460EF036FD002842DA40F2B122FC
:10DDD000A0E7654B18680028B4D0644B4FF47A7BF9
:10DDE0001B68B2FBF3F24FF46163B2FBF0F100FB8E
:10DDF00011220BFB02F64FF03C0CB1FBF3F203FBDC
:10DE00001211B6FBF0FEB1FBFCF300FB1E660CFB2F
:10DE100013110BFB06F60091B6FBF0F65449CDE961
:10DE200001E62046FFF708FE8CE7012F0CBF4D4EA0
:10DE3000504E5546ACE717F8012B079349F822706E
:10DE40003846F3F7EAFC0130079B07440BF1010B5E
:10DE5000B0E7049B002B54D0DDE905231344994619
:10DE6000049F4146102F204628BF1027FFF7F6FDDC
:10DE70000026B54218DC0026334619F803203E4937
:10DE80002046FFF7D9FD0136102E13D0720703D1BB
:10DE90003A492046FFF7D0FDBE423346EDD338491C
:10DEA0002046FFF7C9FDEEE734492046FFF7C4FDE1
:10DEB0000136DEE7334920460026FFF7BDFD334635
:10DEC00019F803203049A2F120035F2B28BF2E222E
:10DED0002046FFF7B1FD0136102E0DD0730703D198
:10DEE00026492046FFF7A8FDBE423346E8D3234922
:10DEF0002046FFF7A1FDEEE7049BDB1BB94404932A
:10DF0000AED1BAF1000F0BD018F0010F04D0114AB6
:10DF10000F492046FFF790FD41462046FFF79EFD42
:10DF2000204609B0BDE8F04F10F0E3BA002D3FF4F1
:10DF30002DAF00271BE700BF4C060200C4070200FC
:10DF400037710200AB150200667102005C1002001E
:10DF50003B86020032710200481002008B71020001
:10DF600091710200E105010008C9002004C90020E8
:10DF70006F7102002BE80100967102009E71020091
:10DF80009C710200A0710200A271020010B54368EA
:10DF900007481C6810F0BAF930B9064906489922BA
:10DFA00010F019FB11F05FFE23685B685C6010BD28
:10DFB00060030200A5710200AB1502002DE9F84FC5
:10DFC000838B04461807904613D501290CBF43F0F4
:10DFD000100343F02003A38304F1140007F0F0FDC5
:10DFE000002800F0858088F31188BFF36F8FBDE8AB
:10DFF000F88F022903F0070A40F00181204610F053
:10E000003CFA052800F2B18001A353F820F000BFCC
:10E01000D9DF0000FFE100006BE1000099E00000A3
:10E02000F9E0000031E1000002F00702531F012B6C
:10E030001AD80023062A256889B2C4E9003309D119
:10E040002B4603E0E28B0132E2831B68002BF9D1FF
:10E0500041F00201A183204610F00FFA002800F0E1
:10E06000DC8041F02001D7E0042A0DD189B2A183E0
:10E07000204610F002FA0546002800F0CE8041F05C
:10E080002001A1830025C8E040F21B126E496F48B1
:10E0900010F0A1FA11F0E7FDBAF1000F02D04FF431
:10E0A000AB72F3E7236813B940F25712EEE7236926
:10E0B0001F6817B94FF4AD72E8E7A18B21F0070193
:10E0C00041F0060189B2A183564655464FF0060934
:10E0D000A368002B00F0A8804FF0010B41F008016D
:10E0E00004F1140AA183504607F06AFD00283FD1CD
:10E0F0004FF499725649CAE7BAF1020F02D040F2C2
:10E100005D12C3E7E68B16B14FF4AF72BEE7236929
:10E110005F6817B940F26112B8E7A18B21F00701DF
:10E1200041F0040189B2A18335464FF00409CFE7DD
:10E13000BAF1010F02D04FF4B272A7E7236813B906
:10E1400040F26512A2E723699F6817B94FF4B472D1
:10E150009CE7A18B21F0070141F0050189B200265F
:10E16000A18335464FF00509B2E740F26B128DE707
:10E1700088F31188BFF36F8FBBF1000F11D13DBB46
:10E1800017B134492046B847EFF31188402383F391
:10E190001288BFF36F8F504607F004FD00BB842246
:10E1A000A8E7A1680029EAD0D1F800800029E6D0CC
:10E1B000D1F804B033464A462046D847B8F1000F9C
:10E1C00004D0D8F8003041469846EFE74346FAE7D6
:10E1D000294633464A4620462D68FFF739FDCEE7EB
:10E1E000504607F003FDA18B21F0080189B2A183FD
:10E1F000CA061FD521F01003A38301F0070AA66900
:10E20000A28B002E22F00701BFF60EAF0023256877
:10E21000C4E9003341F00101A18301F00709D145B0
:10E220004FF000077FF454AF0DB9002FE0D04FF04E
:10E23000000B53E78B067FF5CFAE21F02003A383BD
:10E2400001F0070ADAE600BFE3710200AB15020035
:10E25000C31502006FE601002DE9F84F0D46044694
:10E2600000286FD000296DD08B6803F00303012BC9
:10E2700004D0032B66D14B68002B63D04FF0000B0A
:10E28000C5F80CB0AB68032B5CD804F11409EFF3AC
:10E29000118A402383F31288BFF36F8F484607F03B
:10E2A00081FC074610B9842228492BE0484607F034
:10E2B0009DFCE38BA68B4FF6FF72934206F0070698
:10E2C0002DD0062E1BD8DFE806F01304081A132DF4
:10E2D00013006FF00408002703E00133E3834FF0DD
:10E2E0000208484607F06CFCF8B94FF49972DBE776
:10E2F0002946204610F096F94EB1B046EBE7144996
:10E300004FF4E472134810F066F911F0ACFC524679
:10E310000221FFF753FEB0464046BDE8F88F6FF08C
:10E320000A08D8E76FF08508D5E78AF31188BFF3AC
:10E330006F8F002FF0D00023324629462046FFF78A
:10E3400087FCE9E76FF01508E6E700BFC315020098
:10E35000E3710200AB15020008B5034903488422AB
:10E3600010F039F911F07FFCC3150200AB15020063
:10E370002DE9F0410446884617460026A188A28967
:10E38000206923898A1A92B2821ACB1A9BB2BA42A6
:10E3900028BF3A4685B2834224BF5B1B9BB2ED1A6D
:10E3A000ADB29542206828BF154629441844A18083
:10E3B0003DB141462A4611F011FF7F1B2E44A8446F
:10E3C000DCD1E388A288D21A92B2964206D90B49D0
:10E3D0000B48482210F0FFF811F045FC2289216912
:10E3E00033449BB2E380A3809B1A9BB28B4224BF31
:10E3F000521822813046BDE8F08100BF0872020049
:10E40000AB1502002DE9F041044688461746002668
:10E410006089E288E3892169121A92B2C31A9BB219
:10E42000BA4228BF3A468DB28B4224BF5B1B9BB2D7
:10E43000ED1AADB2954228BF154628442168608187
:10E440005DB1B8F1000F05D040462A46194411F0DD
:10E45000C5FEA8447F1B2E44DAD1A3896289D21A53
:10E4600092B2964206D90B490B48632210F0B3F8DA
:10E4700011F0F9FBE289216933449BB2A3816381E6
:10E480009B1A9BB28B4224BF5218E2813046BDE8F2
:10E49000F08100BF08720200AB15020010B530B960
:10E4A00007490848A02210F096F811F0DCFB036839
:10E4B0001B6913B1BDE810401847184610BD00BFD6
:10E4C0001F640200AB1502002DE9F843DFF8448019
:10E4D00004460646012794FAA4F5B5FA85F507FA2D
:10E4E00005F308EB05156FEA030924EA03042B7B07
:10E4F00053B12846FFF7D2FF30B96B682846196838
:10E5000006EA09060BF07EFA002CE4D13046BDE89D
:10E51000F88300BFC40702002DE9F04F804C636A06
:10E5200085B09842009000F2F58000252F460195B5
:10E53000EFF311830293402383F31288BFF36F8FAD
:10E54000784807F02FFB064640B984227649774881
:10E5500010F041F811F087FB4746E9E7714807F0F2
:10E5600045FB6DB12A463946204610F041F8D4F8F3
:10E57000008040452AD12369276023F008032361E6
:10E580002269D4F8008012F0080540F0C680E368E4
:10E59000984528D2A3EB0809009B4B4529D9D4F80C
:10E5A0000CA0D4F820B01BF82A1001F003010229B6
:10E5B0000BEB8A0748D15BF82A10890844D0204623
:10E5C00010F024F8E368A36000253BE0226AAB006A
:10E5D00043F0020342F82730204661682A4610F0D3
:10E5E00007F86060CCE7606A009BA0EB08008342FC
:10E5F00025D8236A03EB8802019213F8282022F021
:10E60000030203F8282020462168009A0FF0F0FF4B
:10E61000E3682060984208BF23694FF0000508BFF7
:10E6200043F00803B84608BF23612F462E463D48F5
:10E6300007F0C6FA00285BD14FF4997286E70CF018
:10E6400039FBB8462F46F2E712F002054AD0E269DC
:10E65000384690471BF82A2012F00106054644D0A0
:10E6600012F002021DD0B9F1000F02D048460CF0A2
:10E6700021FB61682A4620460FF0BAFFD4E9021355
:10E680008B42606006D126482A460FF0B1FF002673
:10E690000146A0602369216043F00803E160236123
:10E6A00092E70146204603920FF0B0FFE168A160B7
:10E6B000B9F1000F04D02068216A039A41F82020A4
:10E6C0004D4421682A4620460FF092FF22692060BF
:10E6D00042F0080222611BF82A2022F001020BF806
:10E6E0002A20A4E72F462E46A1E7354637469EE767
:10E6F000029B83F31188BFF36F8F27B1A36913B116
:10E70000394620469847002E7FF426AF019805B081
:10E71000BDE8F08F00230193F8E74FF000093BE7D5
:10E72000D80A0020EC0A0020C3150200AB15020035
:10E730002DE9F84300EBC1030446B3F806904945C0
:10E7400002F104080BD1012303FA02F2C36823EAA1
:10E750000203C360002340F82830BDE8F8839F8897
:10E76000FE0006364FEAC905835B994205F10405B0
:10E7700002D1435B994218D00620FFF7CDFE38B195
:10E780000D4B436102230374002343748374C374E9
:10E790000A494FF482520CF003FE002383F31188E0
:10E7A000BFF36F8F0423184602DF44F8289024F843
:10E7B00006906753D1E700BF3372020004070200DE
:10E7C0002DE9F84F04460FF01DFEB0FA80F0C0F1BD
:10E7D0001F0004EB8006CD00D6F810B005F1040947
:10E7E0000B4606358FB2BBF1000F0AD1E26801215A
:10E7F00081400A43E260336124F809706753BDE841
:10E80000F88F4FEACB06043634F806A04FEACA0860
:10E8100008F1060834F808309B4518D00620FFF7A9
:10E820007BFE38B10E4B4361022303740023437413
:10E830008374C3740B494FF482520CF0B1FD002372
:10E8400083F31188BFF36F8F0423184602DF24F887
:10E8500009A024F805B024F80870A753CFE700BF3B
:10E860003372020004070200B2F5802F2DE9F8434D
:10E8700007D34FF437722B492B480FF0ACFE11F041
:10E88000F2F9042A02D840F2E322F4E7043ACD1D5B
:10E89000114425F0070521F00706A6EB0508B8F19D
:10E8A000170F4FEAD80702D84FF43B72E3E7B7FAE5
:10E8B00087F4C4F12002C4F12404A4000734E4085E
:10E8C000631C4FF00009BB420560AF60C5F80C90B7
:10E8D00002D940F20232CEE74946920005F110001B
:10E8E00011F0D8F9A2B2530043F001036B803B1B37
:10E8F0009BB205EBC4015800A5F80090488025F8AC
:10E900003420A6F8029025F8083005EBC70321460D
:10E910005A8842F001025A802846BDE8F843FFF7C2
:10E920004FBF00BF57720200AB15020008B5064981
:10E93000064821F00701C1F1005202F58022FFF7DD
:10E9400093FF002008BD00BF83540120E4C80020CD
:10E9500010B500EBC10304465B88DB070A460ED402
:10E960000FF055FD34F83030C01A814207D134F829
:10E9700031102046511A0FF04AFD904218D006205F
:10E98000FFF7CAFD38B10B4B436102230374002328
:10E9900043748374C37408494FF482520CF000FD31
:10E9A000002383F31188BFF36F8F0423184602DF1F
:10E9B00010BD00BF7A720200040702002DE9F04783
:10E9C0004B4203EA010931EA03030668144613D0F7
:10E9D0004A46042A4F4628BF0422A1EB090909F13F
:10E9E000FF3A1AEA090F39D04449454840F2E91282
:10E9F0000FF0F1FD11F037F904292CD81AB90025D0
:10EA00002846BDE8F08702F007030B33D40804EB77
:10EA1000D304B3689C4228BF1C46214630460FF001
:10EA200084FE05460028EAD0014630460FF0EAFC95
:10EA3000844207D2621930460FF0EEFC1146304690
:10EA4000FFF7BEFE06EBC5021546538843F00103EF
:10EA500053800435D4E700270422C0E7002CCED031
:10EA6000A9EB020204F0070302F007010B330B4489
:10EA7000E10801EBD20101EBD301B368994228BF51
:10EA8000194630460FF051FE80460028B7D03D1D94
:10EA900005EBC00535445544B5FBF9F509FB05F513
:10EAA000ED1B2C442B1F07349B1B24F00704A41BD5
:10EAB000B0EBD30F4FEAD3074FEAE40408D2014684
:10EAC0003A4630460FF0A8FC41463046FFF778FE44
:10EAD000394630460FF09BFCA04207D9304622460B
:10EAE0000FF09AFC21463046FFF76AFE06EBC7009E
:10EAF000438843F00103438082E700BF577202005E
:10EB0000AB1502002DE9F8430F46002900F0A7805D
:10EB100004680E1F361BF50826F0070604EB0608EE
:10EB2000B8F8029019F001091BD10820FFF7F4FC96
:10EB300050B14C4B80F81190C0E9053703230374A2
:10EB400080F8129080F8139047494FF4C2520CF0AD
:10EB500027FC002383F31188BFF36F8F042318462B
:10EB600002DF294620460FF052FC34F83030C01A3C
:10EB7000854219D00820FFF7CFFC40B13B4BC0E9DC
:10EB8000053703230374002343748374C374364925
:10EB90004FF4C2520CF004FC002383F31188BFF33E
:10EBA0006F8F0423184602DFA15B2046691A0FF01D
:10EBB0002EFCA84219D00820FFF7AEFC40B12C4B28
:10EBC000C0E9053703230374002343748374C374BB
:10EBD00025494FF4C2520CF0E3FB002383F3118864
:10EBE000BFF36F8F0423184602DFB8F8023023F01A
:10EBF0000103A8F80230294620460FF008FC04EB78
:10EC0000C00307465B88DB070DD40122014620467E
:10EC1000FFF79EFE394620460FF07AFD3A46294618
:10EC200020460FF014FCA65BAE1B04EBC6035A880B
:10EC300012F001020DD131462046FFF789FE314620
:10EC400020460FF065FD2A46314620460FF0FFFBB7
:10EC5000354629462046BDE8F843FFF7B1BDBDE87B
:10EC6000F88300BF9F72020004070200C472020012
:10EC7000ED720200F8B5054606200F461646FFF76E
:10EC80004BFC38B16B4B4361022303740023437484
:10EC90008374C37468494FF482520CF081FB674B54
:10ECA0009B6ADB065BD50620FFF736FC38B1644B68
:10ECB000436102230374002343748374C3745E4965
:10ECC0004FF482520CF06CFB11205C4B9B6A1C07CA
:10ECD00011D50620FFF720FC38B15A4B43610223BF
:10ECE0000374002343748374C37453494FF48252F2
:10ECF0000CF056FB1220514B9B6A990731D5062028
:10ED0000FFF70AFC38B1504B436102230374002320
:10ED100043748374C3744FF4825247490CF040FB30
:10ED2000464B5C6B9B6A1A0675D50820FFF7F4FB0F
:10ED300040B1464BC0E905340323037400234374F8
:10ED40008374C3743C494FF4C2520CF029FB27B1C1
:10ED50003A4A936A23F080039362132003E0102061
:10ED6000B3E76FF01504354B9B6ADB0711D506201E
:10ED7000FFF7D2FB38B1364B436102230374002303
:10ED800043748374C3742C494FF482520CF008FB13
:10ED900014202A4B9B6A9F0611D50620FFF7BCFB67
:10EDA00038B12C4B436102230374002343748374F2
:10EDB000C37421494FF482520CF0F2FA15201F4B14
:10EDC0009A6AD10602D49A6A920715D55B681F0524
:10EDD00012D5214B9B680BB314F1160FD3F8883072
:10EDE00005D0A3F18002944218D39C4216D29D42D2
:10EDF00014D283F309880220104B9A6A920642BF0C
:10EE00005A6A22F400525A629A6A42F0FF029A62E7
:10EE100000233370F8BD6FF015049EE7074B9B6A23
:10EE2000D906E9D50D490E4840F227120FF0D3FB61
:10EE300010F019FF14730200FC06020000ED00E060
:10EE40002A7302005D73020070730200887302006F
:10EE50009E730200BD730200BC9C0020EC73020094
:10EE6000AB15020070B506200D461446FFF754FBA3
:10EE700038B15C4B436102230374002343748374F1
:10EE8000C3744FF4825258490CF08AFA574B9B6A6C
:10EE9000DA0440F190800620FFF73EFB38B1544B76
:10EEA000436102230374002343748374C3744E4983
:10EEB0004FF482520CF074FA17204C4B9B6A1B05DE
:10EEC00011D50620FFF728FB38B14A4B43610223D6
:10EED0000374002343748374C37443494FF4825210
:10EEE0000CF05EFA1820414B9B6A9E052ED5062039
:10EEF000FFF712FB38B1404B436102230374002338
:10EF000043748374C37438494FF482520CF048FA46
:10EF1000364B9E6B9B6A190417D50820FFF7FCFA45
:10EF200040B1364BC0E90536032303740023437414
:10EF30008374C3742C494FF4C2520CF031FA25B1DA
:10EF40002A4A936A23F4004393621920274B9B6A51
:10EF50005A0511D50620FFF7DFFA38B1284B436177
:10EF600002230374002343748374C3741E494FF453
:10EF700082520CF015FA1A201C4B9D6A15F480750C
:10EF80001BD00620FFF7C8FA38B11E4B436102239D
:10EF90000374002343748374C37413494FF482527F
:10EFA0000CF0FEF91B20114A936A43F47F439362ED
:10EFB0000023237070BD16207FE79B6A9B04F2D567
:10EFC0000620FFF7A9FA30B10F4B43610223037407
:10EFD00045748574C57404494FF482520CF0E0F90D
:10EFE0001C20E0E71E740200FC06020000ED00E0B9
:10EFF000347402005D730200457402005E74020006
:10F00000737402008E740200BD73020008B50620FE
:10F01000FFF782FA38B14E4B436102230374002399
:10F0200043748374C3744B494FF482520CF0B8F9A3
:10F03000494B9B6A990140F188800620FFF76CFAE2
:10F0400038B1464B43610223037400234374837435
:10F05000C37440494FF482520CF0A2F91E203E4B7B
:10F060009B6ADA0111D50620FFF756FA38B13C4BFE
:10F07000436102230374002343748374C3743549CA
:10F080004FF482520CF08CF91F20334B9B6A1B0308
:10F0900011D50620FFF740FA38B1324B4361022305
:10F0A0000374002343748374C3742A494FF4825257
:10F0B0000CF076F92120284B9B6A590311D50620C4
:10F0C000FFF72AFA38B1284B436102230374002367
:10F0D00043748374C3741F494FF482520CF060F977
:10F0E00022201D4B9B6A9A0311D50620FFF714FAC4
:10F0F00038B11E4B436102230374002343748374AD
:10F10000C37414494FF482520CF04AF92320124B75
:10F110009B6ADB0311D50620FFF7FEF938B1144BCB
:10F12000436102230374002343748374C374094945
:10F130004FF482520CF034F92420074A936A6FEAA4
:10F1400003436FEA1343936208BD1D2087E700BFA6
:10F15000A6740200FC06020000ED00E0BE7402008E
:10F16000D1740200EB740200097502002E750200D2
:10F170004875020010B504460820FFF7CDF940B1EC
:10F18000084BC0E9053403230374002343748374DC
:10F19000C37405494FF4C2520CF002F96FF0150028
:10F1A00010BD00BF73750200DC06020072B60023BA
:10F1B00083F313881B49D1F890201846C2F3072225
:10F1C0009A4228DC184B4FF0FF32C3F88020C3F876
:10F1D0008420C3F88820C3F88C20C3F89020C3F89B
:10F1E0009420C3F89820C3F89C20C3F88021C3F86A
:10F1F0008421C3F88821C3F88C21C3F89021C3F877
:10F200009421C3F89821C3F89C2162B6BFF34F8FB5
:10F21000BFF36F8F7047C1F89830C1F8A000013379
:10F22000CEE700BF00ED00E000E100E0002807DBD2
:10F23000044A4109012300F01F00834042F82130B5
:10F24000704700BF00E100E000280CDB43090649DD
:10F2500000F01F0020330122824041F82320BFF339
:10F260004F8FBFF36F8F704700E100E00028ACBF05
:10F2700000F16040064B4FEA4111ACBF00F5614020
:10F2800000F00F00C9B2B4BF195480F800137047E2
:10F2900014ED00E0054B9A699B689A421FBF044A2F
:10F2A000536843F080535360704700BFBC9C0020FC
:10F2B00000ED00E008B5EFF30583064A103B02EBD2
:10F2C000C30152F8330049688847BDE80840FFF79A
:10F2D000E1BF00BFF890020008B5838913F0020F68
:10F2E000254B03D190F8E520D2062AD45A6B42F080
:10F2F00080425A63D0F8E43019075CBF43F008033A
:10F30000C0F8E430838943F002038381D0F8883069
:10F310001A4A1A48803B1360194B8021C2E9011335
:10F32000184B0022197806F08FFC10F1160F15D03B
:10F33000154A0021D2F89030C3F30723984215DB19
:10F3400008BD5A6B22F080425A63D0F8E4301A07A5
:10F3500044BF23F00803C0F8E430D7E70B490C485A
:10F360004FF4D4720FF037F910F07DFCC2F898001A
:10F37000C2F8A0100130DDE700EF00E0F0C8002087
:10F3800000000B1530D3002000ED00E0997502005D
:10F39000AB15020010B50E4CD4F89020C2F3072232
:10F3A000013A904204D9FFF7E5FE6FF0150010BD59
:10F3B000C4F898000A6822F01F02024342F01002CB
:10F3C000C4F89C208A6842F00102C4F8A020EEE74D
:10F3D00000ED00E02DE9FF48B24AB34B22F07F0276
:10F3E0009A60BFF34F8FBFF36F8FD3F8882022F45A
:10F3F0007002C3F88820D3F8882042F4A002C3F832
:10F4000088204FF04042C3F83422BFF34F8FBFF340
:10F410006F8F0024E1EE104AA448A54A2146121A33
:10F4200010F038FCA348A44AA449121A10F0D6FEE2
:10F43000A348A44AA449121A10F0D0FE60B20221D7
:10F440000134FFF713FF302CF8D1002007F03AFF0A
:10F450009E4F87F30888944B5A6942F400725A61B0
:10F46000E02283F822202022DA7700221A765A76C8
:10F470009A7683F82020596A41F4E021596283F892
:10F480002320596941F010015961596921F008019F
:10F4900059614FF0FF30102119619862D862D3F89A
:10F4A000900010F47E4F07D140F20222884989482B
:10F4B0000FF091F810F0D7FBBFF35F8FC3F89420E3
:10F4C000C3F89820C3F89C108349C3F8A010012109
:10F4D000C3F898108149C3F89C10814C8149C3F846
:10F4E000A01002212170D3F89000C0F307208142C0
:10F4F00010DB0522C3F89420BFF34F8FBFF36F8F4B
:10F50000D3F8903003F47F43B3F5006F08D040F296
:10F510007D22CBE7C3F89810C3F8A0200131E2E7C1
:10F5200021787148012206F08FFB2070163002D13D
:10F5300040F28912BAE76D4B6D4A00241C706D4B86
:10F540001C606D4B1C606D4B1A606D4B01251D607E
:10F550006C4B4FF400421A606B4B18222146184640
:10F5600010F098FB694AC261694A8261694A026285
:10F570004FF48062C0E909240322026100F12C02E9
:10F58000C0E90B22644B654A65491060C0E90D452E
:10F5900018468B420AD9634940F22B1287E71A1AA0
:10F5A0005C681211013222711033F2E7F7D35E4B1F
:10F5B0005E4C01221A749A810022C3E92222C3F808
:10F5C0009420A3605A4A5B4B934204D95A49CC22F7
:10F5D0006DE71C33F8E7FCD3012007F073FE02202F
:10F5E00007F070FE554B564DDFF870A1A561C4E9D8
:10F5F000073300264FF0010B524B534905934FF44C
:10F6000000625346CDE9036BCDE9016600962846BA
:10F6100007F01CFF2B7CDFF8488123F004038146B0
:10F6200028462B7408F03EFC484B4949CDE904B309
:10F630000F23CDE90263CDE90046464B4FF4C0727B
:10F64000404607F003FF98F81030C4F80C8023F010
:10F65000040388F8103026746760E1EE106AEFF357
:10F66000148323F0040383F31488BFF36F8FBFF375
:10F670006F8F394BD5F89820A56028461A60FFF7A0
:10F680002BFE544689F309880020044B98472046F6
:10F69000002100220023024C20470000D5E7010092
:10F6A000F10D01000010000000ED00E0B80E002098
:10F6B000D4DD002000050020B80E0020C09202001A
:10F6C000B80400200005002078920200801C012070
:10F6D00099750200AB1502002700020211000020FC
:10F6E00030D3002023000B110810020031D300207A
:10F6F00057E5010018C9002014C90020FC080020AB
:10F7000004C9002008C90020D80A0020B3E4010081
:10F71000B905010078740020C407020010C9002058
:10F72000E4070200C875020018880020BC9C002075
:10F73000EC03020028030200F5750200D89C0020AB
:10F740003087002016760200800F01201B76020011
:10F75000800D012011740100FCC80020ADA2010041
:10F76000488600202DE9804889B009F0EDF94FF076
:10F77000FF3280464FF0FF33BB48FAF7B9FB002455
:10F78000A246A3462546B9480EF0F5FC8146FCF793
:10F79000EFFE064640B90A20F5F71CFC3446374612
:10F7A000B246CB463D46EEE7CB452DD1BAF1000F30
:10F7B0002CD10EF01BFDAE4AD2E90032C01A61EB2B
:10F7C0000201642871F100012EDAAA4B1B7813B9EB
:10F7D00009F0DCF968BB344600270697A64806AA5C
:10F7E00004210FF091F800B10697069FAF4223D194
:10F7F000A24B003D1B7818BF0125B5EBD31F1BD1D1
:10F800000A20F5F7E7FBCBE70025D2E7002CE3D091
:10F810000EF0ECFC964AD2E90032C01A61EB02010C
:10F82000642871F10001D7DB0EF0B5FD0446002815
:10F83000D2D000200EF0D2FD002F00F005814FF055
:10F84000FF324FF0FF338E4810F016FAFCF790FEAF
:10F85000002848D001218020FAF728FAEFF311831D
:10F860004FF0400A05938AF31288BFF36F8F854DDE
:10F87000284606F097F930B98422834983480EF070
:10F88000AAFE10F0F0F9284606F0B0F9284695F8DF
:10F8900004B006F095F910B94FF49972EDE7059BA5
:10F8A00083F31188BFF36F8FBBF1000F61D17248F2
:10F8B0000EF02CFDD8B905900620FEF72DFE38B1CC
:10F8C000734A059B42610222027443748374C374B9
:10F8D00070494FF482520BF063FDD8F80430404673
:10F8E00019680AF08FF866480EF030FD58E7624854
:10F8F0000EF025FD60480EF018FDEFF3118305931F
:10F900008AF31288BFF36F8F284606F04BF9002860
:10F91000B2D0284606F06AF9F3F71AFF284606F037
:10F920004FF90028B8D0059B83F31188BFF36F8F80
:10F93000594951485A460EF0E3FFEFF3118B8AF311
:10F940001288BFF36F8F284606F02CF9002893D059
:10F95000284606F04BF9012328462B7106F030F9B2
:10F96000002899D08BF31188BFF36F8F42480EF0B7
:10F97000E1FCEFF3118B402383F31288BFF36F8F09
:10F98000404806F00FF9059000283FF475AF3D4858
:10F9900006F02CF995F805A0BAF1000F0AD0394805
:10F9A00006F00EF900283FF477AF8BF31188BFF310
:10F9B0006F8F92E730480EF0C2FC2F480EF0B5FC76
:10F9C000F3F7C6FE01216971F3F7B8FE334AC5F8B3
:10F9D00098A2107818B90121DDF814A011702648FA
:10F9E0000EF0A8FC274806F0EBF800283FF454AFCF
:10F9F0008BF31188BFF36F8FBAF1000F0ED0002286
:10FA00000023CDE9022308210023CDE90031244859
:10FA1000244B25494FF480620AF012FC23480EF073
:10FA2000CDFD2B232022CDE901320E230093204867
:10FA300001230A2240F2EA710EF0C0FD1D4A1E4960
:10FA40001E480EF0BBFD48E707970B4807AA0121A7
:10FA50000EF05AFF18B9079BB3F5966F30D000200F
:10FA6000FDF730FB9CE600BF5C0D0020289E0020C7
:10FA7000108B0020F3D200206003020070A0002051
:10FA8000C40B0020D0940020C3150200AB15020067
:10FA9000207602005C0602009D42000035D3002063
:10FAA000288A0020E1650000002101203A7602004A
:10FAB000BA580200EA3902001959020053590200EB
:10FAC0004FF080434E22C3F81C250120FDF7FAFABF
:10FAD0006420F5F77FFAFAF7DFFF00BF10B50EF0EC
:10FAE00085FB174BC3E90001164B9B691B6993F813
:10FAF0008030DA0605D54FF08043D3F83834DB0781
:10FB000018D51048FDF7D2FD044698B10820FEF73D
:10FB100003FD40B10C4BC0E90534032303740023FB
:10FB200043748374C374BDE8104008494FF4C25253
:10FB30000BF036BCBDE810400548FAF72DBA00BFFF
:10FB4000108B0020080E0020CF6B0200640702001B
:10FB50005C0D00202DE9F04FA74CA8498FB020463E
:10FB60000FF0BDFB054688B9A54920460FF0B7FB4D
:10FB7000054658B9A34920460FF0B1FB054628B900
:10FB8000A14920460FF0ABFB054648B10820FEF71F
:10FB9000C3FC002800F0BC809C4BC0E90535DAE0CE
:10FBA0009B4E204677680EF04CFF94F87030DB07D0
:10FBB0001FD50620FEF7B0FC30B1964B43610223FF
:10FBC000037445748574C57493494FF482520BF0E5
:10FBD000E7FB6FF00F0591480EF0B8FB002D00F029
:10FBE00087800820FEF798FC002800F091808C4B5D
:10FBF000D3E7FB79980619D5A3691B6993F8805060
:10FC000015F0020512D10620FEF786FC30B1854BB7
:10FC100043610223037445748574C5747E494FF4AF
:10FC200082520BF0BDFB6FF08505D4E7256E002DE9
:10FC300033D177497C480EF0FFFC7268002844D02D
:10FC4000082092F80580FEF767FC38B1774B4574C1
:10FC5000C0E90538032303748574C5746E494FF4F5
:10FC6000C4520BF09DFBB16800293BD062480FF0F5
:10FC700036FB054688B30620FEF74EFC38B16C4BC8
:10FC8000436102230374002343748374C374624981
:10FC90004FF482520BF084FB9DE7B54213D106204E
:10FCA000FEF73AFC38B1634B43610223037400232F
:10FCB00043748374C37458494FF482520BF070FB41
:10FCC0006FF0150587E72D68B1E7636F5B7C013343
:10FCD000DBB25371626F5374C5E7B268136803B146
:10FCE000137ABB714A4950480EF09CFC002572E71C
:10FCF00008F044FE064698B10820FEF70DFC38B126
:10FD00004D4B4574C0E90536032303748574C574EF
:10FD10004A494FF4C2520FB0BDE8F04F0BF040BB60
:10FD200035480EF08EFE94F8703099071AD4636F40
:10FD3000DBB1EF221A7102225A7101229A713748FF
:10FD40000EF004FBA6B10820FEF7E6FB0028DFD08A
:10FD50003B4BC0E9053603230374002343748374CB
:10FD6000C374D5E76FF07706E9E76FF01506E6E7AD
:10FD700021480EF066FEE36983B9324BE361274800
:10FD80000EF0E4FA6EB10820FEF7C6FB0028BFD0E3
:10FD90002D4B43616FF077038361DCE76FF07706EB
:10FDA000EDE707F067FC14480EF04BFEA069002851
:10FDB00063D094F87030DA074CD50620FEF7ACFB20
:10FDC00030B1224B43610223037446748674C674B7
:10FDD0001F494FF484520BF0E3FA6FF077050F4898
:10FDE0000EF0B4FA08F070FA002D40F01B820FB04C
:10FDF000BDE8F04FFFF772BE080E00204809002052
:10FE00003009002018090020000900205C7602005B
:10FE100060090020857602006C0702000C0E0020AD
:10FE200033770200A7760200600E0020E876020019
:10FE300005770200CB7602005A77020064070200C1
:10FE40007D7702007DD800009F770200CB7702000B
:10FE5000940702000EF05AFA90B90620FEF75CFBF8
:10FE600030B1AA4B43610223037446748674C6748E
:10FE7000A7494FF482520BF093FA6FF01205AEE7E8
:10FE8000A769D7F80880D7F81090D8F83C303846E2
:10FE9000984738460EF083FF20BB9E4BC9E92634B5
:10FEA0003846D8F834309847054620B9314609F12C
:10FEB000A0000FF0D5FAD8F8403038469847A5B1E1
:10FEC0000620FEF729FB38B1934B436102230374EC
:10FED000002343748374C37490494FF482520BF02F
:10FEE0005FFA7CE76FF07705E5E7A36984F83C509B
:10FEF0001B69626F93F88030C3F34113022B18D053
:10FF0000032B18D0012B0CBF10230823D371D4F876
:10FF10005880B8F1000F10D12422814841460FF0DB
:10FF2000B9FE804A92F8703043F0010382F87030D5
:10FF300055E72023EAE74023E8E7D8F804300693A2
:10FF4000D8F80C4000230C939B46079384B9079B79
:10FF5000069A09339BB293701B0AD37082F804B0DF
:10FF6000D8F80C40002C40F04281D8F80080D0E74F
:10FF7000002660680D9631460EF026FE98B1031FEC
:10FF8000C4E9036604935E46049A52F8043F04925F
:10FF90000BB11A782ABB5E4540F21281E3680D9AD4
:10FFA0001343E360B346606883689B6A002B00F0EC
:10FFB0000A8198470646002800F008810620FEF7CF
:10FFC000ABFA38B1584B43610223037400234374E6
:10FFD0008374C37455494FF482520BF0E1F93546EE
:10FFE000C5E05A780B2A08BF9E70049B1B685A789C
:10FFF000042A10D1E2680D990A43E260DA78002AF7
:020000021000EC
:1000000077D19E7023690122B240134301362361E8
:10001000F6B200230D93049BD3F8009099F80130B9
:10002000052BB1D13F4B9B69039301236FF012075E
:10003000059399F902309DF814A0002BB8BF4AF03F
:10004000800A51460CA80EF01FFE002877D15146B9
:100050000DA80EF019FE002871D199F8033008930D
:1000600099F806300A93039B03989B6809935146BD
:100070000EF0B0FD0B9000285FD0099B0398DB6B5E
:10008000B9F8047098470A9B0B990398CDE900735F
:100090005246089B0EF0E9FE0A90A8B10B999FB951
:1000A000039B1B6993F88030DB07089B58BF4022F5
:1000B00003F0030352BF10464FF480624FF4007008
:1000C000022B1DD0032B33D0099B03981B6C984740
:1000D0000A9B002B71D051460DA889F802A0A9F8FF
:1000E00004700EF0B4FD99F802100CA80EF0AFFDEC
:1000F0004AE7721E9A700DA90CA805F025FE88E744
:100100008F8A874228BF0746DEE700BFF5770200E7
:1001100094070200F91D010018780200840702000C
:10012000340E0020080E002059780200B4070200A7
:100130008F8A974228BF1746C6E76FF01207059BC4
:100140000133102B05937FF474AF0620FEF7E4F91A
:1001500038B1384B43610223037400234374837422
:10016000C37435494FF482520BF01AF93D46D8F862
:10017000043008205C79FEF7CFF940B12F4BC0E97D
:10018000053403230374002343748374C3742A491E
:100190004FF4C2520BF004F9294B9C69A768D4F8BC
:1001A0001080FB6B2046984720460EF0D3FC064695
:1001B00050B33B6C2046984711E66FF08507BEE7C9
:1001C0006FF01507C1E76FF08506F7E60146606836
:1001D0000EF0FAFC20B150F8043B0BB11B7823B9A8
:1001E000079B246833440793B0E61E44F2E7E368B4
:1001F000A36004F10C010CA805F0A6FD08B9246861
:10020000B0E66FF01505B2E720460EF0C8FD0028F5
:10021000CFD0BB6B20469847314608F1A0000EF0C6
:1002200080FDC6E70820FEF777F900283FF470AD9F
:10023000044BB2E435780200B40702007D78020076
:10024000080E0020A07802000148F9F7A5BE00BF03
:100250002C0D00202DE9F0479D4B1C78002C7DD003
:100260009C4B0027A3F11405EFF31188402383F37F
:100270001288BFF36F8F974805F094FC044630B99D
:100280008422954995480EF0A6F90FF0ECFC9148B0
:1002900005F0ACFC2B69AA681E0702D46B68934278
:1002A00000D26B6A9B1A002B36D0296A11F82230D3
:1002B00013F0030001EB820631D0022804D151F87B
:1002C00022005FEA900905D1D80715D4EB693046C2
:1002D00098478146A9684A4628460EF089F949465A
:1002E000A86028460EF092F927467A4805F068FC87
:1002F000B8B94FF49972C4E743F0020301F8223011
:100300003046EB69AC6898472146024628460EF015
:100310006FF90024A860E8E71C462646E5E7044696
:10032000FBE788F31188BFF36F8F002C9CD1C7B116
:10033000CEB96B48F9F730FEDFF8BC81694FD8F8C9
:100340000030002B71DCD7E9003213F57A7342F1EB
:100350000002C7E90032002E40F092802046BDE83E
:10036000F087002EE8D0604FDFF8908109E0384632
:10037000FDF78CFC20B13B6831461B683846984736
:100380001037474503D940F20A2258497AE7EED39D
:10039000574B1F683046FB69984707F114098046A0
:1003A000EFF3118A402383F31288BFF36F8F48461F
:1003B00005F0F8FB00283FF463AF484605F016FC53
:1003C000337823F0010333703B699A0705D5FA6847
:1003D0003B6A03EB82039E4222D1337823F002036F
:1003E0003370D7E90231994204D1424638460EF0C3
:1003F000FFF8B860414638460EF008F9484605F067
:10040000DFFB00283FF475AF8AF31188BFF36F8FCD
:1004100007F12C00F9F7C0FD36480EF06CF98BE7B8
:10042000336868F39F033360E8E70DF0DFFED7E938
:100430000032C01A40F2E93361EB0201984271F1D7
:10044000000180D3404600210DF09BFEDFF898802C
:10045000DFF8A8A08146D04502D940F2162294E7E1
:10046000BFF471AF4046FDF711FC30B1D8F8003051
:100470005B6813B149464046984708F11008EAE71F
:10048000EFF31186402383F31288BFF36F8F114877
:1004900005F088FB00283FF4F3AE0E4805F0A6FBFC
:1004A0002B69AC681B0702D46B68A34200D26B6A4D
:1004B00008481C1B05F084FB00283FF41AAF86F3A4
:1004C0001188BFF36F8F003C18BF012446E700BFBF
:1004D00034D30020EC0A0020C3150200AB15020043
:1004E000040B0020E8890020C4070200C875020040
:1004F00010C9002014C9002018C90020E407020018
:10050000DFF8B090254BA9EB03031B0980B507D199
:100510004FF46F72224923480EF05DF80FF0A3FBF1
:10052000002009F087FB044620B340F267650026EF
:10053000FDF774FB1C4B186030B11C4B1B68092B7A
:1005400002DD1B48F9F728FD00273CB12046FDF7E6
:10055000BBFF044610B94FF0FF352E46FFF77AFE79
:10056000804628B957B912482A463346F9F7C0FCE5
:100570004746EAE74FF0FF352E46D9E7074F08E038
:10058000F1D23B689B691BB100221146384698475F
:1005900010374F45F4D94FF46C72BBE7C407020023
:1005A000C8750200AB1502000CC9002014C9002058
:1005B0002C0D0020E407020008B506480DF0CEFD22
:1005C00005480EF098F80AF0ADFBBDE80840034876
:1005D000F9F7E2BC18C9002014C900202C0D002036
:1005E00038B54B681A68CB689A4205460C4602D16A
:1005F00008460DF07EFF60680DF0B0FDA3681D5445
:1006000063681A68E3689A4206D90449044872226A
:100610000DF0E1FF0FF027FB002038BD377102001D
:10062000AB1502002DE9F047814EB36883420446C2
:100630000BD1EFF3058343B17E4B5A6842F08052F1
:100640005A605A6A22F400425A62B4F80C80EFF3FE
:100650001185402383F31288BFF36F8F764805F02E
:10066000A1FA30B98422754975480DF0B4FF0FF036
:10067000FAFA714805F0BAFA237C19070CD56E48CE
:1006800005F09EFA10B94FF49972ECE785F31188E2
:10069000BFF36F8FBDE8F087D90943F0080240F03F
:1006A00096802274A36813B1204606F071FF04F10E
:1006B000180007F0F7F8A76D04F15809B94511D0F3
:1006C0004FF0000A77B1384606F062FF07F11800D4
:1006D00007F0E8F8C7F8A0A0384607F027FBA76D99
:1006E000B945EFD1B3689C4240F08480EFF30587B1
:1006F000003F18BF0127D6F81C90524A914502D0FE
:10070000B9F1000F01D1D6F80C904B4502D0484604
:1007100007F01CF9B368C6F818909C4275D1EFF346
:100720000583002B6ED1EFF31182402383F31288EF
:10073000BFF36F8FA38923F00203A381EFF3148328
:1007400023F0040383F31488BFF36F8F82F31188BF
:10075000BFF36F8F4FB13C4BB36001221A749A8183
:100760000022C3E92222C3F89420B3689C424ED1F0
:10077000EFF30586002E4AD1A389DB0720D52E484A
:1007800005F01EFA00283FF47EAF85F31188BFF311
:100790006F8F86F31188BFF36F8F0423184602DF33
:1007A000EFF31185402383F31288BFF36F8F224844
:1007B00005F0F8F900283FF455AF1F4805F016FA88
:1007C0001D4805F0FDF9B8B940F26D124BE71F4A1C
:1007D00003F07F0343F008039442237402D15A22AA
:1007E0001B4941E7DA0701D55B22F9E720460FF004
:1007F000DDF857E700277EE7284606F0E1FE4FF4D4
:10080000EE72EDE7002FB3D0A5E7002FA3D10A4881
:1008100005F0D6F900283FF436AF85F31188BFF311
:100820006F8F18F0010F3FF435AF40F2A252D7E7B7
:10083000BC9C002000ED00E0E09C0020C3150200FD
:10084000AB150200D89C00201888002048860020A4
:10085000061A02002DE9804883B0054600AF0C4619
:10086000002900F095800A20D1E900988E68FDF7F4
:1008700053FE50B1994BC0E90786C0E905390523FD
:100880000374002343748374C37495494FF4215255
:100890000AF086FD0A20D4E903986669FDF73CFE5C
:1008A00050B1904BC0E90786C0E9053905230374B0
:1008B000002343748374C37489494FF421520AF0AE
:1008C0006FFD0820E669FDF727FE40B1864BC0E9C1
:1008D000053603230374002343748374C37480496F
:1008E000DFF854924FF4C2520AF05AFDA046002697
:1008F000D8F82020D8F824303A600E20D8E90ABA77
:100900007B60FDF709FE98B17B684362B31CC0E9C8
:100910000A3BF31C3A68C261C0E90C3AC0E905968B
:100920000A23721C03740023026243748374C37429
:100930006B4945F2400204360AF032FD102E08F1F0
:100940001008D5D10820266EFDF7E6FD40B1674BB3
:10095000C0E9053603230374002343748374C3740E
:100960005F494FF4C2520AF01BFD0820A669FDF74B
:10097000D3FD40B15E4BC0E9053603230374002369
:1009800043748374C37456494FF4C2520AF008FD8D
:10099000012D14D1EFF305860820FDF7BDFD48B108
:1009A000544B43610323103E037400238661437458
:1009B0008374C3744A494FF4C2520AF0F1FCEFF356
:1009C0001183402383F31288BFF36F8F042D4A4AAB
:1009D00098BF4A4B9668117C94BF53F82530484B1A
:1009E000E8468AB06A464748CDE9073140F201330C
:1009F000ADF82430444BCDE905054FF4315142F8B0
:100A0000103F37480BF07EF8C546A4B1E369C3F345
:100A1000080383B10620FDF77FFD38B13B4B4361EE
:100A200002230374002343748374C3742C494FF46A
:100A300082520AF0B5FC56B396F868303BB306F123
:100A400068036C468AB06A463149079340F2013325
:100A5000ADF820302F4B2248CDE9051642F8103F63
:100A60004FF411510BF04EF8A5462B4D2B780BBBD4
:100A7000012009F0DFF8294C294EB44213D9294945
:100A8000294840F2CF120DF0A6FD0FF0ECF8274BED
:100A9000D7E72046FDF7FAF818B1236820469B688F
:100AA00098471034E9E7F4D3FFF7D4FB0028FBD1D3
:100AB00001232B700620FDF72FFD38B11C4B43613D
:100AC00002230374002343748374C37419494FF4DD
:100AD00082520AF065FC00F01FFC00BFD2780200D1
:100AE000FC060200017902003079020082790200DE
:100AF00091790200BF790200BC9C00201410020012
:100B0000C4780200D279020005000001FA790200DF
:100B10001B7A02000400000131D30020C407020048
:100B2000E4070200C8750200AB150200586102001C
:100B3000337A0200840602003F7902002DE9F04179
:100B40009C4B9CB00546586800AFC0F308030026D4
:100B500086F31188BFF36F8F02F07F44B4F17F4FAB
:100B600013D102F00C04082C17D10620FDF7D4FC99
:100B700030B1914B43610223037446748674C6748A
:100B80008E494FF482520AF00BFC40F21B428C4912
:100B90008C480DF020FD0FF066F812074CBF0D4693
:100BA0000126002DF1D00022FA71DA1E092A00F286
:100BB000DE80DFE812F00A00C700CA00BD00DC00DA
:100BC000DC00DC00DC00DC00CD000620FDF7A4FC2E
:100BD00038B17D4B43610223037400234374837453
:100BE000C37476494FF482520AF0DAFB4FF00008E2
:100BF000704B87F80780DC6A14F0020414D00620DA
:100C0000FDF78AFC48B1714B43610223037480F8FD
:100C1000118080F8128080F8138068494FF4825266
:100C20000AF0BEFB002452E0DA6A002A0CDA062041
:100C3000FDF772FC0028F0D0654B4361022303747A
:100C400044748474C474E8E7DB6A5B0077D50620DB
:100C5000FDF762FC30B15F4B4361022303744474BF
:100C60008474C47455494FF482520AF099FB514977
:100C7000AA694B6943F480734B61BFF34F8FBFF395
:100C80006F8F32F8023C4A6922F480724A61BFF3E6
:100C90004F8FBFF36F8F03F47F42B2F55F4F2FD1B9
:100CA000DBB2022B2CD108202C68FDF735FC40B1BB
:100CB000494BC0E905340323037400234374837450
:100CC000C3743E494FF4C2520AF06AFB2C68FB79A8
:100CD000002B6BD16822294607F108000FF07EFA3D
:100CE0007B6A002E5FD0C3F308021AB96FEA532360
:100CF0006FEA432307F1080120467B62FFF7AAFD54
:100D00008B6ADBB233B1FA1D01212846FDF7B2FF31
:100D10000446DCE78B6A13F47F4F05D0FA1D0121EE
:100D20002846FEF79FF8F3E78B6AB3F5803F03D3BD
:100D30002846FEF76BF9EBE740F2ED2227E74FF488
:100D40003C7224E7FA1D0021DFE7FA1D0021E7E7E6
:100D50000620FDF7E1FB00283FF45FAF1F4B436126
:100D600002230374002343748374C37455E71C4A3D
:100D70001C4910F4F87F6C468AB018BF11466A46C9
:100D8000103B079318484FF40073ADF82030174B11
:100D9000CDE9050142F8103F08484FF411510AF01F
:100DA000B1FEA5463EE76FF30803A3E77037BD46E3
:100DB000BDE8F08100ED00E0727A0200FC0602005E
:100DC000EC730200AB1502009D7A0200B47A0200B7
:100DD000D57A0200E37A0200027B02001E7B020049
:100DE000597A0200447A0200427B020004000001AA
:100DF0000D4608B5114604461A46064B0BF014FD85
:100E00009E68054B1E502846A047FCF707FFFFF7DA
:100E100009FC00BFBC9C00200800000070B50C4B12
:100E2000827A2C2505FB0232526AD2E901640C60F9
:100E3000827A05FB0232936A127FC31A30681B3232
:100E400022F00302B3FBF2F304FB030070BD00BF0A
:100E5000840D0020044A0123C2F840354FF080423F
:100E60000020C2F87835704700E00140044B054986
:100E70003F22C3E90012044A00201360704700BFFC
:100E80005CCC0020FFFF070058CC002073B5134650
:100E90004A7800690A2A09D00B2A35D0092A254C3C
:100EA0001BD00BF0C1FC6FF085032BE04988036970
:100EB0000A0A5C6811F0FF0108BF83F83420E36878
:100EC00023B192009847002002B070BD0BF0ACFC3B
:100ED000184B6FF085021A50F5E705694A886D686E
:100EE000AD68110AD2B2002DF0D0022903D0032937
:100EF00001D00129D5D1DE6800961B8AA847034698
:100F00000BF092FC2350DEE749880129DED84368C4
:100F10001B689B79002BD9D0036993F835208A424E
:100F2000D1D05A68C9B283F835105369002BCAD0A2
:100F30009847C8E70C000000EFF31180402383F3CB
:100F40001288BFF36F8F0A4BD3F8001C032261B9DC
:100F500049F27531C3F8001CC3F8142DC3F8001C06
:100F600080F31188BFF36F8F7047C3F8142DF7E734
:100F700000E00640EFF31180402383F31288BFF3B3
:100F80006F8F0A4BD3F8001C61B949F27532C3F870
:100F9000002CC3F8141DC3F8002C80F31188BFF394
:100FA0006F8F70470022C3F8142DF6E700E006406B
:100FB0004FF080434FF46072C3F80823C3F808234E
:100FC000014B002018607047D0CB002037B50C468D
:100FD0000A490B4A411A402300934911054623460A
:100FE00008480DF0BEFC014628B12846234603B050
:100FF000BDE83040184703B030BD00BFE498002082
:10100000CFE9010028030200827A044B2C2000FB68
:1010100002335B6A586806F0E1BE00BF840D002011
:1010200070B54169867A0C4D044659B1437ADB07A5
:1010300006D42C2303FB06535B6A1B689B68984706
:10104000002363612C20214600FB06500022BDE8EE
:10105000704007F017BC00BF840D002010B5044697
:101060000820FDF759FA40B1074BC0E905340323C6
:101070000374002343748374C374BDE810400349B0
:101080004FF4C4520AF08CB93C7C02009C07020069
:1010900010B504460820FDF73FFA40B1074BC0E900
:1010A000053403230374002343748374C374BDE8BD
:1010B000104003494FF4C4520AF072B9537C020045
:1010C0009C07020038B50569EB6B0024C3E90144B5
:1010D000DC606B6B2146C3E90144DC60302205F122
:1010E00048000EF0D7FD0D4BEB644FF480736B6539
:1010F0002146102205F178000EF0CCFD084BEB677D
:101100001022214605F124000EF0C4FD054BAB6210
:1011100028460DF0B6FB204638BD00BF05F601009D
:101120007DF50100A7EA010038B5046920600025BB
:101130000123C4E9075304F11403C4E90533102261
:10114000294604F124000EF0A5FD024BA3622846B7
:1011500038BD00BFB520010008B5054B1970054B1F
:101160001B7813B104200EF00FFD002008BD00BF56
:1011700039D3002038D30020012810B5044619D0F7
:10118000022809D0F0B9194B014618680EF016FC78
:10119000174B01221A700CE0164B174C00221A70E4
:1011A000164BC4F800332720FEF740F80123C4F89B
:1011B000043510BD0D4B014618680EF0FFFB0C4BBB
:1011C0000022E7E70820FDF7A7F940B10C4BC0E982
:1011D000053403230374002343748374C374BDE88C
:1011E000104008494FF4C2520AF0DAB838CC002057
:1011F00037D300203DD3002000700240FDFFDF0107
:101200006C7C02005C0702001FB500220123CDE9BF
:1012100002236C46074A6B46CDE900440DF0D0FB33
:1012200028B94FF4804200236846F8F761FE04B005
:1012300010BD00BF29EA010038B54468214B22786F
:1012400003EB4213204A1360204B1B7823B1204B41
:10125000002118680EF0B2FB1E4D03212720FEF777
:1012600005F82B780BBB2279C2F3400392070FD508
:101270004FF08053D3F83021082A08D1D3F8343105
:10128000022B02BF4FF080430122C3F8382601230E
:101290004FF08042C2F88035237903F00103C2F891
:1012A000783504F05DFC01232B704FF080434FF440
:1012B0006072C3F808230849A0680860C3F80423D3
:1012C000002038BDE4980020D4CB002037D3002084
:1012D00038CC002036D30020D0CB002070B5416937
:1012E000867A0C4D044659B1437ADB0706D42C2389
:1012F00003FB06535B6A1B689B6898470023636186
:101300002C20214600FB06500022BDE8704007F06B
:10131000B9BA00BF840D0020BFF34F8F0549064BBB
:10132000CA6802F4E0621343CB60BFF34F8F00BF83
:10133000FDE700BF00ED00E00400FA052DE9F843E9
:1013400007691D464368894607F1100000211E68A1
:1013500014460DF07DFB002845D10DB16B68A3B993
:101360000620FDF7D9F838B1204B436102230374FE
:10137000002343748374C3741D494FF482520AF0EE
:101380000FF86FF01500BDE8F88396F82030A3B190
:10139000D5F80880B8F1000F0FD10620FDF7BCF892
:1013A0000028E9D0134B43610223037480F81180B5
:1013B00080F8128080F81380DEE7B3795BB1D5F84E
:1013C0001480B8F1000F06D10620FDF7A5F800281B
:1013D000D2D0094BE7E7C7E902947D603474240A50
:1013E00074740020CFE76FF07700CCE7837C0200B5
:1013F000A4070200A27C0200C17C0200F8B50646E8
:1014000087680DF0E7FB044638B3057E15F001054B
:1014100014D1047F0820FDF77FF838B1104B4574D4
:10142000C0E90534032303748574C5740D494FF472
:10143000C25209F0B5FF6FF07700F8BD0146FB69B5
:101440003046984738B1237E03F00103227E63F3D0
:1014500000022276F1E70346F8E76FF01200ECE7AE
:10146000E27C02005407020038B50D460DF02BFC5B
:10147000044688B90620FDF74FF830B1144B43619C
:101480000223037444748474C474BDE83840114961
:101490004FF4825209F084BFC46804B938BD2B7878
:1014A000032B05D0052B0BD0022B05D02468F4E7C5
:1014B00060680CF035FFF9E760680CF036FFF5E77F
:1014C00060688368DB69002BF0D09847EEE700BFC7
:1014D000FD7C02008407020010B501F07F0311F0CB
:1014E000800F18BF103301249C4090F83430022B39
:1014F00012D00620FDF710F838B1104B43610223DB
:101500000374002343748374C3740D494FF48252EF
:1015100009F046FF002010BD90F8701090F83C20B4
:10152000C1F341110DF0BBFB0028F3D0C0680028C7
:10153000F0D083681C42EED10068F8E72C7D0200F1
:101540007C0702002DE9F04190F82C3003F01F03D6
:10155000012B05460F4600F12C0628D0022B10D097
:1015600053B3A96E95F82D4005F168028A4244D123
:101570006FF085030BF058F9294A13500020BDE89D
:10158000F081018EC9B2FFF7A7FF04460028E8D01A
:1015900030460DF06BF902466068836822BB9B6899
:1015A000002BE5D03A463146BDE8F0411847018EA0
:1015B000C9B20DF096FBE8E790F82D800DF083FBA3
:1015C0000028CED0C468002CCBD06368DA681AB18A
:1015D00010790023834201DB2468F4E71168C95CB9
:1015E0004145D5D00133F5E7DB68D9E70B7AA34253
:1015F00006D010460DF01BFA01460029F6D1B7E7D8
:1016000030460DF033F940B90B69002BB0D03A46A3
:101610003146284698470346ACE7CB68F5E700BF5C
:101620000C00000010B5094C0A4411F8013B584069
:1016300003090001E35CC0B2434018091B01205CB0
:10164000DBB28A4280EA0300EFD110BD6C120200C7
:101650002DE9FF47504B06691860074606F18403E1
:10166000C6E92133002200230024C6E92344CDE942
:1016700002236FF00703CDE90003DFF85481474BE5
:10168000474948484FF4007208F0DAFD464945489A
:10169000F8F7A8F9D8F81420444B134043F4820318
:1016A00043F04003C8F81430C1464FF0240A88F8CC
:1016B0001C40414638460DF0BEFB3D4B3D4A0546B9
:1016C000E0B10620FCF728FF38B13B4B4361022311
:1016D0000374002343748374C37438494FF48252F3
:1016E00009F05EFE6FF00C0004B0BDE8F0874169C0
:1016F00019401143416108F12408D8E70134092C4D
:1017000010D00AFB0490082C817D41F040018175C6
:10171000EDD1D9F834112A4808402A490143C9F8C3
:101720003411E8E7284C294B6269134043F4041351
:1017300043F040036361A0464FF0240965F07F0148
:101740002177384621460DF076FB194B194A0028BF
:10175000B7D10135092D16D009FB0580082D817DF3
:1017600041F02001817508D1D8F83411144808409F
:1017700014490143C8F8341103E041691940114389
:1017800041612434DAE796F8803023F0720343F0A5
:10179000720386F88030A7E738CC0020FD4A0100AC
:1017A00080250120188B0020517D02000000BEFF23
:1017B0000000F9FF400006005A7D02005C070200AD
:1017C0000000F7FFFF01080048C900200000DEFF0D
:1017D0008CCA00202DE9F3470646D0F808909DF802
:1017E00028A00D4690461F460DF0F4F90446B0B30C
:1017F000037EDB0717D5047F0820FCF78DFE40B180
:10180000234BC0E90534032303740023437483741A
:10181000C37420494FF4C25209F0C2FD6FF0770043
:1018200002B0BDE8F0872A460146CDE9007A43467A
:1018300030460DF01AFB0546A0B90820247FFCF7BE
:101840006BFE38B1144B4574C0E9053403230374AF
:101850008574C5740F494FF4C25209F0A1FD6FF0B1
:101860001200DDE7237E84F81D8023F00603E78362
:1018700084F820A02376D9F81830214630469847BE
:10188000227EB0FA80F35B0963F300022276C7E799
:10189000767D020054070200907D02002DE9F04F92
:1018A0000F4689B090F87010049306469DF84830B2
:1018B00078680593C1F3411190460DF085F9002831
:1018C00000F08280031F029307F10C0300250393AD
:1018D000029B53F8044F02930CB122782AB9002DD1
:1018E00014BF00256FF03C053AE06278042A0DD160
:1018F000002D6CD1A278049B9A42E9D1E278059B35
:101900009A42E5D122795AB30125E1E7052ADFD1D0
:10191000002DDDD0B8F1010F94F8029024D0B8F179
:10192000020FF1D1039AB06949460DF03DFA054620
:101930000028E9D00A20FC68FCF7EEFD58B1254AE2
:101940004562C0E90528C0E9079406220274002216
:1019500042748274C27420494FF4415209F020FD50
:10196000284609B0BDE8F08FE278D6F818A00792B3
:10197000A388A579DAF808B00693B9F1000F20D052
:10198000B9F1800F1DD05046DBF83C108847504617
:101990000DF0E0F890B10095DDE906324946504679
:1019A000FFF718FF0546DBF8402050469047002D12
:1019B000C0D1A17803980DF04AF9A5E74FF0FF35A3
:1019C000F1E76FF01505B5E76FF01505C8E70025DD
:1019D000C6E700BFB27D0200AC0702002DE9F04F60
:1019E00090F8708090F83C3085B004460D46C8F3FE
:1019F0004118002B5AD00DF066F98146002852D0CC
:101A0000C6680EB9B34625E006F10C0A0127F36853
:101A1000B3B167F07F0B5FFA8BFB594650460DF070
:101A200033F978B9F368FB40DB0706D5A069524665
:101A3000F9B20DF0B9F9834660B90137102FE6D13C
:101A40003668DEE75946A06952460DF0ADF9834687
:101A50000028E7D01022002104F13E000EF01AF910
:101A6000002284F83C20D9F80C60BEB9BBF1000F0D
:101A70001CD00620FCF750FD38B12F4A42610222EB
:101A80000274002242748274C2742C494FF4825250
:101A900009F086FC584605B0BDE8F08F70680CF080
:101AA0004EFC3668E1E76FF03C0BE2E725B984F8BD
:101AB0003C504FF0000BEDE72A46414620460DF022
:101AC000EEF8074610B96FF03C0BE3E7D0F804904E
:101AD00099F80530039300264FF0010A99F8043075
:101AE0009E4203DB84F83C50FC6822E0039A4146A6
:101AF00020465FFA86FB0DF0D2F80028E3D0C168DB
:101B00000AFA06F20029DED00869024201D109680A
:101B1000F8E70023009301225B462046FFF7BEFE54
:101B200083460028B6D10136D8E760680CF002FC85
:101B30002468002CF9D1BCE7166C02006C07020087
:101B40002DE9F041D0F808801746D8F83C3005461A
:101B50000E469847114800220023394606F0F0FD52
:101B60000446C0B90820FCF7D7FC40B10C4BC66155
:101B7000C0E905370423037444748474C4740949A8
:101B80004FF4015209F00CFC2846D8F84030984731
:101B90002046BDE8F0810676F6E700BFDC0D0020A8
:101BA000E37D02005407020008B50DF0B0F918B14A
:101BB000024B0022C3F81C2C08BD00BF007002407D
:101BC00010B5EFF31184402383F31288BFF36F8FB6
:101BD000154B1B7803F0FF02B3B11449D1F82C3533
:101BE000FBB10023C1F82C350DF091F960B1104B19
:101BF000D3F8000CC02188B949F27530C3F8000C45
:101C0000C3F8141CC3F8000C84F31188BFF36F8F62
:101C1000002A0CBF6FF00A00002010BDC3F8141C8E
:101C2000F2E71A46F0E700BF3DD300200070024003
:101C300000E006402DE9F743054690461F4600F1B7
:101C40000806EFF31189402383F31288BFF36F8FE7
:101C5000304603F0A7FF30B984221E491E480CF01D
:101C6000BAFC0EF000F8304603F0C0FF2C68C4B197
:101C700023686A6823F00303944208BF6B602B60FB
:101C800023689B0706D054F8040C6568211F06F0F2
:101C9000A5F82C46304603F093FF90B94FF49972A3
:101CA000DBE757EA0803F5D0CDE9008705F10C0220
:101CB0004946304606F010FA38B9084B9B685C6913
:101CC00003E089F31188BFF36F8F204603B0BDE8AE
:101CD000F08300BFC3150200AB150200BC9C0020BE
:101CE0002DE9F041044678B1144F00264FF02C083E
:101CF000254605F1080064680CF0FDFC10F0FF00BB
:101D00000AD140F2D71201E04FF4E2720C490D48BB
:101D10000CF061FC0DF0A7FF01280AD1AB7AEE6050
:101D200008FB03736E601B6A284623B19847002C9A
:101D3000DED1BDE8F081FFF7D1FAF8E7840D00208D
:101D40000D7E0200AB15020008B50349034863226B
:101D50000CF041FC0DF087FF0D7E0200AB15020078
:101D6000F8B5858803680E4604465F190CF076FDC9
:101D7000B04206D2054906483E220CF02CFC0DF07C
:101D800072FF3544A5803846F8BD00BF327E0200A0
:101D9000AB15020008B5034610464A78212A12D135
:101DA00030B90AF041FD0B4B6FF00B021A5008E0FE
:101DB0001B69CA881969072A28BF072204310DF058
:101DC000C1F8002008BD0AF02FFD024B6FF085021C
:101DD000ECE700BF0C00000008B538B9044905481D
:101DE00040F207320CF0F7FB0DF03DFF183008BD54
:101DF0005E7E0200AB1502002DE9F0410B78062B48
:101E00000C4629D10369D3F89C6006F12805EFF34D
:101E10001187402383F31288BFF36F8F284603F0A6
:101E2000C1FE30B98422104910480CF0D4FB0DF0EB
:101E30001AFF284603F0DAFE06F1200061680CF074
:101E4000F1FB284603F0BCFE10B94FF49972EAE7A3
:101E500087F31188BFF36F8F21460548BDE8F04135
:101E600000220023F1F7D0BFC3150200AB1502001A
:101E7000E00C002030B5002285B00023CDE902231C
:101E800000236FF00702CDE900321849184B1948BA
:101E9000194C1A4D4FF4806208F0D2F918491548D0
:101EA000F7F7A0FDAC420ED940F2271215491648AB
:101EB0000CF091FB0DF0D7FE04F1140000210CF0A2
:101EC00060F91834EEE7F7D3104C114DAC4209D944
:101ED00040F22B12EAE704F1140000210CF051F952
:101EE0001834F3E7F7D3002005B030BD00280120F7
:101EF00059220100008C0020880E0020B80E00201E
:101F0000377C0200927E0200AB150200B80E002062
:101F1000B80E002008B50449044840F207320CF01E
:101F20005AFB0DF0A0FE00BF5E7E0200AB15020062
:101F300010B509B9FFF7EEFF0B7E33F080043CD1FA
:101F4000A3B390F87020530712D50620FCF7E4FAEB
:101F500030B11B4B43610223037444748474C47412
:101F600018494FF4825209F01BFA4FF0FF3010BDB0
:101F700012F0600F0B8AC2F3411408D0012C1AD062
:101F8000114912484A220CF026FB0DF06CFE426FFC
:101F9000D2795BB1448E9C4208D9B3FBF2F402FBC8
:101FA00014331BB94B7E43F008034B76BDE8104059
:101FB00080690DF079B84022EBE76FF01500D6E7A5
:101FC000C87E02009C070200DC7E0200AB15020006
:101FD00070B5C46F06463CB94FF4FE7218491948F3
:101FE0000CF0F9FA0DF03FFE04F108000CF0B6F821
:101FF000C0B2FF2802D14FF40072EFE765680DB15F
:10200000FFF7A2FE636925823046E3602146FFF7B1
:102010008FFF064690B10620FCF77EFA30B10A4BDE
:1020200043610223037445748574C57407494FF4F2
:10203000825209F0B5F92046FFF752FE304670BDD6
:102040000D7E0200AB150200167F0200740702002D
:1020500038B50022054680218069FFF771FD0446EE
:1020600008B3437E23F0070343F00403437601469D
:102070002846FFF75DFF054698B10620FCF74CFAAD
:1020800038B10A4B43610223037400234374837401
:10209000C37407494FF4825209F082F92046FFF7D2
:1020A0001FFE284638BD6FF00B05FAE7357F0200AA
:1020B0007407020070B550F8243C5C6801211438A4
:1020C00065680CF0C5FC002837D02B69A0685B68F8
:1020D000416A1B68896893F822600022002306F099
:1020E0002FFB044650B90620FCF716FAE8B9BDE804
:1020F000704012494FF4825209F052B906760146F7
:1021000028460DF053F8C0B12046FFF7E9FD062040
:10211000FCF702FA0028EAD0094B4361022303745A
:10212000002343748374C374E1E7064B43610223C5
:10213000037444748474C474D9E770BDA4070200A6
:10214000727F0200587F02002DE9F3410746CDE976
:1021500000126E46EFF31188402383F31288BFF319
:102160006F8F344803F01EFD10B9842232491DE000
:10217000304803F03BFD314A1569E5B1D1692C685F
:1021800014610131D16114B95069814215D0D1680F
:10219000631A09D4D2E9052462439A4204D9B3FBF5
:1021A000F4F204FB123444B12549F72225480CF01F
:1021B00012FA0DF058FD6FF00B041E4803F000FDFD
:1021C00010B94FF49972D1E788F31188BFF36F8F7C
:1021D00064BB96E8030005F108036F6083E8030021
:1021E000EFF31184402383F31288BFF36F8F1648F7
:1021F00003F0D8FC0028B8D0134803F0F7FC1348CC
:1022000029460CF00FFA104803F0DAFC0028D8D069
:1022100084F31188BFF36F8F0D480022002307F06D
:10222000F7F8002802DA0B493322BFE702B0BDE815
:10223000F08100BF580B0020C3150200500B002096
:102240008B7F0200AB15020054CC00204CCC002048
:1022500008060020B07F02002DE9804899B04FF0B9
:10226000FF33B1484FF0FF3209A9F1F76BFE0B9B2A
:102270001B69D3F89C401CB194F87030D8076ED419
:10228000AA49DE22AA480CF0A6F90DF0ECFC03984E
:1022900003F0ACFC07980CF0D0FC0646039803F062
:1022A0008FFC10B94FF499728CE085F31188BFF35D
:1022B0006F8FCEB99DF82430062BD0D0072BCED807
:1022C00001A252F823F000BF832F0100752F0100F7
:1022D000AB2F0100892F0100E32F0100CD2F01005A
:1022E0005F2201009D300100377ED6F81E30029338
:1022F00037F08007304640F02D86FFF76DFD0378FC
:102300005906054632D00620FCF706F930B1894B54
:1023100043610223037447748774C77486494FF47A
:10232000825209F03DF86FF0040A0A20357EFCF76E
:10233000F3F850B1814BC0E90756C0E9053A0523CF
:102340000374002343748374C3747D494FF4215292
:1023500009F026F85246072120460CF0AFFF04F1A1
:102360002803039304F1200307931AE0029A6AB149
:102370003046FFF7B5FC6B78DA0703D49F0710D51A
:102380002B7873B92046FFF723FE7BE004F12C0283
:1023900004924278950717D5802B1BD13046FFF762
:1023A0009FFC236A002B85D0EFF31185402383F334
:1023B0001288BFF36F8F039803F0F4FB00287FF4BB
:1023C00066AF84225F495DE7900700F03E85002BF1
:1023D00040F03B85D1077FD5338A082B1DD1F268A9
:1023E0001368E3625368236375680027776030469B
:1023F000FFF776FC35B30620FCF78EF830B1524B70
:1024000043610223037447748774C7744A494FF4C5
:10241000825208F0C5FF00F0EEBC0620FCF77CF805
:1024200038B14A4B4361022303740023437483741D
:10243000C37441494FF4825208F0B2FF3046FFF7AF
:102440004FFCDBE004F12C000CF010FA638E014627
:10245000D8B97BB3A06902691268D28B013B1344DF
:10246000B3FBF2F35A43FFF76BFB0146002800F081
:102470005E85437E23F0070343F002034376204644
:10248000FFF756FD824600F04CBD9BB1B3F5007FCF
:1024900028BF4FF40073A0691A468021FFF750FB54
:1024A0000546002800F04385437E23F0070343F0F0
:1024B000020343760AF0B8F9254A0023835094F8C2
:1024C0002C2012F0600FC2F3411307D0032B40F011
:1024D0008B826FF085030CE13546EBE704F12C00AD
:1024E0000CF0C4F994F82D30002840F02282013B12
:1024F0000A2BEED801A151F823F000BF6727010095
:10250000D324010079280100D324010055250100BE
:10251000D3240100D3240100D32401001726010095
:10252000D3240100A3260100E00C0020927E0200CB
:10253000AB150200E57F0200740702002181020052
:1025400084070200C31502001D80020006800200FD
:102550000C000000E18D7F29BBD8238E002BB8D161
:10256000638E002BB5D112F01F07B2D194F834302E
:10257000022B00F0AB85A069036993F880301A073D
:1025800019D5C9B20CF0EBFA8246B8B10820B4F8FC
:102590002E80FBF7C1FF38B1B34B4774C0E9053853
:1025A000032303748774C7744FF4C252AF4908F011
:1025B000F7FEADB9B9E6012384F83D3094F8343024
:1025C000012B26D1E38D23BB84F834300AF02CF99B
:1025D000A74B1B58002B00F0DA807DB14FF0000AAA
:1025E0002846FFF77DFBBAF1000F7FF49EAE0AF09C
:1025F0001BF99F4B1B58002B00F0C98004980CF06E
:1026000035F90346A069002B00F09684802100F084
:102610009DBC0123D8E7E78DFF2F3FF65AAF638EAD
:10262000002B7FF456AFD3067FF453AF94F83430C9
:10263000002B00F04B8557B194F87010FAB2C1F33B
:10264000411120460CF02BFB002800F03F8594F848
:102650003C30BB4200F09B80F9B22046FFF7BEF948
:10266000E78D824688B10820FBF756FF50B1814BB9
:10267000C0F81CA0C0E90537042303740023437489
:102680008374C3744FF4015290E7002F14BF0223E8
:10269000012384F834303A46052120460CF00EFE22
:1026A00094E702F01F03012B05937FF412AF628EB3
:1026B000002A7FF40EAFE38DFF2B3FF60AAFB4F88C
:1026C0003080B8F1FF0F3FF604AF94F834A0BAF1B0
:1026D000020F40F0FB845FFA88F9494620460692D3
:1026E0005FFA83FB0CF0FDFA069A074630B96FF0EB
:1026F00001030AF099F85E4A13506EE7B9F10F0F23
:10270000F5D804EB0803014693F83E300693CDF864
:1027100000B04B462046FFF7C1F80028E7D1069BE2
:10272000009352464B4639462046FFF7B7F882469B
:10273000A0B9059ACDF800B04B4639462046FFF7C0
:10274000ADF8824650B9786883685B6813B15A4621
:1027500049469847A04488F83EB037E71AF1020F7F
:102760007FF427AFC3E7638E002B7FF4B2AE94F8FB
:102770003410002900F0AA840129238E02D1002BF5
:1027800040F0A48412F01F020CD0022A17D0638EEE
:10279000002B40F023832046FFF75AFC00287FF4EB
:1027A0002DAFEFE5002B40F09184E28D012AEED1B0
:1027B00094F8702063F3C30284F87020E7E7E28D99
:1027C000002AE4D1D4F81890D9F808A048465FFA56
:1027D00083F8DAF83C30984748460CF0BBF958B318
:1027E000414648460CF0F6F9834640B3037EDF07C6
:1027F00025D5437F03F00303012B23D00146DAF8EC
:10280000103048469847074628B99BF8183060F3BF
:1028100041038BF81830DAF8403048469847A7B1A2
:102820004046FEF735FC09F0FFFF114B1F50013702
:1028300014D14FF0FF3ABCE64FF0FF37EBE76FF0F3
:102840001207E8E76FF08507E5E704F13800414635
:102850000CF00BFA09F0E8FF054B1F50002241462F
:1028600020460CF04EFAB1E63F80020074070200E9
:102870000C00000061800200638E002B7FF429AE03
:10288000B4F82E80218EB8F1020FCFB210D102F031
:102890001F023A437FF41DAEA0690122090A0CF021
:1028A00075F900287FF415AE012384F83D308DE6DC
:1028B00094F83430002B00F00984012B02D1002958
:1028C00040F0048412F01F021AD0022A7FF45FAF96
:1028D000B8F1000F7FF45BAFA06939460CF083F9C3
:1028E0008146D8B13846FEF7B9FB09F09DFFAC4BE5
:1028F000B9F1FF3F43F800909BD001223946AFE782
:10290000002940F0E383B8F1010F7FF440AF94F861
:10291000703043F0080384F8703038E704F1380071
:1029200039460CF094F909F07FFF9D4B43F8008085
:10293000E3E70A2B3FF6CDAD01A151F823F000BF2C
:102940006D290100D3240100D3240100D324010008
:10295000D3240100D3240100DD290100D324010088
:10296000692D0100D32401008F2D0100638E022BFD
:102970007FF4AFAD94F83430002B00F0A783012B27
:10298000218E02D1002940F0A18312F01F0212D043
:10299000022A1CD0002705F10C0840460BF05EFF10
:1029A000012840F2978302214046FFF7D9F900231E
:1029B000077043700AE6002940F0888394F870306D
:1029C0009F0807F00207C3F300131F43E3E7C9B2F0
:1029D00004F138000CF058F90746DCE7E78DD00623
:1029E0004FEA1723FFB208D029462046FEF7AAFD7A
:1029F000824600287FF4DDADE8E5032B00F0A080DF
:102A000026D8012B39D0022B7FF463AD94F8709057
:102A10000137C9F34119FAB2494620460CF03FF993
:102A2000804600284BD10820FBF776FD50B15D4B66
:102A300080F81180C0E905370323037480F8128001
:102A400080F8138058494FF4C25208F0A9FC40E5C1
:102A50000F2B7FF43EAD94F8703013F0600FC3F38A
:102A6000411200F01781012A00F06B8109F0DCFEB1
:102A70004B4A6FF085031350A8E594F8703013F0BB
:102A8000600FC3F3411204D0012A7FF422ADA76F77
:102A900000E0676F002F00F0158305F10C000BF0CC
:102AA000DDFEB4F832803A78424528BF4246824281
:102AB00028BF0246394628460CF044FA86E505F15F
:102AC0000C0A476850460BF0C9FE3A78824228BF8C
:102AD0000246394628460CF035FAD8F80C80B8F191
:102AE000000F0CD1618E2A8A8BB29A427FF66EADAE
:102AF000D31A934222D92D49B022FFF7C3BBD8F88D
:102B0000040049460CF060F840B1071F57F804BFB5
:102B1000BBF1000F02D09BF8002012B9D8F800805A
:102B2000DDE7504605920BF099FE059A904238BFBA
:102B300082B2594628460CF005FAE7E7298245E5B6
:102B4000216D04F150028A423FF4C3AC00293FF4E6
:102B5000C0AC4B7D032B02D10B7ABB4204D0104694
:102B60000BF065FF0146F1E70B68B4F8328003B162
:102B7000F7B90F7D8DF8407003238DF841300B6954
:102B800005F10C001B88ADF842300BF067FE47459D
:102B900028BF474687423A4610A928BF02468AE71F
:102BA0000C0000008480020074070200327E0200E4
:102BB0008A684FF44073ADF8203003F53F3313407B
:102BC000C44A934247D14FF08052C348136E526EAD
:102BD0001BBA12BACDE90C2310AB0CAF00219946F9
:102BE00017F8012B4FEA121C02F00F02013110F806
:102BF0000CC0825C83F800C008295A7003F10203FC
:102C0000EED14FF0220B8DF820B005F10C0A5046A2
:102C10000BF024FEC34528BFC346584528BF58467D
:102C200002288046074628BF4FF002084246A7EB1D
:102C3000080708A928460CF085F94FF000087B0822
:102C400098450FD1F9077FF5C1AC19F8081028464F
:102C50000CF085F9BAE491F814B0D1F810908DF821
:102C600020B0D2E719F808B0ABF120015E2904D9F1
:102C70009A4940F24D22FFF705BB022150460593C9
:102C8000FFF76EF80022059B80F800B0427008F153
:102C90000108D5E7636F002B00F014825B88B3F561
:102CA000007F7FF6E3AE8E4B109300238DF8443007
:102CB000216D04F15008884508BF1946BDF84290BF
:102CC000002940D105F10C000BF0C8FD678E4F457F
:102CD00028BF4F46874228BF0746052FB94628BF61
:102CE0004FF005094A4610A928460CF02BF9B7EB1E
:102CF00009073FF46BACD4F85090C1453FF466AC83
:102D0000B9F1000F3FF462AC99F815300F2B12D1D6
:102D100099F81420D9F81010BA4228BF3A4628462C
:102D20000CF010F999F81430BB4294BFFF1AFF1B46
:102D3000002F3FF44BAC494640460BF078FE8146ED
:102D4000DEE7A36FA7E74B7D0F2B08D10B7D4B442C
:102D5000ADF842309DF8443001338DF844304046A0
:102D60000BF065FE0146A9E794F83430002B00F023
:102D7000AD81638E012B7FF4ACAB05F10C000BF041
:102D80006DFD002800F0A68194F83C105FE702F08A
:102D90001F02012A40F09A8120460BF094FF002880
:102DA00000F09481278EFF2F3FF693AB43681B7989
:102DB000BB42FFF48EABFBB20F2B3FF68AAB638EA8
:102DC000012B7FF486AB05F10C000BF047FD0028CA
:102DD00000F08081E31993F83E1038E704980BF077
:102DE00045FD18B92846FEF77BFFD4E42946204666
:102DF000FFF79EF810B12846FFF721BBA0690369D1
:102E000093F8807017F004077FF4BCAA1B6839465A
:102E1000DA8BFEF795FE054600283FF4EFAB437EC4
:102E200023F0070343F00403437601462046FFF7EF
:102E30007FF800283FF4A6AA0620FBF76DFB0028C8
:102E40003FF4E4AA274BFFF7DBBA52077FF5D6AB76
:102E50003046002B3FF4A3AAFEF742FF94F83D3022
:102E6000002B3FF49EAA94F82D30052B15D04FF07F
:102E7000000A94F82D50032D50D1E38D022B4DD133
:102E8000218EA0690F0A002239460BF07FFE824690
:102E900070BB84F83D00FFF784BAE18DA069C9B228
:102EA0000BF05DFE82460028E1D00820E58DFBF79F
:102EB00033FB40B10C4BC0E90535032303740023F9
:102EC00043748374C37409494FF4C25208F068FA1A
:102ED000CFE700BF000302007C120200AA800200BC
:102EE000050F0500DF8002003F800200740702002A
:102EF0000820FBF711FB38B1784B0574C0E90537A2
:102F0000002343748374C37475494FF4C25208F0AC
:102F100047FA002384F83D30FFF707BA002384F80E
:102F20003D30BAF1000F3FF43CAAFFF7FEB96FF055
:102F30000B030293FFF762BB638E002B3FF466AB7B
:102F4000029B13F10C0118BF0121C9010BF04BFECC
:102F5000FFF718BAFEF740FFD0F8020083681B693C
:102F600023B1029A31469847FFF78CBA6FF0850A71
:102F7000FFF7DBB90022012120460CF09FF9FFF793
:102F80006EB900221146F7E794F8703043F004035D
:102F900084F8703094F83430022B03D109A920460C
:102FA000FEF762FA00220321E6E794F8703023F07E
:102FB000040384F8703094F83430022B03D109A94B
:102FC0002046FEF751FA00220221D5E794F834306A
:102FD000022B7FF444A909A92046FEF745FAFFF722
:102FE0003EB994F87030A06923F0040384F870307F
:102FF00000210BF0B4FD0546D8B10620FBF78CFA92
:1030000038B1384B43610223037400234374837443
:10301000C37435494FF4825208F0C2F900220421EA
:1030200020460CF04BF9002D3FF419A92A46072140
:10303000A2E701462046FEF7D1FC054630B1062046
:10304000FBF76AFA0028E4D0284BDBE7A769D7F83A
:1030500008803846D8F83C30984738460BF07AFD5F
:10306000C0B1D8F80030BBB1384698470646D8F80A
:10307000403038469847002384F83430B31E5E420F
:103080005E4194F8703023F0680343EA461384F8F5
:103090007030C3E72E46EAE70126E8E70620FBF793
:1030A0003BFA38B1124B436102230374002343748B
:1030B0008374C3740C494FF4825208F071F90A9A70
:1030C000062159E76FF0150AFFF773BA4FF0FF3387
:1030D000FFF70FBB6FF00B03FFF70BBB0381020081
:1030E000740702004B81020084070200798102000C
:1030F000A581020073B54B78066945683469202BB9
:1031000008D0222B22D009F08FFB204B6FF08502D4
:103110001A5018E0CB88072BF5D1D3681A68626083
:103120009A8822819B79A37220460BF0AAFB082380
:103130008DF80030EB6901962BB102AB13E9060064
:103140002846FFF701F8002002B070BD4B88A3812C
:10315000C3F3400203F001036376227609238DF85E
:103160000030EB6901962BB102AB13E9060028464B
:10317000FEF7EAFF022104F188000BF069FC002849
:10318000E1D004F1780005F04DFFDCE70C00000011
:103190002DE9F14F0746EFF31186402484F312889E
:1031A000BFF36F8F5D4802F0FDFC30B984225C49AB
:1031B0005C480BF010FA0CF056FD5848DFF87C81A3
:1031C00002F014FD5548D8F8005002F0F9FC10B98F
:1031D0004FF49972EBE786F31188BFF36F8F15B93F
:1031E00051494222E4E76B6893F87030DB0707D45B
:1031F00021220023384601B0BDE8F04F06F0B4B8F4
:10320000EFF3118584F31288BFF36F8F434802F008
:10321000C9FC0028CAD0414802F0E8FC40460BF047
:103220000CFD04463D4802F0CBFC0028D0D085F3CD
:103230001188BFF36F8F002C50D060683B4DC3697D
:1032400004F108019847EB68E31A2DD4D5E905127B
:103250005143994228D9B3FBF2F102FB11331BBB56
:10326000EFF3118A402686F31288BFF36F8F05F1C2
:103270000809484602F096FC002897D0484602F01C
:10328000B5FCD5F810B0BBF1000F32D1EFF31183CC
:1032900086F31288BFF36F8F83F31188BFF36F8FAC
:1032A00033B92349BB2283E7224940F21F127FE74B
:1032B00059F8086CAE421CD0DEB1304604F058F824
:1032C00006F1180004F0EEFA3046C6F8A0B07461BA
:1032D00004F0E8FD5146484604F09EF9D8F8003065
:1032E000C3B100220023384601B0BDE8F04F06F01C
:1032F0008FB82B692360EB690F482C61013BEB61B0
:1033000002F05EFC00283FF463AF8AF31188BFF33C
:103310006F8FE3E701B0BDE8F08F00BF54CC002011
:10332000C3150200AB150200B07F0200500B002055
:10333000F01502008B7F0200580B00204CCC0020BF
:103340002DE9F04105690C46174605F19C06EFF39F
:103350001188402383F31288BFF36F8F304602F049
:1033600021FC30B98422104910480BF034F90CF0DC
:103370007AFC304602F03AFC2146E86B3A46FAF70E
:10338000F7FF0446304602F01BFC10B94FF4997267
:10339000E9E788F31188BFF36F8F14B1012385F833
:1033A00041302046BDE8F081C3150200AB15020094
:1033B0002DE9F34104698DF8071004F19C054027BD
:1033C000EFF3118887F31288BFF36F8F284602F05E
:1033D000E9FB30B984221F491F480BF0FCF80CF0C0
:1033E00042FC284602F002FCE06B01220DF10701CD
:1033F000FAF7BEFF0646284602F0E2FB10B94FF48A
:103400009972E8E788F31188BFF36F8F012E10D00F
:10341000EFF30583B3B1114BBFF35B8F012253E888
:10342000001F002903D143E800200028F7D1BFF393
:103430005B8F2122002304F1480005F0E9FF02B070
:10344000BDE8F081A37E002BE5D00120F1F7C2FD9D
:10345000B6E700BFC3150200AB15020048CC002040
:1034600073B514464A780069013A0B46052A07D815
:10347000DFE802F01F035006065FDA88012A06D053
:1034800009F0D2F9384B6FF085021A503DE05988A7
:103490000369C9B231B15B681B69002BF0D0984752
:1034A000810801E093F83410C9B220460BF057FDB3
:1034B0002BE05A880569DB886D68110A0229D2B2AF
:1034C0000AD0032908D0012906D06FF0850509F03C
:1034D000ABF9254B1D5018E0E66800966D68A847CB
:1034E0000028054614DD0C3420460BF0B7F9A8423D
:1034F00007D21E491E484FF488720BF06CF80CF08E
:10350000B2FB29462046FEF72BFC002002B070BD1E
:10351000DDD1DAE75A88002AB2D1DB88012BAFD19E
:1035200043681B689B79002BAAD0036993F8351078
:10353000BBE75A88120A212A0CD0222AA0D101699D
:10354000DA88CB6889689A4228BF1A4620460BF071
:10355000F9FCDAE74268DB8811684A7A9A4228BFA8
:103560001A460931F2E700BF0C000000B5810200E5
:10357000AB1502002DE9F84F44680769D4F80480C0
:10358000D7F8049012F0030B0E46154607D02A49CF
:103590002A4840F262220BF01EF80CF064FB012175
:1035A00007F110000BF054FA002842D0D8F8103080
:1035B000E0685B681B68002293F814A0594600235A
:1035C00005F0BEF8044668B90620FAF7A5FFD8B999
:1035D0001B494FF4825207F0E3FE6FF00B052846BB
:1035E000BDE8F88F01234561C560468206824372BB
:1035F00080F818A0014640460BF0D8FD054658B1AA
:103600002046FEF76DFBEAE70E4B4361022303748D
:1036100044748474C474DBE7D9F81830002BDED10D
:103620004FF0FF324FF0FF3307F11400F6F760FC64
:10363000D5E76FF00C05D2E7B5810200AB150200AB
:10364000A4070200F081020070B5044600F10805ED
:10365000EFF31186402383F31288BFF36F8F284660
:1036600002F0A0FA30B984220D490E480AF0B3FFE7
:103670000CF0F9FA284602F0B9FA24681CB1236864
:103680009B0718BF6468284602F09AFA10B94FF4F5
:103690009972E9E786F31188BFF36F8F204670BDFA
:1036A000C3150200AB1502002DE9F0410F46054697
:1036B00000286DD000296BD000F11406EFF31188BB
:1036C000402383F31288BFF36F8F304602F06AFA0B
:1036D00010B98422304910E0304602F087FA3946AA
:1036E0002846AC8B0AF0A8FF60B104F00704231F42
:1036F000022B09D940F22D22284929480AF06BFFF4
:103700000CF0B1FA6FF07704304602F059FA10B9B4
:103710004FF49972DEE788F31188BFF36F8F14F1CD
:10372000780F32D1EFF31187402383F31288BFF370
:103730006F8F304602F036FA0028CAD0304602F0C9
:1037400055FAAC8B04F00704022C0FD0012C0CBFEF
:103750006FF004046FF08504304602F031FA00285F
:10376000D6D087F31188BFF36F8F0EE0EB8B13B9C0
:1037700040F2EF12C0E7013B9BB2EB83002BEBD191
:103780003A4621462846FAF719FC2046BDE8F08162
:103790006FF01504F9E700BFC3150200E3710200E2
:1037A000AB15020000F00F02082A08B541B206D995
:1037B0000E490F48E7220AF00EFF0CF054FA10F001
:1037C000080F0C4B0AD100294FF0140101FB023302
:1037D000B4BFD3F80806D3F8080708BD0029B4BF62
:1037E000D3F8A806D3F8A807F7E700BF0B820200BA
:1037F000AB1502000070024008B500F00F03082B63
:1038000007D9074907484FF48B720AF0E4FE0CF021
:103810002AFAC043C0F3C01003EB001008BD00BF7C
:103820000B820200AB1502002DE9F0410446EFF3D4
:103830001186402383F31288BFF36F8F410600F097
:10384000080723D017BBDFF8AC80FFF7D5FFD8F807
:10385000005025FA00F3DA0718D50123834025EA42
:10386000030563B2DB4324F08002DB0F02F2DA329D
:103870001B0103EB42031C4AC8F80050C2F8003891
:10388000D2F8043843F00203C2F804382046FFF7A8
:10389000B3FF164A0125136805FA00F023EA000376
:1038A000136067B9124F2306D7F80080204614D45E
:1038B000FFF7A2FF05FA00F028EA00003860204672
:1038C000FFF79AFF084A01238340C2F86C3486F35D
:1038D0001188BFF36F8FBDE8F081FFF78DFF854042
:1038E00045EA08053D60EAE70070024044CC00204C
:1038F00040CC00203CCC00202DE9F0414FF0FF32BD
:103900004FF0FF3306464D48F6F7F2FA4C4B802253
:10391000C3F884215B681A0615D54A4F4A4B3C68A8
:103920001B686FF30F041C434FF00108002C43D1B8
:10393000464D40F2FF133B602720C5F80445FBF7D6
:1039400083FCC5F80043424A13788BB13F4B0021FA
:10395000C3F808110121C3F80026C3F80416596002
:10396000D3F808110029FBD00021C3F80811117009
:10397000364B0024C3F80045FEF716F92F48F6F73A
:103980000BFB21463046FDF739FD054648B30620BE
:10399000FAF7C2FD30B12F4B436102230374447424
:1039A0008474C4742C494FF4825207F0F9FC6FF010
:1039B00004042046BDE8F08194FAA4F5B5FA85F533
:1039C0000F2D2B46C6BFA5F11003D8B243F08000DF
:1039D000030701D4FFF728FF08FA05F524EA0504D8
:1039E000A4E780213046FDF709FD044660B10620BA
:1039F000FAF792FD0028D5D0164B436102230374D9
:103A000045748574C574CDE7144B15491868FFF7E4
:103A10004BFE051ECDDA0820FAF77EFD38B1114BBA
:103A20004474C0E90535032303748474C4740A49DB
:103A30004FF4C25207F0B4FC2C46BAE71C0D00202C
:103A400000E100E040CC002044CC002000700240A7
:103A50003CD30020388202005C070200D4CB002057
:103A6000D8CB00205B82020070B50446FFF7C4FE8D
:103A7000EFF31182402383F31288BFF36F8F631E2D
:103A8000062B1AD8224E234B31681B680B43C340C8
:103A900013F0010308D1204D04F5947445F8243047
:103AA000012383400B4333601C490C6824FA00F364
:103AB000DB0720D540F253420DE0882C11D1144B86
:103AC0001B68C340DE07EFD5124B1B68C340DD0700
:103AD000EAD540F24A42124912480AF07CFD0CF045
:103AE000C2F82406E0D50A4B1B68C340D907DBD5D2
:103AF00040F24F42EFE70123834023430B600A4B20
:103B00008021C3F8041182F31188BFF36F8F70BD59
:103B10003CCC002040CC00200070024044CC00206F
:103B20000B820200AB15020000E100E070B50D460B
:103B300006460BF04FF8037ED906044622D4FFF761
:103B400083FDF8B1802D16D1437E9A0744BF0E4AFB
:103B500015705B070FD50D4B1B7813B90C4B012269
:103B60001A6520460BF0DCF9002201463046BDE81C
:103B700070400BF07CBA2846FFF776FF237E43F0B7
:103B80001003237670BD00BF3FD300203BD300203D
:103B90000070024070B506460D460BF01BF8037E20
:103BA000DB06044621D4FFF74FFD0146E8B1ADB96D
:103BB000437ED80719D49A0704D50C4B1D700C4BC3
:103BC0000122DA644B7E5B0708D50A4B1B7863B190
:103BD00030460022BDE870400BF049BA2846FFF796
:103BE00043FF237E43F01003237670BD3FD30020B4
:103BF000007002403AD30020F8B510F008070546DF
:103C000007D01749174840F285420AF0E4FC0CF04F
:103C10002AF8030620D400F00F04A40004F1804425
:103C200004F51C34D4F84434B3B1EFF311864023C7
:103C300083F31288BFF36F8FFFF7DEFD0A49C4F8E4
:103C4000A074012303FA00F20B6823EA02030B605D
:103C500086F31188BFF36F8F044BC3F81855F8BD76
:103C60000B820200AB15020040CC00200070024025
:103C700010B50B7F13F0080407D00A490A4840F238
:103C80008F420AF0A8FC0BF0EEFF084AC2F80C3590
:103C900043F48073C2F80C35087FFFF7ADFF204670
:103CA00010BD00BF0B820200AB1502000070024085
:103CB00010B539B940F23A621B491C480AF08BFC36
:103CC0000BF0D1FF0A7F91F91C0002F00F02082AC5
:103CD00002D940F20E42EFE7154B0028B4BFD3F8EB
:103CE0001045D3F814450123934023420DD1104AC7
:103CF0000028B5BFD2F81005D2F8140503430343DA
:103D0000B4BFC2F81035C2F814350B7F1A0709D4B6
:103D1000074AC2F80C3543F48073C2F80C35087FAB
:103D2000FFF76AFF002010BD0B820200AB150200F6
:103D30000070024010B539B91849194840F24D6277
:103D40000AF049FC0BF08FFF0C7F16484FF0FF3252
:103D50004FF0FF33F6F7CCF82046FFF765FD04F08F
:103D60000F0201239340104A0E4814F0800F14BF35
:103D7000D2F81015D2F814156FEA030315BF0B40E3
:103D80000B40C2F81035C2F81435F6F705F9074BA9
:103D90008022C3F80421002010BD00BF0B82020066
:103DA000AB1502001C0D00200070024000E100E095
:103DB00008B50B7F0B4A13F07F0F03D10123536526
:103DC000002008BD190707D50749084840F26D4291
:103DD0000AF001FC0BF047FF43F48073C2F818357A
:103DE000EEE700BF007002400B820200AB1502003C
:103DF00073B5002400944023224621460646FDF771
:103E0000E9FC0546A0B10620FAF786FB30B1724BFB
:103E100043610223037444748474C4746F494FF47F
:103E2000825207F0BDFA6FF00405284602B070BD5B
:103E300000900246402380213046FDF7CBFC04462B
:103E400060B10620FAF768FB0028E7D0624B4361B7
:103E50000223037445748574C574DFE76049012348
:103E60008B60604B4860C8601868FAF7F5F9051E6A
:103E700011DA0820FAF750FB38B15B4B4474C0E903
:103E80000535032303748474C47454494FF4C25237
:103E900007F086FAC9E7EFF31184402383F3128811
:103EA000BFF36F8F514B4FF40062C3F800240AF048
:103EB0004AFD08B1FDF740F80BF029F8C0B1EFF367
:103EC0001180402383F31288BFF36F8F484BD3F8E0
:103ED000001CC022002968D149F27531C3F8001CCA
:103EE000C3F8142CC3F8001C80F31188BFF36F8F44
:103EF0003E4B0122C3F80025D3F800241205FBD560
:103F00004FF40062C3F800240BF001F8B8B1EFF3EE
:103F10001180402383F31288BFF36F8F344BD3F8A3
:103F2000001C002944D149F27532C3F8002CC3F8B3
:103F3000141CC3F8002C80F31188BFF36F8F0AF0B4
:103F400002FD30B1FDF716F80AF0FDFC08B1FCF7F0
:103F5000F3FF0AF0DCFF254B50B140F2E372C3F8E7
:103F600000284022C3F80428BFF36F8FBFF34F8FA0
:103F70008022C3F81C250122C3F830251D4B40F2D6
:103F8000FF121A601C4B002119601C4B19601C4B5E
:103F900019701C4B9B68012B0ED01B491B4840F22B
:103FA0006D320AF018FB0BF05EFEC3F8142C9BE791
:103FB0000022C3F8142CBEE7FDF7F6FD144B197070
:103FC0000AF0C1FC08B1FCF7D5FF84F31188BFF3F8
:103FD0006F8F002529E700BF728202005C07020094
:103FE000D8CB0020D4CB0020948202000070024085
:103FF00000E0064040CC002044CC00203CCC002017
:104000003CD300201C0D00200B820200AB150200E7
:104010003FD300202DE9F04F87B08B460392817A81
:10402000504A039C2C2000FB01229A46526A536896
:10403000DBF800200493033222F00303BAF1FF3FC0
:1040400008BFB4F1FF3F0593CBF80030564623D0AC
:104050005AEA040224D0BAF1000F15DB04F0E6F9A5
:10406000251841EB0A07049B03F11409EFF31188AB
:10407000402282F31288BFF36F8F484601F092FD11
:1040800080B98422384919E06FF001052D1B4FF0EB
:10409000FF3363EB0A07E6E74FF0FF352F46E2E711
:1040A0000025FBE7484601F0A1FDEFF30582AAB326
:1040B000039B5AEA030331D02C4958222C480AF0BA
:1040C0008AFA0BF0D0FDB7F1FF3F08BFB5F1FF3F13
:1040D00034D055EA070335D004F0A8F9A8420E46BB
:1040E000B94104462ED22C1B67EB0606049BCDE992
:1040F000004603F10C024146484603F0EDFFEFF3A2
:104100001188402383F31288BFF36F8F484601F074
:1041100049FD0028B5D0484601F068FD059A04988D
:104120000421FAF74BFC824608B93443CBD1484608
:1041300001F046FD40B94FF49972A3E74FF0FF3408
:104140002646D3E75446FBE788F31188BFF36F8F09
:10415000BAF1000F01D1CBF800A0504607B0BDE87E
:10416000F08F00BF840D0020C3150200AC82020056
:10417000AB150200C9B2012908B506D9074908489C
:104180007E220AF028FA0BF06EFD03690C2201FB77
:104190000233986C00F0070008BD00BFCE82020019
:1041A000AB1502002649274810B50023264C4B606A
:1041B000CB6001238B60FAF74FF8237933B9234999
:1041C0002348E5220AF007FA0BF04DFD4FF080433B
:1041D000D3F81814D3F81824C90318D502F0030330
:1041E000022B01D00BF0D3FC4FF0804300210222C0
:1041F000C3F81825C3F80411D3F8041101219960FC
:10420000216881B9D3F80421002AFBD012E0D3F849
:104210001424D207E8D5D3F81C2402F00302022AA2
:10422000E0D1216811B1C3F8042310BDD3F80421F3
:10423000002AFBD00022C3F80421D3F80431F4E7AC
:1042400038C90020E498002030C900200B83020008
:10425000AB15020008B5094B1B793BB90849094861
:104260004FF491720AF0B7F90BF0FDFC0BF08FFCE4
:10427000BDE8084004490548FFF716BA30C90020D8
:104280000B830200AB15020038C90020E49800201F
:1042900010B5EFF31180402282F31288BFF36F8FC5
:1042A0002A490B6843F0020413F001030C601AD092
:1042B0004FF08043D3F80C14D3F80C3413F00103FF
:1042C00011D0EFF3118182F31288BFF36F8F204A70
:1042D000936C03F0C00343F00203936481F31188ED
:1042E000BFF36F8F012380F31188BFF36F8F23B16A
:1042F000BDE81040002001F081BC164A12793AB99D
:10430000154940F2051215480AF065F90BF0ABFCAF
:1043100013490A7912B913497722F4E74FF0804222
:10432000C2F80031D2F8003101231360096811B1DD
:10433000C2F8043310BDD2F80031002BFBD00023AB
:10434000C2F80031D2F80031F4E700BF2CC90020D8
:10435000E498002024C900204E830200AB1502001F
:104360001CC900208B83020070B5C9B20129034625
:10437000006907D91649174840F2E1120AF02BF9F3
:104380000BF071FCEFF31186402484F31288BFF325
:104390006F8F0C2505FB0104A46C14F0C00401D040
:1043A000A24211D105FB010001228264002086F3A4
:1043B0001188BFF36F8F30B95B680C2202FB0133A9
:1043C0005B689847002070BD4FF0FF30EFE700BFFB
:1043D000CE820200AB15020070B50D460649411AA7
:1043E0000446491105484022FFF7BEFF2B4601460F
:1043F0002046BDE870401847E498002028030200DA
:10440000012808B506D0032808D078B9094B9B6C61
:104410005B070ED1BDE8084001F0F0BB40F20B3263
:10442000054906480AF0D7F80BF01DFC40F215329A
:10443000F6E708BDE4980020CE820200AB1502002A
:10444000F7B50469087FFFF7D7F91D4A012303FA7E
:1044500000F013680343136003F00CF940200BF0E5
:1044600093FB8434EFF31185402383F31288BFF369
:104470006F8F144801F096FB30B91349134884221A
:104480000AF0A9F80BF0EFFB0E4801F0AFFB4FF07C
:10449000FF3620464FF0FF3709F058FFCDE900679F
:1044A0000B4A0848294603F017FE20B932463B461E
:1044B00020460BF0E1FB03F007FF002003B0F0BD46
:1044C000ECCB0020E8CB0020C3150200AB150200A6
:1044D0007C0D00202DE9F04F904BDFF88482D3F85B
:1044E000542185B01AB30022C3F85421D3F8042311
:1044F00092021CD5D3F8C034002B14BF4FF0012416
:104500004FF48074864B9B683BB9864B1878FFF755
:1045100073F90123834024EA0304D8F80030824A67
:104520002343C8F80030136823F0012313607B4B4A
:10453000D3F8604134B10022C3F86021D3F86C4451
:10454000C3F86C44D3F828214AB10022C3F82821CB
:10455000764B1878FFF750F9012383401C43714BC9
:104560001D7893F9006005F00F02082A02D9D422C1
:104570006F49B4E02F077FD4002EB4BF6D4B6E4B54
:10458000920013441A6842B300221A602846FFF7CB
:1045900009F96A4B1A7800F0010050401870FDF7D5
:1045A00003FB674B28461F68FFF726F9C740014603
:1045B000F80774D4002E66DA882D64D02846FFF7F9
:1045C0001BF9594A0123116883400B431360554A74
:1045D000534881231370F5F7DFFC94B1D8F800300D
:1045E000514A584F24F001210B43C8F8003013689A
:1045F00023EA010313601FFA84F90126B9F1000FC1
:1046000053D1464AD2F800314BB10023C2F80031F1
:104610004D4A13704B4B042118680BF0CFF93F4BF8
:10462000D3F85821002A00F0A5800022C3F85821B1
:10463000D3F80044C3F80044E00505D5424B0122FD
:1046400008201A700BF0A0FAA10505D53E4B0022F8
:1046500010201A700BF098FA620540F18B803A4AEC
:104660001378002B00F086802C4BD3F82C150029F2
:1046700078D04FF405727BE7344B354A33EA260392
:1046800028BF13467EE733480AF0EAFE02200BF00B
:104690007BFA002E92DB6B1E062B8FD997E7002D3D
:1046A000F7D11E4B0122DA6491E799FAA9F5B5FA20
:1046B00085F506FA05F345F080052946386829EAAC
:1046C00003090AF087FAFEF7BFFF04462846FFF702
:1046D00069F8238A984207D91F4940F2C3121F483C
:1046E00009F079FF0BF0BFFAE2681B1A9BB2024493
:1046F0002382E260002B81D1627E110703D563F330
:10470000C30262767AE72846FFF776F80146114839
:104710000AF0A6FE02200BF037FA6FE700700240A5
:104720001C0D00203ED300203CCC00203FD30020B5
:104730000B82020008710240307102403CD300201D
:1047400044CC002038CC00203DD3002050710240E2
:104750002C710240F4CB0020327E0200AB15020027
:1047600040CC002011700122C3F8082520209A6552
:104770000BF00AFA8B4BDFF84CB2D3F85C3103B381
:10478000894B9B681BB9894B1B785B0619D0854BFD
:104790000022C3F85C21DBF80030854A23F00113C6
:1047A000CBF80030D8F8003023F4803343F0010315
:1047B000C8F800301368042023F0011313600BF0D5
:1047C000E3F9DBF80050D8F800301D4000F0D88045
:1047D000744BD3F82C95B9F1000F40F0D18072489A
:1047E00000220023F5F784FB002840F0C98015F073
:1047F000012314BF93FAA3F595FAA5F5B5FA85F54B
:104800000F2DECB2C8BF103C6A4BCCBFE4B244F0F1
:104810008004186821460AF0DDF90190FEF714FFC4
:10482000064610B940F26B22A2E663B20293002B57
:1048300004F0080303932DDA019A038AD28BC76828
:10484000C2F30A0293429BBF767EC6F3C00692462D
:1048500086F0010607F060428EBF00269A46F6B247
:10486000B2F1005F0BD0BAF1400F02D940F27A22C8
:104870007EE639465048504F52460BF0AFFC002EB2
:104880004CD0DBF800200121A94022EA0102CBF83C
:10489000002043E004F00802424BAAB1D3F8C03430
:1048A00013F4803F08BF9946338A56F80C7F304690
:1048B0001F4409F0D3FF07F06042B2F1005F824667
:1048C00007D040F2852253E604F5947253F8229003
:1048D000EAE748453AD20820F9F71EFE50B1374AB8
:1048E000C0F81CA0C0E90529042202740022427409
:1048F0008274C27432494FF4015206F051FD5146A0
:104900003046FDF72DFA019BDA8BC2F30A024A45C5
:10491000B7D1304609F0A2FF0028B2D00AF0F7FA6A
:1049200018B1204A8221C2F81C1C204BD8F8002064
:104930001C70012000FA05F504F00F0422EA0502BC
:10494000082CC8F8002003D9FA2211E6CA46D6E797
:10495000039B144ABBB9029B1421002B01FB0421C9
:10496000A9BF0A3402EB8402C1F80077C1F804A79A
:10497000AFBF42F82400C1F80076C1F804A6506029
:1049800005B0BDE8F08F029B002BB5BFC2F8A07642
:10499000C2F8A077C2F8A4A6C2F8A4A7B4BF506218
:1049A0009064EDE7007002401C0D00203ED3002013
:1049B0003CCC002038CC0020F8CB0020CE83020075
:1049C0005C07020044CC002010B50C46204611467E
:1049D000012203F057FF207FFEF70EFF0146044837
:1049E0000AF03EFD01200BF0CFF8002010BD00BF03
:1049F000F0CB0020F8B50369476818695D68436823
:104A00002E681BB183680BB1C3689BB90620F9F708
:104A100083FD38B1194B43610223037400234374AF
:104A20008374C37416494FF4825206F0B9FC6FF0D8
:104A30001500F8BD002110300AF012FD2969A9B156
:104A4000347A9CB938460AF04AFC88B10620F9F756
:104A500063FD30B10B4B43610223037444748474CF
:104A6000C47407494FF4825206F09AFC0020E0E734
:104A70002B691A6802B11C7A3472F7E7ED830200E1
:104A8000A407020017840200F8B50469A0340D469B
:104A900000AF0221204609F0DBFF854217D1124A00
:104AA000124B6E4688B0002D18BF13466A46104957
:104AB0001048CDE905134FF40073ADF81C300E4BD0
:104AC00042F8103F4FF4E45107F01CF8B5462DB101
:104AD0000421204609F061FBBD46F8BD6FF00401DA
:104AE000204609F069FBF7E741840200498402008F
:104AF0005084020054070200030000012DE9FF4822
:104B0000B84E0446EFF305833BB1B74940F221129A
:104B1000B64809F060FD0BF0A6F8B54B9F68EFF3BF
:104B20001185402383F31288BFF36F8FB14801F0E2
:104B300039F810B98422B049EAE7AE4801F056F8D6
:104B4000AE4A9368002B00F0D58002F10C0001F012
:104B500037F810B94FF49972EDE785F31188BFF378
:104B60006F8F4FF0FF31002003F066FD10F0080F4B
:104B7000814630D04FF0FF324FF0FF33A048F5F7B9
:104B8000B7F9EFF31181402383F31288BFF36F8FDE
:104B90009C4B1B7883B19C4BD3F8002412F4007219
:104BA0000AD10120C3F82C05D3F82C05D3F8000452
:104BB000800548BFC3F82C2581F31188BFF36F8FA0
:104BC0008F48F5F7E9F901212046FFF75DFF032142
:104BD00020460AF0F3FE19F0100F07D000212046FE
:104BE000FFF752FF022120460AF0E8FE19F0200FDD
:104BF00007D000212046FFF747FF022120460AF098
:104C0000DDFE19F0020F40F0858019F0010F07D08A
:104C10007E4809F0F1FB01250746002F40F02F8167
:104C200019F0040F34D0784B4FF0000C86F800C018
:104C3000D3F88074FFB28DF81070D3F88454EDB2BD
:104C40008DF81150D3F88824D3F88C1442EA01224D
:104C500092B2ADF81220D3F89014D3F8940441EA3C
:104C60000021ADF81410D3F89814D3F89C0441EA4D
:104C7000002189B26648ADF81610002F40F0188167
:104C8000052D40F0158101230370002900F01C81DF
:104C900019F0400F3FF436AF20695E4F4FF0FF32FE
:104CA0004FF0FF3384300AF0E7FF3D68002D40F0FD
:104CB0006E81EFF3118B4FF0400989F31288BFF337
:104CC0006F8F554800F06EFF00283FF433AF524815
:104CD00000F08CFFEFF3118389F31288BFF36F8F1D
:104CE00083F31188BFF36F8F002B40F08F814B4906
:104CF000BB220DE74FF0FF31C7E918134FF0FF302B
:104D00004FF0FF31CDE90001294602F10C0003F01C
:104D1000E3F926E7424809F06FFB4FF0010B8246AA
:104D2000BAF1000F3FF471AF9AFAAAF3B3FA83F322
:104D30000F2B1D46C6BFA3F11005EDB245F080054F
:104D40000BFA03F3294620462AEA030A09F042FF38
:104D50002B0680466CD50AF0E3F80746A0B9082078
:104D6000F9F7DAFB38B12F4B4774C0E90535032357
:104D700003748774C7744FF4C2522B4906F010FBBA
:104D800040F2DE422949C3E698F8182022F01002CA
:104D900088F818200146002220460AF068F9802D84
:104DA0001AD17B7E9F0702D440F2E642EAE7164B17
:104DB00086F800B0C3F850B0236918680AF0B0F85C
:104DC000014648B1437E580702D440F2F342D9E786
:104DD000002220460AF04BF929462046FEF7A6FE9F
:104DE0009EE700BF3AD3002062840200AB150200A8
:104DF000BC9C0020780D0020C31502006C0D002023
:104E00001C0D00203DD3002000700240F0CB00209C
:104E10003BD30020ECCB0020E8CB0020F0150200B3
:104E2000F4CB0020858402005C0702000B820200A4
:104E30000AF076F80146B8B903900820F9F76CFB40
:104E400040B18F4B03994174C0E9053503230374C6
:104E50008174C1748B494FF4C25206F0A1FA2946FD
:104E60002046FEF797FE5BE798F8182022F0100224
:104E700088F81820204600220AF0F9F8EFE797FAA0
:104E8000A7F3B3FA83F30F2B1946C6BFA3F11001A2
:104E9000C9B241F0800105FA03F30A0627EA0307C5
:104EA000204602D5FEF742FEB7E6FEF773FEB4E6F3
:104EB000754980F800C0D3F87024097891420AD16E
:104EC000724B00221A7014E002F07F02ADF812203B
:104ED000ADF81410F4E76D4A012111704FF4A0628F
:104EE0000170ADF81020D3F87034ADF81230CDF861
:104EF00014C027694FF0FF324FF0FF3307F18400F1
:104F0000D7F800B0D7F840A00AF0B6FE50460AF035
:104F100007F8014600BB58460AF002F8054608BBF0
:104F20009BF8183023F010038BF818309AF81830DB
:104F300023F010038AF81830F5B904AB03CB40F224
:104F40000113C7F8A800C7F8AC10A7F8B030206963
:104F5000843009F0FBF99BE66FF0670220460AF007
:104F600086F8D3E76B7EDB07DAD46FF06702294659
:104F700020460AF07CF8CEE704A90822284609F06A
:104F8000E1FF0022294620460AF071F8DFE795FA92
:104F9000A5F9B9FA89F9B9F10F0F4946C6BFA9F1C8
:104FA0001001C9B241F08001204609F013FE90F8CB
:104FB0001CA04FF0FF324FF0FF3305463448F4F7A2
:104FC00097FF5046FEF730FC3148F4F7E5FF314BD0
:104FD0008022C3F80421284609F0A2FF014678B9CF
:104FE0002B7E60F304132B762B48494609F099FE7B
:104FF0003B68012202FA09F223EA02033B6054E60D
:105000006FF0700220460AF032F8E4E7DFF890A073
:10501000DAF80070574524D01FB3384602F0A8F9DB
:1050200007F1180002F03EFCC7F8A050384602F025
:1050300039FFEFF3118389F31288BFF36F8F83F386
:105040001188BFF36F8F002B3FF451AEDAF8007078
:10505000574501D0002FE0D11048594602F0DCFA44
:1050600009E00E4800F0ACFD00283FF473AD8BF36F
:105070001188BFF36F8F2069843009F067F941E52B
:105080009E8402005C07020039D3002038D3002040
:105090001C0D002000E100E0F4CB0020E8CB002054
:1050A0007C0D0020F8B5EFF31187402383F31288BD
:1050B000BFF36F8F1E4A136823F0020113F0010340
:1050C000116029D11B4A12793AB91B4940F22B12BF
:1050D0001A4809F080FA0AF0C6FD194E327912B961
:1050E00018498922F4E74FF080440122C4F80823CC
:1050F0006260C4F80031D4F8003142F21075D4F87F
:105100000C24D4F80C34D2030BD5DB0709D50120CD
:10511000EEF704FB013DF2D187F31188BFF36F8FE7
:10512000F8BD0AF034FC0028F6D000237371F3E7D1
:105130002CC9002024C900204E830200AB150200B8
:105140001CC900208B830200014B00201B681847FC
:1051500024C90020014B1B68184700BF24C9002048
:10516000024B0B6001231360704700BF38CD002055
:1051700000487047AC100200074B0122C3E900331E
:10518000C3E902224FF08052044B51691960126941
:105190005A600020704700BF40CD002038CD00206D
:1051A000B0F5A47F09D1054B1A68D2F8003223F478
:1051B000806323F00403C2F800327047E409002042
:1051C0000A4B0B481A7801239340C0F80835D300E6
:1051D00003F1804303F5F83302F511720021C3F89F
:1051E0001015C3F8141540F82210704727D400207A
:1051F00000F00140034A430900F01F00D35C18444B
:10520000C0B270479E120200037C024613F01F00DA
:105210000DD1084B9A420BD0D3897F2B08D892F935
:105220000E30002BACBF4FF42470002070470020DC
:10523000704700BF488600200B4B1A689A420FD077
:1052400072B1D2E904321B1A62EBE072B3F1004F83
:1052500072F1000104DA002AACBF18460020704742
:105260006FF00040704700BFF409002030B5214BBB
:1052700021481B78214C224DDA001044214A00219C
:10528000C2F81811D2F818211F4A1278D10001F182
:10529000804101F5F8319B00C1F81045A4F5983420
:1052A000A4F58A74C1F8144502F51171174C44F83D
:1052B000210017490878C10001F1804101F5F8315A
:1052C00003F18043C1F8105505F5973503F5F83320
:1052D00005F58475C1F81455012101FA02F28140E7
:1052E000D3F8000811430243C3F80028C4F804159A
:1052F00030BD00BFDAD3002004F001401841014066
:105300001011004000400140DCD3002000F00140BB
:10531000DBD300204FF08042D2F81015D2F81035C0
:1053200001F01E0123F01F030B4343F00103C2F8F9
:105330001035024B00221A70704700BF29D400209C
:1053400038B5054608200C46F9F7E6F848B1094B90
:10535000C461C0E9053504230374002343748374D6
:10536000C37405494FF4015206F01AF86FF01500A6
:1053700038BD00BFF784020094060200F8B50F4D57
:105380002B68D3F804430126002704B9F8BD94FA2A
:10539000A4F3B3FA83F3980006FA03F300F58070E0
:1053A00024EA03042B681A58002AEED01F501B5819
:1053B0006B68002BE9D0A9689847E6E7E40900206C
:1053C00038B5184D184C2A460023E15C12F8010D3F
:1053D000884204D10133102BF7D1002038BDA82218
:1053E000114800210AF056FC032323610F4A636130
:1053F0000F4BA261E3614FF4806323620023A36239
:105400006362E36222660B4A62661022A266236729
:10541000E366636715F8012DE2540133102BF9D1CF
:10542000DBE700BF9D12020000000020148502008F
:10543000B8000020A800002008B510491048EBF77C
:1054400071FEC8B9EBF75CFE0E4B0F491A78D3001A
:1054500003F1804303F5F833C3F810150B49C3F883
:105460001415012393400A4AC2F80435094B1B68FE
:1054700040F20442C3F8002208BD00BFB409002076
:10548000CC09002027D400201841014000A0004092
:1054900000F00140E409002008B5064808F036FF96
:1054A00020B1054807F0EAF9002008BD6FF01200AE
:1054B000FBE700BF60030200D9F9010008B509F05D
:1054C00026FD00B34FF08042D2F81015CB071AD555
:1054D000D2F8103501F01E0123F01F030B43C2F870
:1054E0001035D2F808315BB1D2F8103523F01F0324
:1054F0000B4343F00103C2F810356FF08B0008BD79
:10550000024B01221A700020F9E700BF29D40020C5
:105510002DE9F04111F0010406460D4612D1AB070A
:10552000C5F340041CD5104DD5F820457460C5F86E
:10553000204509F0ECFC08B1D5F82035003C18BF37
:1055400001240DE04FF0A048D8F820750760C8F896
:10555000207509F0DCFC08B1D8F82035002FDED02A
:105560002046BDE8F08100BF000300500D4B1868D5
:10557000010A0006BFF35F8F0B4BD3F804351818F0
:1055800041F10001B3F5801F0AD2084BD3E9002393
:10559000904271EB030303D210F1807041F10001DE
:1055A000704700BF34CD002000100140288E00203D
:1055B00008B5054B1B682BB9FFF7D8FF034B1B68D9
:1055C000C01A08BD0020FCE730CD0020208E00204E
:1055D0001FB504460D22002168460AF05BFB0A4B0A
:1055E00000930A4B5B7CE0B2013B8DF808008DF81C
:1055F00009008DF80A30684601238DF80B3005F05C
:1056000033F804B010BD00BF000101009C09002068
:1056100070B5344B344E1B6801241C61FFF7D0FD7C
:10562000EBF78CFDEBF772FD304B1878304B1B78A5
:1056300004FA00F5C1009C40DB0001F1804103F158
:10564000804301F5F83103F5F83300F511700022BD
:105650002C43C6F80845C1F81025C1F8142546F8B2
:105660002020C3F81025C3F81425224B224C1B78A8
:105670009B0003F1804303F5F833D3F8001821EAC7
:1056800005011E4DC3F80018C4F800222B7813B989
:10569000687DFFF79DFF1A4BC4F80435BFF35F8F99
:1056A0000023C4F81031D4F8103101232361124BC8
:1056B000D3F81021002AFBD00022C3F81021D3F820
:1056C0001021EA7D5AB140F21312C3F80022FFF70D
:1056D000CDFDFFF7B1FE0B4B01229A6170BD40F288
:1056E0001712F2E7E409002000F00140DCD30020AB
:1056F000DBD30020DAD3002000100040E0C30020FC
:10570000DDD300200040014010B5194CE37D3BB1D2
:10571000184B1B6801225A60DA600022C3F800228D
:10572000EBF706FD14491548EBF7FCFC237813B999
:10573000607DFFF74DFF124B124AC3F80425BFF3FB
:105740005F8FE27D7AB140F21312C3F80022094A5A
:10575000116801220A605A600B4B0C4A1A600C4B0C
:1057600006221A7010BD40F21712C3F80022F3E7A8
:10577000E0C30020E4090020B4090020CC09002087
:1057800000100040DDD30020FCCC0020A19D0100D2
:105790004CD100200146C80708B506D52C480AF0B0
:1057A0000EF82C4B00BAC3F81C058A0706D52A4808
:1057B0000AF005F8274B00BAC3F820054B070AD5B5
:1057C0002648244909F0FBFFC1F82405244809F0C4
:1057D000F6FFC1F8280509F0E5FFB8B31C4B214AD4
:1057E0005B7C052B1B4BD3F81C15D3F8200518BF89
:1057F0004FF07F424140114228D1D3F82415D3F80D
:105800002825C1F30720CBB2834214D0C1F307404F
:10581000834210D0B3EB116F0DD0D1B28B420AD0BE
:10582000C2F307218B4206D0C2F307418B4202D05C
:10583000B3EB126F0AD1074AD2F8743723F08073A2
:1058400023F0010343F08073C2F8743708BD00BF32
:105850009C09002000100040A0090020A40900209D
:10586000A80900200000FFFF2DE9F041564E3378D3
:10587000002B00F0A2803378012B00F0A180534B65
:1058800000241C60524B93F800C0524B1878524BC6
:105890001F78524B1978524B01251A7805FA0CFEE5
:1058A00005FA00F34EEA030305FA07F843EA080392
:1058B00005FA01F843EA080305FA02F843EA080387
:1058C000DFF82C8198F8008005FA08F843EA08030D
:1058D000DFF82081C8F808354FEACC0303F1804394
:1058E00003F5F833C000C3F81045C3F81445FB00B6
:1058F00000F1804003F18043C900D2000CF5117C17
:1059000000F5F83003F5F83307F5117701F1804120
:1059100002F1804201F5F83102F5F83248F82C40E6
:10592000C0F81045C0F81445C3F81045C3F8144535
:1059300048F827402B4BC1F81045C1F81445C2F870
:105940001045C2F81445C8F81045C8F814451B782E
:10595000254F9B0003F1804303F5F833D3F800286B
:1059600022EA0E02C3F800283B681D61EBF7E6FB54
:10597000EBF7DEFBFFF724FC0320EBF7E5FBEBF78F
:10598000C5FB1A4B4FF0FF32C3F80042C3F808239F
:10599000C3F81041D3F810211D61D3F81021002A5B
:1059A000FBD03B6800204FF0FF32C3F80002C3F881
:1059B000082301233370BDE8F0816FF00C00FAE793
:1059C0006FF07700F7E700BF4CD10020FCCC00203F
:1059D000DCD30020DBD3002027D4002042D30020DA
:1059E00041D30020DAD30020E40900200010004059
:1059F00040D3002000F0014008B509F088FA40B11A
:105A00004FF080430022C3F80C21C3F81021C3F8E3
:105A1000382509F07CFA002846D04FF080524A4BD6
:105A2000D2F80414C3F82015D2F80814C3F82415CA
:105A3000D2F80C14C3F82815D2F81014C3F82C159A
:105A4000D2F81414C3F83015D2F81814C3F834156A
:105A5000D2F81C14C3F84015D2F82014C3F844152A
:105A6000D2F82414C3F84815D2F82814C3F84C15FA
:105A7000D2F82C14C3F85015D2F83014C3F85415CA
:105A8000D2F83414C3F86015D2F83814C3F864158A
:105A9000D2F83C14C3F86815D2F84014C3F86C155A
:105AA000D2F84424C3F8702509F07CFE18B1274BC6
:105AB000274AC3F88C2609F075FE18B1254BFB2246
:105AC000C3F8182509F06EFE58B14FF080424FF030
:105AD0008051D2F8E43ED1F8581261F30303C2F8C2
:105AE000E43E09F05FFE20B11B4B4FF40072C3F897
:105AF000402609F00CFA48B14FF08043D3F8002457
:105B0000D20744BF6FF00102C3F80024134AD2F851
:105B1000883043F47003C2F88830BFF34F8FBFF36F
:105B20006F8F4FF08053D3F83021082A0BD1D3F870
:105B30003431042B81BF4FF01023D3F808224FF0EB
:105B40008043C3F8582508BD00C000400050004005
:105B50004881030000F000400090024000ED00E0AA
:105B6000034B186810F0010001D1F9F75FBB7047D3
:105B700000E100E038B501460446094808F057FF47
:105B800040B1D0E90432D4E904155B1842EB0502B8
:105B9000C0E904322046BDE8384009F007BF00BF25
:105BA000F4090020006838B1044B1B7C00F00300AE
:105BB000C01A18BF0120704701207047BC9C00200C
:105BC000002302680360EFF30581074B986811B169
:105BD000017CC90705D41B7C1843831A58425841DD
:105BE00070470120704700BFBC9C0020024B1A7C0C
:105BF0009B68134303607047BC9C002030B4104B7B
:105C00000C2202FB003301460020D3E91052186435
:105C1000EFF31180402484F31288BFF36F8F9C6CE4
:105C200004F0C00444F002049C6480F31188BFF3C4
:105C30006F8F1DB12B46034830BC184730BC7047EE
:105C4000E49800202803020030B50346406885B080
:105C50000C4610B9084605B030BD92B91A689D6867
:105C6000019208F0D2FD01A9054320460395F9F7FA
:105C700091FB10F1160F02D16FF01500EBE7013028
:105C8000E9E7421E104209D00820F8F745FC58B950
:105C90000A494FF4C25205F083FBEDE77F28F3D9A0
:105CA00019680A42DAD0EFE7054B4361032200236B
:105CB0008361027443748374C374E9E7DC060200F1
:105CC0001D85020001460148FDF772BB600302001A
:105CD0002DE9F8431B4E756AB36A8046F069AB4202
:105CE0000C46284421D8376AA7EB050909F1FF3291
:105CF0008A4208D30A462C4441460AF06FFA74627D
:105D00000120BDE8F8831344994219D84A46414618
:105D1000EF1B0AF063FA3F1905D0F0693A4608EB29
:105D200009010AF05BFA7762EAE7013B5B1B9942E3
:105D300006D80A46254441460AF050FA7562DFE764
:105D40000020DEE7000000202DE9F84307460E465C
:105D500001243368002B51D064F07F05EDB2294651
:105D600030465FFA84F808F08FFF28B3294638469A
:105D700008F08AFF8146B8B90820F8F7CDFB50B18A
:105D80001F4B80F81190C0E905350323037480F898
:105D9000129080F813901B494FF4C25205F000FB9B
:105DA0006FF01500BDE8F8832946384608F05DFF1E
:105DB0002946304608F059FF3368E340DB071AD51F
:105DC0003D68E54015F001050DD10820F8F7A4FB6A
:105DD0000028E0D00A4B4574C0E90534032303745E
:105DE0008574C574D7E74146384608F03EFF414602
:105DF000304608F03AFF0134102CAAD10020D1E738
:105E000043850200B40702002DE9F043354E96F8B1
:105E1000128085B004460F461546B8F1000F17D121
:105E20000620F8F779FB48B12F4B43610223037436
:105E300080F8118080F8128080F813802B494FF48D
:105E4000825205F0ADFA6FF00C0005B0BDE8F083AA
:105E5000082004F08BFCF368A3EB4003AB423ED375
:105E6000204608F022FC0C3056F82080CDF8048043
:105E7000B8F1FF3F03D16FF00100E6E7904602A9B9
:105E800001A804F03FFD0028DFD1BDF808904C4583
:105E900007D102A91FFA88F009F0D1FE003818BF17
:105EA0000120019A7368934216D00028E6D0BDF80D
:105EB0000C30002BDFD0AB42BDF80A0028BF2B46C8
:105EC0006FF30F081A463946404404F0D9FC002805
:105ED000BBD1BDF80C00B8E74C45E8D0CBE76FF07C
:105EE0001500B2E7409E0020608502009C0602007B
:105EF000F8B5032105460020F9F7B8F91C4B1A79CB
:105F0000002A2FD11B491C4A0C791A6001221A71F0
:105F100044BB1A4B0B600A7109F039FD00B14C719A
:105F2000174B1C79F4B9174A1A6001261E714FF0FD
:105F300080430222C3F81825FFF712FE2B69A3B194
:105F400020222146184609F0A5FE0F4F07618664FE
:105F50002D6920222146A81809F09CFE2F636E654A
:105F60002046F8BD6FF00400FBE76FF01500F8E77E
:105F700024C900201CC9002001440100495101002E
:105F800030C9002055510100B410020008B5036863
:105F9000590910D0012906D14FF6FF7203F01F03F3
:105FA000DA40D2070AD4094909484FF4826208F05E
:105FB00012FB09F058FE4FF0FF32EFE703600129B2
:105FC000044818BF4FF0A04008BD00BF7485020010
:105FD000AB1502000003005070B5164605690C466B
:105FE00031B964220F49104808F0F5FA09F03BFE78
:105FF0004B680BB96522F5E76B681BB1281D08F0EB
:106000001BFB38B956B16B682360AB686C601BB979
:10601000AC6001E0002EF6D1002070BD6FF01500DD
:10602000FBE700BFA7850200AB15020038B54309A6
:1060300006D10E4B596819B101250C68854001B98C
:1060400038BD8A682A400AD04B6833B908490948E4
:10605000892208F0C0FA09F006FE074898471CB1EB
:10606000236821461C46EAE72346FAE7E49C002021
:10607000A7850200AB150200440302002DE9F04F92
:10608000012985B0044640F099804368D0F810A0FB
:106090001A6B5368117A03EBC10199422FD800257E
:1060A0002E46DAF8003006F5AC7253F82230002B99
:1060B0000EDB03A80393FFF769FF039AD0F80435BA
:1060C000D34013F001031CBF0123B3402B43DDB2C7
:1060D0000136042EE5D1002201206368196A00FA16
:1060E00002F32B40B3FA83F35B09DB0321F8123090
:1060F0000132042AF1D1002005B0BDE8F08F5879B3
:1061000000285ED00833C8E7C5F8607573887A1C2C
:1061100003F0010325D03846002B4CD109F075FC63
:106120003168019103A80397FFF730FF039B0199A2
:10613000DFF8A4C000EB8300D0F8003703EA0C0CB2
:10614000C1F3C03383F0010343F00203DBB2C1F3B8
:10615000412143EA810343EA0B2343EA0C03C0F8DD
:1061600000370436009BB34299D033685804C3F318
:10617000C321C3F3080792D41B0E163B18F801B0D5
:106180004F4508BF4FF0FF37032B88D801A151F8C6
:1061900023F000BF09610100A5610100AB610100AE
:1061A000B1610100C5F86475B0E7C5F86875ADE781
:1061B000C5F86C75AAE709F01BFCB1E76FF0850024
:1061C0009AE71E681F791568DFF8108006EB8703D1
:1061D000009340F2FF19C5E7F0F8FCFFB21202008D
:1061E0002DE9F04F804683B0032100AF1C20F9F762
:1061F0003DF8D8F81050D8F8044035B94B49B222D0
:106200004B4808F0E8F909F02EFD2B7BD3B16C4622
:1062100088B0D8F800306A4646494748CDE90513AA
:106220004FF40073ADF81C30444B42F8103F4FF46C
:10623000E25105F067FC6FF07700A5460C37BD46CC
:10624000BDE8F08F3E4BC5E90135002C67D0237FB8
:106250002B753BBBA4F1040904F1100A04F10C0BEB
:1062600059F8046F731C19D09AF800303046002B8F
:1062700036D009F0BDFB381D7E60FFF787FE7B68D6
:1062800000EB8300D0F8003723F4413323F4437349
:1062900023F0030343F00303C0F80037D9450AF1A4
:1062A000010ADDD194F81DE0218B94F815C0A67D7C
:1062B000A27EE07E2B68BEF1000F0BD1D4E900A9CD
:1062C000D4E902E4C3F860A5C3F86495C3F868E5AF
:1062D000C3F86C450C0406D51A4940F259328FE7D1
:1062E00009F093FBC7E742EA0022C3F80CC5C3F8E4
:1062F0000465C3F80815C3F8102528680022C0F803
:106300001021D0F81011C0F80821D0F80811C0F8F9
:106310000C21D0F80C2140F30730F8F787FF012358
:1063200009492B73404609F0E2F987E7E38502004B
:10633000AB1502001E8602000C07020003000001DC
:106340006BF701003E8602007D60010038B5374CD6
:10635000374BC4F80833C4F848330023C4F8083571
:10636000344B4FF0FF304FF0FF31C3E902014FF4DF
:106370008033C4F804330223C4F804332E4B4FF4A3
:106380000032C3F8802103211120F8F76FFF11209C
:10639000F8F74CFF0125294BA5600021256028480E
:1063A0001D6006F0F3F82748294607F0EAFE80B999
:1063B00025494860C86025488D60F7F74DFF0028E3
:1063C00007DA234923484FF42D7208F004F909F045
:1063D0004AFCEFF30583D3B1EFF31181402383F33C
:1063E0001288BFF36F8F01234FF08040D0F818441C
:1063F000D0F81824E403F9D502F00302022AF5D1FB
:1064000083B181F31188BFF36F8F002038BD124A2A
:106410001278002AE0D04FF080420221C2F808131F
:106420001946E1E7C0F80423EFE700BF0010014080
:1064300003000F00088E002000E100E024CD0020C2
:10644000FFFF7F0020CD002010CD00200499002008
:10645000CE820200AB150200F6D2002008B509F08A
:10646000C0F930B103490448352208F0B4F809F006
:10647000FAFB08BD70860200AB15020070B52B4E0A
:106480003378002B50D01420F8F7DEFE284C012082
:10649000F8F7DAFE0A20F8F7D7FEFFF7E5F9237BD5
:1064A00033B99B222349244808F095F809F0DBFB17
:1064B000206840F30730F8F7C7FE23680025D3F8BB
:1064C0000022C3F800524FF0FF32C3F80823227BAA
:1064D0000AB9BA22E6E701221A612573174B184C54
:1064E00019782068FFF7BAFF164B20681978FFF774
:1064F000B5FF154B20681978FFF7B0FF134B2068E4
:106500001978FFF7ABFF124B20681978FFF7A6FF49
:10651000104B20681978FFF7A1FF20680E4B04305C
:106520001978FFF79BFF357070BD00BF4CD100207C
:10653000E4090020AC860200AB150200DCD3002089
:1065400058CC0020DBD3002027D4002042D30020E9
:1065500041D3002040D30020DAD30020072808B51B
:1065600007D90649064840F2A73208F034F809F086
:106570007AFB800000F5807008BD00BFE98602004C
:10658000AB1502002DE9F041D0F80480D8F808508E
:10659000064675B395F88C405CBB6022214605F138
:1065A000140009F077FB2F68E0B20134FFF7D6FF43
:1065B000082CF9D10024C7F87C4147F30730D7F8FD
:1065C0007C31F8F733FE012385F88C30AB67D8F8BF
:1065D00008303BB90A490B4840F2714207F0FBFF13
:1065E00009F041FB084A0721C3E903240620F8F714
:1065F0003DFE30460549BDE8F04109F078B800BFDE
:106600001E870200AB1502002D60010067F7010034
:106610002DE9F04F07468BB038B97249724840F205
:106620005C6207F0D8FF09F01EFB8046082258F88C
:1066300004ABDAF80413C9B241F00041504609F046
:106640002AFA051E2FDA0023032108A8CDE9083312
:10665000FEF75EFF654B02930DF120094FF0000B32
:10666000029A634912F8013B0292DA0803F0070329
:106670008A5C22FA03F3DB071CD40BF10103022B23
:1066800009F104094FF0010BEAD14FF0004100225B
:10669000504609F000FA032108A8FEF739FF002848
:1066A000D8D125F000450124002D40F085800BB0A5
:1066B000BDE8F08F4F4B5B440393D9F800100029DD
:1066C000DBD0039B91FAA1F11C78B1FA81F141EA88
:1066D00044142046FEF78EFD07EB40000794828AA3
:1066E000C808C2F3820319F800600193CDE90423BE
:1066F00001F00701012303FA01F126EA010109F87B
:10670000001007A8FFF742FC0799049A059B01F5C2
:10671000E07112F0100F50F82160C6F3014632D03C
:10672000019A2146404609F08FF807A80794FFF721
:106730002DFC079B03F5E073F6B250F82330C3F34A
:1067400001439E4207D10021204609F06BF93146F2
:10675000204609F067F907A80794FFF717FC079B85
:10676000012202FA03F3C0F82035044608F0CFFBFB
:106770000028A2D0D4F82035D4F82035D4F820351C
:10678000D4F8203599E7022E14BF022103212046B8
:10679000049309F047F9049B032B03D0022E07D181
:1067A000012BD8D1019A2146404609F04DF8D2E795
:1067B000032ED0D1022BF4E795FAA5F3B3FA83F3B5
:1067C00004FA03F225EA020503F5A27207EB43037C
:1067D0005AF82220B3F87C10C2F30142404609F077
:1067E00033F861E71E870200AB150200BA120200FF
:1067F000A8100200BA12020010B504460846FEF7BF
:10680000F9FC04EB4000838ADA051CD5C3F343216D
:1068100023F4F853838204F1120204F1720032F877
:10682000023F13F4807F03D0C3F3432399420AD07D
:106830009042F4D104EBC10300225A6004F17800C5
:1068400008F0CFFF00B910BD034904484FF4DB72D4
:1068500007F0C1FE09F007FA1E870200AB1502001F
:106860002DE9F7430D461746044638B95C495D48A3
:1068700040F25E4207F0AFFE09F0F5F90846FEF778
:10688000B9FCD7F800800646B8F1000F25D02046A5
:1068900008F0CFFF40B1204608F0C0FF20B16FF0F4
:1068A000150003B0BDE8F08301A80195FFF76EFB6A
:1068B000019B98F8002000EB8300D0F8003723F00C
:1068C0000F0343EA820304EB4602C0F80037938AC1
:1068D00023F0020343F0010393827B689BB12946B6
:1068E000204693F80080D3F8049008F0A2FF78B116
:1068F000B9F1000FD3D104EB4602938A23F01C03B5
:1069000043EA88039382BB68002B44D10020C8E788
:1069100004EB4600838A23F4604323F02003838240
:10692000B9F1000FE7D0B8F1030FB8D87B68216840
:106930005B6893F800C04FEA8C031944B8F1000F6C
:1069400004D1C1F81085C1F81085D4E7D1F810251D
:1069500022F00302C1F8102522681344D3F8102551
:1069600022F44F3222F44072C3F810252A02D3F8E1
:10697000101502F47C5242EA08420A43C3F810257B
:1069800004EB4C03A3F87C50838A43EA4C3343F076
:1069900020038382AFE7D3E9007829462046FFF73A
:1069A0002BFF002FB2D063689F4208D004F178001B
:1069B00008F0CFFF002806DA6FF00B0071E7A3683C
:1069C0009845F3D1002004EBC003C3E9017804EB40
:1069D0004604A38A43EA402343F48073A38295E7E5
:1069E0001E870200AB15020070B51546044638B983
:1069F0000B490C4840F27A4207F0EDFD09F033F9FB
:106A000008F00CFF48B10846FEF7F4FB04EB400425
:106A10000020A38A5B0B2B7070BD6FF01500FBE7A5
:106A20001E870200AB15020008B50449044840F275
:106A3000A44207F0D0FD09F016F900BF1E8702003E
:106A4000AB1502002DE9F04FD0F80480D50698F878
:106A5000103040F2063589B001F01F0602EA050544
:106A600046EA431654BFC2F340130323B5F5837FB0
:106A700014468DF80A3046D00DD8062D16D005D80C
:106A8000A5B1022D41D06FF0150039E0B5F5807F3A
:106A9000F9D101250AE040F202239D4237D0B5F535
:106AA000407F36D0B5F5007FEDD10225200332D5E9
:106AB000D8F8042001238B40C2F80835D8F8080024
:106AC00090BB05A80596FFF761FA059BC4F300414A
:106AD00000EB830081F00101C4F34043D0F80027AC
:106AE00043EA41039DF80A1022F4E16243EA81037C
:106AF00022F0070243EA05231343C0F800370020C1
:106B000009B0BDE8F08F0725D0E70425CEE70525BD
:106B1000CCE70325CAE7620341BF0123D8F804206C
:106B20008B40C2F80C35C9E70DF10B023146FFF777
:106B30005BFF14F44039D8F80870019042D13FB996
:106B400040F29D425549564807F045FD09F08BF843
:106B50003046FEF74FFB07EB4004A38ADB0726D540
:106B60003146384608F071FF3146384608F056FE87
:106B700040B1A28A3B68520B03EB8203C3F8109525
:106B8000C3F8109531463846FFF736FE0023A3823E
:106B900005A80596FFF7FAF9059B00EB8300414B2A
:106BA000D0F80027134043F00203C0F80037019BE0
:106BB000002BA4D1D8F808309DF80B10002B63D11E
:106BC000FFF732FF002303AACDE90623314605AAC9
:106BD0003846CDE903330593FFF742FE00288ED1F6
:106BE00014F40033D8F8087040D004F4803B84F4E7
:106BF00080349DF80AA0C4F3004417B94FF48D62A5
:106C0000A0E73046FEF7F6FA31468146384608F0EE
:106C100010FE28B9384608F001FE00287FF46FAF57
:106C200007EB4907BB8A03F01C031BB1BBF1000F44
:106C30003FF465AF05A80596FFF7A8F9059B00EBA3
:106C40008300D0F8003723F4E16323F0070343EA1D
:106C50008A0343EA440343EA052343F00103C0F8EF
:106C60000037BB8A43F00303BB82A0E7CDE90633BC
:106C700005AA0DF10A03314638460593FFF7F0FDEA
:106C800000287FF43CAF92E7074808F0AAFD0028EF
:106C90003FF435AF0549FC2255E700BF1E870200CF
:106CA000AB150200F0F8FCFFFC0900205C87020035
:106CB0002DE9F0434568287C01F01F0444EA4014A4
:106CC000A86889B0002800F0CC80B2F5001F06D17A
:106CD000214608F0BAFE002009B0BDE8F0836868DC
:106CE0006E7CC0F8246503A80026B2F5800F0396D9
:106CF00046602CD1B3F1007F14BF052304238DF827
:106D00000C300023CDE906030593EB68CB4013F06C
:106D1000010F0DF1070639D1B2F1A07F36D102A8DB
:106D20000294FFF733F9029B03F5E07350F8233028
:106D3000DB072BD4A86832462146FFF755FE1630F4
:106D400017D1AB6873B940F2AB42494933E0B3F1B4
:106D5000C06F05D0B3F1007F14BF01230223CEE73B
:106D60000323CCE7434808F0F4FD00287CDB8DF8D2
:106D700007000496A86805AA2146FFF771FD0028C0
:106D8000AAD1AD68E5B94FF4A562DEE7A86832463E
:106D90002146FFF729FE0028ECD1AB689DF80710CB
:106DA0000BB9FFF741FE334808F01BFD0028E1D086
:106DB000314940F2F112314807F00DFC08F053FF61
:106DC0002046FEF717FA05EB4006B6F8149019F0C6
:106DD0001C0F02D140F23542B7E72146284608F0A1
:106DE0001DFD2F68D8B1284608F023FD8046B0B9B4
:106DF0004FEA59342046FFF7B1FB47F800803B5873
:106E00002B6803EB8403D3F8102542F00102C3F88A
:106E100010252A680123A340C2F804335BE7D7F8A2
:106E20000433002BA4BF4FF00043C7F80433B38AE8
:106E3000C3F38203042B10D0052B10D002A80294B8
:106E4000FFF7A4F8029BD0F81015D94001F001011A
:106E50000231204608F0E6FD3DE70321F9E7022173
:106E6000F7E76FF0850037E76FF00B0034E700BFFE
:106E70001E870200FC0900205C870200AB1502009F
:106E8000F8B54FF08043D3F8044363070CD54FF4B3
:106E9000847008F029FD38B140F26F124649474826
:106EA00007F099FB08F0DFFEA70607D54FF48A70BC
:106EB00008F01AFD10B14FF4BC72EFE7660607D573
:106EC0004FF48C7008F010FD10B140F27F12E5E72E
:106ED00025060CD54FF48E7008F006FD38B1384BFE
:106EE0001B6813B94FF4C472D8E700209847E00537
:106EF0000CD54FF4907008F0F7FC38B1304B1B689C
:106F000013B940F28F12C9E701209847A1050CD5AB
:106F10004FF4927008F0E8FC38B1294B1B6813B9A4
:106F20004FF4CB72BAE7022098474FF08043D3F872
:106F30000423D20713D5D3F8002182B10022C3F86D
:106F400000210121D3F80021C3F8081308F01FFD28
:106F50001C4B10B15A7912B959711B6898474FF000
:106F60008043194FD3F80443012504F01A04002686
:106F700004B9F8BDB4FA84F0C0F11F00830003F532
:106F800080739BB203F1804305FA00F2196892B254
:106F900024EA02040029EBD01E601B684FF08043F6
:106FA000022AC3F8082303D008494FF4F57276E7A4
:106FB0003B68C0B29847DBE788870200AB15020048
:106FC000D0CB00201CC9002030C900200B83020058
:106FD00008B513683BB94FF45C721449144807F0C4
:106FE000FAFA08F040FE00EB4110C0F82035938813
:106FF00013B94FF45F72F0E7190402D540F2813201
:10700000EBE7C0F824359368B3F1807F02D340F2F8
:107010008A32E2E7C0F82835D368B3F1807F02D323
:1070200040F29232D9E7C0F82C3508BD3E86020006
:10703000AB1502002DE9F843BDF820C0D0F804805C
:107040000469032907460E4691460CF0010C0FD93E
:107050000820F7F761FA40B1734BC0E90536032306
:107060000374002343748374C3744FF4C25221E049
:1070700098F81620012A4FF0010504BF5B084FEA7B
:1070800059098D40002B67D0994568D9A26991456F
:1070900027D0207FA84314D00620F7F73DFA38B157
:1070A000624B436102230374002343748374C374EB
:1070B0004FF482525E4904F073F96FF01500BDE899
:1070C000F8834A46B2F5004F39D2C4F81890607779
:1070D000216898F816E0C1F80C05C1F804E5C1F87C
:1070E0000825627F23FA02F292B2012079688CF0BF
:1070F000010E096A42EACE3221F81620EDB20028CC
:1071000034D1226806F5AC7652F82600002806DB5A
:10711000003B18BF0123634525D108F076FC237F8F
:1071200023EA050323772BB3A37F002B4DD0002345
:10713000A377237B002B3CD14FF4ED7220E001308C
:1071400008284FEA5202BDD1F7F7E6F900288CD0A3
:10715000384BC0E9053982E718461A46C6E70020D1
:1071600047F6FF72C2E708F043FCD8E7237F1D43D0
:107170002577D9E73E690EB1327B3AB94FF4DD721B
:107180002D492E4807F027FA08F06DFD3268C2F845
:107190000032336801255D6073682BB930680221C5
:1071A00008F071FB00B13573337B0123A377002016
:1071B00085E7636833B92068022108F064FB08B1F1
:1071C00001232373237B022BB3D0237B08F12005FB
:1071D00033B1D8F8203003F06043B3F1005F02D040
:1071E0004FF4B172CCE720682A460021FFF7F0FE89
:1071F0002A4601212068FFF7EBFE22680123C2F82E
:10720000143522680021C2F8001210212161216882
:1072100002222273C1F80035616811B12168C1F8FA
:1072200000232268D360C2E7C5870200DA87020024
:107230000C070200EF870200E3850200AB15020095
:1072400070B5044638B91D491D484FF4F27207F075
:10725000C2F908F008FD0068B22108F014FBC3066B
:10726000054607D523695E0704D5636813B1A16895
:1072700001209847A80607D52369190704D5636834
:1072800013B1A168022098472A0607D5206910F09B
:10729000100003D163680BB1A1689847AB070CD508
:1072A00023680022C3F8002501232373636823B1F8
:1072B000A1680320BDE87040184770BDE385020057
:1072C000AB150200154B70B553F82050013053F840
:1072D0002060AE4200D870BD6C68E4B1237EDB074D
:1072E00017D4636983B12046984768B100F1FF0362
:1072F000FE2B06D90A490B48212207F06CF908F049
:10730000B2FCE36840421870E268537843F001032E
:1073100053700835DDE72B689847FAE78C100200B8
:1073200019880200AB15020070B50D4C0D4D0026FA
:10733000AC4212D90C490D48252207F04CF908F04F
:1073400092FC04F10C03C4E90333D4E90112666131
:107350002046F7F789FA1834EAE7F2D3002070BD27
:10736000700B0020880B0020AC820200AB150200DD
:1073700008B5836833B908490848A42207F02BF9F7
:1073800008F071FC08F012FB037C23F00203037485
:107390000023836008BD00BFF0150200AB1502009A
:1073A00038B5174B174CA34227D917491748A222C3
:1073B00007F011F908F057FC996969B1DA6841EAF8
:1073C0000200800708D15869A1FB000525B91218F1
:1073D0002CBF0120002002D36FF015000FE01861D0
:1073E000521A5969884201D32033DCE719691160C8
:1073F00099691A610130521AF3E7DDD3002038BDD4
:10740000500B0020700B00208B7F0200AB15020098
:1074100008B50B4B9B6893F90E30002B09DB402419
:10742000EFF3118384F31288BFF36F8F07F0D9F95C
:10743000F6E7044904481C2207F0CDF808F013FCD5
:10744000BC9C00203C880200AB1502002DE9F74FE0
:1074500098460F9B0F2B04467AD1454880457BD137
:10746000073222F00702FF32109DA58104F1580077
:1074700022F07F02C4E91600042500207F2AA373AE
:10748000C4E90600A0602574E07301F18003A2F155
:10749000800905D880F31188BFF36F8F284602DF7B
:1074A000DFF8E4A0DFF8E4B001938E180AEB0B05D7
:1074B000771B30495246384608F090FE07EB0A0029
:1074C0005A46002108F0E6FB019BC4E92239A38952
:1074D00043F00203A3810F354FF47D43C4F8E43039
:1074E00025F00705244BC4F89050751B23F00103C9
:1074F000083FC4F8987045F8083C0C9B45F81C3CC4
:107500000D9B45F8183C0E9B45F8143C4FF08073DA
:1075100045F8043CA5F1200345F8208C2365119B18
:107520000026C4F89C606665F3B11F22194604F179
:10753000680008F071FE84F88760104B9B680BB1FF
:10754000D3F89430C4F89430284603B0BDE8F08FE7
:1075500003F110001E2883D909490A4840F24B2242
:1075600007F039F808F07FFB119B84F86830E4E7F6
:1075700011740100E4070200F10D0100BC9C002021
:107580005D880200AB150200000000000C00000046
:1075900008B5836833B908490848A42207F01BF8E6
:1075A00008F061FB08F002FA037C23F00203037485
:1075B0000023836008BD00BFF0150200AB15020078
:1075C00008B5114A936850B1197C11F0090F06D122
:1075D0000E490F48D92206F0FEFF08F044FB6FF079
:1075E0000A01C3F8A0100B49C3F89C004B6843F094
:1075F00080534B60002383F31188BFF36F8F936830
:10760000D3F8A00008BD00BFBC9C00208088020009
:10761000AB15020000ED00E038B503460C46B9B9E1
:10762000EFF30585A5B9104A9169926891420FD090
:10763000FEF7C6FA38B940F26D120C490C4806F054
:10764000CAFF08F010FB2846BDE83840FFF7B8BF76
:107650001846FEF7B5FA10B94FF49972EDE784F3C6
:107660001188BFF36F8F38BDBC9C0020C31502008A
:10767000AB15020010B5EFF31184402383F3128899
:10768000BFF36F8F1448FEF78DFA10B984221349A7
:1076900008E01148FEF7AAFAEFF305833BB140F288
:1076A0003B320F490F4806F096FF08F0DCFA0E4B0C
:1076B0009A68D37B012B02D14FF44F72F1E7013B63
:1076C000D373FEF77DFA10B94FF49972DFE784F3B4
:1076D0001188BFF36F8F10BDE09C0020C31502001E
:1076E000061A0200AB150200BC9C002008B568B168
:1076F0000D4B98420AD303F11802904206D2C01AE9
:107700001822B0FBF2F302FB130333B10749084818
:107710003F2206F060FF08F0A6FA064BC01058435F
:10772000054B01221A5408BDE88C0020AA880200EB
:10773000AB150200ABAAAAAA28D40020B3F1FF3FE0
:1077400008BFB2F1FF3F2DE9F74F04461D4608463A
:107750001646994600F08E80216831B1474964226F
:10776000474806F038FF08F07EFAA060EFF3118A70
:10777000402383F31288BFF36F8F4248FEF712FA5B
:10778000804610B984224049EAE73E48FEF72EFAC7
:107790003E4A002DD2E9003B19DB0193FDF708FFBB
:1077A000721C019B45F10005121845EBE075D618D7
:1077B000074645EB0B09C4E90425354D2968A94264
:1077C00021D16B68C4E900531C606C602FE06FF03E
:1077D0000102D21A4FF0FF3363EB0B0B921B6BEBE2
:1077E0000505012A75F10003BCBF01220D464FF0CB
:1077F0000008E0E79B1A60EB0C00C4E9043028465F
:1078000007F015F901460029DBD0D1E9042CD4E9B1
:107810000430934270EB0C0EECDAD21A4B686CEB2E
:107820000000C1E90420C4E900131C604C602B680F
:10783000AB420FD09C420DD1164B1B6853B9B8F127
:10784000000F02D1FDF7B4FE07463846FDF7F4FC01
:1078500004F02CFF0B48FEF7B3F910B94FF49972FE
:1078600091E78AF31188BFF36F8F3046494603B022
:10787000BDE8F08F0026B146F7E700BFD2880200CE
:10788000AB1502002CCD0020C3150200188E00207D
:10789000F409002030CD002001491830FFF74EBF19
:1078A000F57F010070B50446EFF31186402383F3A2
:1078B0001288BFF36F8F2148FEF774F930B9842224
:1078C0001F49204806F087FE08F0CDF91B48FEF757
:1078D0008DF92368E3B11C4B1D6820469D4208BF0B
:1078E0000025FEF747F900224FF00043AC42C4E9FF
:1078F000042305D1FDF75CFEFDF79EFC04F0D6FEE7
:1079000000240E48FEF75CF988B94FF49972D7E766
:10791000D4E90423B3F1004F08BF012A02BF0022BB
:107920004FF00043C4E904236FF01504E9E786F340
:107930001188BFF36F8F204670BD00BF2CCD002093
:10794000C3150200AB150200F409002070B50D4B01
:107950000D4C1E7CFDF758FC182303FB064405461E
:107960002046FFF79FFF094B00229A5545B120465C
:107970000749BDE8704040F28F220023FFF7DEBECA
:1079800070BD00BFBC9C0020E88C002028D40020E3
:10799000ED7601002DE9F84F7E48D0E90034D11A88
:1079A000CB1844F1000422F07F46C0E90034A6F56C
:1079B0000013B3F5400F09D2774B1B681A0A1B0658
:1079C0009C19764B42F10005C3E90045EFF311869F
:1079D000402383F31288BFF36F8F7148FEF7E2F8FC
:1079E00008B9F6F7B9FCDFF8DC916D48DFF8D8810B
:1079F0006C4FFEF7FBF8D9F80040C8F800104C4572
:107A000008BF00244FF0000A4FF0000BD7E9000335
:107A10004FEAE17C54B1D4E90452A9427CEB020E56
:107A20003DDA6D1A62EB0C02C4E9045209184FF0FA
:107A3000000543EB0C032846C7E90013C8F80050C3
:107A4000FDF7FAFB04F032FE5548FEF7B9F80028BE
:107A500038D086F31188BFF36F8FEFF3118740237F
:107A600083F31288BFF36F8F4F48FEF79BF800280F
:107A700042D04D484D4CFEF7B9F84D4BA6681A68F8
:107A8000964249D13046FFF761FF4748FEF798F824
:107A9000C0B187F31188BFF36F8FBDE8F88F281846
:107AA00043EBE573C7E90003C4E904AB2046FEF7E6
:107AB00061F801224FF00043C4E904233848FEF77F
:107AC0007FF838B94FF499723A493B4806F083FD84
:107AD00008F0C9F886F31188BFF36F8FA3682046BA
:107AE0009847EFF31186402383F31288BFF36F8F1B
:107AF0002B48FEF757F808B98422E5E72848FEF737
:107B000075F8D8F80010D9F80040491BC8F80010E3
:107B10004C4508BF002479E7284A1D60237CD35CCC
:107B2000002BB2D03046FDF76FFB0028ADD0337C80
:107B3000DB06A7D13368216A8E4214BF1A460022A1
:107B400071680B605960A368216A2AB91C4AC3E9AD
:107B500000210B6023620AE092F90E5093F90E00A7
:107B6000854212DD5168C3E900210B605360E5696D
:107B7000134B9D4200D005B9E568A368AB4202D023
:107B80002846FFF7E3FEA5617CE78A42DED0126853
:107B9000DBE700BF208E002034CD0020288E00209F
:107BA0002CCD0020188E0020E09C0020BC9C0020E2
:107BB000B89C0020C3150200AB15020028D4002099
:107BC000D89C0020F409002030CD00202DE9F84396
:107BD000846894F90E308B4200F09880EFF31186A0
:107BE000402383F31288BFF36F8F4948FDF7DAFF14
:107BF00010B98422474912E04548FDF7F7FF237C7E
:107C000003F01F02002A0CBF012500254ED103F00E
:107C10007F032374404B9C4206D15A223F4940487F
:107C200006F0D9FC08F01FF8204607F0BFFE237CC1
:107C300043F080034FB2DA07A773237401D55322B0
:107C4000ECE7DFF8E480C14659F81C1F49450BD129
:107C5000D8F82030C4E900931C60C8F820400EE03A
:107C6000484606F0E4FE01460029F1D091F90E30B5
:107C7000BB42F5DD4B68C4E900131C604C60D8F8CA
:107C80001C404C4500D00CB9D8F80C40D8F808304E
:107C9000A34202D02046FFF759FEC8F818401C48FE
:107CA000FDF78EFF58BB4FF49972A3E79B0724D5CD
:107CB000A76817B91B49A422B1E74FFA81F82046FB
:107CC00007F074FE84F80E8039688F4209D17B6812
:107CD000C4E900731C607C60E1E7384606F0A7FE4B
:107CE00001460029F3D091F90E304345F5DD4B688C
:107CF000C4E900131C604C60D1E7A173CFE786F3A1
:107D00001188BFF36F8F2846BDE8F8830025FAE796
:107D1000E09C0020C315020048860020061A0200DD
:107D2000AB150200F0150200BC9C002070B590F964
:107D30001020037C002A04463EDBD9063CD163F0C8
:107D40007F030374204B984206D1204952222048D9
:107D500006F041FC07F087FF1E4D2E4656F81C1F0B
:107D6000B14209D12B6AC4E900631C602C6210E0A7
:107D7000304606F05CFE01460029F3D091F90E2052
:107D800094F90E309A42F3DD4B68C4E900131C608D
:107D90004C60EC69B44200D004B9EC68AB6813B92C
:107DA0000D49EA22D3E71A7CD20606D1DA897F2A66
:107DB00003D9A2690AB9AB6170BDA34202D02046C3
:107DC000FFF7C4FDAC61F7E748860020061A020001
:107DD000AB150200BC9C0020F68802002DE9F0479C
:107DE000054600F11406EFF31188402484F312884D
:107DF000BFF36F8F3046FDF7D5FE30B98422264998
:107E0000264806F0E8FB07F02EFF3046FDF7EEFEB1
:107E10002846F6F777FEEFF3118A84F31288BFF352
:107E20006F8F1F48FDF7BEFE0028E7D01C48FDF706
:107E3000DDFEEC6805F10C090027A14506D11848C4
:107E4000FDF7BEFE88B94FF49972D8E7002CF6D042
:107E50002046FFF79DFB04F11800FFF723FD2046A5
:107E6000FFF764FF0127EC68E7E78AF31188BFF3A7
:107E70006F8F2FB141463046BDE8F047FFF7CCBBCE
:107E80003046FDF79DFE0028DDD088F31188BFF352
:107E90006F8FBDE8F08700BFC3150200AB1502006D
:107EA000E09C002010B50146EFF31184402383F3DA
:107EB0001288BFF36F8F0E48FDF774FE30B984222D
:107EC0000C490D4806F087FB07F0CDFE0848FDF78A
:107ED0008DFE0846FFF72AFF0548FDF771FE10B931
:107EE0004FF49972ECE784F31188BFF36F8F10BDE4
:107EF000E09C0020C3150200AB150200F8B5044653
:107F0000EFF3058737B1EA223449354806F063FBC1
:107F100007F0A9FE8368002B5AD0324A9268934238
:107F200059D1C36813B94FF48172EDE7012B03D027
:107F3000013BC3600020F8BDEFF31186402585F3B7
:107F40001288BFF36F8F2848FDF72CFE10B98422EA
:107F50002649DAE72448FDF749FE21692046FFF764
:107F600035FEEFF3118385F31288BFF36F8F83F330
:107F70001188BFF36F8F13B91D49BB22C5E7256870
:107F8000A54209D10023C4E902331748FDF718FEC2
:107F9000C8B94FF49972DBE7002DF3D02846FFF7FC
:107FA000E7F905F11800FFF77DFCA56095F90E30A3
:107FB00023612846C5F8A070FFF774FF0A483146D0
:107FC000FFF72AFBB6E786F31188BFF36F8FB1E79F
:107FD0006FF01500AFE74FF0FF30ACE722890200E9
:107FE000AB150200BC9C002078CC0020C315020019
:107FF000F015020010B5A0F11801EFF31184402331
:1080000083F31288BFF36F8F0E48FDF7CBFD30B9B5
:1080100084220D490D4806F0DEFA07F024FE0948D7
:10802000FDF7E4FD084607F075FD0648FDF7C8FDBD
:1080300010B94FF49972ECE784F31188BFF36F8F96
:1080400010BD00BFE09C0020C3150200AB1502006C
:1080500038B590F91020037C002A014612DA194A3B
:1080600003F07F039042037406D15A221649174841
:1080700006F0B1FA07F0F7FDDC0701D55B22F5E762
:1080800007F094FC124D2A46AB6852F81C4F9442FC
:1080900000D004B9EC688B420BD013B90D49EA2229
:1080A000E5E71A7CD20604D1DA897F2A01D9A269D0
:1080B0002AB1A34202D02046FFF748FC2346AB6119
:1080C00038BD00BF48860020061A0200AB1502002A
:1080D000BC9C0020F68802002DE9F041224E234B83
:1080E0000D461146B2681A60214A9042DDE90687C2
:1080F000044607D11F4940F2B9221F4806F06BFA27
:1081000007F0B1FDEFF31183402383F31288BFF32F
:108110006F8F1046FDF746FD10B984221749ECE732
:108120001046FDF763FDB668304607F007FDB7F16E
:10813000FF3F08BFB8F1FF3F04D042463B46304600
:10814000FFF7AAFB2046FDF73BFD10B940F26D1288
:10815000E4E70748FDF734FD0028F7D02846BDE8DE
:10816000F041FFF72DBA00BFBC9C0020B89C002056
:10817000E09C0020061A0200AB150200C3150200A5
:108180002DE9F341044617461E46EFF3058535B148
:1081900048497322484806F01EFA07F064FDEFF3E1
:1081A0001188402383F31288BFF36F8F4348FDF794
:1081B000F9FC10B984224249ECE74048FDF716FD6E
:1081C000404BE2689B6892B1D4F808C09C451BD034
:1081D00057EA060220D1FDF7F3FC90B188F311882D
:1081E000BFF36F8F6FF00F0002B0BDE8F08193F91D
:1081F0000E10324821610132C4E90232FDF7E0FC81
:1082000020B94FF49972D6E72169F2E788F3118813
:10821000BFF36F8F0020E7E793F90E109CF90E3043
:10822000994206DA9942A8BF19462046FFF7CEFCCC
:108230000546CDE90076214822464146FFF74CFF2E
:108240000028E7D0EFF31186402383F31288BFF3B1
:108250006F8F1A48FDF7A6FC0028ABD01748FDF732
:10826000C5FCA368CBB1236821699C420AD04BB1FD
:1082700093F90E309942A8BF19466FF07F039942D7
:10828000B8BF19462046FFF7A1FC30B10B48314674
:10829000FFF7C2F96FF00A00A6E7002DF6D10748F4
:1082A000FDF78EFC0028ACD086F31188BFF36F8FEA
:1082B000F0E700BF22890200AB15020078CC002055
:1082C000C3150200BC9C002070B5EFF3118640235B
:1082D00083F31288BFF36F8F1C48FDF763FC30B93E
:1082E0001B4984221B4806F076F907F0BCFC1A4DA6
:1082F0001648FDF77BFCAB68DA7B1AB940F24D32C9
:108300001649EFE7EFF3058111B140F24E32F7E77E
:108310000132DA732A4652F81C4F944200D004B955
:10832000EC681A7CD20604D1DA897F2A01D9A269C5
:108330002AB19C4202D02046FFF708FB2346AB61DE
:1083400031460248BDE87040FFF766B9E09C002066
:10835000C3150200AB150200BC9C0020061A0200E7
:1083600070B5EFF305833BB12A494FF490622A4878
:1083700006F031F907F077FCEFF31186402383F321
:108380001288BFF36F8F2548FDF70CFC10B98422CB
:108390002349ECE7234C2148FDF728FCA168206A1B
:1083A0000B68814214BF1A46002249680B6059606D
:1083B000A368216A2AB91C4AC3E900210B60236221
:1083C0000AE092F90E5093F90E00854218DD5168CB
:1083D000C3E900210B605360E569134B9D4200D057
:1083E00005B9E568A3689D4202D02846FFF7AEFABA
:1083F0000A48A561FDF7E4FB30B940F26D12C7E70A
:108400008A42D8D01268D5E73046BDE87040FFF701
:10841000D7B800BF061A0200AB150200E09C00208E
:10842000C3150200BC9C0020D89C002070B5EFF35F
:108430001186402383F31288BFF36F8F1148FDF735
:10844000B1FB30B984221049104806F0C4F807F097
:108450000AFC0C48FDF7CAFBFDF7AAF80C4AD2E962
:108460000045041945EBE0750648FDF7A9FB10B976
:108470004FF49972E7E786F31188BFF36F8F2046B8
:10848000294670BD2CCD0020C3150200AB1502009B
:10849000188E0020F8B50446EFF31187402383F3CC
:1084A0001288BFF36F8F5F48FDF77CFB30B98422E1
:1084B0005D495E4806F08FF807F0D5FB5948FDF797
:1084C00095FBD4E90423B3F1004F08BF012A06D07D
:1084D000FDF776FB00286FD14FF49972E8E7D4E9F5
:1084E0000A566A1C46F10003022A73F1000334D3D2
:1084F000013D46F1FF36002EBCBF00252E4605F09B
:1085000073FE013041F10001401946EB01010128E1
:1085100071F1000147DB05F067FE013041F1000118
:108520006FF00203401946EB010183426FF00043F4
:108530008B413DDB05F058FE013041F100016FF049
:108540000102401946EB0103121A4FF0FF3161EBB3
:10855000030337492046FFF7F1F8236B256A0133FF
:108560002363CDB12F48FDF72BFB0028B4D087F350
:108570001188BFF36F8F2046A847EFF31187402380
:1085800083F31288BFF36F8F2648FDF70BFB00289B
:108590008DD02448FDF72AFB54F8185FA54200D07F
:1085A0007DB9204894E76FF001024FF0FF33D0E728
:1085B00000224FF00043CCE787F31188BFF36F8FA1
:1085C000F8BDEFF31184402383F31288BFF36F8F5C
:1085D0001848FDF7E7FA00283FF469AF1548FDF7A2
:1085E00005FBAB6813B12846FEF7D2FF1148FDF733
:1085F000E7FA00283FF470AF84F31188BFF36F8F60
:1086000000230848C5F8A030FDF7DAFA00283FF447
:1086100063AF87F31188BFF36F8F2846BDE8F8403A
:10862000FFF740BC68CC0020C3150200AB15020068
:1086300095840100E09C00202DE9F74F0446EFF3FC
:1086400011894FF0400B8BF31288BFF36F8F384EB8
:108650003046FDF7A7FA30B984223649364805F08E
:10866000BAFF07F000FBA6F10C073046FDF7BEFA93
:10867000BD686C4005EA0103214001934D40EFF3D2
:10868000118A8BF31288BFF36F8F2C48FDF78AFA9B
:108690000028E1D02948FDF7A9FA56F80C4CBC4255
:1086A00031D09CB32146384606F0C1F94FF000089E
:1086B0000646C34634B92148FDF782FA40BB4FF461
:1086C0009972CAE7D4E91801CB0705EA000201D57F
:1086D00090420ED16AB14B07226604F1180048BFE0
:1086E00048EA0208FFF7DEF8C4F8A0B0204607F019
:1086F00011FA36B13146384606F099F93446064645
:10870000D8E73046FAE74FF00008D4E7A046D2E7B2
:108710008AF31188BFF36F8F054825EA080549469B
:10872000BD60FEF779FF019803B0BDE8F08F00BF90
:10873000780D0020C3150200AB150200E09C00205C
:10874000F7B50546019118B94FF4857248490EE016
:1087500000F11406EFF31187402383F31288BFF36F
:108760006F8F3046FDF71EFA30B9842241494248E6
:1087700005F031FF07F077FA3046FDF737FA6B8BDB
:10878000002B49D02A8B9A4228D900220023284660
:10879000F9F750FA044608B33046FDF711FA10B95C
:1087A0004FF49972E2E787F31188BFF36F8F019D51
:1087B000002D4BD0A27A314B2C2101FB02332046F5
:1087C0005B6A1B6800221E6801A90023B047606134
:1087D000002835D12046F8F781FD2DE06C8B631E13
:1087E0006B833046FDF7ECF90028D9D087F3118868
:1087F000BFF36F8F2B7F2A8B1B33121BAC6A23F0C6
:10880000030302FB03441D4B1D4AEB1A9B10534309
:10881000A3722B7FE372CAE7FDF7D2F90028BFD01D
:1088200087F31188BFF36F8F002200232846F9F7E2
:1088300001FA04460028BAD10024204603B0F0BD56
:10884000019B9D4204D940F25F127FE765612B4690
:108850000025012222816382E27A6560294604F1C3
:10886000180007F017FA63692582E360E5E700BFA7
:108870000D7E0200C3150200AB150200840D00201E
:10888000A38B2EBA2DE9F0410C460546114600F1A6
:108890000807EFF31188402383F31288BFF36F8F2B
:1088A0003846FDF77FF910B98422314912E0384685
:1088B000FDF79CF999B16A68EFF31183402181F3C8
:1088C0001288BFF36F8F83F31188BFF36F8F43B9A3
:1088D0002849BB22284805F07EFE07F0C4F90A4665
:1088E000EAE72B4653F80C6F9E4215D0A6B13046EE
:1088F000FEF73EFD06F11800FEF7D4FF00233046D8
:10890000C6F8A0307461FFF7CDFA41463846FEF74D
:1089100083FE0020BDE8F0810023236032B92B687C
:1089200023606B682C6043B96C6006E01368032B0E
:1089300010D86A6842B9C5E900443846FDF740F9E5
:1089400088B94FF49972B0E7136803F00303234327
:108950001360E9E723F003032360136803F00303C4
:108960001C431460E9E788F31188BFF36F8FD0E7E9
:10897000C3150200F0150200AB1502002DE9F04FFF
:10898000634EDFF8C091DFF8A88183B000AF4E4599
:1089900040F2BA8040F27D1206E073685C4DD3F875
:1089A00000B04D4510D9D4225A495B4805F013FE5A
:1089B00007F059F96B6858461968E8F724FF8246B2
:1089C000044698B31835ECE7F4D36C4688B06A4691
:1089D000524B5348CDE9053B4FF40073ADF81C30C2
:1089E000504B42F8103F4FF4E25103F08BF8A5468C
:1089F0006FF0120473686D468AB01B686A464A4974
:108A00004748CDE90513012307934FF40073ADF8F0
:108A10002030464B42F8103F4FF4115103F072F8EA
:108A2000AD4620460C37BD46BDE8F08F404806F005
:108A300008F898F87010C1F3000B11F001011BD079
:108A40000620F5F769FD48B13A4B436102230374F0
:108A500080F811A080F812A080F813A030494FF4DC
:108A6000825202F09DFC6FF00F04334805F06EFC5B
:108A7000002CBFD118368AE705F114031846D5F843
:108A800004A07B6005F0E4FFA8B10620F5F744FDE3
:108A900048B12A4B43610223037480F811B080F877
:108AA00012B080F813B04FF484521D4902F078FCE4
:108AB0006FF07704D9E7DAF804208AB142450FD085
:108AC00078600620F5F728FD38B11D4A7B684261C1
:108AD0000222027443748374C3744FF48252E4E735
:108AE00001220021404606F0DAF850B129460C3048
:108AF00005F098FD7868002106F0B2FCCAF8048001
:108B0000B3E76FF03C04B0E7FFF447AF002488E719
:108B1000880E002044890200AB1502007B89020008
:108B20007C07020003000001F0890200040000013C
:108B3000080E0020857602000C0E002099890200A4
:108B4000BB890200B80E002038B50B4C0B4DAC426F
:108B50000ED90B490B4840F22D2205F03CFD07F0E1
:108B600082F8A1680848E8F74EFE18B11034EEE725
:108B7000F7D30024204638BDC4070200E4070200F2
:108B80002E8A0200AB1502001D8A020007B50648B6
:108B900001A906F0BCFD054B01981B685840C0F3C5
:108BA000801003B05DF804FB44030200E49C002045
:108BB00038B5EFF31185402383F31288BFF36F8F2D
:108BC0001A48FCF7EFFF30B984221949194805F01B
:108BD00002FD07F048F8184C1448FDF707F8204646
:108BE00006F086FFE3689A0709D423F004025B07C6
:108BF000A068E26003D52146EC3005F01DFDE26877
:108C00000A4812F01F031BBF42F00202E2601C463A
:108C100043F00204FCF7D4FF10B94FF49972D4E783
:108C200085F31188BFF36F8F204638BD74CC0020C8
:108C3000C3150200AB150200A8050020F8B55A4C78
:108C40005A4FA168B94240D1EFF30583002B3CD1C4
:108C5000EFF31186402383F31288BFF36F8F5448DC
:108C6000FCF7A0FF10B9842252490CE05048FCF7F1
:108C7000BDFF0B7C03F07F0343F01003D8070B7498
:108C800006D54D495B224D4805F0A5FC06F0EBFFEB
:108C9000084606F08BFE234653F81C5F9D4200D029
:108CA00005B9E568A368AB4202D02846FEF74EFE40
:108CB0003F48A561FCF784FF10B940F26D12D3E77D
:108CC0003046BDE8F840FEF77BBCEFF3118540234A
:108CD00083F31288BFF36F8F3548FCF763FF0028DA
:108CE000C1D03348FCF782FF3B7CD90606D5FCF7A0
:108CF00067FF002853D14FF49972B5E7D90943F0C3
:108D000010023ED13A74E6692D4B9E4200D006B95E
:108D1000E668A368B34202D03046FEF717FEA368A8
:108D2000A661BB4239D1EFF30584002C35D1BB8954
:108D3000DB071FD51E48FCF743FF0028DBD085F377
:108D40001188BFF36F8F84F31188BFF36F8F0423F3
:108D5000184602DFEFF31185402383F31288BFF337
:108D60006F8F1348FCF71EFF00283FF47CAF1048BC
:108D7000FCF73CFF0E48FCF723FF00289DD0284657
:108D80009FE703F07F0343F01003DA073B743FF5DE
:108D900078AF064806F00AFEB5E70548A7E785F371
:108DA0001188BFF36F8FF8BDBC9C0020306200209B
:108DB000E09C0020C3150200061A0200AB15020059
:108DC000D89C002010B5EFF31184402383F3128860
:108DD000BFF36F8F1448FCF7E5FE30B984221349C6
:108DE000134805F0F8FB06F03EFF0F48FCF7FEFEC7
:108DF000104A137CD9060AD4FCF7E2FE10B94FF4EE
:108E00009972ECE784F31188BFF36F8F10BD23F0E4
:108E1000100310461374FEF789FF21460248BDE88F
:108E20001040FEF7F9BB00BFE09C0020C315020014
:108E3000AB15020030620020F8B50646EFF311874B
:108E4000402383F31288BFF36F8F1948FCF7AAFE03
:108E5000054630B984221749174805F0BCFB06F0D7
:108E600002FF1348FCF7C2FE3468A6424FF000032D
:108E700014D0ACB1C4F8A01063612046FEF788FBA3
:108E800004F11800FEF70EFD2046FEF74FFF0848DC
:108E9000FCF796FE30B94FF49972DCE71D46F6E711
:108EA0002546F4E787F31188BFF36F8F2846F8BD96
:108EB000E09C0020C3150200AB150200F8B5C368A2
:108EC0009A0704460E46C3F3400547D45F0747D4CC
:108ED0000B680BB983680B60E368DD0732D5A368C4
:108EE0003BB92149214840F2571205F074FB06F0C6
:108EF000BAFE33600225376847B31D4B9A68D7F82E
:108F0000E8309A4220D1EFF30583B3FA83F35B098B
:108F1000D7F80421D007C2F380011AD5E1B1EBB133
:108F2000214607F1EC0005F07DFB002107F1F4007C
:108F3000FFF782FFE36843F00403E3603368A36054
:108F40002846F8BD0125D6E70023E1E76FF01505B7
:108F500006E06FF0120503E01307E1D56FF00F058F
:108F600000233360ECE700BF5B8A0200AB15020010
:108F7000BC9C002073B50C46019039B940F27D12BB
:108F80002349244805F027FB06F06DFE4B6813B912
:108F90004FF4BF72F4E7EFF31186402585F3128892
:108FA000BFF36F8F1C48FCF7FDFD10B984221B49ED
:108FB000E7E71948FCF71AFE01A92046FFF77EFFF4
:108FC00004461548FCF7FCFD10B94FF49972EEE722
:108FD00086F31188BFF36F8F002C10DDEFF3118340
:108FE00085F31288BFF36F8F63B9EFF3058048B93B
:108FF0000B4A91699268914204D0FEF7E1FA20464B
:1090000002B070BD83F31188BFF36F8FF7E700BF25
:109010005B8A0200AB15020074CC0020C31502006D
:10902000BC9C002001460148FFF7A4BF008D002032
:109030002DE9F04FDFF8A49299F8055099F8064011
:10904000212D85B0064617D0222D00F0048108207E
:10905000F5F762FA40B1954BC0E905350323037477
:10906000002343748374C37491494FF4C45205B010
:10907000BDE8F04F02F094B9022800F014810F2CE3
:1090800000F211818B4F99F80750582303FB0473AA
:1090900042F2990213F802809D5442F29C025FFA58
:1090A00088F8995C002939D09A5C242AD3B22ED052
:1090B000252B00F0CA80232B30D17DB3582303FB2E
:1090C000047342F29C020A2013F802A042F2E40266
:1090D0005FFA8AFA53F802B0F5F71EFA50B1764BF0
:1090E000C0E9074BC0E9053A052303740023437424
:1090F0008374C3746E494FF4235202F051F958231C
:1091000003FB047342F29C020021995406E0EB1E1B
:10911000012B8CBF00230123002BCFD1042E40F262
:109120009680B9F80890082E99FA99F91FFA89F9EA
:1091300040F28F80614805F007F90646152D9DBF66
:109140005F4B23FA05FA0AF0010A4FF0000A05F016
:109150004DF8454514D1BAF1000F11D1582303FB46
:10916000047342F2E80203EB020C9A58DCF8043074
:10917000821A61EB03031E2A73F10003C0F293808D
:10918000582303FB047342F2E80203EB020C042DA4
:109190009850CCF8041011D10820F5F7BDF940B172
:1091A000484BC0E9053403230374002343748374DC
:1091B000C3743F494FF4C45202F0F2F80021102268
:1091C000684606F067FDF4238DF800304FEA192356
:1091D0008DF80330330A8DF805608DF80630330CB6
:1091E000360E8DF807308DF801408DF802508DF85D
:1091F00004908DF80860EAF7D5FAFF2828BFFF2011
:109200007B788DF80900002168468DF80A30F2F766
:109210009BFDBAF1000F46D00820F5F77DF948B163
:10922000294BC561C0E9053404230374002343744A
:109230008374C3741E494FF4035202F0B1F8204600
:1092400005B0BDE8F04FEAF715BD6B1F60E74FF0C2
:109250000009002672E70820F5F75EF940B11B4BC4
:10926000C0E9053403230374002343748374C37477
:109270000F494FF4C65202F093F8154B1549422E90
:1092800028BF42263246184606F0A8FF012280F881
:10929000426080F8434080F844200F4805B0BDE8A4
:1092A000F04FFFF7BFBE05B0BDE8F08F2A8B02007C
:1092B0007C060200A83200207C8A020077D10020C0
:1092C00050003F00B48A0200D08A0200FE8A0200E9
:1092D00006D1002072D10020740900206DD1002039
:1092E00037B50446EFF31185402383F31288BFF3AB
:1092F0006F8F1A48FCF756FC30B984221849194878
:1093000005F069F906F0AFFC1448FCF76FFC002388
:109310000193D4E90423B3F1004F08BF012A05D01B
:10932000FCF74EFC98B94FF49972E7E754F8043C07
:1093300023F008021B0744F8042C06D5A369019307
:1093400001A9A4F11000FFF7B9FD0448E8E785F38F
:109350001188BFF36F8F03B030BD00BF74CC002005
:10936000C3150200AB150200F7B51D46224B019351
:109370001646044638B9214940F2AA42204805F071
:109380002AF906F070FCEFF31187402383F312886B
:10939000BFF36F8F1B48FCF705FC10B984221A49F4
:1093A000ECE71848FCF722FC204606F0A1FB55EA42
:1093B00006030BD1204601A9FFF780FD04461148A2
:1093C000FCF7FEFB88B94FF49972E8E7E3680F49B0
:1093D00043F00803E360019BA36204F110003246EE
:1093E0002B46FEF7ABF90124E9E787F31188BFF3B9
:1093F0006F8F204603B0F0BD008D00205B8A020015
:10940000AB15020074CC0020C3150200E1920100EC
:1094100073B51946234B01931546044638B92249C2
:1094200040F28742214805F0D6F806F01CFCEFF325
:109430001186402383F31288BFF36F8F1C48FCF71B
:10944000B1FB10B984221B49ECE71948FCF7CEFBAD
:10945000E36813F01E0F1CD151EA05020BD1204620
:1094600001A9FFF72BFD04461148FCF7A9FB90B9B1
:109470004FF49972E7E743F00803E360019BA362AE
:1094800004F110000B462A460B49FEF757F9012458
:10949000EAE70024E8E786F31188BFF36F8F2046E0
:1094A00002B070BD008D00205B8A0200AB15020087
:1094B00074CC0020C3150200E1920100F0B50378DE
:1094C000E02B89B00C4612D0EFF31184402383F3D4
:1094D0001288BFF36F8F4248FCF764FB002869D104
:1094E00084224049404805F076F806F0BCFB8378BA
:1094F000012BE9D1C37B432BE6D1037C452BE3D180
:10950000C378B0F808C047894678057B417B827BE9
:109510004068019003F00F008DF80E001B0901A8B0
:10952000ADF808C0ADF80A708DF80C608DF80D50DC
:109530008DF80F308DF810108DF8112004F068FEB2
:109540000028C1D00594EFF31185402383F31288DE
:10955000BFF36F8F2248FCF725FB0028C0D02048BE
:10956000FCF744FB9DF80C00204B9DF80D1053F8C0
:10957000203006932246F0F74DFC08B11C4B1868CA
:109580000790002200231B4801A9EAF73DFC0028B0
:1095900018BF194A12481BBF136801330124002465
:1095A00018BF1360FCF70CFB70B185F31188BFF393
:1095B0006F8F11E00A48FCF719FB0F4A136801335B
:1095C0001360FCF7FDFA10B94FF4997289E784F340
:1095D0001188BFF36F8F0024204609B0F0BD00BF93
:1095E000C8980020C3150200AB150200889800201F
:1095F000E8060020300C0020809800202DE9F0477C
:109600000D462846194617461C4606F056F80646EB
:10961000B0B90820F4F780FF40B13A4BC461C0E90B
:1096200005350423037446748674C67436494FF4B2
:10963000015201F0B5FE6FF015042046BDE8F08739
:1096400045EA040399070FD00820F4F765FF0028C6
:10965000ECD02E4BC461C0E905350423037400230C
:1096600043748374C374E1E7002CE6D02848DFF824
:10967000AC80DFF8ACA04FF0FF324FF0FF33F0F7D3
:1096800037FC24F0030404EB05092E46FBF716FF14
:10969000044698BB7B1B4FF080529959136952695D
:1096A00053439E420CD3A6F11023B3F5427F07D358
:1096B0001849194840F27D1204F08DFF06F0D3FAE4
:1096C0000123C8F80435D8F80034DA07FBD5316037
:1096D000BFF35F8F0023C8F804359AF800300BB150
:1096E000FBF718FE0436B145D0D10C4AD2F800344D
:1096F000DB07FBD50648F0F74FFC9EE76FF08B04C5
:10970000F8E700BFF784020094060200528B0200C3
:1097100040CD0020708B0200AB15020000E001403C
:1097200029D400202DE9F8430E464FF08058114609
:109730003046D8F81090154605F0BFFF374604466E
:10974000002864D0B6FBF9F309FB136323B9B5FB1A
:10975000F9F409FB1454ACB10820F4F7DDFE48B16C
:10976000324BC561C0E905360423037400234374FA
:109770008374C3742E494FF4015201F011FE6FF04F
:1097800015042AE04D4528D32A482B4EDFF8B8901F
:109790004FF0FF324FF0FF33F0F7AAFBD8F81080FC
:1097A000FBF78CFE044678BB4FF080531A69596969
:1097B0004A43BA4214D91A69B7FBF2F302FB137396
:1097C000ABB199F800300BB1FBF7A4FDB5EB080580
:1097D0004744E5D11748F0F7DFFB2046BDE8F883A2
:1097E00016491748D22204F0F6FE06F03CFA02238E
:1097F000C6F80435C6F80875D6F80034DB07FBD583
:109800000023C6F80435DCE76FF08B04E2E708209C
:10981000F4F782FE0028ADD00A4BC561C0E90536D9
:109820000423037444748474C474A3E7AC8B0200EF
:109830009406020040CD002000E00140708B020041
:10984000AB150200F784020029D400202DE9F7436C
:10985000674E0546EFF311874FF0400888F31288F2
:10986000BFF36F8F6348FCF79DF930B984226249DA
:10987000624804F0B0FE06F0F6F95E48FCF7B6F96F
:1098800005F1EC0005F0D9F9D5F80431044690B1A2
:1098900043F00203C5F80431C368D0F8049023F004
:1098A000040343F00103C3605248FCF789F978BB15
:1098B0004FF49972DBE723F004025C07C5F804213A
:1098C000C3F3800114D505F1FC0401212046FFF704
:1098D000B3FA0028F9D14FF0FF324FF0FF33CDE952
:1098E0000023394605F1F4024248FEF7F5FBB1E7E3
:1098F000D006F0D53F48C5F80411FCF761F90028FF
:10990000D6D087F31188BFF36F8F03B0BDE8F08323
:1099100087F31188BFF36F8FB9F1000F03D1384976
:1099200040F2F322A4E72046C847EFF3118788F3FB
:109930001288BFF36F8F2F48FCF734F9002895D0B9
:109940002C48FCF753F9E368D90623F0010237D419
:10995000E260E3689A0717D523F00203E3603368F7
:1099600093B11A6800217BB15868844236D11A68D5
:1099700071BB716832608B4200D17260184600235F
:1099800040F8083BF0F708FBD5F8043123F0020358
:10999000C5F80431DB0529D4D5F8EC40003C18BFEC
:1099A00001241448FCF70CF9002881D087F31188B2
:1099B000BFF36F8F002C3FF44DAFFEF7D1FC49E7AA
:1099C00023F01103E36004F11000F0F7E5FAC0E7BB
:1099D0000A607268934208BF7160CFE719461AB1F6
:1099E000106813460246BEE71046FAE70024D8E79F
:1099F0006CCC002074CC0020C3150200AB15020013
:109A00005B8A020038B54368074C0422DA71436868
:109A10001960436801255D71237813B90348F0F795
:109A2000BBFA257038BD00BF34D300202C0D0020B8
:109A30002DE9F043324CD4F80433990785B020D592
:109A4000002303934FF4A0752A46043503AB02218B
:109A50002046ADB205F090FEB5F5A87FF4D14FF4E5
:109A600080720221264805F087FE25484FF4827255
:109A7000022105F081FE039B1BB1224A13680133CA
:109A80001360D4F80433DA031BD51F486FF00101CB
:109A900004F092FBC30702D4D4F840318BB1002507
:109AA000C4F84051D4F84031FBF760FDEFF3108269
:109AB00072B6164BD3E90267B042B94104D282F3C1
:109AC000108805B0BDE8F0834FF0FF384FF0FF3944
:109AD000C3E90289D3E900101D604FF48033C4F854
:109AE0004833C4F84051D4F8403182F3108800293B
:109AF000E7D0009032463B4628468847E1E700BF62
:109B00000010014034CD002028CD0020088E002018
:109B100038B53D4C2378012B72D13C4A53784FF035
:109B2000FF30002B6BD03A4B0021C3F80803C3F879
:109B30001011D3F8100150780228364820D1312274
:109B4000C3F80022C3F80C11D3F80C210822C3F883
:109B50000423016030482E4D06232370837CC5F812
:109B60003035C37C40F6C41203F5166393421CD90A
:109B70002A492B4840F6A90204F02DFD06F073F89F
:109B8000D27D7AB140F21312C3F80022254B036054
:109B90001F4B0022C3F81021D3F810211022C3F864
:109BA0000423D7E740F21712EEE7A3F51663C5F8D2
:109BB00008356FF00101143004F0FEFA1A4BC5F8B5
:109BC0000435BFF35F8F194B0222C3F880210120B7
:109BD0000024F5F72BFBC5F80441D5F80431C5F88E
:109BE0000841D5F80831C5F81041D5F81031FBF718
:109BF0003DFBFBF721FC0E4B01229A61204638BD4C
:109C00006FF00F00FBE700BF4CD10020E0C3002045
:109C100000100040FCCC00209C090020CB8B0200EF
:109C2000AB150200A19D0100DDD3002000E100E0A2
:109C3000004001402DE9F843DFF89880214CA8EB63
:109C400004038F2B074607D940F253121E491F48C1
:109C500004F0C1FC06F007F81D4804F07FFA064640
:109C600008B300252846BDE8F883237B83B1236829
:109C7000DB680BB1204698476368204683F806905E
:109C8000F4F70CFC58B9636820461968FFF7BAFE70
:109C90000136103444450AD940F25F12D6E709FA7A
:109CA00006F31D43F4E705464FF00109F2E7DCD364
:109CB000002FD7D0002DD4D02846F4F705FC054658
:109CC000F8E700BFC4070200C8750200AB15020028
:109CD00064CC0020E4070200F8B5064628480D468B
:109CE00004F049FA0F2804DD264804F037FA002072
:109CF000F8BD254B254F1A78012A0AD13B78482B0D
:109D000001D92348F1E7234A116C52F8212013703E
:109D100006E0204A116C52F82120597871BB11706D
:109D20001C4C1D49236C54F8230010F8052B06F039
:109D300055FA236C54F823305E70184B226CD3F81C
:109D4000483554F8222003F07F039370236C54F8B5
:109D500023301D71236C54F823207B78DB4303F000
:109D60000103D370236C0133102B28BF002304F1AF
:109D70004800236404F0F2F90120B9E75B7DC6E7EF
:109D8000B49700200CCD0020E0C30020DDD30020DC
:109D900008CD00206C970020DFD300200010004089
:109DA0002DE9F04FA34CD4F8007489B017F00103EB
:109DB000039307D1A04804F0D1F909B0BDE8F04FF2
:109DC000FBF726BC9D4804F0D6F90F2801DD9C481E
:109DD000F1E7D4F80864D4F80C349A4CDFF8B09268
:109DE000F6B2B50034F826209A4240F0AF806219EE
:109DF00099F801309278C3F34103934240F0A68072
:109E0000914804F0ABF90022039B039299F801807A
:109E10006219C8F341019170864AD2F80C2424F8E3
:109E200026208A4EB27D002A00F0928008F00108B8
:109E300096F800B0BBF1010F40F0668100228DF86A
:109E40001B208DF81C2082497A4A0968D2F8082420
:109E5000DFF808A2D2B20F46002900F08F8007A9D0
:109E600001910DF11B0100917A4B99F800107A488D
:109E7000B8479DF81C20774B002A6CD000238DF842
:109E80001B309DF81B309DF81C101BB96219D37054
:109E9000724A13709AF8013099F8012023F00703F1
:109EA00002F0070213438AF80130B8F1000F00F006
:109EB0002F81002940F02C81F37D002B40F0AB80F6
:109EC0008123DFF8D081C8F80C30E7F737F9404636
:109ED0006349DFF88881E7F71FF996F800A0BAF127
:109EE000000F0CD15046FBF773FB98F8003099F83F
:109EF000002088F801A062F3010388F80030594B74
:109F000096F90E0007221A70337B013BDBB2032B5C
:109F10009CBF554AD25C554BDB7C4FF0000188BF9B
:109F20000522009103F5166307A9E7F719F99DF8D3
:109F30001D00E7F70FF9002800F0AE804C494D48AE
:109F400040F22E4204F047FB05F08DFE00235DE752
:109F50004FF001086CE79DF81B20002A91D0464A7B
:109F600013601A78482A89D86119504681F803B0DD
:109F700000F8022B591D06F031F982E73F48CDE980
:109F8000043204F0F8F800287FF77BAF3C49059ACB
:109F900051F822C0BCF1000F3FF473AFDFF8D8B026
:109FA000DCF80000CBF800006019C078F8B1049B21
:109FB000EBB98CF8043051F822000593806841F821
:109FC00022002E48049204F096FB2C4804F0D3F8AB
:109FD0000028059B05DD049A294951F8223003B178
:109FE0001B682848CBF80030012104F0D6F8DBF8D4
:109FF000001000293FF445AF63194FF0010B83F8BF
:10A0000003B011F8052B20488AF8002006F0E6F886
:10A010008DF81BB035E71D4B1B6801225A60DA60D2
:10A020000022C3F80022F37D002B3FF449AF282320
:10A0300047E700BF0010004004CD0020B497002087
:10A040000CCD0020D4D0002000CD0020E0C30020A3
:10A05000F4CC002043D30020DFD3002090D3002095
:10A06000B40900204CD10020AE1202009C0900204F
:10A07000FF8B0200AB150200F0CC0020ECCC0020DE
:10A0800084CC0020F8CC002092D30020E4090020EA
:10A09000DDD30020840900201F4B9DF81C20C3F84D
:10A0A0000C25D3F80824D2B2C3F82C25C3F80485B4
:10A0B000BFF35F8FF27D12B340F21312C3F8002298
:10A0C000164A116801220A601A60154B154A1A6077
:10A0D000039B8BB1104B2544D3F80804A978C0B278
:10A0E000FFF7FAFD40B11048042104F056F80F4B79
:10A0F0004FF48012C3F8002109B0BDE8F08F40F2A0
:10A100001B12C3F80022E0E7B8F1000F7FF4D4AED1
:10A11000FBF77EFADCE700BF00100040E4090020F6
:10A12000FCCC002009570100F8CC002000E100E041
:10A13000684620F007018D4601B5214BD3F8042372
:10A14000D1060BD5D3F8102142B10022C3F810215B
:10A15000D3F810311B4B1B6803B19847184BD3F849
:10A16000042312071FD5D3F80C21E2B1164A527806
:10A17000022A1ED1D3F80804144B5978C0B2C1F397
:10A180004101FFF7A9FD40B11148042104F005F891
:10A19000104B4FF48012C3F80021094B0022C3F882
:10A1A0000C21D3F80C31F5F775F8BDE80140854670
:10A1B0007047044B1B68002BEFD09847EDE700BFBA
:10A1C00000100040FCCC0020E0C30020DDD30020C4
:10A1D000F8CC002000E100E0684620F007018D4641
:10A1E00031B5144B14481B68144D82B0019304F030
:10A1F00003F92B680446B3B1C10704D500228DF8DA
:10A20000002068469847A20705D501238DF8003045
:10A2100068462B689847630705D502238DF8003000
:10A2200068462B689847F5F735F802B0BDE831402D
:10A230008546704780CC0020F8CC00207CCC0020E4
:10A240002DE9F04186B0DDE90E768046EFF3058515
:10A250003DB11449144840F2173204F0BCF905F03E
:10A2600002FD0D9C0195CDE90455CDE902540C9DEC
:10A270000095FDF7EBF8B6F1FF3F08BFB7F1FF3FE0
:10A2800005D056EA070306D14046EFF767FF404680
:10A2900006B0BDE8F0813A4633464046FDF7FCFA89
:10A2A000F5E700BF5D880200AB15020070B56F4B8B
:10A2B0006F4C704D88B0012203201A70FDF702F830
:10A2C0000420FCF7FFFFAC42264622D944226A490B
:10A2D0006A4804F080F905F0C6FC54F80C3C05937C
:10A2E00054F8103C049354F8143C039354F8183C6D
:10A2F000029354F81C3C019354F8203C009354E919
:10A300000A2354E90C01FDF7A1F854F8303C5E65CE
:10A31000D9E7AE4204F13004DFD3FDF7ABF9544C7A
:10A32000AC4214D96822D2E7D4E90A23B3F1FF3F43
:10A3300008BFB2F1FF3F05D052EA0301206803D104
:10A34000EFF70CFF3034EBE7FDF7A6FAFAE7EBD3B3
:10A35000FDF7BAFF04210D20EFF7D4FF0021022002
:10A36000EFF7D0FF002401220DF11F0102208DF82C
:10A370001F40FBF749FDA042A8BF9DF81F4004F015
:10A380000AF800286ED00620F4F7C6F838B13C4B26
:10A39000436102230374002343748374C3743949F3
:10A3A0004FF4865200F0FCFF03F020FF40F2E93644
:10A3B00004460D4603F0EFFF50B303F017FF001BF8
:10A3C00061EB0501B04271F1000103DB00210420C3
:10A3D000EFF798FF03F00AFF41F28933001B61EBAE
:10A3E0000501984271F100012CDB0620F4F794F886
:10A3F00038B1254B436102230374002343748374F3
:10A40000C37420494FF4865200F0CAFFEAF7CAFA33
:10A4100003F0ECFE41F28933001B61EB0501984229
:10A4200071F1000112DB00210920EFF76BFF002121
:10A430000120EFF767FF154A938923F00103938109
:10A4400008B070BD0A20EAF7C5FDB3E703F0CEFE01
:10A45000001B61EB0501332871F10001E7DB0021EE
:10A460000620E2E7002CE2D1F9E700BFF6D2002097
:10A47000F0030200A0050200F5750200AB15020012
:10A48000208C0200D40602003C8C020030870020A1
:10A4900030B51E4CD4F8045115F0010585B007D035
:10A4A0001B491C4840F2553204F095F805F0DBFBDF
:10A4B00004F1F403C4E93D3304F1FC03C4E93F3380
:10A4C0000123C4F804314FF0FF324FF0FF33C4E9E9
:10A4D0003B55CDE902234FF0FF334FF48062CDE9C5
:10A4E00000430D490D4B2046FFF7AAFE0C492046BC
:10A4F000EFF778FAA389204643F00103A381EFF731
:10A500002DFE2846C4F8E84005B030BD008D00207F
:10A510005B8A0200AB150200802C01204D980100DF
:10A520005E8C02000368064A03F580330360118ADB
:10A530001A0CB1EB134F04BFA3EB02430360704747
:10A54000409E00202DE9F04F0B464A68C9680A4436
:10A550005969CA4293B003D1002013B0BDE8F08F0F
:10A56000DFF80081D8F80040D8F80C10D8F82CB0EB
:10A57000020C14FA80F001FB020493E8030004AA21
:10A5800082E80300D3E9020106AA82E80300D3E9C6
:10A590000401DBF8007008AA82E8030000257B4272
:10A5A000A946019312AB03EBC90A4FEAC9015AF855
:10A5B000346CAEB909F10109B9F1030FF2D1002DE4
:10A5C000CAD00AAE9BF805107A1B701905F062FB21
:10A5D000D8F828003B463246214603F0D5FEBCE7BA
:10A5E000BDB9019B334014D05AF8382CD8F8280054
:10A5F0002146CDE9022303F0C7FE0028ADD1DDE9F5
:10A6000002231A44F61A4AF8382C4AF8346C1C44CF
:10A61000C8E77A1BB24228BF3246A2B101F1480313
:10A620000DEB030A0AAB5AF8381C5819CDE902128F
:10A6300005F0D4FDDDE902121144B61A4AF8381CBF
:10A640004AF8346C1544AF42ACD1D8F828003B46E8
:10A650000AAA214603F098FE00287FF47EAF3C440E
:10A6600005469FE7409E0020837842781B0443EA1A
:10A67000022302781343C27843EA0253027943EA81
:10A680008253427943EA0263827943EA8263C27960
:10A6900043EA4273094AC2F81435837A417A1B04AB
:10A6A00043EA0123017A0B43C17A43EA0163017B48
:10A6B00043EA4163C2F81835704700BF00100040FC
:10A6C0002DE9F84F0024174BDFF85CB0804689462F
:10A6D00092462746264625461A78E0B282420DD891
:10A6E00088F8005089F800608AF80070BDE8F88F9B
:10A6F0000136F6B214E00137FFB211E0102CEFD0B2
:10A700000BEBC4015BF834204968114308D0E8F72B
:10A7100085FD0128034BEBD00228ECD10135EDB2C9
:10A720000134D9E7EED20020E05F00201FB50023FE
:10A73000ADF8040004460DF10700CDF80730CDF860
:10A740000B308DF80F308DF8062005F047FD0648D8
:10A750000022002301A9E9F757FB10B12046E8F7D2
:10A76000F1FE04B010BD00BF880C0020054BDB6A71
:10A770001B68012B81BF03F1FF3280185B42184038
:10A78000704700BF409E002070B505460820FFF7C7
:10A79000EDFF0E4BDC680646201A294680B205F014
:10A7A0004EFA78B1A88870B92A884FF6FF739A429A
:10A7B00008D16B88E41AB4FBF6F306FB1344B4FA31
:10A7C00084F0400970BD0020FCE700BF409E0020DF
:10A7D00038B5094D04460146A868FFF7B3FEE368A3
:10A7E00001466068184463691844FFF7BFFFAB680F
:10A7F0000344AB60084638BD409E002070B5124C43
:10A8000086B06668054618220021684605F042FABF
:10A8100008233046694602950393FFF793FE0646E8
:10A82000288865684FF6FF73984204D003F03DFF17
:10A830000C3044F820500820FFF798FF2D1A3046BE
:10A84000656006B070BD00BF409E002007B54FF6A2
:10A85000FF73ADF800308DF80630084B00229B687E
:10A86000ADF804206846ADF8023003F03BFF6846BF
:10A87000FFF7C4FF03B05DF804FB00BF409E00205B
:10A8800070B4074C13462268E668050C12FA80F093
:10A890000A4606FB0501A06A70BC03F06EBD00BF4E
:10A8A000409E00202DE9F34107460820FFF75EFF98
:10A8B0003C68134D241A80463C6004EA0506B44205
:10A8C0001BD3A0B210B902B0BDE8F08108226946DE
:10A8D0002046FFF7D5FF0028F5D16946A0B205F064
:10A8E000AEF938B1BDF80230BDF804203C602E400E
:10A8F00013441E44A4EB0804E1E70020E3E700BF93
:10A900000000FFFFF7B504460820FFF72FFF0822DD
:10A9100007462068FFF7B4FF0546002834D12368B6
:10A920001B4EF8182060F26881B2D21B91422BD1E5
:10A93000020C03BF328A02F1FF3200EB0240A0F5A5
:10A940008030206008226946FFF79AFFD8B9F36A81
:10A950005A796B4613F8011B8A420CD10130082842
:10A96000F8D1736805E02368BDF802206FF30F0388
:10A970001344236008E06846FFF706FF0028F2D181
:10A980002046FFF78FFF0546284603B0F0BD00BF05
:10A99000409E00202DE9F041134BDB6A1D686D429B
:10A9A00088B007468846144605F020051CB92046A5
:10A9B00008B0BDE8F081A5422E4628BF26463246A3
:10A9C00069463846FFF75CFF0028F1D16B468642A6
:10A9D00002D1A41B3744E9E713F8012B424501D10A
:10A9E0000130F4E70120E3E7409E0020F8B5124C67
:10A9F0002346E26853F8301B050C000C02FB0011E3
:10AA00002D0481224FF0FF36013A0FD1A06AE2688F
:10AA100003F0CCFE48B9E36AE26859792846FFF7AB
:10AA2000B9FF002818BF6FF00500F8BD5F88B84275
:10AA300008BF1E600433E7E7409E00202DE9F04F79
:10AA4000A1B024220021044617A805F023F9984E4E
:10AA50000820FFF78BFE736880466FF30F0306A88C
:10AA60000693FFF75FFD069BF56801931D44A5EB78
:10AA70000805082209A928460795FFF701FF0028C5
:10AA8000C0F21381F36A09AA5979002312F8010B65
:10AA9000814240F0FB800133082BF7D1844A936850
:10AAA000526843449A4280F0EB800198FFF79EFF82
:10AAB000FBE0BDF826306FF30F051D440795DFF866
:10AAC000F091DDF81CA00BA907A8FFF71BFF0028D9
:10AAD00040F0EB800BA91FFA8AF005F0B0F828BB14
:10AAE000039B5345EDD11022002113A805F0D2F8A5
:10AAF0001F9D129517AB11937CB10820FFF736FE0E
:10AB000026890146A819FFF731FE694A9368526801
:10AB1000014419448A4280F09680002DBED011A8CD
:10AB2000FFF756FE002840F0C080B7E7BDF82C00C4
:10AB300003F0BBFD0C3059F820600896731C02D15D
:10AB4000D9F8046008960DA908A8FFF7DBFE0028D5
:10AB500040F0AB80BDF82C70BDF83430BB4204D15E
:10AB60000DA9B0B205F06BF820B9089BD9F8042004
:10AB70009A423DD1B245B3D1BDF83050002DAFD08F
:10AB80002CB12388BB4202D12389AB42A8D9BDF89E
:10AB90002E701F9A330C1B041F44D9F82C301B68ED
:10ABA000591E5B4203F020030493D9F80830154482
:10ABB00001EA05001344009025EA0105ADF82E30A6
:10ABC000C5B9009B53B11F995A1A17AB194438469F
:10ABD000FFF756FE002868D1009B1F930BA803F0D7
:10ABE00081FD0BA8FFF70AFE00283FF479AF5CE077
:10ABF0001E46A8E7049B1F9EAB4228BF2B46A3EB33
:10AC0000060B029317AB5A4699193846FFF738FEE0
:10AC100000284AD11F9B01465B44182211A80593C6
:10AC200005F038F817AB139311A8059B1493FFF7A1
:10AC3000CFFD002839D11F9B1F90F61A029B2E448E
:10AC4000F51A5F44BCE762682B4411A8CDE91326CE
:10AC5000ADF83E30FFF7BCFD38BB2388ADF83C3083
:10AC60002389ADF840300FA8FF238DF8423003F060
:10AC700039FD0FA8FFF7C2FDB8B90123A3720DE794
:10AC8000FFF7E4FD00283FF410AF0EE0A5EB08034A
:10AC900009A80393FFF778FD00287FF40AAF07A8FF
:10ACA000FFF700FE00283FF40AAF21B0BDE8F08FA7
:10ACB000409E002038B50F4C83002168226A43F083
:10ACC000020342F82130054621680246204603F07F
:10ACD0008FFCE36861682060984208BF23690548DB
:10ACE00008BF43F008032A4608BF236103F080FC35
:10ACF000606038BDD80A002008B5074B186830B925
:10AD000006480749572203F066FC04F0ACFFBDE893
:10AD1000084004F01EBE00BF58CC0020AB15020056
:10AD20007086020070B5EFF31184402686F3128816
:10AD3000BFF36F8F3448FAF735FF30B984223348B8
:10AD4000334903F048FC04F08EFF324D2E48FAF7E9
:10AD50004DFF2846FCF7A6FD38B12B48FAF730FF27
:10AD600000284BD14FF49972E9E76B6ACBB12648C2
:10AD7000FAF726FF0028F5D084F31188BFF36F8F10
:10AD80006B6A28469847EFF3118486F31288BFF365
:10AD90006F8F1D48FAF706FF0028CFD01A48FAF740
:10ADA00025FFEFF31186402383F31288BFF36F8FE3
:10ADB0001948FAF7F7FE0028C0D01748FAF716FF2F
:10ADC000AD69164B9D4217D015B12846FCF7E0FB44
:10ADD0001148FAF7F5FE0028C4D086F31188BFF3B6
:10ADE0006F8F002DB9D02846FDF75CF82146064844
:10ADF000BDE87040FCF710BC0025E9E784F311883A
:10AE0000BFF36F8F70BD00BF68CC0020AB15020090
:10AE1000C3150200F0890020E09C0020088A002071
:10AE20002DE9F843074615461C4690461E46EFF3AB
:10AE30001189402383F31288BFF36F8F1E48FAF7FE
:10AE4000B1FE30B984221D481D4903F0C4FB04F053
:10AE50000AFF1948FAF7CAFEB4F1FF3F08BFB5F17F
:10AE6000FF3F06D11448FAF7ABFEF8B94FF49972D8
:10AE7000E9E7002C0ADB012D74F100042A46BCBF6F
:10AE80000122002612F1FF3846F1FF363846FCF762
:10AE900009FDDDE90823C7E90A2300233B63424695
:10AEA000334638460749FCF749FCDBE789F311884C
:10AEB000BFF36F8FBDE8F88368CC0020AB150200AC
:10AEC000C3150200958401002DE9F04F064689B0B4
:10AED0001D4616F0030388461046009340F0838118
:10AEE000341D36BB01F0070808F10404C8F1080856
:10AEF00000210427431E8B4601228946BA4606B12B
:10AF00002060002A00F30B81DFF8E8C2604504D31B
:10AF1000DFF8E4C26045C0F00281BBF10F0F40F2E0
:10AF2000F18040F28122B148B14903F054FB04F0B2
:10AF30009AFE0729DCD86FF01B0009B0BDE8F08F3E
:10AF40004FF0000913F8015F002D00F01381B9F1F3
:10AF5000000F05D1252DF5D14FF0010904277BE025
:10AF60007A2DEDD84B2D0CD8472DE9D8292D75D841
:10AF7000202D18BF232D0CBF4FF001094FF0000901
:10AF8000E0E74C3D2E2DDBD801A050F825F000BFA6
:10AF900045AF010041AF010041AF010041AF0100E9
:10AFA00041AF010041AF010041AF010041AF0100DD
:10AFB00041AF010041AF010041AF010041AF0100CD
:10AFC000ABB0010041AF010041AF010041AF010052
:10AFD00041AF010041AF010041AF010041AF0100AD
:10AFE00041AF0100C7B0010041AF0100ABB00100AB
:10AFF000ABB00100C7B00100C7B00100C7B001008D
:10B0000045AF0100ABB0010057B0010041AF0100F6
:10B0100045AF010041AF01004DB00100ABB00100F0
:10B020004DB0010041AF010041AF0100FBB0010094
:10B030005DAF0100ABB0010041AF010041AF0100C5
:10B04000ABB0010041AF01005DAF010000204FF047
:10B050000009042735E00827BA4673E7A5F12A0C52
:10B0600001205FFA8CFC00FA0CFC4FF6DA701CEA47
:10B07000000F7FF467AF1CF0625024D11CF001096F
:10B080003FF460AF013C3C44B4FBF7F47C432EB189
:10B09000AAEB06052544A845FFF44DAF002850D083
:10B0A0007546013A55F8040B29E713F8010C6C2892
:10B0B00025D113F8020C6C284FF000008146C8D14E
:10B0C0000827BA46DEE70EF1070525F00705073425
:10B0D00005F1080E24F0070446B1019820444045CC
:10B0E0003FF629AF95ED007B84ED007B08344FF0EF
:10B0F000000908274FF0080A24E74846A7E7002080
:10B100008146BFE78EB10BF12000A4EB060C68442A
:10B110004FEA9C0C00F810CC01310BF1010BC6F189
:10B1200008000434AE4601900CE7CDE902210193FA
:10B13000E6F773FB08F10208DDE90221019B804478
:10B14000EBE7BAF1040F08D10EF1040016B1DEF8F6
:10B150000050256004348646F4E60EF1070020F026
:10B16000070000F1080E1EB190ED007B84ED007B1E
:10B170000834BFE7A31BB3F5806F02D340F2D2229D
:10B18000D1E61EB9A8F108001844D6E69B08356040
:10B190000DF1100933707170C6F1010A009B9B45D7
:10B1A00001D1A01BC9E6009B13F80930029356F8A1
:10B1B000231046F8235008460191E6F72EFB0AEBD0
:10B1C0000402471C3A449045FFF4B5AE029B04F8D4
:10B1D000013B019920463A4605F000F8009B0133F7
:10B1E0003C440093DAE76FF00D00A6E6AB150200D1
:10B1F000818C020058020200789202002DE9F74F7C
:10B20000DDF830909DF834B00646884614461F4657
:10B21000E8F722FB18B30D2323700023C4F80B308A
:10B22000E370C4F80730C4F80E30F123637184F87A
:10B230000180A67102F0D8FF030C6372C0F30723EC
:10B24000020EA37231232272E07223730C22611D5D
:10B250000720F6F7E7F9607401233B7021E04D4DBC
:10B260002A78F2B14FF0580A0AFB065A42F29802C5
:10B270001AF80220AAB142F29C021AF80210002920
:10B2800050D0019002F0B0FF42F2E001019B5AF869
:10B290000110401AB0F5A02F42F29C0204D90AF81E
:10B2A000023003B0BDE8F08F1AF80230232B20D013
:10B2B000B9F1000F1DD0BBF1040F1AD999F8003075
:10B2C000212B16D1B9F8033005F500525BBAD2F83C
:10B2D00090209BB293420CD22F4903F07F0202EBE5
:10B2E000821211442A444978127C41EA02229A428D
:10B2F00022D0582171436E1842F2DD0384F8018098
:10B30000F25C227001F502510022E2701D31F25C04
:10B310002944601D04F062FF42F2E402B358013395
:10B32000B35099E7B9F1000FBBD0BBF1040FB8D906
:10B3300099F80030212BB4D1B9F80330582202FB20
:10B34000065242F29A015BBA535298B2134BD3F8A9
:10B3500090309842A5D2104B00F07F0202EB82128F
:10B3600013445978AB1893F810C041EA0C2181427C
:10B3700097D184F8018093F84E1021700021E1707C
:10B3800002F10E01294493F84E20601D04F026FFBF
:10B39000A67161E7A8320020B8320020A852002030
:10B3A000F7B5054650B9474802F0D8FEFFF7BAFC9A
:10B3B000454803B0BDE8F040EEF7EEBDC0E900211E
:10B3C000424B434C1B689847A860E369284698475E
:10B3D0000746EFF31186402383F31288BFF36F8F84
:10B3E00004F11400FAF7DEFB30B9842239483A49F7
:10B3F00003F0F1F804F037FC04F11400FAF7F6FB5F
:10B400002B7843F001032B7061683A46204603F025
:10B41000EFF8236960605A0711D51B07D4E90910BA
:10B4200014D4E26823689A429CBF521802F1FF329A
:10B43000D31A0139C91A81422CBFA162A0622748E0
:10B44000FAF7BEFB20B94FF49972CFE70023F0E77B
:10B4500086F31188BFF36F8F214802F07FFE214BE6
:10B460001B78DBB1EFF31184402383F31288BFF321
:10B470006F8F1D48FAF796FB0028B6D01A48FAF7E6
:10B48000B5FBF4F7E7FE1848FAF79AFB0028DAD084
:10B4900084F31188BFF36F8F03B0F0BD134B1B68AB
:10B4A000002BF9D050B900220023CDE90023104829
:10B4B00040F6CD420023FFF7B3FCEDE70928EBD1BE
:10B4C00074E700BF18C900202C0D0020FC080020E4
:10B4D000D80A0020AB150200C3150200EC0A0020B8
:10B4E00014C9002031D300207CCD00200CC90020DD
:10B4F000F08900202DE9F04F8F4C95B0074601915F
:10B500001646EEF705FAA57C45BB0620F3F704F8CE
:10B5100030B18A4B43610223037445748574C5744A
:10B5200087494FF48252FFF73BFF6FF00C01082070
:10B530000191F2F7F1FF48B1824B43610323019976
:10B5400003740023816143748374C3747E494FF490
:10B55000C25215B0BDE8F04FFFF722BF0820FFF739
:10B5600005F902903046FFF701F9E368029AA3EB70
:10B5700082039842054602D96FF01501D7E7384695
:10B5800003F093F80C3054F82090CDF81090B9F1F6
:10B59000FF3F5ED005A904A8FFF7B4F901460028D3
:10B5A00054D1BDF81430BB4207D105A91FFA89F068
:10B5B00004F045FB002840F08C80DDF810906368B3
:10B5C0004B45E6E71BB915B0BDE8F08FAFDD002DA8
:10B5D00042D0029B1D441FFA85F95C485C4D4FF038
:10B5E000FF324FF0FF3304F047FB4FF0000A238A8D
:10B5F00053456BD0D4E9011309EB030291422DD3DB
:10B600008AB25AB30021ADF81E301822FF230CA8CD
:10B610008DF82230ADF81C70ADF8206004F03AFBD4
:10B62000019B0CA8CDE90E36FFF7D2F8014640B9D0
:10B6300007A803F057F807A8FFF7E0F8014600B99C
:10B6400031464248019102F081FE01990029BADA9F
:10B650006DE7002EBBD1B6E7A946BEE70820FFF78D
:10B6600085F84FF6FF73ADF8303000228DF8363094
:10B67000E368ADF834200A1829401944081A6060BC
:10B680000CA8ADF8322003F02DF80CA8FFF7B6F89F
:10B690003048FEF747FF63682B40A360BAF1000F04
:10B6A00007D1019BADF824700A93ADF82C608DF89A
:10B6B0002EA009A8FFF7C2F901460028C1D19DF8C4
:10B6C0002E300AF1010A002B91D0B9E76FF01B016F
:10B6D000B7E7BDF81830002E3FF474AF9E427FF4F8
:10B6E00076AF4FEA1943BDF81690DDF804B01B049D
:10B6F0009944E36A1B685B4203F020030393B0465E
:10B70000039B434528BF43460CA91A4648469A4620
:10B71000FFF7B6F8011E7FF459AF52460CA9584600
:10B7200004F06AFD00287FF452AFB8EB0A08D14458
:10B73000D344E5D147E700BF409E0020608502006A
:10B740009C060200AF8C020044070200549E0020B9
:10B750000000FFFF449E00202DE9F0438BB0864D92
:10B76000002405F11408C5E90744C5E90588A86A5D
:10B770008368DB6898470646E86268B90620F2F7F6
:10B78000CBFE30B17D4B4361022303744674867453
:10B79000C6744FF4825229E0A86A8368DB68984730
:10B7A0000368013B1F2B0CD90620F2F7B5FE0028D9
:10B7B000EFD0734B43610223037444748474C474E4
:10B7C000E7E7EE68B6F5803F19D90820F2F7A4FE46
:10B7D00050B16C4B4474C0E905364FF48033C361FB
:10B7E000042303748474C4744FF401526649FFF750
:10B7F000D7FD6FF0150420460BB0BDE8F083A86AB2
:10B80000296807AA04F0ECF930B10620F2F784FEAB
:10B810000028BED05D4BCDE7EC682CB1089BB4FB93
:10B82000F3F203FB12446CB10620F2F775FE002818
:10B83000AFD0574B436102230374002343748374D6
:10B84000C374A6E72B8A012B06D80620F2F764FE04
:10B8500000289ED04F4BADE7EB6A01945F794FF023
:10B86000FF324FF0FF33404604F006FA0820FEF79F
:10B870007DFFA14606462B8A1FFA84F8434544D82B
:10B880002B8A4B4500F03581434509D101980822A8
:10B890003946801BFFF77EF810B901A8FEF742FE7B
:10B8A00001A8FEF7FFFF044630BB019868604FEA2D
:10B8B00010484FEA0848C5F80880AB6883420DD8A5
:10B8C000082203A9FEF7DCFF0446A8B903AB13F86E
:10B8D000012B974234D10134082CF8D16B6801A8B0
:10B8E0006FF30F030193FEF71DFEEA6801983946D6
:10B8F000FFF750F8041E51DA274802F027FD002C0C
:10B900007FF479AF0123AB7475E7E8682304801BEB
:10B9100013FA80F0082239460190FFF73BF868B12E
:10B9200001A8FEF7FFFD09F1010901980822394637
:10B930001FFA89F9FFF72EF80028A1D001349AE701
:10B940006C6803A9A0B204F07AF910B9A01B686072
:10B95000B3E7BDF81010BDF80E00C5F80880084424
:10B96000FEF704FF40448442A860EFD10029EDD0E7
:10B970006FF01C04C0E700BF409E0020D18C020085
:10B98000F38C0200108D02009C060200398D02002B
:10B99000518D0200658D0200549E002000F08680CB
:10B9A0006F684FF6FF783744EB680197BAB29B1B7C
:10B9B0009A4242D300276868002F57D06FF30F00D8
:10B9C000019001A8FEF7AEFD0198FFF70FF80446BD
:10B9D000002891D148484FF40072FF2104F05AF931
:10B9E0006F6802974FF6FF7905A902A8FEF78AFF54
:10B9F0000446002880D1BDF8140048450ED002F05E
:10BA000054FE00F10C0855F82830013306D105A981
:10BA1000B8B204F014F908B145F828706B68029FB9
:10BA2000BB42E1D1EA689BB2A2EB460293427FF4AB
:10BA300063AFFEF70BFF04465EE7082205A9384610
:10BA4000FEF71EFF044600287FF456AF05A9B8B2E2
:10BA500004F0F5F830B1BDF81430434502D1BDF81B
:10BA600018300BB137449FE70127A4E7FEF7BEFF6C
:10BA7000044600287FF440AF6B68204AE968134011
:10BA80000B44A3EB46031A40AA601D4A6B600137C2
:10BA9000BFB2802F42F8043FF9D10020FEF7CEFF5D
:10BAA00095E7EB6AAA681B681344AB60D5E90120EF
:10BAB000824207D9121A3946FEF76CFF041EFFF6C0
:10BAC0001BAFEED16868EB6800EB46029A4281D169
:10BAD0000A4FAA6800EA07039A423FF47BAFFEF7D9
:10BAE00085FF044600287FF407AF6B683B40AB60DE
:10BAF00070E76FF02C04FFE6709E00200000FFFF4F
:10BB00006C9E00202DE9F04F8BB002AF0D4678609F
:10BB10009046C1F34A260C0D002E58D04FF0000974
:10BB200007F10C0BC7E90599C7F81C9007F114033E
:10BB3000CDF800B04A463146404600F095FBB0F5DE
:10BB4000006FB24603461AD36C468AB0D8F8043068
:10BB500002AA27492748C2E9051340F2FF73D361BF
:10BB60004FF400731384244B42F8103F4FF41251EA
:10BB7000FFF7C8FFA5462437BD46BDE8F08FC0F3E8
:10BB80000A0604F11700184420F0070080083B6003
:10BB9000F2F7C2FC66F35325044600B33B68174A2C
:10BBA00000F11001C7E90639796107F11403CDF8F6
:10BBB00000B05146404600F057FB00280FDA10480D
:10BBC000104940F2491202F006FD04F04CF804F16D
:10BBD000170020F007008008F2F79EFC044666F389
:10BBE000532579682A462046FFF7DAFBC3E700BFF2
:10BBF000888D0200BC0602000400000129E5010056
:10BC0000AB150200C78D02002DE9F043AD4B8DB09E
:10BC10001B7800AF83B10620F2F77EFC38B1AA4B47
:10BC2000436102230374002343748374C374A749DC
:10BC30004FF48452FFF7B4FBA54D0FCD07F1140468
:10BC40000FC495E8070084E807006C4688B06A4690
:10BC5000A04B0593A04B06934FF40073ADF81C3036
:10BC60009E4E9F4B42F8103F98484FF4E651FFF725
:10BC700049FF3378A5460BB1FAF700FC994B9A4A75
:10BC80009A491A60BA611E22994B87F822204FF414
:10BC90009B72BA840B6040F2011201217A85FB622B
:10BCA000797507F1140CBCE80F00924D2C460FC4B7
:10BCB0009CE807002B7884E8070003B9AB758E4831
:10BCC00002F09AFB202200218C4803F0E3FF8C4B0A
:10BCD00000241C605C608B4B03F14800C3E91044F6
:10BCE00002F08AFB8848C0E91044483002F084FB27
:10BCF000864A844B43F8042B0134102C02F14D0288
:10BD0000F8D1834A804900230133102B41F8042BDA
:10BD100002F14D02F8D17F482022002103F0BAFF42
:10BD200095F80C80B5F81090404603F004FE00280A
:10BD300000F05382EB7D002B0CBF8123282300F100
:10BD40000D041C44A4B2A1452AD20820F2F7E4FB5A
:10BD500040B1714BC0E905340323037400234374DD
:10BD60008374C3744FF4C2526C49FFF719FB6FF030
:10BD700015040820F2F7D0FB40B1694BC0E9053447
:10BD800003230374002343748374C3744F494FF433
:10BD9000C252FFF705FB01210220EDF787FF17E2F2
:10BDA000604B1860604B0120C3F810856B7B2978CD
:10BDB000012B5AD0022B10D0002B5FD00620F2F7B7
:10BDC000ABFB38B1594B4361022303740023437426
:10BDD0008374C3744FF48252C6E7534A4FF6FF741C
:10BDE000C2F83C45C2F83435514BC2F83835012908
:10BDF000E4D80028E2D0002946D1687DF9F7E8FBB5
:10BE0000494B4C4C4FF0E732C3F81C254FF04332FE
:10BE1000C3F82025484AC3F82425484AC3F82825F2
:10BE2000237B002B40F0CE80454A2068C4E90123E3
:10BE3000444B984200F08E8003F58053984200F006
:10BE4000898003F58053984200F0848003F58033A5
:10BE500098427FD003F5805398427BD03A497022B4
:10BE60003A4802F0B8FB03F0FEFE2F4AFF24C2F866
:10BE70003C45C2F8343540F20713B6E72A4AC2F807
:10BE80003C35C2F83435B0E70023C7F80D30C7F8A9
:10BE90000530C7F809300323BB7108233B712C4BD5
:10BEA0005B7C0122013BBB7390454FF04803FA7362
:10BEB0003B7302D0B8F1040F00D17A72381DFEF73F
:10BEC000D3FB9DE7FFD10020F38D02006C0602003A
:10BED000F00702000B8E0200F35302004CD1002049
:10BEE000030000017CCC002051E30100F4CC0020D1
:10BEF000A1380000E0C30020F8CC0020D4D00020FE
:10BF0000CBDD0020A4CC00206C970020FBD80020C3
:10BF10002BD4002084CC0020268E02006406020070
:10BF2000528F020080CD0020001000406D8E020074
:10BF300021100100E4090020E743C323A363E313B6
:10BF4000A151010000800040AC860200AB15020048
:10BF50009C090020D0F8043523F00303C0F8043511
:10BF6000D0F8083523F00303C0F808350423C0F8DF
:10BF7000103500F5807240230021D15052F803C0E3
:10BF80000433582BF9D140F30730F3F74FF901236D
:10BF90002373FEF7B1FE041E3CDA0820F2F7BCFA68
:10BFA00040B1914BC0E9053403230374002343746B
:10BFB0008374C3748D494FF4C252FFF7F1F96FF0E7
:10BFC000120464E00820F2F7A7FA50B1884B4361ED
:10BFD0006FF0770383610323037400234374837436
:10BFE000C37482494FF4C252FFF7DAF90620F2F720
:10BFF00093FA38B17F4B43610223037400234374E7
:10C000008374C37479494FF48252FFF7C9F96FF012
:10C010000D04AEE6784B1C70FEF76EFE041EBCDB12
:10C02000764B1C70FEF768FE041EB6DB744B1C706A
:10C03000FEF762FE041EB0DB724B1C70FEF75CFE66
:10C04000041EAADB704B1C70FEF756FE041EA4DB18
:10C050006E4B1C706E4B186810B96E498622FFE655
:10C06000043003F076FC041E23DA0820F2F754FAB9
:10C0700040B1694BC0E905340323037400234374C2
:10C080008374C37459494FF4C252FFF789F90620EB
:10C09000F2F742FA38B1614B436102230374002383
:10C0A00043748374C37451494FF48252FFF778F993
:10C0B0005FE65B4B5B4A1C705B4B5C495A60D1F896
:10C0C0005036EA7D23F001031343C1F85036A2BB7A
:10C0D0007C2381225649CB60564B01240421142035
:10C0E000DA603470F3F7C2F803212046F3F7BEF8A4
:10C0F00004210A20F3F7BAF81420F3F797F8204642
:10C10000F3F794F80A20F3F791F84B4802F074F92A
:10C110004A4802F071F94A4802F06EF9494802F0C3
:10C120006BF9494B187802F056F8FF28054607D0FE
:10C13000642806D96FF0150409E028231A46C9E7D8
:10C140004C253378012B1ED1404B0024DD74082090
:10C15000F2F7E2F940B13E4BC0E905350323037421
:10C16000002343748374C3743A494FF4C652FFF7F3
:10C1700017F9002C7FF4FDAD3378012BD8B205D030
:10C180006FF00F04F5E56FF00F04E0E7324B2F4D31
:10C190001B682B60F9F7FEFA3378012BF0D12F4B97
:10C1A00002201B686B60F9F7F5FA3378012BDEB2D9
:10C1B000E6D12B4A1068516805F1080303C3082330
:10C1C0002B740420FF23AB74F9F7E4FA254B1E709F
:10C1D00020463437BD46BDE8F0834FF6FF74A145D5
:10C1E0003FF4E4ADB1E500BF008F02006406020039
:10C1F0008F8E0200B88E0200DCD30020DBD300203B
:10C2000027D4002042D3002041D3002040D3002077
:10C2100058CC002070860200DE8E0200248F0200BF
:10C22000DAD3002010110040B409002000100040B3
:10C23000CC0900208409002004CD00200CCD002072
:10C2400008CD002000CD00205C0A00209C090020C1
:10C250003D8F02006C060200FBD10020F7D10020C8
:10C26000EFD10020FFD100202DE9F04F93B000AFB7
:10C2700088461546FB61044638B940F29932914828
:10C28000914902F0A8F903F0EEFC51B9037890F857
:10C290000190807800EB83002044C1450FD8A0EBCB
:10C2A0000408E378BB619BB91DB1FA694146204699
:10C2B000A847C24650464C37BD46BDE8F08F461CE5
:10C2C0003046E5F7AAFA0130304408F10108E4E706
:10C2D000A3787B6123783B619B00BB606368FB6054
:10C2E000D7E9042303EB820626440236002D49D108
:10C2F000DFF8E891C246A84616F8012C734B54F8B3
:10C3000022B016F8021C9B4529D3CB452CBF002236
:10C310000122F8687A61F96102F033F9F9697A6902
:10C32000F8B1EB468AB06A46694B0593FB686948E9
:10C33000CDE906314FF40071ADF82010664942F89E
:10C34000101F4FF41251FFF7DDFBDD46AAF1020A80
:10C35000BB690135AB4206F10206CDD8AAE700223F
:10C36000D7E7002AF2D15846E5F757FA3B6F3BB1C1
:10C37000B8F1030F9EBF421C23F8182008F10108F2
:10C380008244E5E74FF0000A504AD34616F8013CD4
:10C3900016F802CC54F823007E60904217D34F4920
:10C3A00088422CBF4FF000094FF00109F8683B604C
:10C3B000614602F0E6F8454AB8B9B9F1000F14D168
:10C3C000BBF10F0F3B6805D940F24D4257E74FF0E4
:10C3D0000009EBE70BF1280007F1200C60440BF19A
:10C3E000010100F8203C5FFA81FBBB690AF1010AF8
:10C3F000534506F10206C9D894F80190FA69B96864
:10C4000009EB0B0300266370A670E6702046A84770
:10C41000B0F1000AFFF64EAF3B6923707B69A37051
:10C42000BB6984F80190FA69E370314607F138007E
:10C43000A847B0F1000941DBBB68BA69786803EB33
:10C4400042017B69FA691944A8EB0101A847002859
:10C4500036DBD14409EB000A5E4504D30021FA69BA
:10C460000846A84726E707F128039A5D3B6F54F872
:10C47000229087F82720F3B1032E1CD833F81680BA
:10C48000FA69012107F12700A847002818DB824438
:10C49000B8F1000F06D14846E5F7BFF900F10108F1
:10C4A0001FFA88F8FA6941464846A847002807DB82
:10C4B00082440136D0E74FF00008E1E7CA46F9E6CA
:10C4C0008246F7E6AB150200818C0200580202009A
:10C4D000708F02004C0602000400000178920200F6
:10C4E0002DE9F3410F46054658B301910B4602462C
:10C4F00010210020FEF7E8FC041E07DA4FF4BF729B
:10C500001E481F4902F067F803F0ADFBB4F5006F59
:10C51000A04618D30820F1F7FFFF50B1194B436133
:10C5200040F2FF7383610323037400234374837415
:10C53000C37415494FF4C45202B0BDE8F041FEF790
:10C540002FBF80460446640208F1170020F0070060
:10C550008008F1F7E1FF064658B155B13B462A463F
:10C5600041461030FEF7B0FC002802DA40F2A31278
:10C57000C6E7002122463046DEE700BFAB150200C9
:10C58000C78D020013900200BC0602002DE9F0479F
:10C590003E4C06460F464FF480386FF001013C4890
:10C5A00001F00AFEC4F80883BFF35F8FBFF36F8FFB
:10C5B00000F00105F8F7DAFFB04271EB070340D253
:10C5C000344B301A67EB0101984271F1000159D2E6
:10C5D000314BD3E902239F4208BF964235D04FF03A
:10C5E000000CC4F84883C4F840C126F07F40D4F85A
:10C5F0004031DFF8B490824603216FF0020E2AF03A
:10C600007F43C4F84035C4F84483D4F80425AEEB26
:10C610000203534423F07F434B4516D9D4F84031ED
:10C620005BB1D4F80425131A23F07F43B3F5000F50
:10C630000BD9C4F840C1D4F8403101EB020A0131F2
:10C64000DDE71648012101F0A8FD134B144A1A60DA
:10C65000C3E9026700265E608DB101210C4801F03C
:10C660009CFD4FF48033C4F804330C4801F083FD83
:10C67000C30742BF0B4B4FF40032C3F800213046D2
:10C68000BDE8F0876FF01506E6E700BF0010014037
:10C6900024CD002001008000088E002028CD00203D
:10C6A0009579010000E100E0FDFF7F0010B5044630
:10C6B000F8F75CFF0D4BD3E90021831AB3F5000FA7
:10C6C0000B4810D28442A8BF0446012CACBF1B19F2
:10C6D0000133834228BF03469818BDE8104041F15A
:10C6E0000001FFF753BF0346F6E700BF208E00208E
:10C6F000FFFF7F0030BFFFF7FDBF00BFEFF30880F3
:10C70000EFF3098101B57246F4F718FA01BD00BFD5
:10C71000002080F31488BFF36F8F0F4880F30888E0
:10C72000F9F76AF900200D490860BFF34F8FF2F75F
:10C730003DFD402080F3118809484FF49061401876
:10C7400080F30988EFF314800221084380F31488F2
:10C75000BFF36F8FF2F73EFE8017012094ED00E0EB
:10C76000001801201EF0040F0CBFEFF30880EFF358
:10C770000980816911F8021C0229FFD001B57246B7
:10C7800002F061F801BD00BF24498A6882F8E5E043
:10C790004FF030001044EFF3098C80E8F01F1EF0DA
:10C7A000100F03D102F1A40080EC108A402080F326
:10C7B0001288BFF36F8F1A4F4FF000668A698A6044
:10C7C0003E60D2F89800174C206092F9E5E0D2F86C
:10C7D0009C000023C2F89C3080F311881EF0100FDB
:10C7E00003D00023E1EE103A03E002F1A40090EC44
:10C7F000108AEFF3148323F0040383F31488BFF348
:10C800006F8F04B51046F2F767FDBDE8044002F1F2
:10C81000300090E8F01F8CF309887047BC9C002022
:10C8200004ED00E0FCC800200148006870470000EB
:10C83000FCC80020F0B587B007460E46144600211C
:10C84000102268461D4603F025FA02238DF80230B7
:10C850002A46054B019321466846CDE9047600F04F
:10C86000ABFB07B0F0BD00BF7FFC010008B5024B79
:10C870001B689847002008BD84CD0020034B044A64
:10C880001860937843F002039370704784CD0020C2
:10C89000080A002010B50446FFF7C6FF034A01232B
:10C8A00002442046BDE8104003F008BA1000000022
:10C8B0002DE9F0472DED028B80460F46002318F836
:10C8C00003C0BCF1200F03F1010200F06F81ACF155
:10C8D0000901042940F26A81BCF12B0F144630D0C3
:10C8E000BCF12D0F32D000254CF02003692B2FD046
:10C8F0006E2B5BD000214FF00A098E460B460E4688
:10C9000015F4006067D04CF02002A2F1610ABAF180
:10C91000050F60D8573AD2B24A4561D34CF0200C8B
:10C92000BCF1780F05F0800240F09580002A4ED0CF
:10C93000002E40F0928045F4006080B24FF0100964
:10C9400078E0002518F802C09C1CCDE74025F9E7E7
:10C95000974B9FED988A13F8011B51B118F80420EA
:10C9600042F020028A4204F1010023D0924A93420D
:10C970002DD1B0EE480A03F0A1FB50B118F80430F5
:10C98000282B06D1013418F80430292B04F10104B6
:10C9900012D16B0601D5B1EE488A0FB144443C6018
:10C9A000B0EE480ABDEC028BBDE8F087834B9FEDEB
:10C9B000848AD0E70446CEE723F02002413A192AC0
:10C9C000E1D9A3F13002092ADDD95F2BDBD09FED3D
:10C9D0007D8A0024E1E7ACF13002D2B24A4530D280
:10C9E00045F0800015F4807C80B21CD1B9F10A0FAB
:10C9F00014BF4FF0070A4FF0080AD64507DCAD0513
:10CA00001DD406FB0926AEB10EF1010E12E045F46D
:10CA1000C070B9F10A0F80B205D1042A03D9052AE2
:10CA200008BF62460223002A18BF43F001038505B0
:10CA300000D4013118F804C00546013460E701391B
:10CA4000DFE7FE2A7FF46AAFAA053FF567AF45F43A
:10CA5000007080B2EEE7002AB9D0002866D08900C5
:10CA60007022624519D118F804202B2A04F1010024
:10CA700004D02D2A5CD145F48065ADB218F800C011
:10CA8000A01C14466246A2F1300CBCF1090F52D929
:10CA900001340CBF00F1FF34841E013C002E00F075
:10CAA00082802A0567D51931B6F1007F5AD3B6F1D5
:10CAB000806F5AD211F17E0F57DB46EA030202F073
:10CAC0000303032B03D002F00603062B05D1043227
:10CAD000B2F1806F24BF520801317F2960DCB2F1CE
:10CAE000007F4FEA920326BF7F3123F40003002129
:10CAF00043EAC15308EE103AB0EE480A01F082FA58
:10CB00000138022804D8FFF78FFE2F4B22221A503B
:10CB1000B0EE480A01F076FA013802283FF639AF44
:10CB2000FFF782FE284B22221A5032E7652298E74F
:10CB30004FF0FF34A7E700244FF00A09DF2CDCBFD9
:10CB4000303A09FB042418F80020A2F1300CBCF1A3
:10CB5000090F00F10100F1D96A0548BF6442214480
:10CB600004469AE7760001399EE706F0010242EAA0
:10CB7000560601319BE78E441EF12D0F0DDBBEF1F1
:10CB8000270F0DDC06F001001843013006EB900082
:10CB900003F0E3F8B0EE408ABAE79FED0A8AB7E700
:10CBA0009FED048AB4E79FED078AF2E6134686E616
:10CBB000BF1202000000807FC2120200BC120200FD
:10CBC0000000C07F000000000C000000242A2DE9B6
:10CBD000F041054601D8012A0AD1FFF725FE344B62
:10CBE00016221A5001B10D600020BDE8F0813046D8
:10CBF000064616F8014B202CF9D0A4F10907042FA2
:10CC00002346F4D92B2C32D02D2C33D14FF0010CEC
:10CC10003378861C302B34D1307840F020007828CF
:10CC20002BD132F0100028D173783546102202360D
:10CC30000CF10047013F0020B7FBF2FE02FB1E781B
:10CC4000392B82BF03F1FF3343F02003263B303BF7
:10CC50009A421DD9704502D817D1984515D24CF08B
:10CC6000020C3446354614F8013B2646E8E74FF0FF
:10CC7000000CCDE74FF0000CCCE7002A08BF0822DB
:10CC8000D6E7002A08BF0A22D2E700FB0230E8E715
:10CC900001B10D601CF0010F18BF40421CF0020FE3
:10CCA000A3D0FFF7C1FD024B22221A5038469CE761
:10CCB0000C000000242AF0B5044601D8012A40D116
:10CCC000FFF7B2FD2D4B16221A5001B10C60002067
:10CCD000F0BD2F463D4615F8010B2028F9D0A0F1F4
:10CCE0000906042E0346F4D92B282CD02D282CD14C
:10CCF00001262B78BD1C302B2DD1287840F0200048
:10CD0000782824D132F0100021D16B782C461022E3
:10CD100002350020392B82BF03F1FF3343F020039B
:10CD2000263B303B9A421AD9A0FB02040CB9C0182A
:10CD300001D346F002062F462C4617F8013B3D462C
:10CD4000E8E70746C6E70026D3E70026D3E7002A30
:10CD500008BF0822DDE7002A08BF0A22D9E701B18F
:10CD60000C60F20748BF4042B307B1D5FFF75CFD46
:10CD7000024B22221A504FF0FF30A9E70C000000AE
:10CD8000242AF0B507460D4601D8012A0AD1FFF73B
:10CD90004BFD404B16221A5005B12F600020014672
:10CDA000F0BD3046064616F8011B2029F9D0A1F146
:10CDB0000904042C0B46F4D92B293DD02D293ED152
:10CDC0004FF0010C3378861C302B3FD1317841F085
:10CDD0002001782936D132F0100133D173783746EB
:10CDE0001022023600200146392B82BF03F1FF33A7
:10CDF00043F02003263BA3F13004A24236D94FF082
:10CE0000000E39BBA0FB027338461946BEF1000F75
:10CE10000AD13F1953F1000328BF4FF0010E3846E5
:10CE20001946BEF1000F01D04CF0020C34463746D3
:10CE300014F8013B2646D7E74FF0000CC2E74FF04D
:10CE4000000CC1E7002A08BF0822CBE7002A08BF70
:10CE50000A22C7E7A2FB0131A0FB02701B1841F1B7
:10CE600000010029D0D04FF0010ECDE705B12F60B1
:10CE70001CF0010F02D0404261EB41011CF0020F97
:10CE80008ED0FFF7D1FC034B22221A504FF0FF3017
:10CE900085E700BF0C0000002DE9F0410126B242F9
:10CEA00001DCBDE8F08107463B461F4613F8014B05
:10CEB000002CF6D0252CF8D11D78252D07F102077E
:10CEC000F2D00023DFF8EC809C461C461F2C27D8AC
:10CED000A5F1200EBEF1100F06D828FA0EFE1EF0A6
:10CEE000010F53D12E2D3CD02E2D27D8242D33D0F9
:10CEF0002A2D36D0BCF1000FD3D0B445D4D145F0A3
:10CF00002007A7F1650CBCF1020F0B6801D9612F56
:10CF100042D1073323F0070308330B600136BEE725
:10CF20007F2CDFD96C2D23D01DD8682D27D06A2DFA
:10CF300001D04C2DDED144F4207408E0A5F1300E70
:10CF4000BEF1090FEED80A2404FB03E3202417F8EE
:10CF5000015B002DBAD1CDE7BCF1000F18D0B34270
:10CF600018D00023F3E7742DF1D07A2DEFD0C1E76C
:10CF7000250648BF44F4007444F08004E7E7E50563
:10CF800048BF44F4007444F48074E0E70024DEE712
:10CF90009C46E6E76325B2E7692D02D007D8632DEA
:10CFA00003D0250601D5A405B3D40433B5E7732D0A
:10CFB000F6E700BF892801002DE9F04F8378D0F80B
:10CFC000049093B09C07CDE90812804615D50B92CA
:10CFD0000B460025187890B1252814D0013306930C
:10CFE0004146C847002805F1010580F2FC8398F806
:10CFF000023043F0040388F802304FF0FF35284632
:10D0000013B0BDE8F08F93F801A09A1CBAF1250F78
:10D010000692E5D04FF0000B5E465F465C461F2C43
:10D0200023D8AAF12003102B22D8DFE803F0152122
:10D03000211B2121210B212121132118212109004C
:10D0400044F00104069B13F801AB0693BAF1000FFC
:10D05000E5D11BE044F0020444F00404F2E744F09C
:10D060000804EFE744F01004ECE77F2C00F2F880AE
:10D07000BAF12E0F00F0D58000F2AE80BAF1240F85
:10D0800000F0D580BAF12A0F00F0B680BBF1000F96
:10D0900006D0099B08980B935A460BA9FFF7FCFE94
:10D0A000002E4AF02003B8BF24F040040493A3F1FB
:10D0B0006503BCBFA4B20026022B04D94AF02003AA
:10D0C000612B40F090826FEA0A0A0AF0200307936E
:10D0D0000B9B073323F0070303F108020B92049A1A
:10D0E000612AD3E900AB04F0400340F0E680002B56
:10D0F00008BF4FF0FF36079B0093504633460CAAFB
:10D10000594602F0E5FF0130C3B2B3420393A8BF12
:10D1100003F1FF364FF0010C7023CDE9043CDDF83C
:10D1200030A044F4C0540AF10903122B0DD90AF1BE
:10D130006303C62B40F2F4800AF2E73340F2CE726A
:10D1400093428CBF0423032305939DF83430D80702
:10D1500000F1E880A20700F1E880C4F3800B4FEAF9
:10D160004B1B5FFA8BFB13F00C0F00F0EA80BBF156
:10D17000000F0CBF03230423BB420EDA2007A7EBEA
:10D1800003070BD42F4441462020C847002805F14F
:10D190000105FFF62CAFBD42F5D10027BBF1000F12
:10D1A00007D041465846C847002805F10105FFF65B
:10D1B0001EAF9DF83430AF4C13F0080FAE4B08BFD4
:10D1C0001C462646324616F8010B002840F0B08077
:10D1D0002C1B02EB040B7DE1AAF13003092B3FD895
:10D1E00014F0400F4FF00A0212BF02FB063602FB9A
:10D1F000073744F0200425E7BBF1000F7FF422AF8E
:10D200000B9A600652F8043B0B9201D51E4619E7B3
:10D21000002BA7BF44F020041F465F4244F02804BF
:10D2200010E763063FF5EBAE44F040040AE7BBF1BC
:10D23000000F3DD014F0400A099B08980B930CBFD7
:10D240003A4632460BA9FFF727FE0B9B53F8042BF7
:10D250000B93BAF1000F01D01646F3E61746F1E63C
:10D26000BAF16C0F16D00CD8BAF1680F19D0BAF118
:10D270006A0F03D0BAF14C0F7FF408AF44F4207466
:10D28000E0E6BAF1740F3FF4DDAEBAF17A0F3FF485
:10D29000D9AEFBE6200648BF44F4007444F0800495
:10D2A000D0E6E30548BF44F4007444F48074C9E652
:10D2B0005E463446BB463746C4E6002B049B08BF97
:10D2C0000626652B0ED1721CD2B244F4805413464C
:10D2D000112A4FF065014FF0000228BF1123944638
:10D2E000049107E0049B662B12D144F40054B44629
:10D2F00001221123CDE9002C50460CAA594600F01A
:10D300001DFBC3B203930223DDF830A005930AE7A7
:10D3100016F0FF02DBD16523049394460123E9E76D
:10D32000022311E74FF02D0B1DE74FF02B0B1AE7EF
:10D33000079BC01A4146C0B2C8470028BFF642AF9B
:10D3400055E614F4405F40F09980039B4833002E6B
:10D350006B4408BF0126133B039A1AB113F8012D41
:10D36000302A79D014F0100F039B18BF33461AF1FE
:10D37000040F76DBB24574DA534544F4005440F3AD
:10D3800080800AF101069E1B2AEAEA730133BBF191
:10D39000000F00D00133002E75D0721C13449F4241
:10D3A000CCBFFF1A002714F0090F03D12F44BD4250
:10D3B0006DD10027BBF1000F07D041465846C84742
:10D3C000002805F10105FFF612AE230511D54146EF
:10D3D0003020C8470028FFF60AAE079BC3F178004B
:10D3E000414600F0F800C847002805F10205FFF6A5
:10D3F000FEAD200704D4AB467D195D454FD1002713
:10D40000A1046AD52AEAEA73AAEB030A7642039AD0
:10D41000524584BF0CAA524403F1FF338CBF5079AC
:10D4200030209E4205F1010B41DC41460493C84780
:10D430000028049B0AF1010AFFF6D9AD5A1C09D154
:10D4400041462E200493C8470028FFF6D0AD049B28
:10D4500005F1020B5D46DAE7039A013AD2B2039274
:10D460007AE75E1E14F4006F059A14BF05230323A8
:10D4700013448CE7CB120200C7120200A10483D42C
:10D48000F0E7002680E7E20648BF013387E7414620
:10D490002020C847002805F1010588DAA7E54146A4
:10D4A0003020C84700280BF1010BA6DA9FE5414662
:10D4B0000393C8470028FFF69AADE6060AD5039BFA
:10D4C000013307D105F1020B41462E20C847002841
:10D4D000FFF68DAD5D465F4418E29DF8350041468C
:10D4E000C8470028FFF683AD002E61DD41462E209F
:10D4F000C8470028FFF67BAD01240CAB039AA2427B
:10D50000CABFE218302050794146C8470028A346D8
:10D51000FFF66DAD0134A6420CABEFDAAC1C5C44F7
:10D52000049B079A981A4146C0B2C8470028FFF6E4
:10D530005EADBAF1000FB4BF2D202B204146B8BF1D
:10D54000CAF1000AC8470028FFF651AD059B042B1D
:10D550003AD14FF47A76BAFBF6F505F13000414640
:10D56000C0B2C847002804F10304FFF640AD06FB33
:10D5700015AA6426BAFBF6F505F130004146C0B2A3
:10D58000C847002804F10104FFF631AD06FB15AAD7
:10D590000A26BAFBF6F505F130004146C0B2C8478D
:10D5A000002804F10104FFF622AD06FB15AA13E0E2
:10D5B000E40601D46C1CB3E741462E20C84700287E
:10D5C00005F10204ACDA12E5059B032B04F1020419
:10D5D000CFD0059B012BDBD10AF1300004F1010B08
:10D5E0004146C0B272E7AAF16303122B00F2E58054
:10D5F000DFE813F013005400E300E300E300E3006E
:10D600005400E300E300E300E300E300FC00DD007E
:10D61000E300E3002900E300AB000B9B1A1D1B682D
:10D620000B928DF8303001260DF1300A20072CD5F1
:10D630000AEB060B54465C4529D1A5EB0A0A04EB1C
:10D640000A0BBF1B46E70B9B1A1D0B92D3F800A0D9
:10D65000A94BBAF1000F08BF9A4614F0400F14BF4F
:10D6600031464FF0FF31504602F01CFB0646DDE725
:10D6700041462020C8470028FFF6B9AC013CA6422D
:10D68000F6D32F443D1B2746D2E73C46F7E714F874
:10D69000010B4146C8470028CDDAA8E421060B9BC0
:10D6A00032D5A2052BD5073323F00703D3E90001B8
:10D6B00003F108020B9224F0100B00291FFA8BFBD8
:10D6C00032DA404261EB41014BF4806B0CAC0A232F
:10D6D000224602F01BFB1BF0400FA0EB040200F0FF
:10D6E0009C802BF0010396429BB240F39F80BAF1DD
:10D6F000000F40F09D802BF011039BB21FE01A1D1C
:10D7000018680B92C117D6E71A1DE00519680B922D
:10D7100001D40846F6E7A2054BBF48B208B241F370
:10D72000C01141F3C031C6E750EA0103CED1630610
:10D73000CCD5002ECAD124F01104A3B2324634460F
:10D7400040F206410B426FD126E024F01004A4B24F
:10D750000A2314F0800C0B9A4CD014F400711DBFF6
:10D76000073222F0070202F10801101D19BF0B91C8
:10D77000D2E900010B90106850EA010247D124F071
:10D78000160B62061FFA8BFB45D5002E43D124F001
:10D790001704A3B23246344619075FD4D90704D51B
:10D7A000A74272DD3C1BA6183C46A34650E044F05D
:10D7B000100410234FF0780ACBE74AF02003782BAF
:10D7C00004D1CAF1780343F01003C2E74146252093
:10D7D000C8470028FFF60BAC41465046C847002812
:10D7E000FFF605AC0235069BFFF7F4BB08234FF0AC
:10D7F000000AAEE7111D0B9114F480711068BBD0C4
:10D8000014F400711ABFC0B2614680B2B4E724F0CC
:10D8100006041FFA84FB0CAC5AE714465B46D90693
:10D820008ED5BAF1000F05D10134B5E71446F6E7FD
:10D830003446F4E70234AFE741462020CDE9033215
:10D84000C8470028FFF6D3ABDDE903320BF1010B2B
:10D850005F45F1DC2C1B04EB0B055C46D90616D5A5
:10D86000414630200392C8470028FFF6C0AB039A18
:10D87000BAF1000F32D0023541465046C847002861
:10D88000039AFFF6B4AB2E441DE016468DE740F236
:10D8900006410B42F7D013F0020F14BF2B202020BB
:10D8A00013F4806F039205F10105414618BF2D2046
:10D8B000E4E7414630200392C8470028039A05F167
:10D8C0000105FFF694AB731B9A42F2DB16460DF18D
:10D8D000300A2EB902EB050B3F1BFBE50135D2E701
:10D8E000013E41461AF806000392C8470028039AF1
:10D8F000EFDAFFF77CBB00BFCF12020041462020C9
:10D90000C847002805F10105FFF671AB7B1B002B12
:10D91000F4DC68E71FB502AB0093074A4FF0CC3345
:10D9200002F096FBDDE90201C00840EA4170C90837
:10D9300005B05DF804FB00BFCDCCCCCC2DE9F04F99
:10D940009BB00F0D0A939DF8903005920C93C1F394
:10D950000A52C1F31303C90F044607917AB950EA7A
:10D9600003017CD1059930234B71079B0A6043F07A
:10D9700002030B71012630461BB0BDE8F08F40F268
:10D98000FF718A420AD10343079B059A14BF43F0F3
:10D99000080343F0040313710026ECE7A2F2354AB2
:10D9A00043F48015234301BF27F001077F057F0D56
:10D9B000B7FA87F704F001024FEA85080CBF7F0928
:10D9C0000127BAF1000F089248EA94784FEA8406DA
:10D9D000C0F2B680504600F0EBF9BAF1030FC8BFB1
:10D9E0000138049000F0FEF9049B7C30A3EB0A0A96
:10D9F000824416A9184600F089FA12AB019310ABC5
:10DA00000093204653462946029716AA02F02EFAA2
:10DA1000049B152B04460D4600F28E8014ABA94AD8
:10DA2000009330464FF0CC334146DDE9109A02F0C6
:10DA30000FFB149B159A9B0843EA827303EB830345
:10DA4000B34210D14146304600F0D4F9049B8342E2
:10DA50008CBF4FF000084FF00108002715E0DFF8F9
:10DA600068A21D469EE7089B002B55D1013E48F158
:10DA7000FF31F01B61F1000100F0BCF9049BDDF8FF
:10DA8000208083428CBF002701270C9B002B40F095
:10DA9000C880DDF828900026069609964FF00A0BFC
:10DAA000DDE91001FFF736FFDDE912A3CDE90D0135
:10DAB000194650460F93FFF72DFF0A460D990B901C
:10DAC00003468B420E9B72EB03010F9B80F0C480D8
:10DAD000204629460F92FFF71DFF0B9B0F9A1392CA
:10DAE0000BFB03F50D9B10930E9B11930B9B129355
:10DAF000069B002E14BF4FF0000808F00108013308
:10DB00000BFB1046554514BF002707F00107F6B27E
:10DB1000069304460D46C3E7B01C48F1000100F02F
:10DB200069F9049B83428CBF00200120B9EB0000FF
:10DB30006AF10002CDE910024FF000084746A4E761
:10DB4000CAF1000B584600F039F9BAF1FF3F0CBF9B
:10DB50008146A0F10109ABEB090B0AEB090358461A
:10DB6000049300F03FF916A9A0F17D0A584600F091
:10DB700059F912AB0193A9EB0A0A10AB00932046A6
:10DB800029460297534616AA02F070F9B9F1010F1F
:10DB900004460D460ED8089B13B94FF0010874E7F0
:10DBA000109B119A013B42F1FF32CDE910324FF048
:10DBB000010852E7B9F13E0FBED84FF0FF33A9F18B
:10DBC000200003FA09F203FA00F0C9F1200123FA58
:10DBD00001F102430A4303FA09F328EA020826EA9C
:10DBE000030656EA08060CBF4FF001084FF0000884
:10DBF00033E700FB02F6A1FB0012013332448C42F2
:10DC000075EB0206F5D2049A1344259A1344D20FF9
:10DC10009342B8BF13460A9A9A42A8BF1A46914641
:10DC200039E70A21002201230846E8E70BFB01FE41
:10DC3000A0FB0B010CF1010C7144844275EB010E49
:10DC4000F4D2CC450DDDB9F1000F02D154EA050143
:10DC500007D0012309933BE70A2000214FF0010C74
:10DC6000EBE7002F32D04FF00A0B50461946FFF772
:10DC700051FE0BFB00F252450B910E9026D1DDE9CF
:10DC80001001FFF747FE8A460D9029462046FFF710
:10DC900041FE0D9A0E9B1293CDE9102A0B9A139216
:10DCA000069A002E14BF4FF0000808F00108013258
:10DCB0000BFB10469A46F6B20B9B069204460D46A5
:10DCC000D3E700BFCDCCCCCCCCFBFFFFB8F1000F2D
:10DCD00005D0052E03D104F001060436F6B2049BEC
:10DCE000069A13449846099B53B9DDE912239D42D5
:10DCF00008BF944204D1089B002B46D1002F44D08A
:10DD0000042E94BF0026012630194FF00A0245F177
:10DD10000001002301271446904271EB030536D21F
:10DD2000EEB1B9451BDA0C9B6BB1259A08EB0703E2
:10DD30001344012B0A9AB8BF01239A42A8BF1A467E
:10DD4000974291460BDD05304FF00A024FF0000379
:10DD500041F10001E3F7AEFC08F10108013F4F4536
:10DD6000A8BF4F463EB20FFA88F8059B08FA87F71E
:10DD700006F10508013F98444FF00009B1450DDB5D
:10DD8000059B079A1F601A71F5E50126BCE704FBA5
:10DD900003F5A2FB042301372B44BDE70A2200232D
:10DDA000E3F788FC303208F8012D09F10109E5E7B5
:10DDB000014B5843800C704741340100014B5843DC
:10DDC000000D7047FB2E0B00014B5843C00C7047F1
:10DDD0004F931200024B5843C00C0130704700BFF4
:10DDE0004F931200024B5843C00C0130704700BFE4
:10DDF0004F9312000A4A70B503464FF0CC3600200C
:10DE00004FF0333506FB03F402FB0144A3FB023160
:10DE100021449D4275EB010401D30130F2E770BD4E
:10DE2000CDCCCCCC2DE9F04F1A23354EB0FBF3FA14
:10DE300003FB1A0389B004460D4606EB0A1653B9D4
:10DE4000D6E90023C1E90023D6E90201C5E90201B0
:10DE500009B0BDE8F08F2B4A02EBC303D3E9008978
:10DE600004AB0093D6E902234046494602F0F0F89D
:10DE700006AB0093D6E9002383460F464046494649
:10DE800002F0E6F8DDE9066216EB0B0652EB070836
:10DE90004FF0000328BF0123814633B1049B059A4C
:10DEA000013342F10002CDE9043220460391FFF72D
:10DEB00099FF07461A2000FB0AF0FFF793FF3F1A6D
:10DEC0003246434603990097484602F0D8F84FEA95
:10DED000141C0D4A640004F01E0352F82C40DC4070
:10DEE00004F00304241841F10001C5E90041DDE913
:10DEF000042300973046414602F0C1F8A6E700BF70
:10DF00005809020088080200101102002DE9F04FA4
:10DF10001A27DFF8ECA000F11905B5FBF7F56F4300
:10DF20003A1A4FEA051B89B004460E460AEB05155E
:10DF30000AD1D5E90023C1E90023D5E90201C6E9E8
:10DF4000020109B0BDE8F08F2B4B03EBC203D3E90C
:10DF5000008904AB0093D5E902234046494602F00C
:10DF600077F85AF80B206B68013ACDE9020106A94F
:10DF700063F1000300914046494602F069F8DDE98B
:10DF800006528A4602996D18039952EB01084FF028
:10DF9000000328BF0123814633B1049B059A013356
:10DFA00042F10002CDE904323846FFF71BFF074675
:10DFB0002046FFF717FF3F1A2A4643460097484678
:10DFC000514602F05CF84FEA141C0C4A640004F05D
:10DFD0001E0352F82C40DC4004F0030401342418E2
:10DFE00041F10001C6E90041DDE90423009728461C
:10DFF000414602F044F8A2E78808020064110200DA
:10E00000280A020010EE103A33F000400DD0A0F5BF
:10E010000003B3F1FE4F0AD3074B421E9A4208D9C0
:10E02000A0F1FF4358425841704702207047042036
:10E0300070470320704700BFFEFF7F000CB430B56F
:10E040008BB004460D462022002102A801F022FEDA
:10E0500002238DF80A30002D0C4B0393069412DB3B
:10E0600001D06B1E1C440FAA0E99079402A80192BE
:10E07000FEF7A2FF15B1069B00221A700BB0BDE897
:10E08000304002B070470024EDE700BF3F020200BD
:10E09000062809D80138052804D8DFE800F0110364
:10E0A0000B110D0F0D207047E0280CBF0F204FF013
:10E0B000FF307047022070470820704703207047E8
:10E0C0000E20704710B5441E14F8010F00B910BDA2
:10E0D000E4F7DAFDF8E7F8B505461B200C46E4F74F
:10E0E000D3FD5B20E4F7D0FD632C15D96427B4FB86
:10E0F000F7F606F13000C0B2E4F7C6FD07FB1644A0
:10E10000A4B20A27B4FBF7F606F13000C0B2E4F778
:10E11000BBFD07FB164401E0092CF2D83034E0B215
:10E12000E4F7B2FD2846BDE8F840E4F7ADBD73B5AD
:10E130000A220D46002401A906460194FEF7BAFD05
:10E14000019AB242034607D0107828B9FF2B01D8B4
:10E150002B70012002B070BD2046FBE70346BFF3E1
:10E160005B8F53E8000F421C43E800210029F8D1DF
:10E17000BFF35B8F7047BFF35B8F0068BFF35B8FAC
:10E1800070470346BFF35B8F53E8000F43E800126C
:10E19000002AF9D1BFF35B8F704710B50346BFF378
:10E1A0005B8F53E8000F40EA010243E80024002C93
:10E1B000F7D1BFF35B8F10BD10B50346BFF35B8F84
:10E1C00053E8000F00EA010243E80024002CF7D1D5
:10E1D000BFF35B8F10BD802804D0431E632B88BF24
:10E1E000FF20704700207047FAF720B908B5FFF705
:10E1F000FBFF4FF47A72A0FB020302FB0131C00B5C
:10E2000040EA4140C90B08BD08B5FFF7EFFF08BD64
:10E21000034698B1006890B11A7A0F2A0ED85A7A3C
:10E22000D88802F07F01013906291CD838B19A7AC2
:10E23000042A11D004D8013A022A08D900207047D4
:10E24000052AFBD1D87A831E584258417047D87AA4
:10E25000B0FA80F040097047D87A013803288CBFA3
:10E260000020012070470028E8D1D97A0029E6D1A2
:10E27000302A24D004D8202A0FD0212A16D0704763
:10E28000312ADBD19A7A072AD8D11A7B012AD5D133
:10E29000587B003818BF012070479A7A062ACDD1E2
:10E2A0001A7B022ACAD8587B0428D8E79A7A062A09
:10E2B000C4D11A7B032AC1D8587B0228CFE79A7AA7
:10E2C000072ABBD11A7B012AF6D0062AF4D0023ADB
:10E2D000052AB3D8587BBBE74C2808D0022806D0C3
:10E2E000322818BF18280CBF0120002070470120D9
:10E2F000704708B5026803464FF47A702AB159682E
:10E300000023A1FB0001E3F7D5F908BDC3685878E5
:10E3100010F001001EBF1878B0FA80F04009704775
:10E3200083685B6903B11847704783689B6903B1D1
:10E330001847704783681B6A03B1184770478368A2
:10E340005B6A03B11847704700687047F9F7D6BD9C
:10E350000378022B01D1EAF7B1BA7047332807D806
:10E360002F2808D8013825288CBF002001207047AD
:10E3700070380128F8E70120704710B484682468D9
:10E38000A4465DF8044B604710B484686468A446F2
:10E390005DF8044B604708B5FAF7F8FB003818BF82
:10E3A000012008BD10B590F8CA41B4B1D0F8BC4105
:10E3B0001B1B44F61F64A3420CD8D0F8C041121BAB
:10E3C000002A03DD8A7A013A012A03D942F2107247
:10E3D000934202D9002380F8CA3110BD002808B545
:10E3E0004FF080430CBF5722A822C3F81C2564209D
:10E3F000E6F7F0FDECF750FB0021FFF7C2BE00216D
:10E40000EDF7A2BC00EBC10040884008704708B59A
:10E41000FFF7F8FF084408BD70B50546FFF7F2FFA7
:10E420000B46511A89B205EBC3049B1A03444E00F4
:10E4300066809CB205EBC2036000588025F832105C
:10E4400028461146FFF7E3FF25F8304070BD38B588
:10E450000446FFF7D7FF0D46034611462046FFF757
:10E46000D1FF1A1892B204EBC50553006B80204609
:10E47000FFF7CDFF24F8302038BD838B13F007035E
:10E4800006D10368002B18BF032008BF0020704787
:10E49000022B05D1C08BB0FA80F040098000704794
:10E4A000012B04D10368002B18BF0520EDE70020E5
:10E4B000704703785B075FBF03684288C3F34A2352
:10E4C00003EB12105DBF173020F00700800800201A
:10E4D000704700207047F8B506460D4614461F46A3
:10E4E00004B9F8BD214628463A46B047241A0544E7
:10E4F000F6E710B5426881680446D2E90023006857
:10E50000FFF7E9FF636800221A6010BD43681B68CB
:10E510005B6800201961704743681B685A680121D5
:10E5200011751868FFF7E5BF70B515460C4669B15F
:10E53000D2E901369B1B99420AD813680A46014664
:10E54000981901F04BFEAB682344AB60204670BDC8
:10E550006FF01B00FBE708B5F7F708F808BD436844
:10E560001B681868EFF788BA70B50D460446461860
:10E57000B44201D1284670BD14F8010BF7F7A2FB95
:10E58000F6E730B502460024002012F8013B43B103
:10E5900078B18C4207D1702B04D0A3F140053A2DFD
:10E5A00007D8002030BDA3F140053A2D01D8013431
:10E5B000EAE7252B08BF80F00100E6E70FB407B5B6
:10E5C00004A951F8040B0191FDF78AFF03B05DF82F
:10E5D00004EB04B070470FB407B504A951F8040B5D
:10E5E0000191FDF77DFF03B05DF804EB04B07047C7
:10E5F00010B5044650182269636AD20702D5013B60
:10E60000184010BD984228BFC01AFAE710B504465A
:10E610000A46C168FFF7ECFF2369E06023F00803B6
:10E62000236110BD00230B60436813B9C0E90011DA
:10E630007047196041607047036800220BB91846A3
:10E6400070478B4210D10B6842B942680360914217
:10E6500000D1436000230B600120704713604368C2
:10E66000994208BF4260F5E71A461B68E6E7F8B52D
:10E6700004460D4600F11406EFF31187402383F39F
:10E680001288BFF36F8F3046F7F78CFA08B9EFF7AF
:10E6900063FE3046F7F7AAFAA5613A462046012103
:10E6A000BDE8F840EFF78ABC704780EA1020C0EB65
:10E6B000C01300EB8303C3EB0313A0EB830083B20F
:10E6C000C0F3C810584000EB8013C0EB031303EBFA
:10E6D000C30300EB4300C0EB800080EA502000F051
:10E6E0007F00704710B5014604460722FF20F2F76D
:10E6F00099FFE07110BD0346BFF35B8F53E8000F35
:10E70000421E43E800210029F8D1BFF35B8F704718
:10E7100008B50346FFF776FEB0FA80F2C2F11F0299
:10E720001846BDE80840F0F703B82DE9F843B1FA00
:10E7300081F3C3F11F0800EB88090546D9F8106082
:10E740000A46AEB9C3F120034FF0FF349C40EB689A
:10E750001C401ED094FAA4F6B6FA86F6331D0022A9
:10E7600055F8234028462146F0F7F2F832460CE0EF
:10E770003446032721462846FFF744FE82420BD841
:10E7800000222846F0F7E4F8424621462846EFF7F3
:10E79000CFFF2046BDE8F88305EBC404013FE488C1
:10E7A000C9F81040CED0B442E4D1CBE72DE9F04116
:10E7B0008768FB6804460D4616469847BB682BB130
:10E7C000324629462046BDE8F04118476FF0570011
:10E7D000BDE8F08161B662B680F31188BFF36F8F38
:10E7E000704772B6002383F31188BFF36F8FBFF3B6
:10E7F0004F8F30BF62B6BFF36F8F704708B5FDF71C
:10E8000079FFBDE80840F0F745BD202809D9B0F1EF
:10E81000004F08D80138B0FA80F0C0F11F00400066
:10E820007047082070473E2070470A2838B50446D4
:10E830000D4602D10D20F1F7D3FE29462046F1F70F
:10E84000CFFE002038BD08B501460068F2F702F897
:10E8500008B500210120F1F7FDFF70478388C288C9
:10E860008168D21A03685B1AD01A70470346C088C1
:10E8700008B11878C0097047704703695B68D868A9
:10E88000704743680361037A63B1012B0CBF022315
:10E8900003234375437A5A1E032A05D8DFE802F0A2
:10E8A000050505050123F4E700230375837A062B8C
:10E8B00009D0072B09D0052B0CBF00230323837538
:10E8C000837EC37570470123F9E70223F7E70369E5
:10E8D00093F8400030B1DA6B9388918910695B1A24
:10E8E0009BB2C01A7047036993F8380070470369F8
:10E8F00093F8402012B993F8380070470120704710
:10E900000369C3E9071270470229036907D0042984
:10E9100007D0012907D11B691360002070471B7EB7
:10E92000FAE75B7EF8E76FF08500704700690369DE
:10E930005B681B6A03B118477047704770470369EB
:10E940005B68586970474FF08053D3F83021082A2C
:10E9500005D1D3F83401003818BF012070470020DA
:10E960007047F8B5069F04690546C9B2EFF3118CEC
:10E97000402080F31288BFF36F8F0C2606FB014600
:10E98000B06C00F0070EBEF1010F10D1B764002685
:10E990008CF31188BFF36F8F3EB90C2041430C44B8
:10E9A000C4E910236B685B5898473046F8BD00F007
:10E9B000C00087420CBF6FF077064FF0FF36E7E7E5
:10E9C00013B580240094FFF7CCFF02B010BD00699E
:10E9D000CBB200EB43100021104700694FF0FF322B
:10E9E0004FF0FF33843001F047B910B50469606B14
:10E9F000EFF708FD10B1012384F8393010BD10B5D0
:10EA00000469606B4289C3889A4202D14FF0FF309B
:10EA100010BD0122EFF7F6FC0028F7D004F17800D2
:10EA2000FAF700FB0020F3E71046EBF7B5BA034610
:10EA3000084629B15B68994201D0086870470020F8
:10EA400070474FF0FF324FF0FF33043001F014B93C
:10EA500010B50C46FFF78FFB204100F0010010BD00
:10EA600038B5046904F1880502212846FFF7F0FF54
:10EA700028B1636B5889DB88C01A18BF012084F85D
:10EA8000380003212846FFF7E3FF40B1E36B988885
:10EA90009A891B69801A80B2C01A18BF012084F8B5
:10EAA0004000012038BD70B550F8083C0446002BEA
:10EAB0004FD050F8243C5B6800F164051E680023C9
:10EAC0008382838302212846FFF7C2FFB8B154E94D
:10EAD000023130699847637D1BB104F15400FAF7A5
:10EAE000A1FA05212846FFF7B3FF98B9637F6BB100
:10EAF0000022002304F12400FAF78AFC0AE0032133
:10EB00002846FFF7A5FF0028E1D1E4E714F8093C07
:10EB1000002BEDD102212846FFF79AFF38B1236977
:10EB20005A89DB889A4202D02046FAF77BFA032101
:10EB30002846FFF78DFF60B1A26993889189126919
:10EB40005B1A9BB29A4204D02046BDE87040FAF7A7
:10EB500069BA70BD00690121A030FFF779BF70B5B7
:10EB6000044686680D46FFF7F5FF60B1F36B20465B
:10EB70009847736A294620469847336C05462046D5
:10EB80009847284670BD4FF0FF35FAE7F8B50446C0
:10EB900086680D461746FFF7DDFF78B1B36A83B18B
:10EBA000F36B20469847B36A29463A462046984771
:10EBB000336C0546204698472846F8BD4FF0FF3590
:10EBC000FAE76FF08505F7E783681B6B03B1184719
:10EBD0001846704701F00F030906026948BF103359
:10EBE00052F82300704770B586680546F36B0C46F3
:10EBF00098472846FFF7AEFFB0B121462846FFF7F9
:10EC0000E9FF014698B1037EDB0710D5437F03F08F
:10EC10000303012B0ED0F368284698470446284684
:10EC2000336C9847204670BD4FF0FF34F7E76FF024
:10EC30001204F4E76FF08504F1E70346006828B199
:10EC4000596802681A60884208BF5A60704711F01C
:10EC5000800F18BF21F0800102684FF0010318BF38
:10EC600010318B4013430360704711F0800F18BFC1
:10EC700021F0800102684FF0010318BF10318B4072
:10EC800022EA0303036070470B0648BF21F08001AE
:10EC9000006848BF1031C84000F00100704721B142
:10ECA00001290DD000231B68FFDE5830006848B1F1
:10ECB00043685B79934205D000680028F8D170471B
:10ECC0006030F3E7704790F83420022A07D190F8BB
:10ECD000701090F83C20C1F34111FFF7E0BF002015
:10ECE000704710B50C46FFF7EEFF48B10123C0682E
:10ECF00003FA04F120B10369194201D10068F9E770
:10ED000010BD70B50C461546F2F7E6FB40B1406801
:10ED100083681B6823B12A462146BDE87040184726
:10ED200070BD012303FA01F1C943FFF745BA70B57D
:10ED300004692069456801211030FFF7F2FF2B6854
:10ED400023B120460021BDE87040184770BD03691B
:10ED5000186900211030FFF7E4BF10B503691C6982
:10ED6000883420460021FFF7DCFF20460121FFF711
:10ED7000D8FF20460421BDE81040FFF7D2BF036949
:10ED8000186901218830FFF7CCBF00690321883062
:10ED9000FFF7C7BF006902218830FFF7C2BF0069D3
:10EDA0000021A030FFF754BE2DE9F0414B06D0F80A
:10EDB000088005460E4617463AD0D8F83C309847AA
:10EDC0002846FFF7ECFF50B331462846F2F716FB12
:10EDD0000446D8F8403028469847ECB938463146C2
:10EDE000FFF743FFAF682846FB6B98472846FFF7BD
:10EDF000D6FFB8B131462846FFF7ECFE0146A0B178
:10EE000003681BB1BB682846984704463B6C2846FC
:10EE100098470CB9F9F7A4FA2046BDE8F0814FF005
:10EE2000FF34D6E74FF0FF34F0E76FF01204EDE760
:10EE30006FF01504F0E738B50C460569FFF7AFFF32
:10EE400080B9227F02F00F03120648BF103345F845
:10EE50002340002004F10C03C4E90000C4E903339B
:10EE6000A06038BD6FF00C00FBE730B51206BDF8AE
:10EE70000C508C7D14D414F0400016D08A8AC5F34F
:10EE80000A01C2F30A028A4220D303F003000228D7
:10EE900009D003280AD0012811D004F0010004E0B1
:10EEA00014F02000E9E7C4F3800030BD14F0020044
:10EEB000FBD015F4C05F0BD0C4F30010F5E714F0DD
:10EEC000080307D015F4C05FEFD0F5E70020ECE7AA
:10EED0000120EAE71846E8E7F8B586680769F36BAA
:10EEE000044698472046FFF735FE68B1336B20464D
:10EEF00098470121054607F1A000FFF712FF2046C1
:10EF0000336C98472846F8BD6FF07705F7E74FF068
:10EF10008053D3F83001A0F108035842584170479C
:10EF200000220023F2F786BE70B586680D46F36BAB
:10EF3000044698472846F2F7D3FE2046336C98479C
:10EF4000002070BD38B50C300D4614461146F2F75E
:10EF500007FF22462946BDE8384001F03FB910B509
:10EF60000C300C460121F2F7FBFE047010BD2DE9B8
:10EF7000F84305460369D0F804901C69084690469A
:10EF80000F46F2F729FF2B6902785B689B680646FB
:10EF900093F83D30B8F1000F27D09A4204D10421F4
:10EFA00004F18800FFF7BDFE2B6932785B689B682F
:10EFB00093F836309A4204D1052104F18800FFF716
:10EFC000B0FE2B6932785B689B6893F826309A42D2
:10EFD00003D104F18C00EBF74DF8D9F8180039464D
:10EFE000FFF7A2FF0020BDE8F8839A4214D13A8AC5
:10EFF000F968606BEFF7BCF928B1E3691BB104F164
:10F000002400FAF70FF804F188000421FFF789FEC5
:10F0100004F17800FAF706F82B6932785B689B6890
:10F0200093F836309A4215D1E3691BB104F12400FC
:10F03000F9F7F8FF052104F18800FFF772FEE36B92
:10F040005A89DB889A4205D00022002304F1480047
:10F05000FAF7DEF92B6932785B689B6893F8263003
:10F060009A42BAD104F18C00EAF796FFB5E7F0B501
:10F07000044685B016460D4609B9F2F74BFF062344
:10F08000CDE9021007698DF80430FFF788FE40B122
:10F09000C5F81E60D7F8983001A92046984705B0FA
:10F0A000F0BD4FF0FF30FAE72DE9F04186680769BF
:10F0B000F36B05460C4698472846FFF74BFDA8B36F
:10F0C0000CB9F2F727FF94F8188028464146FFF75D
:10F0D00081FD014668B3037EDA072AD518F07F0F59
:10F0E0001FD197F8B030E3B1637EDB0716D597F8F0
:10F0F000B1302BB1082207F1A8012046FFF722FF0B
:10F10000002287F8B02021462846FFF7B0FF0446CA
:10F110002846336C98472046BDE8F0816FF06702BF
:10F12000F1E77368224628469847F0E74FF0FF342E
:10F13000EEE76FF01204EBE72DE9F8430669D0F82B
:10F14000049037690546D7F804800C4609B9F2F7F0
:10F15000E1FE7368097E1B6893F8223099420BD157
:10F16000D8F81C3043B11AB9E268218A3046984772
:10F1700007F12400F9F756FF2B69227E5B681B68B4
:10F180001B7D9A4205D1D8F8183053B161693046D9
:10F190009847D9F818002146FFF7C6FE0020BDE8C1
:10F1A000F88307F11400EAF7F7FEF2E791F9182067
:10F1B0004368002A03DA93F87020520704D4C1F898
:10F1C0001A009869FFF770BF4FF0FF307047402971
:10F1D0007FB534D00DD8102933D006D801296BD093
:10F1E000082930D06FF0150426E02029FAD1042335
:10F1F00008E0B1F5807F28D0B1F5007F27D08029C5
:10F20000F0D1102304699BB2E18912B30B43E3816F
:10F210000669ADF80C3042F2A1014FF40032CDE99D
:10F220000112436806F18805002128461C68FFF793
:10F230000FFC88B96FF00C04204604B070BD0823A1
:10F24000E0E70223DEE70123DCE72023DAE74023BF
:10F25000D8E721EA0303DAE701212846FFF7F8FBA4
:10F260000028E7D123695B689968636891F82610E4
:10F2700098690A22F2F764FC0546D0B10A2201A976
:10F28000FFF760FE20462946FFF790FF044618B1BD
:10F290002846F2F725FDCFE74FF0FF324FF0FF335E
:10F2A00006F18C00EAF724FE0B3008BF6FF08B04E8
:10F2B000C2E76FF00B04BFE70024BDE782B0C3696B
:10F2C0008DF8001001922BB102AB13E9060002B0D9
:10F2D000F2F73ABF02B070478022F5F745B82DE942
:10F2E000F04105460C46FFF7ACFB6F6F002F00F0B6
:10F2F000918095F87030DA0700F18C802B6D1BB986
:10F3000005F15003C5E914332368002B40F08580D4
:10F31000637D0F2B09D1237A012B10D06B6D05F182
:10F320005002C4E900231C606C65637D032B4ED141
:10F33000296D05F150028A4253D100235DE0284631
:10F34000D4F80C80FFF77DFB95F87030DB0722D4F2
:10F35000D8F8103013B9D8F80C30FBB1AB6E1BB92C
:10F3600005F16803C5E91A33D8F80060CEB9EB6E31
:10F3700005F16802C8E90023C3F80080C5F86C8075
:10F38000281DFEF7E3FF002EC8D0281DFEF7DEFF84
:10F390003046BDE8F0814FF0FF36F1E76FF015061B
:10F3A000EEE76FF07706EBE7467D032E11D00133D1
:10F3B00023724368C4E900031C604460637A022B33
:10F3C00022D0032B23D0012B04BF237ABB7300264A
:10F3D000DBE7067A013EB342E9D11046FFF727FB8F
:10F3E00001460029A9D04B7D032BF6D11046FFF72B
:10F3F0001EFB0B7A0028D7D1013323726B6DC4E951
:10F4000000231C606C65D9E7237AFB73DFE7237A5E
:10F410003B74DCE74FF0FF36B7E76FF07706B4E7F1
:10F4200070B5034640681B695E68B468A37A84F8C7
:10F43000223094F82D3084F82330A376716849B1D6
:10F44000257C3DB9FFF74BFF20B973681A6802B1FC
:10F450001D7A2574002070BD00698430FEF776BFE8
:10F46000012303FA01F1FEF798BEF8B505692C698E
:10F470006B6867681E68012104F11000FFF7F0FF58
:10F48000012184F835103B680BB12846984796F85F
:10F4900020302BB104F12400BDE8F840F9F7C2BDDB
:10F4A000F8BD0369186901218830FFF7D9BF10B58D
:10F4B0000469032104F18800FFF7D2FFE26B93880F
:10F4C000918912695B1A9BB29A4205D004F124001B
:10F4D000BDE81040F9F7A6BD10BD38B5046904F1C8
:10F4E000880502212846FFF7BBFF636B5A89DB883A
:10F4F0009A4203D004F12400F9F794FD0421284630
:10F50000FFF7A6FA28B904F17800BDE83840F9F70A
:10F5100089BD38BD70B50669346904F188050021DC
:10F520002846FFF79DFF04212846FFF7FAFB02213A
:10F530002846FFF78DFA10B13046FFF7CEFFE3699A
:10F540001BB904F17800F9F76DFDE36B5A89DB888C
:10F550009A420AD103212846FFF77AFA68B104F1EA
:10F560002400BDE87040F9F75DBD04F148000022B9
:10F57000BDE870400023F9F74BBF70BD70B550F87F
:10F58000783C00F110055B680446002128461E689F
:10F59000FFF75EFA002834D001212846FFF758FA19
:10F5A00078BB54F8442C9388918912695B1A9BB2FA
:10F5B000D31A3F2B25D910212846FEF7EEFDC306AE
:10F5C0001FD433695B689968736891F83D10986936
:10F5D0004022F2F7B5FA044628B928460421BDE8CE
:10F5E0007040FFF79EBB438A402B28BF40234382D5
:10F5F00001463046FFF7DAFD18B12046F2F770FBFE
:10F60000EBE770BD2DE9F04750F8483C00F14008A9
:10F610005B68054600214046D3F80090FFF718FAD2
:10F62000002848D001214046FFF712FA064600287C
:10F6300041D120214046FEF7B0FD83063BD4D9F8E6
:10F6400010305B689968D9F8043091F836109869E1
:10F650004022F2F775FA044650B940460521FFF7FB
:10F6600060FB28462122BDE8F0470023F9F7D0BE11
:10F670008246428A5AF80C1F55F80C0CEEF7C2FE6F
:10F68000074601465046F2F76BFB27B107F03F07EC
:10F69000B7FA87F6760905F82D6C21464846FFF73C
:10F6A00085FD40B12046F2F71BFB40460521BDE831
:10F6B000F047FFF736BBBDE8F0874FF080520028D7
:10F6C0001369526908DB5343984205D21B1A9942C9
:10F6D0008CBF002001207047002070474FF08052FF
:10F6E0000020136952695343C1E90030704738B5AF
:10F6F0000C4603210546A047002802DA10F1860FC8
:10F7000004D101212846A04700EAE07038BD4368D3
:10F710005B68D3F810350B600020704743685B6866
:10F7200002EA010021EA0201C3F80805C3F80C153A
:10F730000020704743685B680020C3F808157047D5
:10F7400043685B680020C3F80C15704743685B682A
:10F75000D3F8042521EA02001140C3F80805C3F8D4
:10F760000C150020704700207047704743685B6BA2
:10F770000020C2E90030704730B50546A2F5807020
:10F7800080080124844014EA010006D0A85820B162
:10F790000021A950AA580BB9012030BD1A68224394
:10F7A0001A60F9E74FF08053D3F83021082A03BFDD
:10F7B000D3F83401B0FA80F04009002070470368A4
:10F7C00093FAA3F318061A0A40EA136002F47F4280
:10F7D0001B02104303F47F031843704703460020C5
:10F7E000184710B50368CB40DB0714D401238B40C6
:10F7F0000268BFF35B8F43EA020150E8004F944276
:10F8000004D140E8001CBCF1000FF6D1BFF35B8FC0
:10F81000EED1002010BD6FF01500FBE710B50446D7
:10F820000846F5F7E7FC04EB4004207DC0F34010E8
:10F8300010BD10B504460846F5F7DCFC04EB4004A7
:10F84000207DC0F3400010BD70B504460846164642
:10F85000F5F7D0FC08300D4634F81030DA0509D53C
:10F86000C3F3432304EBC302314654F833305268E8
:10F8700028469847A3682BB1E26831462846BDE880
:10F880007040184770BD37B5002304460D460193FC
:10F890004FF4887201ABFFF76FFF29464FF48A726D
:10F8A0002046FFF769FF29464FF48E722046FFF786
:10F8B00063FF29464FF482722046FFF75DFF294619
:10F8C0004FF484722046FFF757FF29464FF48672A3
:10F8D0002046FFF751FF4FF48C7229462046FFF770
:10F8E0004BFF019803B030BD00F180431A68002A35
:10F8F0001FBF00221A601B68012008BF002070474C
:10F9000038B50C46204619461546FFF7D6FE28B9ED
:10F910002046F5F715FD6FF0150038BD21B10A46F8
:10F920002846214600F05AFC0020F6E708B5E1F72A
:10F930002BFF002008BD042806D8DFE800F00703ED
:10F9400005070300A0207047002070474FF4967011
:10F95000704710B502461168B1B1BFF35B8FB1FAC1
:10F9600081F3C3F11F000123834021EA030352E81E
:10F97000004F8C4204D142E8003CBCF1000FF6D1AC
:10F98000BFF35B8FE7D110BD6FF00B00FBE74FF0CB
:10F990008053D3F83021082A06D1D3F83401022845
:10F9A0008CBF00200120704700207047D0E9003252
:10F9B00013605A600023C0E9003370471FB5026925
:10F9C0008DF804100021CDE90210D2F8983001A979
:10F9D000984705B05DF804FB0A2810B5044602D12B
:10F9E0000D20F6F76FF9E0B2F6F76CF9204610BD7E
:10F9F00007B5019001A8F6F7C9FA019A01239340CF
:10FA0000C0F8083503B05DF804FB07B5019001A804
:10FA1000F6F7BCFA019A01239340C0F80C3503B005
:10FA20005DF804FB13B5019001A80C46F6F7AEFA99
:10FA3000019B00EB8300D0F8003723F4403343EA06
:10FA40000443C0F8003702B010BD38B504460D4677
:10FA5000FFF7E4FEC8B12046FFF7EBFEA8B9084661
:10FA6000F5F7C8FB04EB40002168828A0123520BA2
:10FA70009340C1F80833236803EB8203D3F81025C1
:10FA800022F00302C3F8102538BD28460021BDE846
:10FA90003840FFF7C7BF2DE9F047002504468846E8
:10FAA000D7B22E464FF00109AA46AF420CD1D4F886
:10FAB0007C3133B10023C4F87C31D4F87C3146F07A
:10FAC00000463046BDE8F0872846F6F747FDA0F52A
:10FAD00080739B0809FA03F318EA030F05D0225834
:10FAE0001AB144F800A022581E430135EDB2DCE7FC
:10FAF00008B5C268034622F00801C2F3C00012072D
:10FB0000D96006D503F11000F7F7CCFEB0FA80F00B
:10FB1000400908BD10B5037C13F0280F04460CD132
:10FB200083680BB1F7F734FD237C23F004032374BF
:10FB30002046BDE81040F8F7F9B810BD38B50446C6
:10FB40000D46F8F785FA237C43F002032374D5B100
:10FB5000A56029688D4209D16B68C4E900531C6017
:10FB60006C6010E02846FEF762FF01460029F3D0E2
:10FB700091F90E2094F90E309A42F3DD4B68C4E9F6
:10FB800000131C604C6038BD0146F8F755BD38B510
:10FB90004FF080440223C4F808330123E3600023BC
:10FBA000C4F80431D4F8043142F21075D4F8183492
:10FBB000DB0304D50120E3F7B1FD013DF6D138BDEB
:10FBC00038B50546C8242B681BB100232B600120E3
:10FBD00038BD0120E3F7A2FD013CF4D12046F7E750
:10FBE000F7B51446002382682360A36053690D466D
:10FBF00001AA69469847019B5A1E01921BB96FF0F2
:10FC0000150003B0F0BD009AA168566820686660D0
:10FC10007DB94B421768BB4228BF3B46194403FBE2
:10FC200006002060A16011688B4206D30832009262
:10FC3000E1E72B1AB3FBF6F3ECE70020E1E738B578
:10FC400007220C460546FF20F1F7ECFCE3798342DE
:10FC500007D16388A2881344AB428CBF00200120E7
:10FC600038BD0020FCE7002383F31188BFF36F8FBA
:10FC70000423184602DF7047F8F782BA704708B5C8
:10FC8000D1E904319847002008BD08B5FCF7EEFD26
:10FC9000002008BD02440346934200D1704703F898
:10FCA000011BF9E710B5024601448A42134603D00E
:10FCB0001C780132002CF8D1181A10BDF0B504469A
:10FCC00008B9146844B1204614F8015B0F4617F8D0
:10FCD000016B1EB965B91560002005E0B542F6D18B
:10FCE000002BF0D114600370F0BD1C460CE01DB970
:10FCF000274614F8013B0E4616F8015BAB42F6D1DD
:10FD0000002BF2D000233B701460EDE72DE9F8439F
:10FD1000C3F13709074688465FFA89F903F01F05E2
:10FD20001646384641462A460023E1F7C3FCD4B2C2
:10FD3000092C3A4688BF4C44434688BFE4B2AA42E5
:10FD40004FF0000204F13004934106F8014B0746DE
:10FD50008846E6D23046BDE8F8832DE9F041B0FA96
:10FD600080F68E1B002907460C4606F1070648DB85
:10FD70000846FEF729F806442046FEF72BF8351B07
:10FD80002A1A3D322146384600F052F9B44236DC98
:10FD90001F2D64DC4FF0FF33AB4027EA0303B3FAB7
:10FDA00083F35B091D46B0FA80F3F31A9E33FE2BF2
:10FDB00059DC002B23EAE371CCBF0B4601239B1BCC
:10FDC000A3F1970420FA04F2963B12F0010220FA04
:10FDD00003F309D04FF0FF32A24030EA020240D1D3
:10FDE000002D3ED003F001021344C3F3160303B900
:10FDF000114443EAC15300EE103ABDE8F0810123FB
:10FE0000D0E74D422846FDF7E5FF361A2846FDF7B4
:10FE1000E1FFA6EB040808EB00023C322946384615
:10FE200000F0F3F8B44213DCB8F11F0F17DC4FF009
:10FE3000FF3303FA08F337EA030310D10521B7FBB8
:10FE4000F1F202EB8204A74204D101331746F6E730
:10FE50000023F3E79D428CBF00230123A2E7002388
:10FE6000A0E70122C0E74FF0FF43C4E72DE9F04FC0
:10FE700089B00518029304AB41EB0104009390464E
:10FE80002846D2E90023214600F0E2F806AB0093B1
:10FE900007468946D8E902232846214600F0D8F8CB
:10FEA000DDE90423841851EB0306069BD8E9001210
:10FEB0004FF0000528BF0125ED18079B43F1000313
:10FEC000791849EB0202B94272EB0902D8E9022122
:10FED00034BF01200020A21846EB01018018029ACD
:10FEE00041F10001A042A2F1410A71EB060234BFC8
:10FEF000012200225219CDE90653CDF800A043F1AA
:10FF0000000300F0BCF8129BC3E90001D8E902210C
:10FF1000039114990129DDE90653D8E900E027D1BE
:10FF20000399CDF800A0A21A66EB0101774579EBA1
:10FF3000000034BF01200020101A61F1000184424A
:10FF400076EB010234BF01220022AA1A63F10003FA
:10FF500000F095F8139BC3E90001DDE90623CDF815
:10FF600000A02046314600F08AF809B0BDE8F08FC5
:10FF700017EB070B49EB090C14EB040846EB0601E1
:10FF8000BB457CEB090934BF0127002718EB0707A5
:10FF900041F10008F3457CEB000C34BF0120002048
:10FFA000381A68F10001801A039A61EB02016D1999
:10FFB0005B41A74278EB060234BF01220022AD1854
:10FFC00043F10003874278EB010834BF012200228D
:10FFD000AA1A029DA5F140050095B7E710B5029950
:10FFE000A3FB0043A2FB0020001943F100033F29BB
:10FFF000DBBFA1F12002C1F1400140398B40D6BFE7
:020000022000DC
:10000000D04023FA01F0184310BD30B587B0044644
:10001000084602A91546FDF779FF049B00955A1C76
:10002000059B204643F10003FFF7D8FF07B030BD22
:1000300030B587B015460446084602A9FDF7F2FE22
:10004000DDE9042300952046FFF7C8FF07B030BD67
:10005000F0B500240D4606469446A0FB0201224658
:10006000E5FB0C12A446E3FB061CE5FB032412EBA4
:100070000C02059F44F10004C7E90024F0BDF0B56F
:10008000059CC4F14007C4F1200602FA06F6A4F16B
:100090002005BB4022FA05F53343C4F120062B436B
:1000A00001FA06F6A4F12005E04021FA05F53043F7
:1000B000BA402843E14010431943F0BD10EE103A16
:1000C00023F00040B0F1FF4F94BF002001207047A3
:1000D0002DE9F0410446CE0FC1F30A55C1F31301D7
:1000E00054EA0107167140F2FF706AD1002D70D1F9
:1000F0002C462946002B15605FDB0C2B5FDCC3F11F
:100100000D05AD00012005F1FF3CA5F12107C5F16A
:10011000210620FA06F600FA07F700FA0CF037433A
:10012000061847EB0708D6F1000E68EB480C013EB5
:1001300048F1FF38264008EA0108B04277EB08088A
:100140000FDBC5F12008B5F1200601FA08F824FA02
:1001500005F545EA08055CBF41FA06F63543ED07AB
:1001600003D52018044641EB070104EA0E0401EA16
:100170000C019DF8186018460D250532C6F12706BA
:1001800004F00F03240944EA0174091163B9A84279
:100190000DDA013DF4D21AE01DB90125A5F2FF35B3
:1001A000A8E741F48011F9E7092BC8BF9B19303348
:1001B000A8425355B8BF2846EBE70023D9E70D23E3
:1001C000D7E78542E8D146F0080616710020BDE861
:1001D000F0818542E5D146F00406F6E70A449142F3
:1001E00000F1FF3300D1704710B511F8014B03F84F
:1001F000014F9142F9D110BD10B50139024490422E
:1002000001D1002005E0037811F8014FA34201D08D
:10021000181B10BD0130F2E710B50139034632B1A9
:1002200011F8014F03F8014B013A002CF7D11A44A1
:100230000021934200D110BD03F8011BF9E7D1E979
:10024000043293421EBF5A1C0A61187070470000A6
:08025000DA15FE7F0100000039
:100258006D0E010000000000550E010000000000B6
:100268000000000028030200A17301000000000044
:100278002973010000000000C153010000000000C4
:1002880000000000440302002DF9010000000000F6
:100298000000000060030200995401000000000003
:1002A8004D63010000000000DDDA000000000000DE
:1002B8002DE900000000000091A4010000000000EA
:1002C8000000000098030200000000007C03020008
:1002D80000000000B403020000000000D003020088
:1002E800751E010000000000F9DB0000000000009E
:1002F8007D96000000000000D9B200000000000058
:100308008DA6000000000000119900000000000008
:10031800C9A2000000000000D9A1000000000000F0
:10032800E55202002C0B0200E4050200CA0A002074
:10033800E4980020F15E0100000000003070020027
:10034800180D0200B8050200CE0A0020E49C002027
:100358008565010000000000BC530200180B020074
:1003680000060200C80A002008050020C510010088
:1003780000000000AF6C0200E00C0200DC05020087
:10038800CC0A0020EC060020E1610100000000001A
:100398003E700200740D0200600D0200D00A0020B9
:1003A800F09D0020291101000000000048700200A3
:1003B80000000000A0050200D20A00200000000092
:1003C8007951010000000000A87B0200FC0F020028
:1003D800B80F0200D40A002030080020511601008E
:0403E8000000000011
:1003F0006060002000EB00200004000009AB00005A
:1004000000000000000000000000000008000000E4
:10041000000000007F6C02000000000000000000EF
:10042000A013002080E80020000200001D530000FF
:1004300000000000000000000000000008000000B4
:1004400000000000F4520200000000000000000064
:10045000D011002080DF002000040000FD7A0000A1
:100460000000000000000000000000000700000085
:1004700000000000B6520200000000000000000072
:10048000E810002000DE002000010000D550000030
:100490000000000000000000000000000900000053
:1004A0000000000062520200000000000000000096
:1004B0003062002000F1002000020000ADA3000027
:1004C0000000000000000000000000000800000024
:1004D00000000000A16C020000000000000000000D
:1004E000B812002000E4002000040000A140000039
:1004F00000000000000000000000000009000000F3
:1005000000000000C45202000000000000000000D3
:100510004861002080EF00200001000035A60000A7
:1005200000000000000000000000000008000000C3
:1005300000000000906C02000000000000000000BD
:1005400078840020800801200002000065F7000088
:100550000000000000000000000000000800000093
:1005600000000000787B0200000000000000000096
:1005700060850020000B01200002000055FB0000F8
:100580000000000000000000000000000800000063
:1005900000000000B67B02000040000000000000E8
:1005A00001F90100FD95010025970100715101003D
:0805B000DDF6010061510100BC
:1005B800456A01000FF701001DF7010035F701003A
:1005C80041F701004DF70100B16C0100D95F01004E
:0405D800000000001F
:0805DC00357001006DF701000C
:1005E40009120100D9F20100C1E901000000000074
:0C05F40075410100000000000000000044
:10060000FFE90100B13301000000000041330100A7
:10061000EBE90100AFF401008BED0100CFE8010030
:10062000DBF4010095ED010000000000E7E80100A7
:100630000000000000000000EFE8010061EA010096
:0C06400001E90100CFF1010009E901000F
:10064C00DC90020003000000C590020003000000D3
:10065C00707B020003000000F19002000300000018
:10066C000853020003000000D390020003000000B6
:10067C008F52020003000000597B020003000000AF
:10068C008190020003000000778C02000300000040
:10069C00678C020002000000AD9002000200000016
:1006AC008552020003000000936B0200030000005F
:1006BC00ED900200030000005690020003000000C1
:1006CC006F90020003000000167602000300000089
:1006DC00557B0200030000000382020003000000AF
:1006EC008790020003000000B59002000300000098
:1006FC00657B020003000000687B02000300000021
:10070C006E8C020003000000BC6C020003000000B1
:10071C00CA6C020003000000789002000300000085
:10072C0096900200030000005565020003000000D3
:10073C004B900200030000003D7A02000300000011
:10074C00A752020003000000C38402000200000054
:10075C00BB84020002000000726C02000300000067
:10076C009F7B020002000000EE84020002000000E9
:10077C00E384020002000000957B020002000000EE
:10078C009A90020002000000766C02000200000049
:10079C00D084020002000000C784020002000000A6
:1007AC00D8840200020000008B7B020002000000D3
:0807BC00A490020002000000FD
:1007C400C010020050CD00205F9002000100000024
:1007D400F4100200000A00201D8A0200000000003C
:1007F00001000000000000000000000001020000F5
:10080000580203000020000000000000D8ECF0F4C3
:10081000F8FC0002030405060708000000000000C1
:1008200000000000000000000000000000000101C6
:100830000101020202020303030304040404050588
:10084000050506060608090000000000000000007B
:100850000000000000000000000000010101010292
:10086000020202030303030404040405050505064C
:10087000060708090A0B0C0D00100200FA00000020
:100880000338FDD8704700000100000000000000A0
:10089000050000000000000019000000000000003A
:1008A0007D00000000000000710200000000000058
:1008B000350C000000000000093D000000000000B1
:1008C0002D31010000000000E1F5050000000000EE
:1008D00065CD1D0000000000F90295000000000039
:1008E000DD0EE90200000000514A8D0E00000000FC
:1008F0009573C24800000000E941CC6B0100000084
:100900008D49FD1A07000000C16FF2862300000028
:10091000C52EBCA2B1000000D9E9AC2D78030000BF
:100920003D9160E45811000031D6E275BC560000DC
:10093000F52E6E4DAEB10100C9EA26836778080036
:10094000ED95C28F055A2A00A1EDCCCE1BC2D30073
:1009500025A4000A8BCA2204000000000000000049
:100960000000000000000010000000000000000077
:10097000B9340332B7F4AD1410DB1AB30892540E35
:100980000D307D951447BA1A66088F4D26ADC66D99
:10099000F598BF85E2B74511CA96853D92BD1DEB1E
:1009A000FCA11860DCEF52163C92AE220BB8C1B429
:1009B000839D2D5B0562DA1C304C7E8F4E8BB25BC3
:1009C00016F4529F8B56A512FBD4827643ED8AF023
:1009D0008FE7F9311565191850F19BD94A13EEB418
:1009E000284CF0A686C1251F035FC270CB9E491616
:1009F000E642889C44EB2014B0650836AD6EA585B0
:100A000085F0CA14E2FD031A0B899979D5B13D0925
:100A1000D8DA973A35EBCF10AC363F5E73BB38CFA0
:100A20003E6752FA44AFBA15010000000000000012
:100A30000000000000000020345065C05FC9A652CD
:100A4000BB13CBAEC440C21806C8DF7100D5A87C6A
:100A5000F56F0FDA58FC27136E4756357D24206555
:100A600002C7E768E48CA41DE9E60268D7CD3961C6
:100A70007977FCC2405BEF16798CDE43FFA751F912
:100A800091F3B278F5BDBE11E857E9D6E8BEE87B30
:100A9000B054AC8F848D751BEA23A499E9F9D38BEC
:100AA000B7A3714061DA3E15CEE33ECB73F9480837
:100AB0008C97B427D51B7010A2BFEFB9EB85321508
:100AC0004DB44DB49BBB6F1996B6076CF8E7EEAD0D
:100AD00036D9B4F59135AE13222218AF4E6A684D5F
:100AE00091DAAA3D4F40741E9FBD9EE006A1C098BA
:100AF00057C2A7FDA40E90170E7D497173E3208F96
:100B0000B220D87605143B12853D7434811343B06E
:100B1000AD297A5F27F4351CC006002000000000D4
:100B2000180A0020940600200000000091420100F5
:100B3000A5500100D9520200A54101005542010013
:100B4000DF52020012530200165302001B53020030
:100B50001F53020024530200285302002D530200A9
:100B600031530200365302003B530200415302004E
:100B700046530200D8120200AB6002004C53020040
:100B80004E530200044F020050530200D8120200DC
:100B90005253020056530200402202005B530200EF
:100BA000655302006B53020070530200765302003B
:100BB0007D53020082530200875302008B530200D0
:100BC00060530200905302009A530200A0530200A7
:100BD000A5530200AB530200B2530200B753020008
:100BE000176D0200376D0200CA530200D453020091
:100BF000E1530200E6530200EB5302004A6D02008B
:100C0000EF530200F5530200F953020005540200AD
:100C1000135402001C5402002754020031540200F5
:100C20003B540200A35102004554020050540200FC
:100C30005D5402006B540200785402008554020097
:100C4000935402009B540200A2540200AA540200D2
:100C5000B2540200BB540200C3540200CC54020040
:100C6000D9540200E7540200EF540200FF5402007E
:100C7000105502001A550200265502004B140200BE
:100C80004B1402004B1402004B1402004B140200E0
:100C90004B1402004B1402004B1402004B140200D0
:100CA00033550200425502004C55020059550200CE
:100CB000685502007E55020095550200A6550200B7
:100CC000AB550200B25502000F200016C80C0200FE
:100CD0000100000000C00140CC0C02000100000037
:100CE0000000000000000000000000000000000004
:100CF0000000000000040000E80302010101000000
:100D0000B0CE002004000000000000000000000041
:100D1000D40C02000024F400FFFFFFFF000000508D
:100D20000C0700200000000000000000C037012078
:100D3000F09C00201D0E0100000000005BE8010097
:100D4000340D02002C0D0200000000000000000025
:100D5000340D0200300D02004000000000000000D1
:100D600000000000753501003D1301000000000087
:100D7000000000005D0A0020F8070020B00D0020F0
:100D8000840D002000000000E4070020D0070020B0
:100D900091610200D76C0200DF6C0200556D020009
:100DA000E66C02004B14020091610200EE6C02003E
:100DB000F76C0200FD6C0200026D02009E6E0200E4
:100DC000066D02000C6D02004B140200136D020050
:100DD0001E6D020091610200296D0200326D020059
:100DE0004C6D0200406D0200456D0200516D020025
:100DF0005F6D02004B1402006E6D0200726D020006
:100E0000766D02007A6D02004B140200E96D02005B
:100E1000886D0200686D0200916D02009B6D0200FA
:100E2000AA6D0200B76D02008C6102004B14020033
:100E3000E96D020091610200C06D0200C56D020003
:100E4000D16D0200E26D0200F56D0200FC6D020042
:100E50000B6E0200206E02002D6E0200376E020043
:100E6000456E02004D6E0200586E0200696E02006F
:100E7000726E02007B6E0200686D0200866E0200D8
:100E8000946E0200A76E0200B86E0200C66E0200E9
:100E9000D56E0200E16E0200E86E0200AF6E020045
:100EA000EC6E0200F46E0200036F02000C6F020091
:100EB0001E6F02002E6F020091610200366F020069
:100EC0003F6F02004A6F0200586F0200606F02001D
:100ED0006A6F0200776F0200816F0200876F020065
:100EE000956F0200546E0200A56F0200AC6F020005
:100EF000B56F0200BF6F0200CD6F0200D56F020018
:100F0000DD6F0200AF6E0200A11F0200E56F02005C
:100F1000ED6F0200F96F0200047002000F70020012
:100F20001970020023700200440302000600110041
:100F300010270000102700001027000010270000D5
:100F400010270000440302000F0002000000000010
:100F50006410B71DC8206E3BAC30D9269041DC76BA
:100F6000F4516B6B5861B24D3C7105502083B8ED64
:100F700044930FF0E8A3D6D68CB361CBB0C2649B88
:100F8000D4D2D38678E20AA01CF2BDBD3C0D00206D
:100F90004C0D0020CDA70000F597000045D60000BD
:100FA00035980000619600000000000075C6000042
:100FB00085D600000000000000000000C9490100C3
:100FC00041440100B13D0100713C010000000000FE
:100FD000B13C0100353D0100C11B01005911010068
:100FE00000000000F13D0100F93801003912010054
:100FF000B10F0100DBE9010059F40100000000001D
:10100000010000007911010000050020000000002F
:1010100000000B06C97B0200D77B0200EB7B0200BD
:10102000FA7B0200067C0200B1DC00000000000038
:10103000000000000000000061DB0000D8C80020B4
:1010400020D300201000000000000000137C0200EC
:10105000177C0200C71202001B7C02000000000087
:101060001F7C0200277C020000000000000000003E
:10107000154001000000000009100100701002007E
:10108000700B002000000000000000005802020069
:1010900060020200A8020200B0020200F002020098
:1010A0002803020008000000030000000400000004
:1010B00000FF0000CD0F0100D94301000000000037
:1010C000F1D90000D1DA0000DDD90000D1D900004B
:1010D000000000000DDA00000000000069E50100DA
:1010E00058CD00202AD4002001000000DC100200AE
:1010F00064CD002019DA00005FE5010019E5010068
:101100008DDF0000000000000DE501000000000080
:1011100000000000000000000000000000000000CF
:101120000000004095596959555554551555555667
:10113000040515411054554045515544404550440F
:10114000505555450040004040044496655556555D
:1011500045404554514115405591555555554051BF
:101160000501000054455454455505040010041071
:10117000140440000000014055551541540400007E
:10118000440001000000004041000044504445502C
:101190005400555554556551004000400100000170
:1011A0000005010011545151545555050015415089
:1011B000000004401001040500000000DC00B40041
:1011C0009600820073000904020400000000000081
:1011D00000000000000000000810000234484A4CE3
:1011E0004E5254565832183046442E2C1436381C61
:1011F0001E06080A0C0E101220222426282A3A3C29
:101200003E404205010900A1010900750895408191
:10121000020900750895409102C0465320436F6E45
:1012200066696775726174696F6E004E656B6F54A5
:101230006F726120446F6E676C65004E656B6F5412
:101240006F726100206D65737361676573206472EE
:101250006F70706564202D2D2D0D0A1B5B306D00A5
:101260001B5B313B33316D2D2D2D200000070E0906
:101270001C1B1215383F363124232A2D30313233CE
:101280003435363738394142434445460000000082
:101290000000005454522052454747455300002057
:1012A0003030303030303030303030303030060593
:1012B000000100010203040506070001616E006ED3
:1012C00066696E69747900696E66006E616E0028E9
:1012D0006E756C6C29002008001B5B7300201B5B83
:1012E0007500547261636B6572207265737461720C
:1012F000742064657465637465643A207472616314
:101300006B65723D25642C206C6173745F7365712D
:101310003D25642C206E65775F7365713D25642CD7
:10132000206A756D703D2564004368616E6E656C62
:1013300020257520282575204D487A29206973209D
:101340006F75747369646520323430322D323438ED
:1013500030204D487A2C207468652072616E676574
:101360002074686520726164696F206D6F64756CAC
:1013700065206973206365727469666965642066B7
:101380006F72004368616E6E656C2025752069730D
:10139000206E6F7420612072656E64657A766F7559
:1013A00073206368616E6E656C3A20747261636B62
:1013B0006572732074686174206D6973732074683A
:1013C00065206368616E67652077696C6C206E6F5D
:1013D000742066696E642074686973207265636541
:1013E0006976657200436C6F636B20726571756519
:1013F0007374206661696C65643A20256400436CEF
:101400006F636B20636F756C64206E6F7420626510
:1014100020737461727465643A20256400556E61AE
:10142000626C6520746F20666574636820436C6F1E
:10143000636B207265717565737420726573756C6A
:10144000743A2025640062398AF200554E4B4E4FA3
:10145000574E0052656D6F746520636F6D6D616EE0
:101460006420257320283078253032582920717562
:101470006575656420666F7220747261636B657256
:1014800020256400416C6C207061636B657420736F
:10149000746174697374696373206861766520622E
:1014A00065656E207265736574004E5653207772C1
:1014B0006974652071756575652066756C6C2C2086
:1014C00064726F7070696E672077726974652066E8
:1014D0006F722069642025750051756575656420FB
:1014E00053454E535F53455420666F7220747261AA
:1014F000636B65722025753A20252E32662C2025D7
:101500002E32662C20252E32660051756575656475
:1015100020544553545F4D4F44455F4F4E2028742F
:101520006172676574202575205450532920666FB9
:101530007220747261636B65722025750051756548
:1015400075656420544553545F4D4F44455F4F4685
:101550004620666F7220747261636B657220257518
:10156000004F54413A204C61737420746172676576
:10157000742072656D6F7665642C20736573736972
:101580006F6E20656E64656400574553545F544F19
:10159000504449522F7A65706879722F6B65726E6C
:1015A000656C2F6D73675F712E6300415353455215
:1015B00054494F4E204641494C20402025733A253E
:1015C000640A00574553545F544F504449522F7A90
:1015D00065706879722F696E636C7564652F7A65C2
:1015E000706879722F7370696E6C6F636B2E680010
:1015F000574553545F544F504449522F7A65706891
:1016000079722F6B65726E656C2F696E636C756491
:10161000652F6B73636865642E6800506169726939
:101620006E67206D6F646520656E61626C65642015
:1016300028756E6966696564290050616972696E12
:1016400067206D6F64652064697361626C65640016
:101650000D0A00547261636B65722073746F72615E
:1016600067652066756C6C2C2063616E6E6F7420EC
:1016700061646420253031326C6C580041646465CB
:101680006420646576696365206F6E206964202537
:1016900064207769746820616464726573732025BF
:1016A0003031326C6C580044657669636520616C3A
:1016B00072656164792073746F72656420776974F0
:1016C000682069642025640050616972207468652F
:1016D00020646576696365207769746820253031F8
:1016E000366C6C580052656D6F7665642064657663
:1016F000696365206F6E20696420256420776974B2
:1017000068206164647265737320253031326C6CBB
:1017100058004E6F206465766963657320746F208E
:1017200072656D6F7665004E565320526573657411
:10173000005061636B65742073657175656E6365D8
:1017400020737461746520616E64207374617469C0
:10175000737469637320726573657420666F722099
:10176000616C6C20747261636B6572730053454EDB
:10177000535F4155544F206E6F74207175657565C8
:101780006420666F7220696E616374697665207487
:101790007261636B657220257500517565756564AE
:1017A0002053454E535F4155544F20666F7220744D
:1017B0007261636B65722025753A20617869733DAB
:1017C00025752C207265766F6C7574696F6E733D2C
:1017D00064656661756C7400517565756564205348
:1017E000454E535F4155544F20666F7220747261AD
:1017F000636B65722025753A20617869733D2575A4
:101800002C207265766F6C7574696F6E733D2575EB
:101810000052656D6F746520636F6D6D616E64203D
:101820002573202830782530325829207175657548
:10183000656420666F7220616C6C20257520706174
:101840006972656420747261636B65727320286EBF
:101850006F20616374697665207363616E29004946
:101860006E76616C6964206368616E6E656C20766B
:10187000616C75653A20257520286D75737420623A
:101880006520302D31303029004368616E6E656C03
:10189000206368616E676520616C726561647920A0
:1018A000696E2070726F67726573732C20706C653F
:1018B0006173652077616974005246206368616EC8
:1018C0006E656C20257520616E6E6F756E63656444
:1018D00020746F20616C6C20747261636B6572732D
:1018E0002C20737769746368696E6720696E2025A0
:1018F00075206D73007175657279004F54413A20FF
:1019000052657175657374696E67206669726D776B
:1019100061726520696E666F2066726F6D207472E9
:1019200061636B65722025750061626F727400637C
:10193000616E63656C004F54413A2041626F72746E
:10194000696E6720616C6C207461726765747300E6
:101950004F54413A2053656E64696E672061626F2F
:10196000727420746F20747261636B6572202575C8
:10197000004F5441206163746976653A20257520D3
:101980007461726765742873292C2072696E673DD3
:1019900025752F25750A002020747261636B6572AE
:1019A0002025753A207374617475733D3078253045
:1019B0003258206E6578745F7365713D25752070AF
:1019C000656E64696E673D25750A004F54413A2083
:1019D0004E6F206163746976652073657373696FF8
:1019E0006E0A004F544120636F6D6D616E64733AEF
:1019F00020696E666F2C2061626F72742C20737484
:101A0000617475730A00574553545F544F504449ED
:101A1000522F7A65706879722F6B65726E656C2FC4
:101A200073636865642E630044726F707065642030
:101A30007265706F7274733A20257520286D617815
:101A40003A20257529004849442064726F7073203C
:101A500074726B2025753A2025750048494420543E
:101A600050533A202575004F54413A2053656E6417
:101A7000696E672046575F494E464F206368756E12
:101A80006B7320666F7220747261636B65722025C0
:101A900075006D656D626572736869700074657359
:101AA000745F616C6C006C6F73735F6C6164646510
:101AB000720044657461696C656420737461747349
:101AC000206175746F2D64697361626C6564005484
:101AD0006F74616C205450533A202575005348416F
:101AE000444F572065766963742074726B3D257589
:101AF0002028646F7A696E672900534841444F5724
:101B00002065766963742074726B3D25752061676A
:101B1000655F6D733D2575206C6173745F736565DA
:101B20006E3D2575206E6F773D25752028677261A3
:101B300063653D2575290054444D41206C6F7373D6
:101B4000206C616464657220444F574E3A206C7675
:101B50006C3D25752F2575206361703D2575206CC2
:101B60006F73733D25752E25752525207265637667
:101B70003D257520676170733D25750054444D41C6
:101B8000206C6F7373206C61646465722055503AE9
:101B9000206C766C3D25752F2575206361703D2581
:101BA0007500537469636B7920544553545F4D4FEE
:101BB00044455F4F4E207265636C616D703A2072D0
:101BC00065717565737465643D2575206566666528
:101BD00063746976653D2575206163746976653D3A
:101BE00025752063617061636974793D25750054C2
:101BF000444D41207265636F6E6669673A206D6F70
:101C000064653D70696E675F67756172645F7632A7
:101C100020726561736F6E3D257320726F746174FD
:101C2000696F6E3D2575206163746976653D257524
:101C300020736C6F743D2575206672616D653D255E
:101C400075206F70706F7274756E6974793D25754B
:101C50002F74726B206167677265676174653D25DB
:101C6000752F73206361703D2575206C766C3D2562
:101C7000752F25752065706F63683D2575206D652E
:101C80006D626572733D307825303478005175652A
:101C900075656420737469636B7920544553545F90
:101CA0004D4F44455F257320666F722074726163E7
:101CB0006B65727320307825303478202872657116
:101CC0007565737465643D25752065666665637426
:101CD0006976653D257529003D3D3D205061636B6A
:101CE00065742053746174697374696373203D3D36
:101CF0003D00547261636B6572202564205B25731F
:101D00005D3A20526563763D2575282B2575206444
:101D10007570202B2575206F6F6F292C204E6F72E8
:101D20006D616C3D25752C204573744C6F73733D4C
:101D300025752E257525252028257520676170734A
:101D4000292C204475703D25752E257525252C20C0
:101D50004F4F4F3D25752E257525252C2052657337
:101D6000746172743D25752C205450533D257500C7
:101D7000455342206465696E697469616C697A656E
:101D800020726571756573746564004465696E6978
:101D90007469616C697A696E6720455342004553E6
:101DA000422064656E697469616C697A652063615B
:101DB0006E63656C6C656400436C656172696E6727
:101DC000207265636569766572205246206368619A
:101DD0006E6E656C20286C6F63616C206F6E6C7921
:101DE00029005265636569766572206368616E6E6D
:101DF000656C20636C65617265642C207573696E17
:101E0000672064656661756C7400517565756564FD
:101E10002053454E535F4155544F20666F72202525
:101E2000752061637469766520747261636B657295
:101E3000733A20617869733D25752C207265766F41
:101E40006C7574696F6E733D64656661756C740062
:101E50005175657565642053454E535F4155544F28
:101E600020666F7220257520616374697665207421
:101E70007261636B6572733A20617869733D257591
:101E80002C207265766F6C7574696F6E733D257565
:101E900000537469636B7920544553545F4D4F442C
:101EA000455F4F4E2061626F727465643A207375AE
:101EB000706572736564656420647572696E67200D
:101EC000616374697665207363616E00537469633E
:101ED0006B7920544553545F4D4F44455F4F4E201E
:101EE000656E61626C65643A2072657175657374C4
:101EF00065643D2575206566666563746976653D34
:101F00002575206163746976653D2575207461725D
:101F100067657465643D30782530347800537469A2
:101F2000636B7920544553545F4D4F44455F4F4692
:101F3000462061626F727465643A207375706572D1
:101F4000736564656420647572696E67206163748B
:101F5000697665207363616E00537469636B7920E1
:101F6000544553545F4D4F44455F4F464620656E80
:101F700061626C656420666F722063757272656E53
:101F80007420616E64206675747572652061637477
:101F900069766520747261636B657273002C2575B8
:101FA000006E6F6E650052656D6F746520636F6DB6
:101FB0006D616E64202573202830782530325829D1
:101FC0002071756575656420666F722025642061D7
:101FD000637469766520747261636B6572732061E6
:101FE00066746572202564206D73207363616E3B97
:101FF00020616374697665204944733A2025730033
:10200000257320726571756573742073656E742015
:10201000746F20616C6C20616374697665207472E2
:1020200061636B6572730A00257320726571756553
:1020300073742073656E7420746F20747261636BA7
:1020400065722025640A002573206661696C6564E9
:102050003A207374617475732025750A004D6167A9
:102060006E65746F6D6574657220656E61626C6516
:10207000004D61676E65746F6D657465722064698B
:102080007361626C65004D61676E65746F6D657438
:1020900065722063616C6962726174696F6E20633E
:1020A0006C656172004D61676E65746F6D65746516
:1020B000722063616C6962726174696F6E004F6E49
:1020C0006C696E65206D61676E65746F6D657465B2
:1020D000722063616C6962726174696F6E206469F9
:1020E0007361626C65004F6E6C696E65206D61672F
:1020F0006E65746F6D657465722063616C69627280
:102100006174696F6E20656E61626C65005A524F32
:1021100020726573657400416363656C65726F6DF1
:1021200065746572207265736574004261747465CC
:102130007279207265736574004D61676E65746FA6
:102140006D657465722063616C6962726174696F38
:102150006E2072657365740054656D70657261748C
:102160007572652063616C6962726174696F6E205B
:10217000726573657400467573696F6E207265735E
:10218000657400542D43616C206175746F2D63611B
:102190006C6962726174696F6E20656E61626C65F4
:1021A00000542D43616C206175746F2D63616C69FF
:1021B00062726174696F6E2064697361626C65003C
:1021C000542D43616C20626F6F742D63616C696282
:1021D000726174696F6E20656E61626C6500542D6A
:1021E00043616C20626F6F742D63616C6962726110
:1021F00074696F6E2064697361626C65002C206283
:1022000075696C742D696E2064656661756C740007
:1022100053687574646F776E00446F7A6500576118
:102220006B650043616C69627261746500362D7381
:102230006964652063616C6962726174696F6E00C4
:102240004D656F770053656E736F72207363616EB7
:10225000005265626F6F7400436C6561722070613B
:102260006972696E670055463220444655206D6F8D
:102270006465004F544120444655206D6F646500ED
:10228000546F6F206D616E7920706172616D65743D
:1022900065727320286D6178202575290A000A3D32
:1022A0003D3D20417661696C61626C6520436F6DD4
:1022B0006D616E6473203D3D3D0A0A446576696335
:1022C0006520496E666F726D6174696F6E3A0A209F
:1022D00020696E666F2020202020202020202020D2
:1022E000202020202020202020202020476574202E
:1022F00064657669636520696E666F726D61746985
:102300006F6E0A2020757074696D65202020202072
:1023100020202020202020202020202020202020BD
:102320004765742064657669636520757074696DAE
:10233000650A20206C697374202020202020202032
:102340002020202020202020202020202020204766
:10235000657420706169726564206465766963657F
:10236000730A0A00446576696365204D616E616792
:10237000656D656E743A0A20207265626F6F742015
:10238000202020202020202020202020202020204D
:1023900020202020536F667420726573657420744A
:1023A0006865206465766963650A2020616464203D
:1023B0003C616464726573733E20202020202020DD
:1023C000202020202020204D616E75616C6C7920CA
:1023D0006164642061206465766963650A20207207
:1023E000656D6F7665205B69645D2020202020206C
:1023F0002020202020202020202052656D6F76652F
:1024000020612064657669636520627920696420B3
:102410002864656661756C743A20746865206C6127
:102420007374290A202070616972205B636F756E76
:10243000745D20202020202020202020202020200B
:1024400020456E7465722070616972696E67206DD7
:102450006F64650A2020202070616972202020208E
:10246000202020202020202020202020202020206C
:10247000205061697220696E646566696E69746571
:102480006C79202874696D656F7574206166746558
:1024900072202564207365636F6E6473290A20209F
:1024A00020207061697220342020202020202020EC
:1024B0002020202020202020202020457869742002
:1024C00061667465722070616972696E672034207C
:1024D0006E657720646576696365730A2020657888
:1024E000697420202020202020202020202020204F
:1024F0002020202020202020204578697420706131
:102500006972696E67206D6F64650A2020636C656F
:102510006172202020202020202020202020202028
:102520002020202020202020436C656172207374BD
:102530006F72656420646576696365730A0A005387
:102540007461746973746963733A0A202068656101
:102550006C74682020202020202020202020202093
:1025600020202020202020205072696E74206F6E61
:1025700065206E6F6E2D726573657474696E672069
:102580007265636569766572206865616C74682040
:10259000736E617073686F740A2020737461747352
:1025A000202020202020202020202020202020202B
:1025B000202020202020546F67676C65206465749C
:1025C00061696C6564207061636B6574207374610C
:1025D000746973746963730A20207374617473205F
:1025E0003C7365636F6E64733E20202020202020A2
:1025F000202020202053686F772064657461696C07
:10260000656420737461747320666F72204E20734A
:1026100065636F6E64730A202072657365747374EA
:1026200061747320202020202020202020202020C2
:10263000202020205265736574207061636B65747F
:1026400020737461746973746963730A0A00524673
:10265000204368616E6E656C20284C6F63616C204E
:102660005265636569766572293A0A20206368615C
:102670006E6E656C203C302D3130303E20202020A5
:10268000202020202020202053657420726563655F
:1026900069766572205246206368616E6E656C0AC9
:1026A000202020204578616D706C653A2063686158
:1026B0006E6E656C203530202020202020204D6F4C
:1026C0007665207468652072656365697665722039
:1026D000746F206368616E6E656C2035300A20204F
:1026E000636C6561726368616E6E656C202020208A
:1026F0002020202020202020202020436C65617293
:102700002072656365697665722052462063686150
:102710006E6E656C20287573652064656661756CE6
:1027200074290A20205061697265642074726163A3
:102730006B6572732066696E6420746865207265CB
:1027400063656976657220616761696E20627920D0
:102750007468656D73656C766573206F6E20746840
:10276000650A202072656E64657A766F75732063E2
:1027700068616E6E656C732037362C20322C2032E7
:10278000342C2035302E20416E79776865726520B3
:10279000656C7365207468657920646F206E6F7452
:1027A0002E0A0A0052535349202F204368616E6E4F
:1027B000656C205363616E3A0A2020727373695FFF
:1027C0007363616E202020202020202020202020E4
:1027D0002020202020204D6561737572652074686B
:1027E000652072656E64657A766F757320636861C3
:1027F0006E6E656C7320283520732920616E64200D
:102800007265636F6D6D656E64206F6E650A202062
:10281000727373695F7363616E20616C6C2020203A
:10282000202020202020202020202053616D6520A2
:102830006F76657220616C6C203431207072656631
:102840006572726564206368616E6E656C732028C2
:10285000696E666F726D6174696F6E290A2020203F
:102860002020202020202020202020202020202068
:1028700020202020202020202020446F7A652074F2
:10288000686520747261636B657273206669727328
:10289000742028646F6E676C6520627574746F6E47
:1028A000206F6E63652920666F7220612066616902
:1028B0007220726573756C740A0A0052656D6F74CC
:1028C0006520436F6D6D616E64733A0A20207365F5
:1028D0006E64203C69647C616C6C3E203C636F6D6F
:1028E0006D616E643E2020202053656E6420726509
:1028F0006D6F746520636F6D6D616E6420746F2001
:10290000747261636B65722873290A20202020434A
:102910006F6D6D616E64733A2073687574646F7760
:102920006E2C20646F7A652C2077616B652C206398
:10293000616C6962726174652C20362D73696465FF
:102940002C206D656F772C207363616E2C0A20201C
:102950002020202020202020202020206D616720A2
:102960003C6F6E7C6F66667C636C6561727C6361D4
:102970006C7C6175746F206F6E7C6175746F206FF5
:1029800066663E2C207265626F6F742C20636C65E6
:1029900061722C20646675205B6F74615D2C0A2067
:1029A000202020202020202020202020206368615B
:1029B0006E6E656C203C302D3130303E2C20636CC7
:1029C0006561726368616E6E656C2C0A2020202040
:1029D0002020202020202020202073656E73203CA2
:1029E000782C792C7A7C72657365747C6175746F50
:1029F000203C787C797C7A3E205B7265765D3E2C4B
:102A00000A2020202020202020202020202020728A
:102A100065736574203C7A726F7C6163637C62616C
:102A2000747C6D61677C7463616C7C667573696FBF
:102A30006E3E2C2070696E670A00202020204578A9
:102A4000616D706C65733A0A202020202020736528
:102A50006E6420302073687574646F776E20202058
:102A60002020202020202053687574646F776E200A
:102A7000747261636B657220300A20202020202050
:102A800073656E6420616C6C20646F7A6520202011
:102A900020202020202020202050757420616C6C84
:102AA0002061637469766520747261636B6572730B
:102AB00020696E20646F7A65207374616E64627938
:102AC0000A20202020202073656E6420616C6C2019
:102AD00077616B65202020202020202020202020CE
:102AE00057616B6520616C6C20646F7A696E67203A
:102AF000747261636B6572730A202020202020733A
:102B0000656E6420616C6C2063616C6962726174D3
:102B1000652020202020202043616C69627261744E
:102B20006520616C6C2061637469766520747261E4
:102B3000636B6572730A20202020202073656E6409
:102B40002031206D656F772020202020202020203C
:102B500020202020204D616B6520747261636B65BD
:102B6000722031206D656F770A202020202020738D
:102B7000656E642032207265626F6F7420202020A1
:102B800020202020202020205265626F6F74207446
:102B90007261636B657220320A202020202020732E
:102BA000656E6420302073656E7320312E302C31B9
:102BB0002E302C312E3020205365742073656E73B7
:102BC0006974697669747920666F722074726163C2
:102BD0006B657220300A20202020202073656E64EF
:102BE00020302073656E73206175746F207A202009
:102BF00020202020204175746F2D63616C69627202
:102C0000617465205A2073656E736974697669749E
:102C100079206F6E20747261636B657220300A20B8
:102C2000202020202073656E6420616C6C20736509
:102C30006E732072657365742020202020205265F9
:102C40007365742073656E7369746976697479202D
:102C5000666F7220616C6C0A202020202020736532
:102C60006E642031207265736574207A726F202043
:102C7000202020202020205265736574205A524F56
:102C80002063616C6962726174696F6E206F6E207F
:102C9000747261636B657220310A2020202020202D
:102CA00073656E6420616C6C2070696E67202020F3
:102CB00020202020202020202050696E6720616C79
:102CC0006C2061637469766520747261636B6572F0
:102CD000730A0020202020202073656E642033209A
:102CE000636C65617220202020202020202020207D
:102CF0002020436C6561722070616972696E672083
:102D00006F6E20747261636B657220330A2020201D
:102D100020202073656E6420616C6C2064667520D1
:102D2000202020202020202020202020456E746597
:102D3000722055463220444655206D6F6465206FE1
:102D40006E20616C6C2061637469766520747261B9
:102D5000636B6572730A20202020202073656E64E7
:102D600020616C6C20646675206F746120202020C7
:102D70002020202020456E746572204F544120444D
:102D80004655206D6F6465206F6E20616C6C20610C
:102D9000637469766520747261636B6572730A206F
:102DA000202020202073656E6420616C6C20636895
:102DB000616E6E656C2035302020202020204D6F04
:102DC000766520616C6C2070616972656420747234
:102DD00061636B65727320616E6420746865207234
:102DE0006563656976657220746F2035300A20202E
:102DF0002020202073656E6420616C6C20636C65FC
:102E000061726368616E6E656C20202020436C6582
:102E10006172206368616E6E656C20666F722061FE
:102E20006C6C2061637469766520747261636B6594
:102E300072730A0A00426F6F746C6F616465723A54
:102E40000A2020646675205B6F74615D202020205D
:102E50002020202020202020202020202020456EFF
:102E60007465722074686520636F6E666967757239
:102E700065642044465520626F6F746C6F616465B1
:102E8000720A0A004F746865723A0A2020636F6CF8
:102E90006C656374203C69643E2020202020202043
:102EA0002020202020202020537461727420726121
:102EB000772073656E736F72206461746120636F35
:102EC0006C6C656374696F6E2066726F6D207472CE
:102ED00061636B65720A2020636F6C6C656374615B
:102EE0006C6C203C726174655F687A3E2020202003
:102EF00020202053746172742062617463682072B0
:102F00006177206461746120636F6C6C65637469C0
:102F10006F6E2066726F6D20616C6C2070616972DB
:102F2000656420747261636B6572730A2020636F3D
:102F30006C6C6563746D657461203C69643E203C13
:102F40006D61736B3E203C6368756E6B3E20205252
:102F5000657175657374206D657461646174612059
:102F600073656374696F6E7320286D61736B2030B5
:102F70007830312D307833662C206368756E6B2085
:102F8000302D323535290A2020636F6C6C656374EF
:102F9000206F666620202020202020202020202056
:102FA0002020202053746F70206461746120636F4F
:102FB0006C6C656374696F6E0A2020636F6C6C655E
:102FC000637473746F702020202020202020202024
:102FD00020202020202053746F7020626174636869
:102FE000206461746120636F6C6C656374696F6EDB
:102FF0000A2020636F6C6C656374202020202020E1
:103000002020202020202020202020202020536845
:103010006F77206461746120636F6C6C65637469A1
:103020006F6E207374617475730A20206F74612051
:103030002020202020202020202020202020202090
:103040002020202020202053686F77204F544120DB
:10305000757064617465207374617475730A2020DF
:103060006F746120696E666F203C69643E20202089
:1030700020202020202020202020205175657279DA
:10308000206669726D7761726520696E666F206671
:10309000726F6D20747261636B65720A20206F74A9
:1030A000612061626F727420202020202020202067
:1030B00020202020202020202041626F7274206177
:1030C0006374697665204F54412073657373696F2B
:1030D0006E0A20206D656F77202020202020202080
:1030E0002020202020202020202020202020204DB3
:1030F000656F77210A202068656C702020202020D1
:1031000020202020202020202020202020202020BF
:10311000202053686F7720746869732068656C702D
:10312000206D6573736167650A0A00427574746F78
:103130006E2046756E6374696F6E733A0A20205371
:10314000686F727420707265737320283178293A21
:1031500020202020202020202020446F7A6520611C
:103160006C6C202F2077616B6520616C6C2028745B
:103170006F67676C65290A2020517569636B207041
:103180007265737320283278293A2020202020206D
:1031900020202020457869742070616972696E670B
:1031A000206D6F64650A2020517569636B20707211
:1031B00065737320283378293A202020202020208E
:1031C000202020456E7465722070616972696E6797
:1031D000206D6F64650A2020517569636B207072E1
:1031E00065737320283478293A202020202020205D
:1031F0002020205368757420646F776E20616C6C9A
:103200002061637469766520747261636B657273A3
:103210000A20204C6F6E672070726573732028350A
:1032200073293A2020202020202020202020436CB9
:1032300065617220616C6C2070616972696E677380
:103240000A0020204C6F6E6720707265737320280F
:10325000313073293A2020202020202020202045B2
:103260006E74657220444655206D6F64650A00498E
:103270006E76616C6964206E756D626572206F6632
:1032800020617267756D656E74730A002530313286
:103290006C6C7800547261636B65722073746F722A
:1032A000656420696E20736C6F742025640A004980
:1032B0006E76616C696420747261636B6572206103
:1032C0006464726573730A00547261636B65722083
:1032D0006C6973742069732066756C6C0A00496EA2
:1032E00076616C696420616464726573730A005569
:1032F000736167653A2072656D6F7665205B6964FE
:103300005D0A0050616972696E67206D6F646520A7
:10331000656E61626C656420286175746F2D6578D7
:103320006974206166746572202564207365636F1B
:103330006E6473290A00496E76616C696420636F5C
:10334000756E742E2055736167653A2070616972DD
:10335000205B636F756E745D0A0020207061697276
:10336000202020202020202D205061697220696EAD
:10337000646566696E6974656C79202874696D6529
:103380006F757420616674657220256420736563AF
:103390006F6E6473290A00202070616972203420E6
:1033A000202020202D204578697420616674657284
:1033B0002070616972696E672034206E65772064C1
:1033C0006576696365730A0050616972696E67208A
:1033D0006D6F646520656E61626C6564202861753F
:1033E000746F2D6578697420616674657220257527
:1033F000206E65772064657669636573206F72203F
:103400002564207365636F6E6473290A00686561C3
:103410006C746820726571756972657320434F4ED4
:103420004649475F54444D415F444941474E4F53DD
:10343000544943533D790A0044657461696C65647D
:1034400020737461747320656E61626C65642028FA
:10345000746F67676C6520616761696E20746F20A7
:1034600064697361626C65290A0044657461696C02
:1034700065642073746174732064697361626C6540
:10348000640A00496E76616C6964206475726174C7
:10349000696F6E2E2055736167653A20737461748D
:1034A00073205B7365636F6E64735D0A0020207325
:1034B00074617473202020202020202D20546F67F9
:1034C000676C652064657461696C65642073746100
:1034D0007473206F6E2F6F66660A0020207374610C
:1034E0007473203330202020202D2053686F7720E4
:1034F00064657461696C65642073746174732066BB
:103500006F72203330207365636F6E64730A0044FA
:10351000657461696C656420737461747320656E91
:1035200061626C656420666F7220256C642073652F
:10353000636F6E64730A0052535349207363616E64
:1035400020737461727465640A0052535349207386
:1035500063616E20616C726561647920696E2070B0
:10356000726F67726573730A0055736167653A20FD
:103570006368616E6E656C203C302D3130303E0AE0
:10358000004578616D706C653A206368616E6E65A8
:103590006C203235202D2053657420726563656977
:1035A000766572205246206368616E6E656C207489
:1035B0006F20323520286C6F63616C206F6E6C79E0
:1035C000290A00496E76616C6964206368616E6ED9
:1035D000656C2E204D7573742062652061206E75B8
:1035E0006D626572206265747765656E203020615A
:1035F0006E64203130302E0A00526563656976654D
:1036000072205246206368616E6E656C207365742B
:1036100020746F2025640A0050616972656420740B
:103620007261636B6572732077696C6C2066696E7A
:10363000642069742077697468696E2061626F75AF
:10364000742068616C662061206D696E7574652EEA
:103650000A004E6F7420612072656E64657A766F21
:103660007573206368616E6E656C202837362C2078
:10367000322C2032342C203530293A207061697286
:10368000656420747261636B6572730A0077696C9C
:103690006C204E4F542066696E64207468652072F9
:1036A0006563656976657220686572652E2055735D
:1036B00065202773656E6420616C6C206368616EA1
:1036C0006E656C2025642720746F0A0074656C6C2D
:1036D000207468656D2C206F72207069636B2061A7
:1036E0002072656E64657A766F7573206368616EAB
:1036F0006E656C2E0A0052656365697665722052AC
:1037000046206368616E6E656C20636C65617265EE
:1037100064202864656661756C74290A00557361BC
:1037200067653A2073656E64203C69647C616C6CEB
:103730003E203C636F6D6D616E643E0A00457861AA
:103740006D706C65733A0A00202073656E642030DA
:103750002073687574646F776E2020202020202DE0
:103760002053687574646F776E20747261636B6543
:103770007220300A00202073656E6420616C6C201A
:1037800073687574646F776E202020202D20536835
:103790007574646F776E20616C6C206163746976F8
:1037A0006520747261636B6572730A002020736513
:1037B0006E6420616C6C20646F7A6520202020206C
:1037C0002020202D2050757420616C6C2061637462
:1037D00069766520747261636B65727320696E200F
:1037E000646F7A65207374616E6462790A002020C8
:1037F00073656E6420616C6C2077616B652020209E
:1038000020202020202D2057616B6520616C6C20CA
:10381000646F7A696E6720747261636B6572730A94
:1038200000202073656E6420312063616C696272D0
:1038300061746520202020202D2043616C69627214
:1038400061746520747261636B657220310A0020B7
:103850002073656E6420616C6C206D656F7720202D
:103860002020202020202D204D616B6520616C6C74
:103870002061637469766520747261636B6572732D
:10388000206D656F770A00202073656E64203220FA
:103890007265626F6F7420202020202020202D2050
:1038A0005265626F6F7420747261636B657220324F
:1038B0000A00202073656E64203320636C6561729A
:1038C0002020202020202020202D20436C656172A4
:1038D0002070616972696E67206F6E207472616317
:1038E0006B657220330A00202073656E6420616C62
:1038F0006C206466752020202020202020202D2090
:10390000456E74657220444655206D6F6465206F66
:103910006E20616C6C2061637469766520747261DD
:10392000636B6572730A00417661696C61626C65F4
:1039300020636F6D6D616E64733A20736875746493
:103940006F776E2C20646F7A652C2077616B652C05
:103950002063616C6962726174652C20362D736915
:1039600064652C206D656F772C207363616E2C204D
:103970006D61672C207265626F6F742C20636C65BB
:1039800061722C206466752C2073656E732C207216
:10399000657365742C2070696E672C207463616C8C
:1039A0002C2074646D612C20746573740A00496E58
:1039B00076616C696420747261636B65722049443E
:1039C0002E205573652061206E756D62657220280A
:1039D000302D32353529206F722027616C6C270A13
:1039E0000073687574646F776E00646F7A65006346
:1039F000616C69627261746500362D73696465007B
:103A00006D61670055736167653A2073656E642068
:103A10003C69647C616C6C3E206D6167203C6F6E1C
:103A20007C6F66667C636C6561727C63616C7C61D3
:103A300075746F206F6E7C6175746F206F66663E63
:103A40000A0020206F6E202020202020202D2045DD
:103A50006E61626C65206D61676E65746F6D657413
:103A600065720A0020206F66662020202020202D0D
:103A70002044697361626C65206D61676E65746F67
:103A80006D657465720A002020636C656172202088
:103A900020202D20436C656172206D61676E657416
:103AA0006F6D657465722063616C696272617469BF
:103AB0006F6E0A00202063616C2020202020202DC2
:103AC000205374617274206D61676E65746F6D65EB
:103AD0007465722063616C6962726174696F6E0AE9
:103AE0000020206175746F206F6E20202D20456EA0
:103AF00061626C65206F6E6C696E65206D61676ECA
:103B000065746F6D657465722063616C6962726162
:103B100074696F6E0A0020206175746F206F66668D
:103B2000202D2044697361626C65206F6E6C696E34
:103B300065206D61676E65746F6D65746572206375
:103B4000616C6962726174696F6E0A006F6666000B
:103B50006175746F006F6E6C696E65005573616797
:103B6000653A2073656E64203C69647C616C6C3ED0
:103B7000206D6167202573203C6F6E7C6F66663E0A
:103B80000A00496E76616C6964206D616720257357
:103B900020617267756D656E743A202573202875F3
:103BA000736520276F6E27206F7220276F66662748
:103BB000290A00556E6B6E6F776E206D61672073FA
:103BC0007562636F6D6D616E643A20257320287590
:103BD000736520276F6E272C20276F6666272C20A1
:103BE00027636C656172272C202763616C27206F27
:103BF0007220276175746F27290A007265626F6FE2
:103C0000740064667500556E6B6E6F776E20646627
:103C10007520737562636F6D6D616E643A202573F4
:103C2000202875736520276F746127206F72206FBD
:103C30006D6974206974290A00667573696F6E0076
:103C400055736167653A2073656E6420616C6C2002
:103C50006368616E6E656C203C302D3130303E0AF9
:103C6000004578616D706C653A2073656E64206103
:103C70006C6C206368616E6E656C203530202D2081
:103C80004D6F766520616C6C20706169726564208F
:103C9000747261636B65727320616E642074686511
:103CA00020726563656976657220746F2035300A0D
:103CB000004368616E6E656C20636F6D6D616E644C
:103CC000206F6E6C7920737570706F72747320271B
:103CD000616C6C27207461726765740A00416E6EB6
:103CE0006F756E63696E67206368616E6E656C20C8
:103CF000256420746F20616C6C207061697265644A
:103D000020747261636B6572733B20746865207206
:103D10006563656976657220666F6C6C6F7773207A
:103D2000696E206120666577207365636F6E6473CA
:103D30000A004E6F7420612072656E64657A766F3A
:103D40007573206368616E6E656C202837362C2091
:103D5000322C2032342C203530293A2061207472E4
:103D600061636B65722074686174206D697373653B
:103D7000730A0074686520616E6E6F756E63656DA1
:103D8000656E742077696C6C206E6F742066696E46
:103D90006420746865207265636569766572206168
:103DA0006674657277617264732E0A00636C656174
:103DB000726368616E6E656C00436C656172636806
:103DC000616E6E656C20636F6D6D616E64206F6EE9
:103DD0006C7920737570706F7274732027616C6CCE
:103DE00027207461726765740A00416E6E6F756E8C
:103DF00063696E67207468652064656661756C74BC
:103E0000206368616E6E656C20746F20616C6C203D
:103E100070616972656420747261636B6572733B73
:103E20002074686520726563656976657220666FC7
:103E30006C6C6F777320696E2061206665772073E4
:103E400065636F6E64730A0073656E73005573610A
:103E500067653A2073656E64203C69647C616C6CB4
:103E60003E2073656E73203C783E2C3C793E2C3CA2
:103E70007A3E0A0055736167653A2073656E642067
:103E80003C69647C616C6C3E2073656E7320726566
:103E90007365740A0055736167653A2073656E64D3
:103EA000203C69647C616C6C3E2073656E7320619C
:103EB00075746F203C787C797C7A3E205B726576E5
:103EC0006F6C7574696F6E735D0A004578616D7013
:103ED0006C653A2073656E6420302073656E7320C4
:103EE000312E302C312E302C312E300A00457861A5
:103EF0006D706C653A2073656E6420616C6C207324
:103F0000656E732072657365740A004578616D7023
:103F10006C653A2073656E6420302073656E732083
:103F20006175746F207A20350A0053656E732072B4
:103F30006573657400496E76616C696420617869A7
:103F40007320272573272E2055736520782C207920
:103F50002C206F72207A2E0A00496E76616C69649B
:103F6000207265766F6C7574696F6E732027257388
:103F7000272E20557365203120746F2025752E0A59
:103F80000053656E73206175746F2072657175657D
:103F900073742073656E7420746F20616C6C206183
:103FA000637469766520747261636B657273206FE8
:103FB0006E2025632061786973207573696E6720B0
:103FC000747261636B65722064656661756C7420E0
:103FD0007265760A0053656E73206175746F207286
:103FE0006571756573742073656E7420746F2061DC
:103FF0006C6C2061637469766520747261636B65B3
:104000007273206F6E202563206178697320666F5C
:1040100072202575207265760A0053656E732061E3
:1040200075746F20726571756573742073656E7435
:1040300020746F20747261636B6572202564206F39
:104040006E2025632061786973207573696E67201F
:10405000747261636B65722064656661756C74204F
:104060007265760A0053656E73206175746F2072F5
:104070006571756573742073656E7420746F207438
:104080007261636B6572202564206F6E202563204A
:104090006178697320666F72202575207265760AD3
:1040A0000053656E73206175746F2072657175655C
:1040B0007374206E6F74207175657565643A207431
:1040C0007261636B6572202564206973206E6F7462
:1040D00020616374697665206F7220696E76616C09
:1040E00069640A002C00496E76616C696420666C14
:1040F0006F61742076616C75653A2025730A0053F0
:10410000656E73207365742028252E32662C252E4B
:1041100032662C252E32662920726571756573749E
:104120002073656E7420746F20616C6C2061637401
:1041300069766520747261636B6572730A005365FA
:104140006E73207365742028252E32662C252E323E
:10415000662C252E32662920726571756573742070
:1041600073656E7420746F20747261636B65722066
:1041700025640A004572726F723A20496E76616C4E
:10418000696420666F726D61742E205573653A20E4
:1041900073656E73203C783E2C3C793E2C3C7A3E15
:1041A000206F722073656E732072657365740A00E8
:1041B0004578616D706C653A2073656E732031309F
:1041C0002E352C2D322E312C31352E300A005573E0
:1041D0006167653A2073656E64203C69647C616C3C
:1041E0006C3E207265736574203C7A726F7C6163EB
:1041F000637C6261747C6D61677C7463616C7C66F6
:104200007573696F6E3E0A004578616D706C653A32
:104210002073656E642030207265736574207A7235
:104220006F0A004578616D706C653A2073656E6445
:1042300020616C6C207265736574206163630A0091
:104240007A726F0061636300626174007463616C11
:1042500000556E6B6E6F776E2072657365742063A8
:104260006F6D6D616E643A2025730A004176616955
:104270006C61626C653A207A726F2C206163632CEA
:10428000206261742C206D61672C207463616C2C3A
:1042900020667573696F6E0A0050696E670055730A
:1042A0006167653A2073656E64203C69647C616C6B
:1042B0006C3E207463616C203C6F6E7C6F66667C24
:1042C0006175746F206F6E7C6175746F206F6666A8
:1042D0007C626F6F74206F6E7C626F6F74206F668C
:1042E000667C636C6561723E0A004578616D706C36
:1042F000653A2073656E642030207463616C206FB2
:104300006E202020202020202D20456E61626C65CB
:104310002074656D70657261747572652063616C7F
:104320006962726174696F6E206F6E20747261636E
:104330006B657220300A004578616D706C653A20BB
:1043400073656E6420616C6C207463616C206F66B1
:1043500066202020202D2044697361626C652074E2
:10436000656D70657261747572652063616C6962F8
:10437000726174696F6E206F6E20616C6C20616376
:104380007469766520747261636B6572730A0045A7
:1043900078616D706C653A2073656E6420302074AE
:1043A00063616C206175746F206F6E20202D204535
:1043B0006E61626C65206175746F2D63616C6962FA
:1043C000726174696F6E206F6E20747261636B65C9
:1043D0007220300A004578616D706C653A20736513
:1043E0006E6420616C6C207463616C206175746F05
:1043F000206F6666202D2044697361626C652061C0
:1044000075746F2D63616C6962726174696F6E207F
:104410006F6E20616C6C20616374697665207472C4
:1044200061636B6572730A004578616D706C653A03
:104430002073656E642030207463616C20626F6F3E
:1044400074206F6E202D20456E61626C6520626F56
:104450006F742063616C6962726174696F6E206F42
:104460006E20747261636B657220300A004578615A
:104470006D706C653A2073656E64203020746361E2
:104480006C20636C656172202D20436C6561722025
:1044900074656D70657261747572652063616C69B5
:1044A00062726174696F6E206F6E20747261636BEB
:1044B000657220300A00542D43616C20656E616284
:1044C0006C6500542D43616C2064697361626C6596
:1044D0000055736167653A2073656E64203C6964BA
:1044E0007C616C6C3E207463616C206175746F201C
:1044F0003C6F6E7C6F66663E0A00496E76616C6941
:1045000064207463616C206175746F2061726775DB
:104510006D656E743A202573202875736520276FAA
:104520006E27206F7220276F666627290A00542D98
:1045300043616C20636C6561720055736167653A15
:104540002073656E64203C69647C616C6C3E2074F1
:1045500063616C20626F6F74203C6F6E7C6F666667
:104560003E0A00496E76616C6964207463616C2058
:10457000626F6F7420617267756D656E743A202585
:1045800073202875736520276F6E27206F72202790
:104590006F666627290A00556E6B6E6F776E207402
:1045A00063616C20737562636F6D6D616E643A2038
:1045B0002573202875736520276F6E272C20276FA1
:1045C0006666272C20276175746F272C2027626F61
:1045D0006F7427206F722027636C65617227290A28
:1045E0000074646D610055736167653A2073656E90
:1045F00064203C69647C616C6C3E2074646D612055
:104600003C6F6E7C6F66663E0A004578616D706C2B
:10461000653A2073656E6420302074646D61206F8C
:104620006E202020202020202D20456E61626C65A8
:104630002054444D41207363686564756C696E67EE
:10464000206F6E20747261636B657220300A0045C2
:1046500078616D706C653A2073656E6420616C6C76
:104660002074646D61206F6666202020202D204418
:10467000697361626C652054444D412073636865C1
:1046800064756C696E67206F6E20616C6C2061636D
:104690007469766520747261636B6572730A005485
:1046A000444D4120656E61626C650054444D41206B
:1046B00064697361626C6500556E6B6E6F776E2016
:1046C00074646D6120737562636F6D6D616E643AC1
:1046D000202573202875736520276F6E27206F7241
:1046E00020276F666627290A007465737400557366
:1046F0006167653A2073656E64203C69647C616C17
:104700006C3E2074657374203C6F6E7C6F66663EF1
:10471000205B7470735D0A004578616D706C653A5A
:104720002073656E6420302074657374206F6E2072
:104730002020202020202D20456E61626C65207491
:10474000657374206D6F6465206F6E207472616391
:104750006B65722030202864656661756C74207208
:10476000617465290A004578616D706C653A207343
:10477000656E6420616C6C2074657374206F6E20AC
:10478000323030202D20456E61626C652074657377
:1047900074206D6F64652C207461726765742032BB
:1047A0003030205450530A00202054505320697355
:1047B00020636C616D70656420746F20746865207F
:1047C000747261636B657227732054444D4120738A
:1047D0006C6F742063617061636974793B20302071
:1047E0003D206275696C742D696E20646566617523
:1047F0006C742E0A00496E76616C696420545053C3
:104800002E204D75737420626520302D313030308C
:10481000202830203D2064656661756C74292E0A5D
:104820000054657374206D6F646520656E61626C01
:1048300065206661696C65643A2073746174757390
:104840002025750A0054657374206D6F64652065BA
:104850006E61626C65206661696C65643A206E6F9A
:104860002061637469766520747261636B6572732D
:104870000A0054657374206D6F646520656E616213
:104880006C652073656E7420746F20616C6C2061A0
:10489000637469766520747261636B657273202836
:1048A00074617267657420257520545053257329EF
:1048B0000A0054657374206D6F646520656E6162D3
:1048C0006C652073656E7420746F20747261636B05
:1048D00065722025642028746172676574202575CF
:1048E000205450532573290A0054657374206D6F4A
:1048F00064652064697361626C65206661696C65DA
:10490000643A207374617475732025750A005465C8
:104910007374206D6F64652064697361626C6520D7
:104920006661696C65643A206E6F206163746976B4
:104930006520747261636B6572730A0054657374E9
:10494000206D6F64652064697361626C65207365B6
:104950006E7420746F20616C6C206163746976657D
:1049600020747261636B6572730A005465737420FE
:104970006D6F64652064697361626C652073656E38
:104980007420746F20747261636B65722025640AF1
:1049900000556E6B6E6F776E20746573742073753F
:1049A00062636F6D6D616E643A20257320287573A4
:1049B0006520276F6E205B7470735D27206F7220F7
:1049C000276F666627290A00556E6B6E6F776E201B
:1049D000636F6D6D616E643A2025730A00417661E4
:1049E000696C61626C6520636F6D6D616E64733AB2
:1049F0002073687574646F776E2C20646F7A652CF1
:104A00002077616B652C2063616C696272617465EB
:104A10002C20362D736964652C206D656F772C20F2
:104A20007363616E2C206D61672C207265626F6FFD
:104A3000742C20636C6561722C20646675205B6F3A
:104A400074615D2C20667573696F6E2C2073656EC2
:104A5000732C2072657365742C2070696E672C202E
:104A60007463616C2C2074646D612C2074657374A4
:104A70000A00556E6B6E6F776E20646675206172EA
:104A800067756D656E743A202573202875736520EF
:104A9000276F746127206F72206F6D6974206974AD
:104AA000290A0055736167653A20636F6C6C656312
:104AB000746D657461203C747261636B65725F69CB
:104AC000643E203C6D61736B20312D36333E203CBB
:104AD0006368756E6B20302D3235353E0A00636F8A
:104AE0006C6C6563746D65746120747261636B6571
:104AF000723D2575206D61736B3D307825303278BD
:104B0000206368756E6B3D257520737461747573D1
:104B10003D25750A004461746120636F6C6C6563A8
:104B200074696F6E206E6F7420617661696C61626A
:104B30006C6520286275696C64207769746820430D
:104B40004F4E4649475F444154415F434F4C4C45AB
:104B500043543D79290A002573257325730A0049BA
:104B60006E76616C696420747261636B6572204952
:104B7000443A2025730A0055736167653A206F74C3
:104B80006120696E666F203C747261636B65725F51
:104B900069643E0A004F544120636F6D6D616E641D
:104BA000733A206F74612C206F746120696E666F98
:104BB000203C69643E2C206F74612061626F7274C6
:104BC0002C206F7461207374617475730A00556EC4
:104BD0006B6E6F776E20636F6D6D616E640A00752A
:104BE0007074696D65006865616C746800726573E6
:104BF0006574737461747300727373695F73636156
:104C00006E00636F6C6C656374616C6C00636F6CD9
:104C10006C65637473746F7000636F6C6C65637440
:104C200000636F6C6C6563746D657461004C6F61DB
:104C3000646564205246206368616E6E656C202551
:104C4000752066726F6D204E5653004E6F20736153
:104C5000766564205246206368616E6E656C2C2018
:104C60007573696E672064656661756C742025755F
:104C70000025642F2564206465766963657320735D
:104C8000746F7265640054444D4120696E697469A3
:104C9000616C3A206177616974696E67206F6E6C30
:104CA000696E6520747261636B65722065766964F4
:104CB000656E63650052656365697665722061643F
:104CC00064726573733A20253031326C6C58004E33
:104CD0006F2073746F72656420747261636B6572A8
:104CE000732C2070616972696E67206D6F64652036
:104CF0006175746F2D656E61626C65640045565414
:104D000020696E67726573732064726F70733D25DE
:104D100075004D6178696D756D20747261636B65A6
:104D20007220736C6F747320726561636865642CA4
:104D30002063616E6E6F742070616972202530315E
:104D4000326C6C58004661696C656420746F207326
:104D5000746F726520747261636B65722061646444
:104D60007265737320253031326C6C583A2025649B
:104D7000004E6577206465766963652072656769B2
:104D80007374657265642C2061636B5F68616E6427
:104D90006C65722077696C6C20726573706F6E64DD
:104DA000206F6E206E6578742073746570203100FA
:104DB00050616972696E67206D6F64652074696DFA
:104DC000656F757420282564207365636F6E647346
:104DD000292C206175746F2D65786974696E670080
:104DE00050616972696E67207461726765742063CF
:104DF0006F756E742072656163686564202825751F
:104E0000206E65772064657669636573292C20655B
:104E1000786974696E6720696E2025642073656304
:104E20006F6E64732E2E2E004368616E6E656C206B
:104E30006368616E67653A2025752F257520747249
:104E400061636B65727320636F6E6669726D656412
:104E5000206265666F726520746865207377697477
:104E6000636800526573746F72696E672072656360
:104E7000656976657220746F2064656661756C740F
:104E8000206368616E6E656C005265636569766566
:104E900072206368616E6E656C20636C656172651B
:104EA000642C207573696E672064656661756C7427
:104EB00020257500537769746368696E6720726591
:104EC00063656976657220746F206368616E6E65D4
:104ED0006C2025750052656365697665722063688C
:104EE000616E6E656C2073776974636865642074A5
:104EF0006F202575207375636365737366756C6CBD
:104F000079002B002D004572726F72207768696CF2
:104F1000652072656164696E6720727820706163D4
:104F20006B65743A20256400496E76616C69642073
:104F300070616972696E6720636865636B73756D14
:104F4000206F7220616464726573730050616972CE
:104F5000696E6720726571756573742066726F6D16
:104F600020756E6B6E6F776E20253031326C6C5809
:104F70002C2070616972696E67206D6F64652069AD
:104F80006E616374697665004B6E6F776E20747224
:104F900061636B65722025642072652D7061697292
:104FA000206175746F2D616363657074656420287A
:104FB00070616972696E67206D6F646520696E61EA
:104FC0006374697665290050616972696E67207241
:104FD0006571756573742066726F6D20756E6B6E8A
:104FE0006F776E20253031326C6C582072656A659F
:104FF00063746564202874617267657420636F75DB
:105000006E74207265616368656429004B6E6F770A
:105010006E20747261636B65722025642072652D49
:1050200070616972696E67202861636B5F68616E89
:10503000646C657220726573706F6E6473206F6E3E
:1050400020737465702031290050616972696E6740
:105050002071756575652066756C6C2C2064726FA7
:105060007070696E67207265717565737420667201
:105070006F6D20253031326C6C58004E657720649E
:10508000657669636520253031326C6C582070611B
:105090006972696E672072657175657374207175C8
:1050A0006575656400556E65787065637465642028
:1050B00070616972696E67207061636B65742074DA
:1050C0007970652025750054444D412053746174F6
:1050D000732049443D257520436F756E743D2575D9
:1050E0002056696F6C3D2575204D65616E3D256CC0
:1050F0006C64205374644465763D257520454D41AC
:105100003D25642052616E67653D5B25642C2564F6
:105110005D205278446966663D2573256C6C752068
:1051200075730050494E472074696D656F75742022
:1051300028256C6C75206D73292C2072657365743D
:1051400074696E6720747261636B657220257520C7
:10515000636F756E74657220747261636B696E67DC
:10516000004F75742D6F662D6F7264657220504903
:105170004E473A2069643D2575206374723D25755C
:1051800020286578706563746564203E25752C2041
:105190002D2564206261636B77617264292C205332
:1051A0004B495050494E47004C6172676520504949
:1051B0004E4720636F756E746572206761703A2088
:1051C00069643D2575206C6173743D2575206E659D
:1051D000773D257520286761703D25642900577249
:1051E0006F6E67207061636B6574206C656E6774A9
:1051F000683A2025640054524B2025643A204475B7
:10520000706C696361746520636F6D706F7369742E
:1052100065207061636B6574207365713D25642C36
:105220002064726F707065640054524B2025643A9C
:1052300020436F6D706F73697465207061636B6577
:1052400074207365713D2564206973206F75742D1A
:105250006F662D6F726465722C2064726F7070655A
:1052600064006869645F64726F707065645F726522
:10527000706F7274735F6C6F6767696E675F746875
:1052800072656164006869645F6576656E74006567
:1052900073625F6F74615F72656C617900636463F0
:1052A0005F61636D5F3000747261636B65725F652F
:1052B00076656E7473006573625F746872656164AD
:1052C0005F6964006E76735F7772697465725F748C
:1052D00068726561645F6964006866636C6B006C2A
:1052E00066636C6B00636C6F636B403430303030DE
:1052F000303030006573625F73746174735F74681B
:10530000726561645F6964006573625F6576656E8E
:105310007400203A3300203A336300203B330020EE
:105320003B33630020783300207833630020583308
:10533000002058336300203E3A3300203E3A336366
:1053400000203E3B3300203E3B3363003F00210002
:105350007E004D6577004D657777004D656F77204E
:105360006D656F77004D72727270004D72726600DB
:105370004D72656F77004D7272726F77004D727269
:10538000720050757272006D6577006D65777700F9
:105390006D656F77206D656F77006D72727270004A
:1053A0006D727266006D72656F77006D7272726FEA
:1053B00077006D7272720070757272006364635F61
:1053C00061636D5F75617274300043414C494252B4
:1053D000415445005349585F534944455F43414C4C
:1053E000004D454F57005343414E004D41475F43E9
:1053F0004C45415200444655005345545F43484193
:105400004E4E454C00434C4541525F4348414E4E41
:10541000454C0053454E535F5345540053454E533E
:105420005F52455345540052455345545F5A524FBD
:105430000052455345545F41434300524553455440
:105440005F4241540052455345545F5443414C0020
:105450005443414C5F4155544F5F4F4E00544341BC
:105460004C5F4155544F5F4F464600465553494F98
:105470004E5F5245534554005443414C5F424F4F99
:10548000545F4F4E005443414C5F424F4F545F4F67
:105490004646004D41475F43414C004D41475F4FF9
:1054A0004E004D41475F4F4646005443414C5F4FCD
:1054B0004E005443414C5F4F46460054444D415FBB
:1054C0004F4E0054444D415F4F464600544553549F
:1054D0005F4D4F44455F4F4E00544553545F4D4F11
:1054E00044455F4F4646004446555F4F5441004493
:1054F0004154415F434F4C4C4543545F4F4E004431
:105500004154415F434F4C4C4543545F4F46460026
:1055100053454E535F4155544F004D41475F4155F0
:10552000544F5F4F4E004D41475F4155544F5F4FC1
:105530004646004F54415F51554552595F494E46CA
:105540004F004F54415F41424F5254004F54415F0E
:105550005355505052455353004F54415F554E538D
:105560005550505245535300444154415F434F4CB2
:105570004C4543545F42415443485F4F4E004441C1
:1055800054415F434F4C4C4543545F424154434860
:105590005F4F4646004D455441444154415F52459A
:1055A000515545535400676F6E6500646F7A696E9C
:1055B00067006177616B65004849442072656D6FD3
:1055C000746520636F6D706C657465207365713DE3
:1055D0002575206F70636F64653D307825303258D3
:1055E000207374617475733D2575004661696C653F
:1055F0006420746F20676574207061676520696E30
:10560000666F00416C6C20736563746F7273206306
:105610006C6F7365642C2065726173696E672061BD
:105620006C6C20736563746F72732E2E2E0046614E
:10563000696C656420746F206D6F756E74204E56B2
:10564000530053657474696E67207265636569768B
:105650006572205246206368616E6E656C20746FBF
:1056600020257520286C6F63616C206F6E6C792922
:10567000005265636569766572206368616E6E6568
:105680006C20737769746368656420746F20257576
:1056900000524356204F54413A2061637469766149
:1056A00074696E67206E6577206669726D776172C6
:1056B000652E2E2E00524356204F54413A20626FE1
:1056C0006F746C6F616465722073657474696E6762
:1056D0007320707265706172656420284352433193
:1056E000363D3078253034582900524356204F54E7
:1056F000413A20436F7079696E6720257520627981
:105700007465732066726F6D2073746167696E676C
:105710002030782530355820746F2066696E616CB2
:10572000203078253035580041434C5B25645D3A84
:1057300020616464723D3078253038582073697A6E
:10574000653D30782558207065726D3D307825585C
:1057500000436F6E6E656374696F6E206572726F61
:105760007200427574746F6E207072657373656435
:105770000050616972696E67206D6F6465206163B6
:10578000746976650053657269616C20636F6E6E33
:10579000656374656400436C65617265642073744D
:1057A000617475733A202564005374617475733A9B
:1057B000202564004661696C656420746F20726501
:1057C00061642066726F6D204E56532C2065727294
:1057D0006F723A20256400526561642064617461CF
:1057E0002073657420746F207A65726F005745537B
:1057F000545F544F504449522F7A65706879722F24
:105800006B65726E656C2F73656D2E630057455323
:10581000545F544F504449522F7A65706879722F03
:10582000696E636C7564652F7A65706879722F6B29
:1058300065726E656C2E6800727373695F777100B4
:10584000574553545F544F504449522F7A657068FE
:1058500079722F696E636C7564652F7A65706879EB
:10586000722F647269766572732F6770696F2E6824
:105870000053746F72656420646576696365733A7A
:105880000A002532753A202872656D6F76656429A5
:105890000A002532753A20253031326C6C580A00E6
:1058A0004E656B6F546F7261204E656B6F546F72F3
:1058B0006120446F6E676C650A00536C696D6556B4
:1058C000522D547261636B65722D6E52462D526576
:1058D00063656976657220312E302E312B30202899
:1058E000436F6D6D6974206362386137633631349C
:1058F0006265372C204275696C642025642D253043
:1059000032642D2530326420253032643A2530321D
:10591000643A25303264290A0068747470733A2F2F
:105920002F6769746875622E636F6D2F4E656B6F9C
:1059300064614B6F68616B752F4E656B6F546F724E
:10594000612D536C696D6556522D5265636569769C
:105950006572005265706F3A202573207C20427278
:10596000616E63683A2025730A000A426F617264AF
:105970003A2070726F6D6963726F5F7566320A00EC
:10598000534F433A206E726635323834300A005431
:1059900061726765743A2070726F6D6963726F5FD0
:1059A0007566322F6E726635323834300A000A441A
:1059B000657669636520616464726573733A202556
:1059C0003031326C6C580A005246204368616E6E6A
:1059D000656C3A2025752028637573746F6D290AEC
:1059E000005246204368616E6E656C3A2025752032
:1059F0002864656661756C74290A0053797374654F
:105A00006D207265626F6F74207265717565737455
:105A1000656400427574746F6E20707265737320D4
:105A20007374617274656400436C65617220616CAB
:105A30006C2070616972696E67732072657175653B
:105A4000737465642028357329202D20747269676A
:105A50006765726564206F6E2072656C6561736541
:105A600000427574746F6E20707265737365642084
:105A700025642074696D657320286475726174698A
:105A80006F6E3A20256C6C646D7329004C6F6E67E5
:105A900020707265737320636F6D706C65746564DC
:105AA00020286475726174696F6E3A20256C6C648D
:105AB0006D732900427574746F6E2068656C642084
:105AC000666F7220256C6C64207365636F6E6473FF
:105AD00000444655206D6F6465207265717565736D
:105AE00074656420283130732900427574746F6EB8
:105AF0002073657175656E636520636F6D706C658D
:105B00007465643A20256420707265737365730050
:105B1000446F7A6520616C6C207265717565737471
:105B2000656420282575206177616B652C202575BB
:105B300020646F7A696E672C20257520756E7265FA
:105B400061636861626C65290057616B6520616CF7
:105B50006C207265717565737465642028257520E5
:105B6000646F7A696E672C20257520756E72656189
:105B7000636861626C6529004E6F7468696E6720A6
:105B8000746F20746F67676C6520282575207472A8
:105B900061636B65727320756E72656163686162C3
:105BA0006C652900457869742070616972696E6757
:105BB000206D6F646520726571756573746564002E
:105BC000456E7465722070616972696E67206D6FD1
:105BD00064652072657175657374656400536875DA
:105BE00074646F776E20616C6C20747261636B6596
:105BF00072732072657175657374656400556E6BA0
:105C00006E6F776E20627574746F6E207365717538
:105C1000656E63653A2025642070726573736573E1
:105C20000050616972696E67206D6F646520656EF2
:105C300061626C65642028756E6966696564292CEB
:105C40002074617267657420636F756E743A2025E5
:105C50007500517565756564206D65746164617466
:105C600061207265717565737420747261636B6510
:105C7000723D2575206D61736B3D3078253032584B
:105C8000206368756E6B3D257520746F6B656E3D86
:105C90002575004E6F20646576696365206F6E2000
:105CA00069642025750A0052656D6F76656420640D
:105CB0006576696365206F6E20696420257520779D
:105CC00069746820616464726573732025303132B1
:105CD0006C6C580052656D6F7665642064657669FA
:105CE0006365206F6E2069642025750A0043616E2C
:105CF0006E6F7420676574205553422048494420D4
:105D00004465766963650048494420446576696363
:105D1000653A20646576202570004661696C65648B
:105D200020746F20726567697374657220484944F6
:105D3000206465766963653A20256400616C6C2097
:105D4000707265666572726564206368616E6E6507
:105D50006C730072656E64657A766F757320636824
:105D6000616E6E656C730020205B72656E64657A8F
:105D7000766F75735D0020203C2D2063757272650F
:105D80006E740052535349207363616E3A20257339
:105D900020282564206368616E6E656C73292C2051
:105DA000257520732C202575207573207065722051
:105DB00076697369740A004E6F74653A2025752000
:105DC000747261636B6572287329206177616B65FA
:105DD000202D207468656972206F776E2070616372
:105DE0006B6574732061726520636F756E74656492
:105DF000206F6E206368616E6E656C2025752E0ABB
:105E00002020202020205072657373207468652044
:105E1000646F6E676C6520627574746F6E206F6E50
:105E200063652028646F7A652920616E642073633E
:105E3000616E20616761696E20666F722061206605
:105E400061697220636F6D70617269736F6E2E0A83
:105E50000052535349207363616E206661696C651B
:105E6000643A2074686520726164696F20646964B3
:105E7000206E6F742073746172740A000A25752095
:105E80007377656570732E2062757379203D20737A
:105E900068617265206F662074696D652061626F4C
:105EA0007665202D25752064426D20286C6F7765FE
:105EB0007220697320626574746572293B20706575
:105EC000616B203D207374726F6E6765737420730D
:105ED00065656E0A0020206368202532752028251C
:105EE00075204D487A2920206275737920253375F5
:105EF0002E2575252520207065616B202D25327596
:105F00002064426D257325730A004E6F2072656E02
:105F100064657A766F7573206368616E6E656C2058
:105F20006D656173757265642E0A005265636F6DED
:105F30006D656E6465643A2073746179206F6E20BC
:105F40006368616E6E656C2025752E0A005265636C
:105F50006F6D6D656E6465643A206368616E6E6531
:105F60006C2025752028627573792025752E25757E
:105F700025252C2063757272656E74206368616ECE
:105F80006E656C2025752069732025752E25752575
:105F900025292E0A4D6F76652065766572797468BD
:105FA000696E6720776974683A202073656E642093
:105FB000616C6C206368616E6E656C2025750A00EB
:105FC0005265636F6D6D656E6465643A20636861E8
:105FD0006E6E656C2025752E204D6F76652065767A
:105FE0006572797468696E6720776974683A2020F1
:105FF00073656E6420616C6C206368616E6E656CA5
:106000002025750A0027727373695F7363616E20C0
:10601000616C6C272073686F777320657665727981
:1060200020707265666572726564206368616E6E69
:10603000656C2028696E666F726D6174696F6E2081
:106040006F6E6C79292E0A00524356204F54413A04
:1060500020736C6F74202575206275737920287405
:10606000696D656F75742900524356204F54413A4B
:106070002070616765207772697465207175657538
:10608000652066756C6C202874696D656F75742960
:1060900000524356204F54413A2076657269667922
:1060A000696E672043524333322E2E2E00524356E0
:1060B000204F54413A20666C61736820777269748E
:1060C000657220686164206572726F72732C207330
:1060D0006B697070696E67207665726966790052C7
:1060E0004356204F54413A20666C617368207265B4
:1060F0006164206572726F7220617420307825307F
:1061000035583A20256400524356204F54413A20D6
:106110004352433332206D69736D61746368202884
:10612000676F74203078253038582C20657870657A
:1061300063746564203078253038582900524356FE
:10614000204F54413A2043524333322076657269DE
:1061500066696564204F4B00756E6B6E6F776E00DD
:1061600076616C756500706F7365006178697300A6
:1061700070657263656E7400545241434B45525FC3
:106180005245535400465553494F4E5F5245535460
:10619000004E4F4E4500504F57455200636F756E8D
:1061A000745F61745F6C6561737400434C49434B69
:1061B0005F47524F555000425554544F4E00206F88
:1061C00062736572766174696F6E006E61007573DB
:1061D00065720045565425732074726B3D257520F9
:1061E000626F6F743D25303878206F703D257520C3
:1061F0007365713D2575206B696E643D2573206F55
:10620000726967696E3D2573206576656E743D25FC
:10621000732070686173653D257328257529206F8B
:106220007574636F6D653D25732064657461696C79
:106230003D2573282575292072785F6D733D25757E
:10624000004849442072656D6F746520636F6E6607
:1062500069726D2074696D656F7574206F70636FFE
:1062600064653D30782530325820636F6E66697200
:106270006D65643D307825303858206578706563E9
:106280007465643D30782530385800494E20656E7D
:1062900064706F696E742063616C6C6261636B2003
:1062A000666F7220756E65787065637465642072C0
:1062B00065706F72742062756666657200494E2063
:1062C000656E64706F696E742063616C6C6261638B
:1062D0006B20776974686F7574207072656365648C
:1062E000696E67206275666665722077726974658B
:1062F00000434C4541525F4348414E4E454C20615E
:106300006E6E6F756E63656420746F20616C6C20B7
:10631000747261636B6572732C2073776974636840
:10632000696E6720696E202575206D730055707445
:10633000696D653A2025752E253032753A25303243
:10634000753A253032752E253033752C253033754E
:106350000A0048494420636D64207365713D2575CA
:10636000206F70636F64653D30782530325820614E
:106370007267735F6C656E3D257500484944204126
:10638000434B207365713D2575206F70636F6465A5
:106390003D307825303258207374617475733D2513
:1063A0007500524356204F544120777269746572CC
:1063B0003A20756E6B6E6F776E20636D6420257565
:1063C00000524356204F54413A20666C6173682056
:1063D0006572617365206661696C65642061742013
:1063E00030782530355820286572722025642900C0
:1063F000524356204F54413A20666C6173682077AF
:1064000072697465206661696C656420617420300E
:106410007825303558202865727220256429005768
:106420004553545F544F504449522F7A65706879F0
:10643000722F696E636C7564652F7A657068797206
:106440002F6C6F6767696E672F6C6F675F62616340
:106450006B656E642E68004661696C656420746FBC
:10646000207375626D6974207265706F72743A2062
:10647000256400524356204F54413A207772697484
:1064800065722073746F70206661696C6564202882
:106490002564293B2073657373696F6E2072657480
:1064A00061696E656400524356204F54413A20663C
:1064B0006C61736820646576696365206E6F742013
:1064C000726561647900524356204F54413A206608
:1064D00069726D7761726520696E666F2072657191
:1064E0007565737465640070726F6D6963726F5F58
:1064F0007566322F6E72663532383430005243562C
:10650000204F544120424547494E3A207061636B09
:10651000657420746F6F2073686F72742028257AF9
:10652000752900524356204F544120424547494E59
:106530003A2073657373696F6E2061637469766561
:10654000202873746174653D2564292C2073656E61
:1065500064696E67207374617475730052435620CA
:106560004F544120424547494E3A2073697A653D70
:1065700025752C2063726333323D307825303858CE
:106580002C207061636B6574733D25752C207072CF
:106590006F746F3D25752C20626F6172643D2573A9
:1065A0002C20626173653D30782558005243562097
:1065B0004F54413A20756E737570706F72746564D4
:1065C0002070726F746F636F6C2076657273696F81
:1065D0006E20257500524356204F54413A20696E73
:1065E00076616C696420696D6167652073697A659D
:1065F00020257520286D6178202575290052435685
:10660000204F54413A20626F617264206D69736D4E
:10661000617463682028676F7420272573272C20F6
:106620006578706563746564202725732729005297
:106630004356204F54413A20666C61736820626172
:1066400073652030782558203E2072756E6E696E15
:10665000672062617365203078255820E28094209D
:10666000746172676574206669726D776172652006
:10667000726571756972657320536F6674446576CF
:10668000696365206E6F742070726573656E740047
:10669000524356204F54413A20696D61676520741A
:1066A0006F6F206C6172676520666F722073746112
:1066B00067696E67202825752062797465732C20C0
:1066C00073746167696E6720617420307825303596
:1066D000582900524356204F54413A207374616741
:1066E000696E672061742030782530355820282560
:1066F000752070616765732900574553545F544F87
:10670000504449522F6669726D776172652F7372BA
:10671000632F72656365697665725F6F74612E635E
:10672000006F74615F77726974657200524356201E
:106730004F54413A20736571202575206265796F49
:106740006E6420696D61676520656E640052435612
:10675000204F54413A20736571206761702028658D
:10676000787065637465642025752C20676F7420CC
:1067700025752900524356204F54413A204D435528
:10678000626F6F7420696D61676520697320696E3F
:10679000636F6D70617469626C65207769746820DD
:1067A0007468697320626F6F746C6F6164657200E6
:1067B000524356204F54413A20696D616765206904
:1067C0006E636F6D706C657465202825752F257557
:1067D0002062797465732900524356204F54413A20
:1067E0002076657269667920726571756573746566
:1067F0006400524356204F54413A2063616E6E6FDD
:106800007420616374697661746520776974686F58
:10681000757420766572696679204F4B0052435635
:10682000204F54413A206163746976617465207227
:10683000657175657374656400524356204F544109
:106840003A2073657373696F6E2061626F7274654D
:106850006400524356204F54413A20756E6B6E6F60
:10686000776E207265706F72742074797065203055
:106870007825303258004F54413A20496E76616C89
:10688000696420747261636B6572204944202575C8
:10689000004F54413A205175657279696E672066E0
:1068A00069726D7761726520696E666F20666F72BE
:1068B00020747261636B6572202575004F54413AF4
:1068C00020547261636B657220257520616C72655E
:1068D00061647920696E2073657373696F6E2C2013
:1068E000726573657474696E672073746174650092
:1068F0004F54413A204D617820706172616C6C6533
:106900006C20746172676574732028256429207275
:10691000656163686564004F54413A2042454749C8
:106920004E20666F7220747261636B6572202575EC
:10693000205B7461726765742025752F25755D2C49
:106940002073697A653D25752C206372633D30782C
:10695000253038582C20626F6172643D2573004FDA
:1069600054413A2053657373696F6E206163746993
:106970007665207769746820257520746172676573
:1069800074287329004F54413A2044617461207285
:106990006563656976656420627574206E6F206139
:1069A00063746976652073657373696F6E004F5405
:1069B000413A204849445F4F54415F44415441208B
:1069C000746F6F2073686F72742028257A752900A0
:1069D0004F54413A2052696E67206275666665724F
:1069E0002066756C6C2C2064726F7070696E672005
:1069F0007061636B6574207365713D2575004F543C
:106A0000413A2056657269667920726571756573C1
:106A100074656420627574206E6F2061637469769A
:106A2000652073657373696F6E004F54413A205649
:106A3000657269667920666F72206E6F6E2D706167
:106A40007274696369706174696E672074726163DE
:106A50006B6572202575004F54413A205665726966
:106A6000667920636F6D6D616E6420717565756503
:106A70006420666F7220747261636B657220257585
:106A8000004F54413A204163746976617465207205
:106A9000657175657374656420627574206E6F200E
:106AA0006163746976652073657373696F6E004FF7
:106AB00054413A20416374697661746520666F724F
:106AC000206E6F6E2D706172746963697061746994
:106AD0006E6720747261636B6572202575004F5478
:106AE000413A20416374697661746520636F6D6D0E
:106AF000616E642071756575656420666F722074BF
:106B00007261636B6572202575004F54413A2041D4
:106B1000626F727420726571756573746564206646
:106B20006F7220747261636B65722025750048492D
:106B30004420434D442071756575652066756C6C05
:106B40002C2064726F7070696E6700555342206428
:106B5000657669636520737570706F7274206973F0
:106B6000206E6F7420696E697469616C697A6564FE
:106B700000555342206465766963652073757070B3
:106B80006F727420697320616C726561647920652D
:106B90006E61626C6564004661696C656420746F47
:106BA00020656E61626C6520636F6E74726F6C6CD1
:106BB00065720042756666657220707265616C6C04
:106BC0006F636174696F6E206661696C656400460D
:106BD00061696C656420746F20656E61626C65200C
:106BE000555342206465766963653A2025640055F3
:106BF00053422064657669636520737570706F72A7
:106C00007420697320616C726561647920646973B2
:106C100061626C6564004661696C656420746F2014
:106C2000726573657420636F6E66696775726174EF
:106C3000696F6E004661696C656420746F206469D9
:106C40007361626C652055534220646576696365A3
:106C5000004661696C656420746F206469736162C9
:106C60006C6520555342206465766963653A20253A
:106C7000640075736200757362645F6465760062B8
:106C80007574746F6E5F7468726561645F696400C7
:106C90007374617475735F7468726561645F69644D
:106CA000006C65645F7468726561645F696400703C
:106CB000776D403430303163303030007263765F4E
:106CC000636D64006869645F30007265636569764E
:106CD00065725F6F746100535543434553530046DB
:106CE00041494C454400534B4950504544004143B1
:106CF00043455054454400424547494E005354458E
:106D00005000454E44005354415445004E4F5449A1
:106D1000434500574F4D5F4E4F524D414C00574F2A
:106D20004D5F464F524345440057494C4C5F574FC7
:106D30004D0057494C4C5F53485554444F574E00F3
:106D400057414B450057494C4C5F5245424F4F54B9
:106D500000574F4D5F43414E43454C4C454400570F
:106D600041544348444F475F5245534554005651A0
:106D70004600455146004E4F545F524553545F44C0
:106D800045544543544544004F42534552564544AB
:106D90000053555350454E444544004E4F5F4652B4
:106DA0004553485F4652414D4500494E495449417B
:106DB0004C495A494E47004E4F545F524553540078
:106DC0004255535900554E535550504F5254454417
:106DD00000494E56414C49445F415247554D454E3E
:106DE000540053454E534F525F554E415641494C06
:106DF00041424C45004D4F54494F4E0053414D5078
:106E00004C455F54494D454F555400494E535546E6
:106E100046494349454E545F53414D504C455300FC
:106E2000504F53455F54494D454F555400464954C2
:106E30005F4552524F5200494E56414C49445F4DB6
:106E40004F44454C005155414C495459004E4F5FF9
:106E500042454E4546495400454E5649524F4E4DC7
:106E6000454E545F4F4E4C590044495341424C45A6
:106E700044005245504C4143454400504F57455201
:106E80005F444F574E0053544F524147455F455260
:106E9000524F520043414E4449444154455F52458C
:106EA0004A4543544544004E4F5F5443414C5F4371
:106EB0004F5645524147450053544152545F54493F
:106EC0004D454F5554005245434F52445F54494D30
:106ED000454F55540054454D504552415455524527
:106EE0000052414449414C004449500045585049E2
:106EF00052454400494E56414C49445F53414D5020
:106F00004C45004F564552464C4F57005452414E47
:106F100053504F52545F53494C454E4345005345DF
:106F20005353494F4E5F4348414E474544005041FB
:106F3000525449414C004944454E54494659005722
:106F40004149545F5354494C4C0053454E534F52A2
:106F50005F52455452494D00434F4C4C45435400F9
:106F6000574149545F504F53450043415054555287
:106F7000455F504F534500504F53455F444F4E457A
:106F800000524554525900574149545F524F5441A1
:106F900054494F4E005245434F52445F524F544163
:106FA00054494F4E00465245455A450056414C49BA
:106FB000444154450050524F424154494F4E0041C4
:106FC00050504C595F50454E44494E470041505037
:106FD0004C49454400434F4E4649524D0053544F8F
:106FE0005241474500494D555F5A524F0041434376
:106FF000454C5F504F534553004D41475F4D414E07
:1070000055414C004D41475F4F4E4C494E4500475E
:1070100059524F5F53454E53005443414C5F424FCA
:107020004F54005443414C5F52554E54494D450016
:107030006770696F4035303030303030300068690B
:10704000645F6465765F3000666C6173682D636FA2
:107050006E74726F6C6C65724034303031653030F4
:1070600030006C6F6767696E67002A2A2A20426FBA
:107070006F74696E6720536C696D6556522D54723A
:1070800061636B65722D6E52462D5265636569763C
:1070900065722076312E302E312D63623861376370
:1070A000363134626537202A2A2A0A002A2A2A2001
:1070B0005573696E67206E524620436F6E6E65632E
:1070C000742053444B2076332E342E312D65636665
:1070D000346534646635613838202A2A2A0A002A41
:1070E0002A2A205573696E67205A65706879722064
:1070F0004F532076342E342E322D33336661366171
:10710000376161633661202A2A2A0A0057455354A1
:107110005F544F504449522F7A65706879722F6CD2
:1071200069622F7574696C732F6E6F746966792E3E
:1071300063001B5B306D00574553545F544F504400
:1071400049522F7A65706879722F737562737973FB
:107150002F6C6F6767696E672F6C6F675F6F7574F1
:107160007075742E63005B2530386C755D20005B94
:10717000253032753A253032753A253032752E2554
:107180003033752C253033755D20003C25733E204F
:107190000025733A2000253032782000202020007E
:1071A0007C00256300574553545F544F5044495267
:1071B0002F7A65706879722F7375627379732F6C8B
:1071C0006F6767696E672F6261636B656E64732FAB
:1071D0006C6F675F6261636B656E645F756172742B
:1071E0002E6300574553545F544F504449522F7AF1
:1071F00065706879722F6C69622F7574696C732F72
:107200006F6E6F66662E6300574553545F544F5040
:107210004449522F7A65706879722F6C69622F75B4
:1072200074696C732F72696E675F627566666572EA
:107230002E63006865617020636F72727570746987
:107240006F6E202866726565206C697374206C69A6
:107250006E6B6167652900574553545F544F504426
:1072600049522F7A65706879722F6C69622F686550
:1072700061702F686561702E6300686561702063BE
:107280006F7272757074696F6E2028667265652002
:107290006368756E6B206C696E6B61676529006849
:1072A00065617020636F7272757074696F6E2028EB
:1072B000646F75626C6520667265653F2920617434
:1072C000202570006865617020636F72727570743C
:1072D000696F6E2028627566666572206F766572CA
:1072E000666C6F773F2920617420257000686561A6
:1072F0007020636F7272757074696F6E20286C6590
:107300006674206E65696768626F723F29206174D8
:10731000202570002A2A2A2A2A204D50552046412D
:10732000554C54202A2A2A2A2A00202053746163AB
:107330006B696E67206572726F722028636F6E745E
:107340006578742061726561206D69676874206278
:1073500065206E6F742076616C6964290020205569
:107360006E737461636B696E67206572726F720011
:107370002020446174612041636365737320566902
:107380006F6C6174696F6E0020204D4D4641522034
:10739000416464726573733A203078257800202048
:1073A000496E737472756374696F6E2041636365AF
:1073B00073732056696F6C6174696F6E002020468C
:1073C0006C6F6174696E672D706F696E74206C618B
:1073D0007A79207374617465207072657365727652
:1073E0006174696F6E206572726F720057455354F5
:1073F0005F544F504449522F7A65706879722F61FB
:107400007263682F61726D2F636F72652F636F7285
:107410007465785F6D2F6661756C742E63002A2A1F
:107420002A2A2A20425553204641554C54202A2AC4
:107430002A2A2A002020537461636B696E672065D5
:1074400072726F72002020507265636973652064E8
:1074500061746120627573206572726F7200202002
:107460004246415220416464726573733A20307819
:107470002578002020496D7072656369736520640A
:1074800061746120627573206572726F72002020D2
:10749000496E737472756374696F6E2062757320C0
:1074A0006572726F72002A2A2A2A2A205553414790
:1074B00045204641554C54202A2A2A2A2A002020B9
:1074C0004469766973696F6E206279207A65726F9C
:1074D000002020556E616C69676E6564206D656D76
:1074E0006F7279206163636573730020204E6F2093
:1074F000636F70726F636573736F7220696E7374FC
:1075000072756374696F6E73002020496C6C6567D7
:10751000616C206C6F6164206F66204558435F5238
:10752000455455524E20696E746F20504300202000
:10753000496C6C6567616C20757365206F6620749B
:1075400068652045505352002020417474656D7069
:107550007420746F206578656375746520756E643A
:107560006566696E656420696E73747275637469AB
:107570006F6E004661696C656420746F20616C6C8D
:107580006F63617465206E6577204D50552072657C
:1075900067696F6E2025750A00574553545F544F35
:1075A000504449522F7A65706879722F617263680E
:1075B0002F61726D2F636F72652F6D70752F617201
:1075C0006D5F6D70752E6300574553545F544F5077
:1075D0004449522F7A65706879722F737562737996
:1075E000732F6C6F6767696E672F6C6F675F636F70
:1075F00072652E6300574553545F544F50444952AF
:107600002F7A65706879722F6B65726E656C2F6961
:107610006E69742E63006D61696E0069646C65004B
:10762000436F6E736F6C652055415254206973200F
:107630006E6F74207265616479002A2A2A204E6573
:107640006B6F546F7261204E656B6F546F72612067
:10765000446F6E676C65202A2A2A0A004661696CAD
:10766000656420746F2061646420555342207374F4
:1076700072696E672064657363726970746F727388
:107680003A2025640055534220646576696365207D
:10769000737570706F727420697320696E69746994
:1076A000616C697A65640046656174757265206E07
:1076B0006F7420737570706F7274656420627920C6
:1076C000636F6E74726F6C6C657200465320636FEB
:1076D0006E66696720616C7265616479206F6E20E7
:1076E0004853206C69737400436F6E6669677572E6
:1076F0006174696F6E2025752072652D696E7365E2
:1077000072746564004661696C656420746F206101
:10771000646420636F6E66696775726174696F6E09
:1077200020737472696E6720646573637269707424
:107730006F72004661696C656420746F20616464D7
:107740002055534220465320636F6E6669677572F9
:107750006174696F6E3A202564004661696C6564E6
:1077600020746F2072656769737465722055534287
:1077700020636C61737365733A2025640046616908
:107780006C656420746F20736574205553422063C8
:107790006F646520747269706C653A2025640046D8
:1077A00061696C656420746F2072656769737465C4
:1077B0007220555342206D65737361676520636164
:1077C0006C6C6261636B3A202564005553422064FF
:1077D000657669636520737570706F727420697364
:1077E00020616C726561647920696E697469616C8D
:1077F000697A656400555342206465766963652043
:10780000636F6E74726F6C6C6572206973206E6F3B
:1078100074207265616479004661696C65642074E6
:107820006F20696E6974206465766963652064728F
:1078300069766572004661696C656420746F2061C9
:10784000737369676E20656E64706F696E74206112
:107850006464726573736573004661696C65642066
:10786000746F20696E697469616C697A6520636CF4
:1078700061737320696E7374616E6365004661693C
:107880006C656420746F20696E69742046532063B0
:107890006F6E66696775726174696F6E2025750019
:1078A0004661696C656420746F20696E69746961F2
:1078B0006C697A6520555342206465766963653A40
:1078C00020256400556E6B6E6F776E206572726F47
:1078D000720072302F61313A2020307825303878AC
:1078E000202072312F61323A2020307825303878CC
:1078F000202072322F61333A2020307825303878BA
:107900000072332F61343A202030782530387820C7
:107910007231322F69703A20203078253038782043
:107920007231342F6C723A2020307825303878004C
:1079300020787073723A20203078253038780073C0
:107940005B2532645D3A202030782530387820205D
:10795000735B2532645D3A202030782530387820FA
:1079600020735B2532645D3A2020307825303878EA
:107970002020735B2532645D3A2020307825303832
:10798000780066707363723A20203078253038783A
:10799000004661756C74696E6720696E73747275E8
:1079A0006374696F6E2061646472657373202872FA
:1079B00031352F7063293A203078253038780055DA
:1079C0006E68616E646C6564204952516E3A202580
:1079D00064003E3E3E205A4550485952204641548C
:1079E000414C204552524F522025643A20257320A5
:1079F0006F6E20435055202564004661756C7420DD
:107A0000647572696E6720696E74657272757074E0
:107A10002068616E646C696E670A004375727265F6
:107A20006E74207468726561643A20257020282580
:107A3000732900526573657474696E672073797376
:107A400074656D0052657365727665642045786370
:107A5000657074696F6E20280053707572696F7558
:107A60007320696E74657272757074202849525162
:107A70002000535053454C20696E20746872656134
:107A800064206D6F646520646F6573206E6F742071
:107A9000696E64696361746520505350002A2A2A14
:107AA0002A2A2048415244204641554C54202A2A33
:107AB0002A2A2A002020427573206661756C742082
:107AC0006F6E20766563746F72207461626C6520DE
:107AD0007265616400202044656275672065766583
:107AE0006E740020204661756C7420657363616C50
:107AF0006174696F6E20287365652062656C6F77AD
:107B00002900415243485F45584345505420776906
:107B1000746820726561736F6E2025780A002A2AC6
:107B20002A2A2A204465627567206D6F6E69746F1A
:107B30007220657863657074696F6E202A2A2A2A1C
:107B40002A002A2A2A2A2A20257320256429202A65
:107B50002A2A2A2A006D707500666174616C5F655F
:107B600072726F72006F73006F735F68656170008F
:107B7000636F6E736F6C65007573625F6374726CB4
:107B80005F7468726561645F696400757362645FE5
:107B9000696E697400757362645F636F7265007506
:107BA0007362645F6366670075736264403430308B
:107BB0003237303030007573625F696E69745F749C
:107BC00068726561645F696400435055206578633D
:107BD000657074696F6E00556E68616E646C656483
:107BE00020696E7465727275707400537461636B92
:107BF000206F766572666C6F77004B65726E656C90
:107C0000206F6F7073004B65726E656C2070616ED3
:107C10006963006572720077726E00646267001BB0
:107C20005B313B33316D001B5B313B33336D007394
:107C30006C696D6576725F7573626400536574205C
:107C400068616C7420307825303278206661696C08
:107C5000656400436C6561722068616C74203078E3
:107C600025303278206661696C656400556E6B6EF4
:107C70006F776E20706F776572206576656E742001
:107C80002564006765745F7265706F72742063614C
:107C90006C6C6261636B206973206D697373696ECC
:107CA00067007365745F7265706F72742063616CD6
:107CB0006C6261636B206973206D697373696E67B1
:107CC000007365745F70726F746F636F6C206361B3
:107CD0006C6C6261636B206973206D697373696E8C
:107CE000670065702030782530327820616C7265CD
:107CF0006164792064697361626C656400466169DE
:107D00006C656420746F20676574206366675F6EBE
:107D1000642C206465737069746520636F6E666996
:107D20006775726564207374617465004E6F2063BB
:107D30006F6E66696775726174696F6E20736574C2
:107D400020284164647265737320737461746529BB
:107D5000007564635F6E726678004661696C656485
:107D600020746F20726567697374657220656E6434
:107D7000706F696E7400657020307825303278201D
:107D8000616C726561647920656E61626C65640026
:107D9000456E64706F696E742030782530327820BB
:107DA00076616C69646174696F6E206661696C6587
:107DB00064004661696C656420746F2068616E645C
:107DC0006C65206F702025642C206570203078252C
:107DD0003032782C20626D203078253038782C2095
:107DE0002564004661696C656420746F20616C6C69
:107DF0006F63617465206E65745F62756620257AB5
:107E0000642C206570203078253032780057455337
:107E1000545F544F504449522F7A65706879722FDD
:107E20006C69622F6E65745F6275662F6275662E6F
:107E30006300574553545F544F504449522F7A655D
:107E4000706879722F6C69622F6E65745F627566F7
:107E50002F6275665F73696D706C652E63005745A0
:107E600053545F544F504449522F7A657068797269
:107E70002F696E636C7564652F7A65706879722FEF
:107E8000647269766572732F7573622F7564632EE1
:107E90006800574553545F544F504449522F7A65F8
:107EA000706879722F7375627379732F7573622F8F
:107EB0006465766963655F6E6578742F7573626457
:107EC0005F636F72652E6300646576696365206920
:107ED000732073757370656E646564005745535401
:107EE0005F544F504449522F7A65706879722F73EE
:107EF00075627379732F7573622F64657669636534
:107F00005F6E6578742F757362645F656E64706F01
:107F1000696E742E63004661696C656420746F201D
:107F2000656E7175657565205345545550206275B1
:107F300066666572004661696C656420746F2065D1
:107F40006E71756575652053746174757320494E43
:107F500020627566666572004661696C65642074AE
:107F60006F20616C6C6F6361746520627566666515
:107F700072004661696C656420746F20656E71756E
:107F80006575652062756666657200574553545F76
:107F9000544F504449522F7A65706879722F6B653F
:107FA000726E656C2F6D656D5F736C61622E630020
:107FB000574553545F544F504449522F7A65706867
:107FC00079722F7375627379732F7573622F64657D
:107FD000766963655F6E6578742F757362645F6D33
:107FE00073672E630043616E206F6E6C7920686149
:107FF0006E646C6520636F6E74726F6C2072657155
:108000007565737473004D616C666F726D65642085
:108010007365747570207061636B657400556E656F
:108020007870656374656420627566666572206C3D
:10803000696E6B656420746F20736574757000469B
:1080400061696C656420746F207365742064657663
:108050006963652061646472657373203078257884
:10806000004661696C656420746F207365742063D9
:108070006F6E66696775726174696F6E2025752C05
:1080800020256400436F6E66696775726174696F5D
:108090006E2064657363726970746F722025752039
:1080A0006E6F7420666F756E6400574553545F544D
:1080B0004F504449522F7A65706879722F737562F8
:1080C0007379732F7573622F6465766963655F6E6C
:1080D0006578742F757362645F6368392E63004638
:1080E00061696C656420746F20656E717565756576
:1080F00020537461747573204F5554206275666601
:108100006572004661696C656420746F20656E61FC
:10811000626C6520544553545F4D4F44452025758E
:1081200000556E7265636F76657261626C6520657D
:1081300072726F722025642C206570203078253093
:1081400032782C20627566202570004661696C6566
:108150006420746F207365742064656661756C7447
:108160002061646472657373206166746572206255
:108170007573207265736574004661696C6564206F
:10818000746F207365742064656661756C74207308
:108190007461746520616674657220627573207203
:1081A0006573657400554443206572726F72206573
:1081B00076656E7400574553545F544F504449528E
:1081C0002F7A65706879722F7375627379732F7562
:1081D00073622F6465766963655F6E6578742F637B
:1081E0006C6173732F757362645F6869642E6300DA
:1081F0004661696C656420746F20616C6C6F6361AB
:108200007465206E65745F62756600574553545FF0
:10821000544F504449522F7A65706879722F6472B6
:1082200069766572732F7573622F7564632F756439
:10823000635F6E72662E63004661696C65642074CC
:108240006F2064697361626C6520636F6E74726F16
:108250006C20656E64706F696E74004661696C6550
:108260006420746F2073746F70204846584F202527
:1082700064004661696C656420746F20656E61629C
:108280006C6520636F6E74726F6C20656E64706FC6
:10829000696E74004661696C656420746F20737444
:1082A000617274204846584F202564005745535446
:1082B0005F544F504449522F7A65706879722F6B22
:1082C00065726E656C2F6B686561702E6300574533
:1082D00053545F544F504449522F7A6570687972F5
:1082E0002F647269766572732F636C6F636B5F6363
:1082F0006F6E74726F6C2F636C6F636B5F636F6E06
:1083000074726F6C5F6E72662E6300574553545FD4
:10831000544F504449522F6D6F64756C65732F68CC
:10832000616C2F6E6F726469632F6E7266782F6452
:108330007269766572732F7372632F6E7266785FDF
:10834000636C6F636B5F6C66636C6B2E6300574589
:1083500053545F544F504449522F6D6F64756C6590
:10836000732F68616C2F6E6F726469632F6E726613
:10837000782F647269766572732F7372632F6E72D1
:1083800066785F636C6F636B2E6300574553545F71
:10839000544F504449522F6D6F64756C65732F684C
:1083A000616C2F6E6F726469632F6E7266782F64D2
:1083B0007269766572732F7372632F6E7266785F5F
:1083C000636C6F636B5F6866636C6B2E63006275D2
:1083D0006666657220746F6F20736D616C6C3A20F5
:1083E000723A2025752C206C3A20257500484944A6
:1083F0002064657669636520646F6573206E6F74B1
:10840000207365656D20746F2062652072656769F1
:10841000737465726564004661696C656420746F8D
:108420002061646420696E7465726661636520739F
:108430007472696E672064657363726970746F72B9
:108440000073757370656E6400726573756D650099
:1084500053707572696F7573202573206576656E2C
:108460007400574553545F544F504449522F7A6516
:10847000706879722F6B65726E656C2F6576656EAC
:1084800074732E6300657020307825303278207147
:108490007565756520697320656D70747900657008
:1084A00020307825303278206F6B2C2071756575FF
:1084B0006520697320656D707479007564635F6E03
:1084C00072660075646300757362645F6869640056
:1084D000757362645F657000757362645F6966617D
:1084E000636500757362645F636C617373007573B9
:1084F00062645F63683900696E76616C69642061EB
:108500006464726573733A2030782530386C783A39
:10851000257A75005465726D696E616C00506172E8
:10852000746974696F6E2025753A20636F6865728F
:10853000656E636520636865636B206661696C6561
:10854000642E00456E64706F696E67203078253048
:108550003278206E6F742061737369676E65640092
:108560004E5653206E6F7420696E697469616C6930
:108570007A656400574553545F544F504449522F15
:108580006D6F64756C65732F68616C2F6E6F7264AC
:1085900069632F6E7266782F68616C2F6E72665FEA
:1085A0006770696F2E6800574553545F544F5044AD
:1085B00049522F7A65706879722F696E636C7564A1
:1085C000652F7A65706879722F6472697665727347
:1085D0002F6770696F2F6770696F5F7574696C734F
:1085E0002E6800574553545F544F504449522F6DE5
:1085F0006F64756C65732F68616C2F6E6F72646940
:10860000632F6E7266782F647269766572732F734A
:1086100072632F6E7266785F70776D2E63004661AD
:10862000696C656420746F20696E697469616C6936
:108630007A65206465766963653A2025730057453D
:1086400053545F544F504449522F6D6F64756C659D
:10865000732F68616C2F6E6F726469632F6E726620
:10866000782F68616C2F6E72665F70776D2E680070
:10867000574553545F544F504449522F6D6F6475A2
:108680006C65732F68616C2F6E6F726469632F6EF7
:108690007266782F68656C706572732F6E7266787B
:1086A0005F677070695F7070692E6300574553543F
:1086B0005F544F504449522F6D6F64756C65732F32
:1086C00068616C2F6E6F726469632F6E7266782FAB
:1086D000647269766572732F7372632F6E72667837
:1086E0005F74696D65722E6300574553545F544F34
:1086F000504449522F6D6F64756C65732F68616CBF
:108700002F6E6F726469632F6E7266782F68616C6A
:108710002F6E72665F6770696F74652E68005745CB
:1087200053545F544F504449522F6D6F64756C65BC
:10873000732F68616C2F6E6F726469632F6E72663F
:10874000782F647269766572732F7372632F6E72FD
:1087500066785F6770696F74652E63005745535480
:108760005F544F504449522F7A65706879722F6474
:108770007269766572732F6770696F2F6770696FA2
:108780005F6E7266782E6300574553545F544F50A6
:108790004449522F6D6F64756C65732F68616C2F3F
:1087A0006E6F726469632F6E7266782F6472697679
:1087B0006572732F7372632F6E7266785F706F7756
:1087C00065722E6300496E76616C6964206368612E
:1087D0006E6E656C3A2025752E00496E636F6D7064
:1087E000617469626C6520706572696F642E0050F7
:1087F00072657363616C657220666F72207065725A
:10880000696F645F6379636C6573202575206E6F93
:108810007420666F756E642E00574553545F544F35
:10882000504449522F7A65706879722F6B65726E69
:10883000656C2F6465766963652E630057455354F4
:108840005F544F504449522F7A65706879722F6B8C
:1088500065726E656C2F69646C652E6300574553B5
:10886000545F544F504449522F7A65706879722F83
:108870006B65726E656C2F7468726561642E63003F
:10888000574553545F544F504449522F7A6570688E
:1088900079722F6B65726E656C2F696E636C75648F
:1088A000652F6B737761702E6800574553545F5482
:1088B0004F504449522F7A65706879722F6B6572F8
:1088C0006E656C2F74696D65736C6963696E672E74
:1088D0006300574553545F544F504449522F7A65B3
:1088E000706879722F6B65726E656C2F74696D6537
:1088F0006F75742E6300574553545F544F5044496D
:10890000522F7A65706879722F6B65726E656C2F65
:10891000696E636C7564652F6B7468726561642E33
:108920006800574553545F544F504449522F7A655D
:10893000706879722F6B65726E656C2F6D757465DA
:10894000782E6300574553545F544F504449522F7B
:108950007A65706879722F7375627379732F757386
:10896000622F6465766963655F6E6578742F7573D1
:1089700062645F636C6173732E63005553422064BD
:10898000657669636520636C617373202573206E5F
:108990006F7420666F756E6400436C617373206939
:1089A0006E7374616E636520616C726561647920B9
:1089B0007265676973746572656400436C61737393
:1089C000207265676973746572656420746F206FC7
:1089D0007468657220636F6E7465787420617420AA
:1089E000646966666572656E74207370656564009F
:1089F0004661696C656420746F2072656769737481
:108A0000657220257320746F20465320636F6E6655
:108A1000696775726174696F6E202575006C6F6788
:108A20005F6261636B656E645F7561727400574568
:108A300053545F544F504449522F7A65706879728D
:108A40002F7375627379732F6C6F6767696E672F09
:108A50006C6F675F6D676D742E6300574553545F8D
:108A6000544F504449522F7A65706879722F6B6564
:108A7000726E656C2F776F726B2E63004F54413AA4
:108A800020436D642030782530325820636F6E6645
:108A900069726D656420627920747261636B6572BE
:108AA000202575202873656E742025752074696DE6
:108AB000657329004F5441205645524946595F4637
:108AC00041494C3A20747261636B65723D257500B3
:108AD0004F54413A20547261636B657220257520B2
:108AE00073657373696F6E20656E646564202873A7
:108AF00074617475733D30782530325829004F54B5
:108B0000413A205265636569766564206669726DD5
:108B10007761726520696E666F2066726F6D207472
:108B20007261636B6572202575004F54413A205580
:108B30006E6B6E6F776E20747261636B65722070FE
:108B400061636B65742074797065203078253032EC
:108B500058006E6F7420776F72642D616C69676E58
:108B600065643A2030782530386C783A257A75007B
:108B7000574553545F544F504449522F6D6F64759D
:108B80006C65732F68616C2F6E6F726469632F6EF2
:108B90007266782F647269766572732F7372632FB1
:108BA0006E7266785F6E766D632E6300756E616CB3
:108BB00069676E656420616464726573733A20301E
:108BC000782530386C783A257A7500574553545FCC
:108BD000544F504449522F6D6F64756C65732F6804
:108BE000616C2F6E6F726469632F6E7266782F6886
:108BF000616C2F6E72665F726164696F2E680057D8
:108C00004553545F544F504449522F6E72662F7330
:108C100075627379732F6573622F6573622E6300BB
:108C2000427574746F6E2064657465637465642046
:108C3000647572696E6720626F6F7400426F6F7443
:108C40002D74696D652070616972696E6720726547
:108C500073657420726571756573746564007379EA
:108C600073776F726B710066735F6E7673007077E7
:108C70006D5F6E72667800666C6173685F6E7266B7
:108C800000574553545F544F504449522F7A6570F2
:108C90006879722F6C69622F6F732F6362707269CB
:108CA0006E74665F7061636B616765642E63004616
:108CB00061696C656420746F2077726974652074D3
:108CC0006F204E56532C206572726F723A202564C5
:108CD00000436F756C64206E6F74206F62746169FD
:108CE0006E20666C61736820706172616D65746579
:108CF000727300556E737570706F7274656420774F
:108D00007269746520626C6F636B2073697A6500A9
:108D1000536563746F722073697A652025752074BA
:108D20006F6F206C617267652C206D6178696D755D
:108D30006D20697320257A7500556E61626C65201F
:108D4000746F20676574207061676520696E666F57
:108D500000496E76616C696420736563746F72207C
:108D600073697A6500436F6E6669677572617469CD
:108D70006F6E206572726F72202D20736563746F41
:108D80007220636F756E74004D6573736167652043
:108D90002822257322292064726F70706564206216
:108DA00065636175736520697420657863656564C2
:108DB000732073697A65206C696D69746174696F79
:108DC0006E202825752900574553545F544F504451
:108DD00049522F7A65706879722F7375627379734F
:108DE0002F6C6F6767696E672F6C6F675F6D736756
:108DF0002E630045534220616C726561647920697D
:108E00006E697469616C697A656400496E69746938
:108E1000616C697A696E67204553422C202573582E
:108E2000206D6F646500436F6E6669677572656477
:108E30002072657472616E736D697373696F6E20F1
:108E400064656C61792069732062656C6F7720744A
:108E50006865207265717569726564206D696E69F7
:108E60006D756D206F6620256420757300466169FD
:108E70006C656420746F2075706461746520726124
:108E800064696F20706172616D657465727300460C
:108E900061696C656420746F20696E697469616CC6
:108EA000697A65206E7266782074696D6572202813
:108EB00065727220256429004661696C65642074BE
:108EC0006F20696E697469616C697A6520455342E7
:108ED0002073797374656D2074696D6572006770B5
:108EE00070695F67726F75705F616C6C6F6320662D
:108EF00061696C656420776974683A2025640A00AA
:108F0000677070695F6368616E6E656C5F616C6CE1
:108F10006F63206661696C656420776974683A20C4
:108F200025640A004661696C656420746F20696E6F
:108F3000697469616C697A652050504900536574A1
:108F4000205246206368616E6E656C20746F202528
:108F5000750045534220696E697469616C697A6174
:108F600074696F6E206661696C65643A20256400DF
:108F700028756E7369676E65642920636861722065
:108F80002A207573656420666F7220252570206124
:108F90007267756D656E742E204974277320726533
:108FA000636F6D6D656E64656420746F20636173BB
:108FB0007420697420746F20766F6964202A20629F
:108FC000656361757365206974206D6179206361E3
:108FD000757365206D69736265686176696F72206B
:108FE000696E206365727461696E20636F6E666975
:108FF0006775726174696F6E732E20537472696E37
:10900000673A2225732220617267756D656E743A26
:109010002564004D6573736167652064726F7070BD
:109020006564206265636175736520697420657885
:1090300063656564732073697A65206C696D697412
:109040006174696F6E2028257529007379735F67D5
:1090500065746F7074006C6F675F6D676D74006C22
:109060006F675F6261636B656E645F727474006CDE
:109070006F675F756172740073657474696E67738E
:1090800000666C617368006E65745F6275665F731D
:10909000696D706C6500736F6300757362645F6403
:1090A00065736300757362645F6D736700686964FC
:1090B0005F617069006E72665F757362645F636F93
:1090C0006D6D6F6E00636C6F636B5F636F6E747258
:1090D0006F6C006573625F676C75650063627072C8
:1090E000696E74665F7061636B616765006C6F6762
:1090F0000065736200000000816E0100DDF7010071
:109100000000000051E801000000000051E80100EB
:109110000000000051E801000000000051E80100DB
:109120000000000051E801000C070020116601005A
:109130000000000051E801000000000051E80100BB
:109140000000000051E801000000000051E80100AB
:109150000000000051E801000000000051E801009B
:109160000000000051E801000000000051E801008B
:109170000000000051E801000000000051E801007B
:1091800000000000319A01000000000051E80100D9
:109190000000000051E801000000000051E801005B
:1091A0000000000051E801000000000051E801004B
:1091B0000000000051E801000000000051E801003B
:1091C0000000000051E801000000000051E801002B
:1091D0000000000051E80100EC060020417201008F
:1091E0000000000051E801000000000051E801000B
:1091F0000000000051E801000000000051E80100FB
:109200000000000051E801000000000051E80100EA
:109210000000000051E801000000000051E80100DA
:109220000000000051E801000000000051E80100CA
:10923000D5440100DDF701000000000051E8010005
:109240000000000051E801000000000051E80100AA
:109250000000000051E801000000000051E801009A
:109260000000000051E801000000000051E801008A
:089270000000000051E80100BC
:1092C00078110000000000006003020000C20100ED
:1092D0000000080000000000000000000000000086
:1092E000000000000000000000000000000000007E
:1092F00000000000000000000000000080060020C8
:10930000000000006C0600200000000000000000CB
:10931000000000000000000000000000000000004D
:10932000000000000000000000000000000000003D
:10933000000000000000000000000000000000002D
:10934000000000000000000000000000000000001D
:10935000000000009405002094050020000000009B
:1093600001000000000000000000000019C500001E
:1093700000000000000100000000000000000000EC
:1093800000000000000000000000000000000000DD
:1093900000000000000000000000000005C4000004
:1093A00000000000000100000000000000000000BC
:1093B00000000000000000000000000000000000AD
:1093C00000000000000000000000000091310100DA
:1093D000000000000001000000000000000000008C
:1093E000000000000000000000000000000000007D
:1093F00000000000000000000000000079E801000B
:10940000F5300100951D01006FEF0100A3F401008C
:109410007FED01000000000015F501005BED01008B
:1094200021F40100000000007BE80100784C0120DD
:109430000000000000000000000000000004000028
:109440007850012000000000000000000000000033
:1094500000040000180A0020200A0020290A002029
:109460002E0A0020330A0020370A00203C0A002080
:10947000430A00204C0A0020530A00205A0A002008
:109480009D5202000000000038060020000000008D
:10949000600302000000000015B40000000000009E
:1094A000000000000090D0030100000000C0014057
:1094B00000000000000000000000000000000000AC
:1094C00000000000000000000000000000600040FC
:1094D000000000000000000000000000000000008C
:1094E000000000000000000000000000000000007C
:1094F000000000000000000000000000000000006C
:10950000000000000000000000000000000000005B
:10951000000000000000000000000000000000004B
:10952000000000000000000000000000000000003B
:10953000000000000000000000000000000000002B
:10954000000000000000000000000000000000001B
:10955000000000000000000000000000000000000B
:10956000000000008D0E01006134010039F101009E
:109570003BE901003DE901002DE901006BF4010028
:109580002FED0100F54901004FED01003FE9010019
:109590005D0A0020660A0020760A0020840A002066
:1095A000000000005D0A0020660A00206F0A00200B
:1095B0007D0A002000000000C46C020000000000D2
:1095C0009C0700200000000098030200000000003B
:1095D00041C4000000000000000000000100000085
:1095E0000000000089D5000000000000000000001D
:1095F000000000000000000000000000000000006B
:10960000000000000000000000000000000000005A
:10961000000000000000000000000000000000004A
:10962000000000000000000000000000000000003A
:10963000000000000000000000000000000000002A
:10964000000000000000000000000000000000001A
:10965000000000000000000000000000000000000A
:1096600000000000000000000000000000000000FA
:1096700000000000B4080020B40800200000000032
:10968000000000000E0000000000000000000000CC
:1096900000000000000000000000000000000000CA
:1096A00000000000000000000000000000040100B5
:1096B000000000001A12020022030000D3E401009F
:1096C0000000000000000000000303000000000094
:1096D0000000000000030000000000000000000087
:1096E00000020100000000002B1202002003000015
:1096F0000000000000000000000101000000000068
:109700003B120200120300000000000000000000F5
:109710000000000000000000C61102000403000069
:1097200000000000AA0A0020E40800200000000059
:1097300000000000000000000953000000000000CD
:10974000000000000000000000A000400000000039
:10975000810000000400000000000000E7E7E7E7E8
:10976000C2C2C2C2E7C2C3C4C5C6C7C80805FF0299
:1097700000000000010000000000000000000000E8
:1097800000000000000000000000000000000000D9
:1097900000A00040000000007C0000000400000069
:1097A0000000000000A000400000000000000000D9
:1097B00000000000F4090020F4090020FF00000070
:1097C000EC10020000000000000000008BFC010013
:1097D0000000000000000000080B00020202000070
:1097E0000904000001020200000524001001052404
:1097F000010001042402020524060001070581037B
:1098000010000A09040100020A0000000705820294
:10981000400000070501024000000000FF090400AD
:1098200000020300000009211101000122000007CD
:10983000058103400001070581034000040705017D
:109840000340000107050103400004000000000080
:109850000000000000000000000000000000000008
:1098600000000101010101FFFFFF090200000001EA
:1098700000806412010002EF020140091290760498
:059880000401020300D9
:1098850000000000000000000000000000000000D3
:03989500000000D0
:1098980000000000000000000000000000000000C0
:1098A80000000000000000000000000000000000B0
:1098B80000000000000000000000000000000000A0
:0C98C80000000000000000000000000094
:0498D4000000000090
:1098D8000000000000000000958401000000000066
:1098E8000000000000000000300B0020300B0020BA
:1098F80085C5000000000000000000000000000016
:08990800000000000000000057
:10991000500B0020500B002000000000804B012065
:10992000000000000800000010000000000000001F
:10993000000000004039012000100000000000007D
:0899400000000000000000001F
:10994800880B0020880B00200000000000000000A9
:109958000E0000009C0B00209C0B00200000000063
:10996800000000000E000000B00B0020B00B00202B
:1099780000000000000000000E000000C40B0020E2
:10998800C40B002000000000000000000E000000D2
:10999800D80B0020D80B0020000000008400000035
:1099A80004000000003101201033012000310120A3
:1099B800003101200000000000000000040C00201D
:1099C800040C00200000000008000000080000004F
:1099D80080370120C03701208037012080370120DF
:1099E8000000000000000000300C0020300C0020B7
:1099F800000000001C0000002000000010330120BF
:109A0800903601201033012010330120000000009F
:109A1800000000005C0C00205C0C0020000000002E
:109A28001800000004000000E0380120403901203F
:109A3800E0380120E03801200000000000000000AC
:109A4800880C0020880C0020000000000C0000009A
:109A58001400000090360120803701209036012044
:109A6800903601200000000000000000B40C002027
:109A7800B40C0020000000000100000004000000F9
:109A8800785401207C540120785401207854012016
:109A98000000000000000000E00C0020E00C0020A6
:109AA800000000000C0000000A000000004C01202B
:109AB800784C0120004C0120004C012000000000DF
:049AC800000000009A
:109ACC000C0D00200C0D0020000000000100000017
:109ADC001C0D00201C0D00200100000001000000E6
:109AEC002C0D00202C0D00200000000001000000B7
:109AFC003C0D00203C0D0020010000000100000086
:109B0C004C0D00204C0D0020010000000100000055
:109B1C005C0D00205C0D0020000000000100000026
:109B2C006C0D00206C0D00200000000000000000F7
:089B3C007C0D00207C0D0020CF
:109B4400000000000000000000000000900D002054
:109B5400900D002000000000040004000A00000032
:109B640000000000400D0200C0370120000000008A
:109B74000000000000000000BC0D0020BC0D00200F
:109B840000000000040004000A00000000000000BF
:109B9400500D0200503801200000000000000000B9
:109BA40000000000E80D0020E80D00200000000087
:109BB400100010000A000000211001007C100200B7
:049BC40040490120F3
:109BC8002F7C0200000000000000000000000000E0
:109BD8000000000000000000D003020000000000A8
:109BE800000000000000000000000000000000006D
:109BF800000000000000000000000000000000005D
:109C0800000000000000000000000000000000004C
:109C1800000000000000000000000000000000003C
:109C2800000000000000000000000000000000002C
:109C380000000000B30A002000000000000000003F
:109C480000000000C0060020000000000000000026
:109C5800000000000000000000000000F8070020DD
:109C680000000000000000000000000000000000EC
:049C780015E015E0FE
:040000031000C71111
:00000001FF
